"DESCRIPTION","DURATION IN MS","NAME","PARENT SUITE","START TIME","STATUS","STOP TIME","SUB SUITE","SUITE","TEST CLASS","TEST METHOD"
"","2","BASIC-GROUNDED-FUNCTIONS---METTA-LANGUAGE8.04","","Fri Nov 15 23:18:33 GMT 2024","passed","Fri Nov 15 23:18:33 GMT 2024","","METTA-LANG","METTA-LANG",""
"","7","CONTROLLING-PATTERN-MATCHING---METTA-LANGUAGE6.02","","Fri Nov 15 23:18:33 GMT 2024","failed","Fri Nov 15 23:18:33 GMT 2024","","METTA-LANG","METTA-LANG",""
"","3","CONTROLLING-PATTERN-MATCHING---METTA-LANGUAGE4.01","","Fri Nov 15 23:18:33 GMT 2024","passed","Fri Nov 15 23:18:33 GMT 2024","","METTA-LANG","METTA-LANG",""
"","2","METATYPES---METTA-LANGUAGE1.02","","Fri Nov 15 23:18:33 GMT 2024","passed","Fri Nov 15 23:18:33 GMT 2024","","METTA-LANG","METTA-LANG",""
"","113","OPERATIONS-OVER-ATOMS---METTA-LANGUAGE1.02","","Fri Nov 15 23:18:33 GMT 2024","failed","Fri Nov 15 23:18:33 GMT 2024","","METTA-LANG","METTA-LANG",""
"","2","WORKING-WITH-SPACES---METTA-LANGUAGE3.05","","Fri Nov 15 23:18:33 GMT 2024","passed","Fri Nov 15 23:18:33 GMT 2024","","METTA-LANG","METTA-LANG",""
"","2","CONCRETE-TYPES---METTA-LANGUAGE7.06","","Fri Nov 15 23:18:33 GMT 2024","passed","Fri Nov 15 23:18:33 GMT 2024","","METTA-LANG","METTA-LANG",""
"","3","06-MATCH-IN-SPACE.03","","Fri Nov 15 23:08:11 GMT 2024","passed","Fri Nov 15 23:08:11 GMT 2024","","HYPERON-METTALOG-SANITY","HYPERON-METTALOG-SANITY",""
"","4","CONCRETE-TYPES---METTA-LANGUAGE5.01","","Fri Nov 15 23:18:33 GMT 2024","passed","Fri Nov 15 23:18:33 GMT 2024","","METTA-LANG","METTA-LANG",""
"","8000","metta_lang.Metatypes___MeTTa_Language6","","Fri Nov 15 22:59:53 GMT 2024","passed","Fri Nov 15 23:00:01 GMT 2024","","WHOLE-TESTS","WHOLE-TESTS",""
"","2","F1-IMPORTS.03","","Fri Nov 15 23:04:54 GMT 2024","passed","Fri Nov 15 23:04:54 GMT 2024","","HYPERON-EXPERIMENTAL-SCRIPTS","HYPERON-EXPERIMENTAL-SCRIPTS",""
"","4","G1-DOCS.01","","Fri Nov 15 23:04:54 GMT 2024","passed","Fri Nov 15 23:04:54 GMT 2024","","HYPERON-EXPERIMENTAL-SCRIPTS","HYPERON-EXPERIMENTAL-SCRIPTS",""
"","3","WORKING-WITH-SPACES---METTA-LANGUAGE12.03","","Fri Nov 15 23:18:33 GMT 2024","passed","Fri Nov 15 23:18:33 GMT 2024","","METTA-LANG","METTA-LANG",""
"","57","WORKING-WITH-SPACES---METTA-LANGUAGE11.04","","Fri Nov 15 23:18:33 GMT 2024","failed","Fri Nov 15 23:18:33 GMT 2024","","METTA-LANG","METTA-LANG",""
"","92","D5-AUTO-TYPES.07","","Fri Nov 15 23:04:54 GMT 2024","failed","Fri Nov 15 23:04:54 GMT 2024","","HYPERON-EXPERIMENTAL-SCRIPTS","HYPERON-EXPERIMENTAL-SCRIPTS",""
"","3","WORKING-WITH-SPACES---METTA-LANGUAGE17.01","","Fri Nov 15 23:18:33 GMT 2024","passed","Fri Nov 15 23:18:33 GMT 2024","","METTA-LANG","METTA-LANG",""
"","2","D4-TYPE-PROP.05","","Fri Nov 15 23:43:33 GMT 2024","passed","Fri Nov 15 23:43:33 GMT 2024","","QUICK","QUICK",""
"","2","OUTPUT-LOAD-TESTS.08","","Fri Nov 15 23:08:11 GMT 2024","passed","Fri Nov 15 23:08:11 GMT 2024","","HYPERON-METTALOG-SANITY","HYPERON-METTALOG-SANITY",""
"","1","A1-SYMBOLS.07","","Fri Nov 15 23:04:54 GMT 2024","passed","Fri Nov 15 23:04:54 GMT 2024","","HYPERON-EXPERIMENTAL-SCRIPTS","HYPERON-EXPERIMENTAL-SCRIPTS",""
"","2","RECURSIVE-AND-PARAMETRIC-TYPES---METTA-LANGUAGE7.02","","Fri Nov 15 23:18:33 GMT 2024","passed","Fri Nov 15 23:18:33 GMT 2024","","METTA-LANG","METTA-LANG",""
"","3","OR-TEST.07","","Fri Nov 15 23:08:11 GMT 2024","passed","Fri Nov 15 23:08:11 GMT 2024","","HYPERON-METTALOG-SANITY","HYPERON-METTALOG-SANITY",""
"","11880","TIME-SYNTHESIZE-LONG.02","","Fri Nov 15 23:15:42 GMT 2024","failed","Fri Nov 15 23:15:53 GMT 2024","","SYNTH-BUFFER","SYNTH-BUFFER",""
"","9","CONCRETE-TYPES---METTA-LANGUAGE7.02","","Fri Nov 15 23:18:33 GMT 2024","passed","Fri Nov 15 23:18:33 GMT 2024","","METTA-LANG","METTA-LANG",""
"","2","RECURSION-AND-CONTROL---METTA-LANGUAGE9.01","","Fri Nov 15 23:18:33 GMT 2024","passed","Fri Nov 15 23:18:33 GMT 2024","","METTA-LANG","METTA-LANG",""
"","2","BASIC-EVALUATION---METTA-LANGUAGE14.03","","Fri Nov 15 23:18:33 GMT 2024","passed","Fri Nov 15 23:18:33 GMT 2024","","METTA-LANG","METTA-LANG",""
"","2","METATYPES---METTA-LANGUAGE8.02","","Fri Nov 15 23:18:33 GMT 2024","passed","Fri Nov 15 23:18:33 GMT 2024","","METTA-LANG","METTA-LANG",""
"","9000","metta_lang.Working_with_spaces___MeTTa_Language3","","Fri Nov 15 22:59:53 GMT 2024","passed","Fri Nov 15 23:00:02 GMT 2024","","WHOLE-TESTS","WHOLE-TESTS",""
"","3","EVAL-FOR-TESTS.10","","Fri Nov 15 23:08:11 GMT 2024","passed","Fri Nov 15 23:08:11 GMT 2024","","HYPERON-METTALOG-SANITY","HYPERON-METTALOG-SANITY",""
"","3","INTERSECTION-TESTS.05","","Fri Nov 15 23:08:11 GMT 2024","passed","Fri Nov 15 23:08:11 GMT 2024","","HYPERON-METTALOG-SANITY","HYPERON-METTALOG-SANITY",""
"","3","LETLET.01","","Fri Nov 15 23:39:29 GMT 2024","passed","Fri Nov 15 23:39:29 GMT 2024","","METTA-MORPH-TESTS","METTA-MORPH-TESTS",""
"","4","CONTROLLING-PATTERN-MATCHING---METTA-LANGUAGE10.01","","Fri Nov 15 23:18:33 GMT 2024","passed","Fri Nov 15 23:18:33 GMT 2024","","METTA-LANG","METTA-LANG",""
"","9000","metta_lang.Concrete_types___MeTTa_Language9","","Fri Nov 15 22:59:53 GMT 2024","passed","Fri Nov 15 23:00:02 GMT 2024","","WHOLE-TESTS","WHOLE-TESTS",""
"","2","HANDLING-NONDETERMINISTIC-RESULTS---METTA-LANGUAGE8.04","","Fri Nov 15 23:18:33 GMT 2024","passed","Fri Nov 15 23:18:33 GMT 2024","","METTA-LANG","METTA-LANG",""
"","1","FUNCTIONS-AND-UNIFICATION---METTA-LANGUAGE7.06","","Fri Nov 15 23:18:33 GMT 2024","passed","Fri Nov 15 23:18:33 GMT 2024","","METTA-LANG","METTA-LANG",""
"","3","INTERSECTION-TESTS.14","","Fri Nov 15 23:08:11 GMT 2024","passed","Fri Nov 15 23:08:11 GMT 2024","","HYPERON-METTALOG-SANITY","HYPERON-METTALOG-SANITY",""
"","2","D2-HIGHERFUNC.19","","Fri Nov 15 23:43:33 GMT 2024","passed","Fri Nov 15 23:43:33 GMT 2024","","QUICK","QUICK",""
"","2","F1-MODULEA.04","","Fri Nov 15 23:04:54 GMT 2024","passed","Fri Nov 15 23:04:54 GMT 2024","","HYPERON-EXPERIMENTAL-SCRIPTS","HYPERON-EXPERIMENTAL-SCRIPTS",""
"","2","CONTROL-FLOW---METTA-LANGUAGE16.05","","Fri Nov 15 23:18:33 GMT 2024","passed","Fri Nov 15 23:18:33 GMT 2024","","METTA-LANG","METTA-LANG",""
"","2","STRING-TESTS.21","","Fri Nov 15 23:08:11 GMT 2024","passed","Fri Nov 15 23:08:11 GMT 2024","","HYPERON-METTALOG-SANITY","HYPERON-METTALOG-SANITY",""
"","145","TESTS0.01","","Fri Nov 15 23:39:29 GMT 2024","passed","Fri Nov 15 23:39:29 GMT 2024","","METTA-MORPH-TESTS","METTA-MORPH-TESTS",""
"","3","HANDLING-NONDETERMINISTIC-RESULTS---METTA-LANGUAGE6.01","","Fri Nov 15 23:18:33 GMT 2024","passed","Fri Nov 15 23:18:33 GMT 2024","","METTA-LANG","METTA-LANG",""
"","2","03-SORING-VIA-INSERT.03","","Fri Nov 15 23:08:11 GMT 2024","passed","Fri Nov 15 23:08:11 GMT 2024","","HYPERON-METTALOG-SANITY","HYPERON-METTALOG-SANITY",""
"","2","INTERSECTION-TESTS.20","","Fri Nov 15 23:08:11 GMT 2024","passed","Fri Nov 15 23:08:11 GMT 2024","","HYPERON-METTALOG-SANITY","HYPERON-METTALOG-SANITY",""
"","1","EVAL-FOR-TESTS.08","","Fri Nov 15 23:08:11 GMT 2024","passed","Fri Nov 15 23:08:11 GMT 2024","","HYPERON-METTALOG-SANITY","HYPERON-METTALOG-SANITY",""
"","57","CONTROLLING-PATTERN-MATCHING---METTA-LANGUAGE9.02","","Fri Nov 15 23:18:33 GMT 2024","failed","Fri Nov 15 23:18:33 GMT 2024","","METTA-LANG","METTA-LANG",""
"","2","HANDLING-NONDETERMINISTIC-RESULTS---METTA-LANGUAGE6.03","","Fri Nov 15 23:18:33 GMT 2024","passed","Fri Nov 15 23:18:33 GMT 2024","","METTA-LANG","METTA-LANG",""
"","100","HANDLING-NONDETERMINISTIC-RESULTS---METTA-LANGUAGE3.01","","Fri Nov 15 23:18:33 GMT 2024","passed","Fri Nov 15 23:18:33 GMT 2024","","METTA-LANG","METTA-LANG",""
"","2","C1-GROUNDED-BASIC.02","","Fri Nov 15 23:43:33 GMT 2024","passed","Fri Nov 15 23:43:33 GMT 2024","","QUICK","QUICK",""
"","4","SPACE-SUBTRACTION-TESTS.09","","Fri Nov 15 23:08:11 GMT 2024","passed","Fri Nov 15 23:08:11 GMT 2024","","HYPERON-METTALOG-SANITY","HYPERON-METTALOG-SANITY",""
"","9000","metta_lang.Functions_and_unification___MeTTa_Language7","","Fri Nov 15 22:59:53 GMT 2024","passed","Fri Nov 15 23:00:02 GMT 2024","","WHOLE-TESTS","WHOLE-TESTS",""
"","3","MINIMAL-METTA-TESTS.06","","Fri Nov 15 23:08:11 GMT 2024","passed","Fri Nov 15 23:08:11 GMT 2024","","HYPERON-METTALOG-SANITY","HYPERON-METTALOG-SANITY",""
"","2","CONTROLLING-PATTERN-MATCHING---METTA-LANGUAGE12.02","","Fri Nov 15 23:18:33 GMT 2024","passed","Fri Nov 15 23:18:33 GMT 2024","","METTA-LANG","METTA-LANG",""
"","1","CONSOLE-OUTPUT-AND-DEBUGGING---METTA-LANGUAGE5.06","","Fri Nov 15 23:18:33 GMT 2024","passed","Fri Nov 15 23:18:33 GMT 2024","","METTA-LANG","METTA-LANG",""
"","1","BCHAIN.05","","Fri Nov 15 23:00:02 GMT 2024","passed","Fri Nov 15 23:00:02 GMT 2024","","ANTI-REGRESSION","ANTI-REGRESSION",""
"","1","D4-TYPE-PROP.14","","Fri Nov 15 23:43:33 GMT 2024","passed","Fri Nov 15 23:43:33 GMT 2024","","QUICK","QUICK",""
"","3","SPACE-INTERSECTION-TESTS.14","","Fri Nov 15 23:08:11 GMT 2024","passed","Fri Nov 15 23:08:11 GMT 2024","","HYPERON-METTALOG-SANITY","HYPERON-METTALOG-SANITY",""
"","3","C3-PLN-STV.04","","Fri Nov 15 23:04:54 GMT 2024","passed","Fri Nov 15 23:04:54 GMT 2024","","HYPERON-EXPERIMENTAL-SCRIPTS","HYPERON-EXPERIMENTAL-SCRIPTS",""
"","9000","quick.f1_imports","","Fri Nov 15 22:59:53 GMT 2024","passed","Fri Nov 15 23:00:02 GMT 2024","","WHOLE-TESTS","WHOLE-TESTS",""
"","2","D4-TYPE-PROP.02","","Fri Nov 15 23:43:33 GMT 2024","passed","Fri Nov 15 23:43:33 GMT 2024","","QUICK","QUICK",""
"","2","HYPERPOSE.07","","Fri Nov 15 23:39:29 GMT 2024","passed","Fri Nov 15 23:39:29 GMT 2024","","METTA-MORPH-TESTS","METTA-MORPH-TESTS",""
"","94","INTERSECTION-TESTS.29","","Fri Nov 15 23:08:11 GMT 2024","failed","Fri Nov 15 23:08:11 GMT 2024","","HYPERON-METTALOG-SANITY","HYPERON-METTALOG-SANITY",""
"","2","RECURSIVE-AND-PARAMETRIC-TYPES---METTA-LANGUAGE7.07","","Fri Nov 15 23:18:33 GMT 2024","passed","Fri Nov 15 23:18:33 GMT 2024","","METTA-LANG","METTA-LANG",""
"","2","RECURSION-AND-CONTROL---METTA-LANGUAGE6.03","","Fri Nov 15 23:18:33 GMT 2024","passed","Fri Nov 15 23:18:33 GMT 2024","","METTA-LANG","METTA-LANG",""
"","15","D1-GADT.04","","Fri Nov 15 23:43:33 GMT 2024","passed","Fri Nov 15 23:43:33 GMT 2024","","QUICK","QUICK",""
"","72","CONSOLE-OUTPUT-AND-DEBUGGING---METTA-LANGUAGE5.02","","Fri Nov 15 23:18:33 GMT 2024","failed","Fri Nov 15 23:18:33 GMT 2024","","METTA-LANG","METTA-LANG",""
"","3","D4-TYPE-PROP.16","","Fri Nov 15 23:04:54 GMT 2024","passed","Fri Nov 15 23:04:54 GMT 2024","","HYPERON-EXPERIMENTAL-SCRIPTS","HYPERON-EXPERIMENTAL-SCRIPTS",""
"","2","CONTROLLING-PATTERN-MATCHING---METTA-LANGUAGE11.03","","Fri Nov 15 23:18:33 GMT 2024","passed","Fri Nov 15 23:18:33 GMT 2024","","METTA-LANG","METTA-LANG",""
"","3","WORKING-WITH-SPACES---METTA-LANGUAGE3.07","","Fri Nov 15 23:18:33 GMT 2024","passed","Fri Nov 15 23:18:33 GMT 2024","","METTA-LANG","METTA-LANG",""
"","4","WORKING-WITH-SPACES---METTA-LANGUAGE7.01","","Fri Nov 15 23:18:33 GMT 2024","passed","Fri Nov 15 23:18:33 GMT 2024","","METTA-LANG","METTA-LANG",""
"","9000","hyperon-mettalog_sanity.space_intersection_tests","","Fri Nov 15 22:59:53 GMT 2024","passed","Fri Nov 15 23:00:02 GMT 2024","","WHOLE-TESTS","WHOLE-TESTS",""
"","2","XOR-TEST.04","","Fri Nov 15 23:08:11 GMT 2024","passed","Fri Nov 15 23:08:11 GMT 2024","","HYPERON-METTALOG-SANITY","HYPERON-METTALOG-SANITY",""
"","3","RECURSION-AND-CONTROL---METTA-LANGUAGE8.04","","Fri Nov 15 23:18:33 GMT 2024","passed","Fri Nov 15 23:18:33 GMT 2024","","METTA-LANG","METTA-LANG",""
"","9000","anti-regression.tmpMatch2","","Fri Nov 15 22:59:53 GMT 2024","passed","Fri Nov 15 23:00:02 GMT 2024","","WHOLE-TESTS","WHOLE-TESTS",""
"","3","XOR-TEST.01","","Fri Nov 15 23:08:11 GMT 2024","passed","Fri Nov 15 23:08:11 GMT 2024","","HYPERON-METTALOG-SANITY","HYPERON-METTALOG-SANITY",""
"","2","TEST-IF-CLOSED.11","","Fri Nov 15 23:00:02 GMT 2024","passed","Fri Nov 15 23:00:02 GMT 2024","","ANTI-REGRESSION","ANTI-REGRESSION",""
"","95","SPACE-INTERSECTION-TESTS.10","","Fri Nov 15 23:08:11 GMT 2024","failed","Fri Nov 15 23:08:11 GMT 2024","","HYPERON-METTALOG-SANITY","HYPERON-METTALOG-SANITY",""
"","8000","hyperon-experimental_scripts.b0_chaining_prelim","","Fri Nov 15 22:59:53 GMT 2024","passed","Fri Nov 15 23:00:01 GMT 2024","","WHOLE-TESTS","WHOLE-TESTS",""
"","118","SPACE-INTERSECTION-TESTS.09","","Fri Nov 15 23:08:11 GMT 2024","failed","Fri Nov 15 23:08:11 GMT 2024","","HYPERON-METTALOG-SANITY","HYPERON-METTALOG-SANITY",""
"","1","BASIC-EVALUATION---METTA-LANGUAGE10.02","","Fri Nov 15 23:18:33 GMT 2024","passed","Fri Nov 15 23:18:33 GMT 2024","","METTA-LANG","METTA-LANG",""
"","1","XOR-TEST.09","","Fri Nov 15 23:08:11 GMT 2024","passed","Fri Nov 15 23:08:11 GMT 2024","","HYPERON-METTALOG-SANITY","HYPERON-METTALOG-SANITY",""
"","3","EVAL-FOR-TESTS.03","","Fri Nov 15 23:08:11 GMT 2024","passed","Fri Nov 15 23:08:11 GMT 2024","","HYPERON-METTALOG-SANITY","HYPERON-METTALOG-SANITY",""
"","61","RECURSIVE-AND-PARAMETRIC-TYPES---METTA-LANGUAGE5.06","","Fri Nov 15 23:18:33 GMT 2024","failed","Fri Nov 15 23:18:33 GMT 2024","","METTA-LANG","METTA-LANG",""
"","4","FIND-ALL-TESTS.01","","Fri Nov 15 23:08:11 GMT 2024","passed","Fri Nov 15 23:08:11 GMT 2024","","HYPERON-METTALOG-SANITY","HYPERON-METTALOG-SANITY",""
"","2","QUERYING-SPACE-CONTENT---METTA-LANGUAGE2.03","","Fri Nov 15 23:18:33 GMT 2024","passed","Fri Nov 15 23:18:33 GMT 2024","","METTA-LANG","METTA-LANG",""
"","1","TMPMATCH1.03","","Fri Nov 15 23:00:02 GMT 2024","passed","Fri Nov 15 23:00:02 GMT 2024","","ANTI-REGRESSION","ANTI-REGRESSION",""
"","8000","metta_lang.Working_with_spaces___MeTTa_Language8","","Fri Nov 15 22:59:53 GMT 2024","passed","Fri Nov 15 23:00:01 GMT 2024","","WHOLE-TESTS","WHOLE-TESTS",""
"","1","HANDLING-NONDETERMINISTIC-RESULTS---METTA-LANGUAGE5.04","","Fri Nov 15 23:18:33 GMT 2024","passed","Fri Nov 15 23:18:33 GMT 2024","","METTA-LANG","METTA-LANG",""
"","8000","metta_lang.Metatypes___MeTTa_Language7","","Fri Nov 15 22:59:53 GMT 2024","passed","Fri Nov 15 23:00:01 GMT 2024","","WHOLE-TESTS","WHOLE-TESTS",""
"","1","D2-HIGHERFUNC.09","","Fri Nov 15 23:04:54 GMT 2024","passed","Fri Nov 15 23:04:54 GMT 2024","","HYPERON-EXPERIMENTAL-SCRIPTS","HYPERON-EXPERIMENTAL-SCRIPTS",""
"","2","00-LANG-CASE.08","","Fri Nov 15 23:08:11 GMT 2024","passed","Fri Nov 15 23:08:11 GMT 2024","","HYPERON-METTALOG-SANITY","HYPERON-METTALOG-SANITY",""
"","10000","metta-wam-issue-116.test_spo_5000","","Fri Nov 15 22:59:53 GMT 2024","passed","Fri Nov 15 23:00:03 GMT 2024","","WHOLE-TESTS","WHOLE-TESTS",""
"","215","TIME-SYNTHESIZE-LONG.01","","Fri Nov 15 23:15:42 GMT 2024","failed","Fri Nov 15 23:15:42 GMT 2024","","SYNTH-BUFFER","SYNTH-BUFFER",""
"","3","F1-MODULEA.06","","Fri Nov 15 22:59:44 GMT 2024","passed","Fri Nov 15 22:59:44 GMT 2024","","MODULE-SYSTEM","MODULE-SYSTEM",""
"","2","CONTROLLING-PATTERN-MATCHING---METTA-LANGUAGE12.15","","Fri Nov 15 23:18:33 GMT 2024","passed","Fri Nov 15 23:18:33 GMT 2024","","METTA-LANG","METTA-LANG",""
"","3","CONTROLLING-PATTERN-MATCHING---METTA-LANGUAGE11.01","","Fri Nov 15 23:18:33 GMT 2024","passed","Fri Nov 15 23:18:33 GMT 2024","","METTA-LANG","METTA-LANG",""
"","2","C1-GROUNDED-BASIC.08","","Fri Nov 15 23:04:54 GMT 2024","passed","Fri Nov 15 23:04:54 GMT 2024","","HYPERON-EXPERIMENTAL-SCRIPTS","HYPERON-EXPERIMENTAL-SCRIPTS",""
"","42","BC-COMP.03","","Fri Nov 15 23:00:02 GMT 2024","failed","Fri Nov 15 23:00:02 GMT 2024","","ANTI-REGRESSION","ANTI-REGRESSION",""
"","9000","synth_buffer.synthesize","","Fri Nov 15 22:59:53 GMT 2024","passed","Fri Nov 15 23:00:02 GMT 2024","","WHOLE-TESTS","WHOLE-TESTS",""
"","2","D4-TYPE-PROP.16","","Fri Nov 15 23:43:33 GMT 2024","passed","Fri Nov 15 23:43:33 GMT 2024","","QUICK","QUICK",""
"","5","UNIQUE-TEST.11","","Fri Nov 15 23:08:11 GMT 2024","passed","Fri Nov 15 23:08:11 GMT 2024","","HYPERON-METTALOG-SANITY","HYPERON-METTALOG-SANITY",""
"","2","OPERATIONS-OVER-ATOMS---METTA-LANGUAGE6.02","","Fri Nov 15 23:18:33 GMT 2024","passed","Fri Nov 15 23:18:33 GMT 2024","","METTA-LANG","METTA-LANG",""
"","81","MINIMAL-METTA-TESTS.31","","Fri Nov 15 23:08:11 GMT 2024","failed","Fri Nov 15 23:08:11 GMT 2024","","HYPERON-METTALOG-SANITY","HYPERON-METTALOG-SANITY",""
"","9000","metta_lang.Console_output_and_debugging___MeTTa_Language2","","Fri Nov 15 22:59:53 GMT 2024","passed","Fri Nov 15 23:00:02 GMT 2024","","WHOLE-TESTS","WHOLE-TESTS",""
"","46","B5-TYPES-PRELIM.02","","Fri Nov 15 23:04:54 GMT 2024","failed","Fri Nov 15 23:04:54 GMT 2024","","HYPERON-EXPERIMENTAL-SCRIPTS","HYPERON-EXPERIMENTAL-SCRIPTS",""
"","1","HYPERPOSE.04","","Fri Nov 15 23:39:29 GMT 2024","passed","Fri Nov 15 23:39:29 GMT 2024","","METTA-MORPH-TESTS","METTA-MORPH-TESTS",""
"","74","RECURSIVE-AND-PARAMETRIC-TYPES---METTA-LANGUAGE3.04","","Fri Nov 15 23:18:33 GMT 2024","failed","Fri Nov 15 23:18:33 GMT 2024","","METTA-LANG","METTA-LANG",""
"","3","MINNARS.01","","Fri Nov 15 23:39:29 GMT 2024","passed","Fri Nov 15 23:39:29 GMT 2024","","METTA-MORPH-TESTS","METTA-MORPH-TESTS",""
"","1","RECURSION-AND-CONTROL---METTA-LANGUAGE2.02","","Fri Nov 15 23:18:33 GMT 2024","passed","Fri Nov 15 23:18:33 GMT 2024","","METTA-LANG","METTA-LANG",""
"","4","BASIC-GROUNDED-FUNCTIONS---METTA-LANGUAGE6.01","","Fri Nov 15 23:18:33 GMT 2024","passed","Fri Nov 15 23:18:33 GMT 2024","","METTA-LANG","METTA-LANG",""
"","11","MINIMAL-METTA-TESTS.05","","Fri Nov 15 23:08:11 GMT 2024","failed","Fri Nov 15 23:08:11 GMT 2024","","HYPERON-METTALOG-SANITY","HYPERON-METTALOG-SANITY",""
"","2","ZEROARGS.02","","Fri Nov 15 23:39:29 GMT 2024","passed","Fri Nov 15 23:39:29 GMT 2024","","METTA-MORPH-TESTS","METTA-MORPH-TESTS",""
"","2","C1-GROUNDED-BASIC.23","","Fri Nov 15 23:04:54 GMT 2024","passed","Fri Nov 15 23:04:54 GMT 2024","","HYPERON-EXPERIMENTAL-SCRIPTS","HYPERON-EXPERIMENTAL-SCRIPTS",""
"","2","STRING-TESTS.14","","Fri Nov 15 23:08:11 GMT 2024","passed","Fri Nov 15 23:08:11 GMT 2024","","HYPERON-METTALOG-SANITY","HYPERON-METTALOG-SANITY",""
"","8000","hyperon-mettalog_sanity.catch_throw_tests","","Fri Nov 15 22:59:53 GMT 2024","passed","Fri Nov 15 23:00:01 GMT 2024","","WHOLE-TESTS","WHOLE-TESTS",""
"","2","CONCRETE-TYPES---METTA-LANGUAGE7.04","","Fri Nov 15 23:18:33 GMT 2024","passed","Fri Nov 15 23:18:33 GMT 2024","","METTA-LANG","METTA-LANG",""
"","5","ADD-ATOM-MATCH.01","","Fri Nov 15 23:39:29 GMT 2024","passed","Fri Nov 15 23:39:29 GMT 2024","","METTA-MORPH-TESTS","METTA-MORPH-TESTS",""
"","2","CONCRETE-TYPES---METTA-LANGUAGE12.01","","Fri Nov 15 23:18:33 GMT 2024","passed","Fri Nov 15 23:18:33 GMT 2024","","METTA-LANG","METTA-LANG",""
"","2","F1-IMPORTS.08","","Fri Nov 15 22:59:44 GMT 2024","passed","Fri Nov 15 22:59:44 GMT 2024","","MODULE-SYSTEM","MODULE-SYSTEM",""
"","8000","hyperon-mettalog_sanity.what_evals_or_not","","Fri Nov 15 22:59:53 GMT 2024","passed","Fri Nov 15 23:00:01 GMT 2024","","WHOLE-TESTS","WHOLE-TESTS",""
"","2","OUTPUT-LOAD-TESTS.13","","Fri Nov 15 23:08:11 GMT 2024","passed","Fri Nov 15 23:08:11 GMT 2024","","HYPERON-METTALOG-SANITY","HYPERON-METTALOG-SANITY",""
"","31000","anti-regression.debug_mettalogTestCurried","","Fri Nov 15 22:59:53 GMT 2024","passed","Fri Nov 15 23:00:24 GMT 2024","","WHOLE-TESTS","WHOLE-TESTS",""
"","2","D2-HIGHERFUNC.24","","Fri Nov 15 23:04:54 GMT 2024","passed","Fri Nov 15 23:04:54 GMT 2024","","HYPERON-EXPERIMENTAL-SCRIPTS","HYPERON-EXPERIMENTAL-SCRIPTS",""
"","139","MINIMAL-METTA-TESTS.27","","Fri Nov 15 23:08:11 GMT 2024","failed","Fri Nov 15 23:08:11 GMT 2024","","HYPERON-METTALOG-SANITY","HYPERON-METTALOG-SANITY",""
"","3","C1-GROUNDED-BASIC.13","","Fri Nov 15 23:04:54 GMT 2024","passed","Fri Nov 15 23:04:54 GMT 2024","","HYPERON-EXPERIMENTAL-SCRIPTS","HYPERON-EXPERIMENTAL-SCRIPTS",""
"","3","BASIC-EVALUATION---METTA-LANGUAGE8.01","","Fri Nov 15 23:18:33 GMT 2024","passed","Fri Nov 15 23:18:33 GMT 2024","","METTA-LANG","METTA-LANG",""
"","9000","hyperon-experimental_scripts.d4_type_prop","","Fri Nov 15 22:59:53 GMT 2024","passed","Fri Nov 15 23:00:02 GMT 2024","","WHOLE-TESTS","WHOLE-TESTS",""
"","3","C2-SPACES.05","","Fri Nov 15 23:04:54 GMT 2024","passed","Fri Nov 15 23:04:54 GMT 2024","","HYPERON-EXPERIMENTAL-SCRIPTS","HYPERON-EXPERIMENTAL-SCRIPTS",""
"","1","RECURSIVE-AND-PARAMETRIC-TYPES---METTA-LANGUAGE1.04","","Fri Nov 15 23:18:33 GMT 2024","passed","Fri Nov 15 23:18:33 GMT 2024","","METTA-LANG","METTA-LANG",""
"","13","D2-HIGHERFUNC.20","","Fri Nov 15 23:43:33 GMT 2024","passed","Fri Nov 15 23:43:33 GMT 2024","","QUICK","QUICK",""
"","8000","metta_lang.Recursive_and_parametric_types___MeTTa_Language6","","Fri Nov 15 22:59:53 GMT 2024","passed","Fri Nov 15 23:00:01 GMT 2024","","WHOLE-TESTS","WHOLE-TESTS",""
"","2","SUBTRACTION-TEST.04","","Fri Nov 15 23:08:11 GMT 2024","passed","Fri Nov 15 23:08:11 GMT 2024","","HYPERON-METTALOG-SANITY","HYPERON-METTALOG-SANITY",""
"","2","SEQUENTIAL-NESTED.07","","Fri Nov 15 23:39:29 GMT 2024","passed","Fri Nov 15 23:39:29 GMT 2024","","METTA-MORPH-TESTS","METTA-MORPH-TESTS",""
"","9000","metta_lang.Free_variables_and_nondeterminism_again,_recursively___MeTTa_Language4","","Fri Nov 15 22:59:53 GMT 2024","passed","Fri Nov 15 23:00:02 GMT 2024","","WHOLE-TESTS","WHOLE-TESTS",""
"","2","C3-PLN-STV.02","","Fri Nov 15 23:04:54 GMT 2024","passed","Fri Nov 15 23:04:54 GMT 2024","","HYPERON-EXPERIMENTAL-SCRIPTS","HYPERON-EXPERIMENTAL-SCRIPTS",""
"","47000","synth_buffer.time_synthesize_long","","Fri Nov 15 22:59:53 GMT 2024","failed","Fri Nov 15 23:00:40 GMT 2024","","WHOLE-TESTS","WHOLE-TESTS",""
"","2","WORKING-WITH-SPACES---METTA-LANGUAGE12.02","","Fri Nov 15 23:18:33 GMT 2024","passed","Fri Nov 15 23:18:33 GMT 2024","","METTA-LANG","METTA-LANG",""
"","2","RECURSION-AND-CONTROL---METTA-LANGUAGE9.03","","Fri Nov 15 23:18:33 GMT 2024","passed","Fri Nov 15 23:18:33 GMT 2024","","METTA-LANG","METTA-LANG",""
"","8","D2-HIGHERFUNC.22","","Fri Nov 15 23:04:54 GMT 2024","passed","Fri Nov 15 23:04:54 GMT 2024","","HYPERON-EXPERIMENTAL-SCRIPTS","HYPERON-EXPERIMENTAL-SCRIPTS",""
"","5","WORKING-WITH-SPACES---METTA-LANGUAGE10.01","","Fri Nov 15 23:18:33 GMT 2024","passed","Fri Nov 15 23:18:33 GMT 2024","","METTA-LANG","METTA-LANG",""
"","3","D4-TYPE-PROP.04","","Fri Nov 15 23:04:54 GMT 2024","passed","Fri Nov 15 23:04:54 GMT 2024","","HYPERON-EXPERIMENTAL-SCRIPTS","HYPERON-EXPERIMENTAL-SCRIPTS",""
"","8000","metta_lang.Working_with_spaces___MeTTa_Language17","","Fri Nov 15 22:59:53 GMT 2024","passed","Fri Nov 15 23:00:01 GMT 2024","","WHOLE-TESTS","WHOLE-TESTS",""
"","3","D4-TYPE-PROP.06","","Fri Nov 15 23:43:33 GMT 2024","passed","Fri Nov 15 23:43:33 GMT 2024","","QUICK","QUICK",""
"","10","CONSOLE-OUTPUT-AND-DEBUGGING---METTA-LANGUAGE1.02","","Fri Nov 15 23:18:33 GMT 2024","failed","Fri Nov 15 23:18:33 GMT 2024","","METTA-LANG","METTA-LANG",""
"","2","WORKING-WITH-SPACES---METTA-LANGUAGE6.04","","Fri Nov 15 23:18:33 GMT 2024","passed","Fri Nov 15 23:18:33 GMT 2024","","METTA-LANG","METTA-LANG",""
"","2","C1-GROUNDED-BASIC.22","","Fri Nov 15 23:04:54 GMT 2024","passed","Fri Nov 15 23:04:54 GMT 2024","","HYPERON-EXPERIMENTAL-SCRIPTS","HYPERON-EXPERIMENTAL-SCRIPTS",""
"","9000","metta_lang.Control_flow___MeTTa_Language16","","Fri Nov 15 22:59:53 GMT 2024","passed","Fri Nov 15 23:00:02 GMT 2024","","WHOLE-TESTS","WHOLE-TESTS",""
"","121","COMPILE-TESTS.03","","Fri Nov 15 23:08:11 GMT 2024","failed","Fri Nov 15 23:08:11 GMT 2024","","HYPERON-METTALOG-SANITY","HYPERON-METTALOG-SANITY",""
"","5","RECURSION-AND-CONTROL---METTA-LANGUAGE4.01","","Fri Nov 15 23:18:33 GMT 2024","passed","Fri Nov 15 23:18:33 GMT 2024","","METTA-LANG","METTA-LANG",""
"","5","NESTED-QUERIES-AND-RECURSIVE-GRAPH-TRAVERSAL---METTA-LANGUAGE2.01","","Fri Nov 15 23:18:33 GMT 2024","passed","Fri Nov 15 23:18:33 GMT 2024","","METTA-LANG","METTA-LANG",""
"","81","WORKING-WITH-SPACES---METTA-LANGUAGE5.02","","Fri Nov 15 23:18:33 GMT 2024","passed","Fri Nov 15 23:18:33 GMT 2024","","METTA-LANG","METTA-LANG",""
"","6","OR-TEST.01","","Fri Nov 15 23:08:11 GMT 2024","passed","Fri Nov 15 23:08:11 GMT 2024","","HYPERON-METTALOG-SANITY","HYPERON-METTALOG-SANITY",""
"","5","SEALED-TEST.08","","Fri Nov 15 23:08:11 GMT 2024","passed","Fri Nov 15 23:08:11 GMT 2024","","HYPERON-METTALOG-SANITY","HYPERON-METTALOG-SANITY",""
"","74","CALL-CLEANUP-TESTS.06","","Fri Nov 15 23:08:11 GMT 2024","failed","Fri Nov 15 23:08:11 GMT 2024","","HYPERON-METTALOG-SANITY","HYPERON-METTALOG-SANITY",""
"","2","HANDLING-NONDETERMINISTIC-RESULTS---METTA-LANGUAGE7.03","","Fri Nov 15 23:18:33 GMT 2024","passed","Fri Nov 15 23:18:33 GMT 2024","","METTA-LANG","METTA-LANG",""
"","9000","metta_lang.Basic_evaluation___MeTTa_Language12","","Fri Nov 15 22:59:53 GMT 2024","passed","Fri Nov 15 23:00:02 GMT 2024","","WHOLE-TESTS","WHOLE-TESTS",""
"","2","TESTS0.05","","Fri Nov 15 23:39:29 GMT 2024","passed","Fri Nov 15 23:39:29 GMT 2024","","METTA-MORPH-TESTS","METTA-MORPH-TESTS",""
"","1","D2-HIGHERFUNC.06","","Fri Nov 15 23:43:33 GMT 2024","passed","Fri Nov 15 23:43:33 GMT 2024","","QUICK","QUICK",""
"","3","HANDLING-NONDETERMINISTIC-RESULTS---METTA-LANGUAGE1.02","","Fri Nov 15 23:18:33 GMT 2024","passed","Fri Nov 15 23:18:33 GMT 2024","","METTA-LANG","METTA-LANG",""
"","85","WHAT-EVALS-OR-NOT.08","","Fri Nov 15 23:08:11 GMT 2024","failed","Fri Nov 15 23:08:11 GMT 2024","","HYPERON-METTALOG-SANITY","HYPERON-METTALOG-SANITY",""
"","5","MULTIFUNCTION.01","","Fri Nov 15 23:39:29 GMT 2024","passed","Fri Nov 15 23:39:29 GMT 2024","","METTA-MORPH-TESTS","METTA-MORPH-TESTS",""
"","2","RECURSION-AND-CONTROL---METTA-LANGUAGE3.04","","Fri Nov 15 23:18:33 GMT 2024","passed","Fri Nov 15 23:18:33 GMT 2024","","METTA-LANG","METTA-LANG",""
"","75","WHAT-EVALS-OR-NOT.02","","Fri Nov 15 23:08:11 GMT 2024","failed","Fri Nov 15 23:08:11 GMT 2024","","HYPERON-METTALOG-SANITY","HYPERON-METTALOG-SANITY",""
"","2","OUTPUT-LOAD-TESTS.04","","Fri Nov 15 23:08:11 GMT 2024","passed","Fri Nov 15 23:08:11 GMT 2024","","HYPERON-METTALOG-SANITY","HYPERON-METTALOG-SANITY",""
"","2","F1-IMPORTS.12","","Fri Nov 15 23:43:33 GMT 2024","passed","Fri Nov 15 23:43:33 GMT 2024","","QUICK","QUICK",""
"","3","CONTROLLING-PATTERN-MATCHING---METTA-LANGUAGE4.04","","Fri Nov 15 23:18:33 GMT 2024","passed","Fri Nov 15 23:18:33 GMT 2024","","METTA-LANG","METTA-LANG",""
"","1","C1-GROUNDED-BASIC.21","","Fri Nov 15 23:04:54 GMT 2024","passed","Fri Nov 15 23:04:54 GMT 2024","","HYPERON-EXPERIMENTAL-SCRIPTS","HYPERON-EXPERIMENTAL-SCRIPTS",""
"","5","FUNCTIONS-AND-UNIFICATION---METTA-LANGUAGE5.01","","Fri Nov 15 23:18:33 GMT 2024","passed","Fri Nov 15 23:18:33 GMT 2024","","METTA-LANG","METTA-LANG",""
"","1","D4-TYPE-PROP.06","","Fri Nov 15 23:04:54 GMT 2024","passed","Fri Nov 15 23:04:54 GMT 2024","","HYPERON-EXPERIMENTAL-SCRIPTS","HYPERON-EXPERIMENTAL-SCRIPTS",""
"","4","SEALED-TEST.09","","Fri Nov 15 23:08:11 GMT 2024","passed","Fri Nov 15 23:08:11 GMT 2024","","HYPERON-METTALOG-SANITY","HYPERON-METTALOG-SANITY",""
"","3","SPACE-INTERSECTION-TESTS.06","","Fri Nov 15 23:08:11 GMT 2024","passed","Fri Nov 15 23:08:11 GMT 2024","","HYPERON-METTALOG-SANITY","HYPERON-METTALOG-SANITY",""
"","2","BASIC-EVALUATION---METTA-LANGUAGE15.05","","Fri Nov 15 23:18:33 GMT 2024","passed","Fri Nov 15 23:18:33 GMT 2024","","METTA-LANG","METTA-LANG",""
"","42","SPACE-INTERSECTION-TESTS.12","","Fri Nov 15 23:08:11 GMT 2024","failed","Fri Nov 15 23:08:11 GMT 2024","","HYPERON-METTALOG-SANITY","HYPERON-METTALOG-SANITY",""
"","3","METATYPES---METTA-LANGUAGE1.11","","Fri Nov 15 23:18:33 GMT 2024","passed","Fri Nov 15 23:18:33 GMT 2024","","METTA-LANG","METTA-LANG",""
"","3","CALL-TESTS.10","","Fri Nov 15 23:08:11 GMT 2024","passed","Fri Nov 15 23:08:11 GMT 2024","","HYPERON-METTALOG-SANITY","HYPERON-METTALOG-SANITY",""
"","3","FUNCTIONS-AND-UNIFICATION---METTA-LANGUAGE2.04","","Fri Nov 15 23:18:33 GMT 2024","passed","Fri Nov 15 23:18:33 GMT 2024","","METTA-LANG","METTA-LANG",""
"","75","MINIMAL-METTA-TESTS.20","","Fri Nov 15 23:08:11 GMT 2024","failed","Fri Nov 15 23:08:11 GMT 2024","","HYPERON-METTALOG-SANITY","HYPERON-METTALOG-SANITY",""
"","3","METATYPES---METTA-LANGUAGE1.07","","Fri Nov 15 23:18:33 GMT 2024","passed","Fri Nov 15 23:18:33 GMT 2024","","METTA-LANG","METTA-LANG",""
"","3","RECURSION-AND-CONTROL---METTA-LANGUAGE9.02","","Fri Nov 15 23:18:33 GMT 2024","passed","Fri Nov 15 23:18:33 GMT 2024","","METTA-LANG","METTA-LANG",""
"","2","LIMIT-TESTS.15","","Fri Nov 15 23:08:11 GMT 2024","passed","Fri Nov 15 23:08:11 GMT 2024","","HYPERON-METTALOG-SANITY","HYPERON-METTALOG-SANITY",""
"","11","CONCRETE-TYPES---METTA-LANGUAGE2.01","","Fri Nov 15 23:18:33 GMT 2024","failed","Fri Nov 15 23:18:33 GMT 2024","","METTA-LANG","METTA-LANG",""
"","9","D1-GADT.09","","Fri Nov 15 23:43:33 GMT 2024","passed","Fri Nov 15 23:43:33 GMT 2024","","QUICK","QUICK",""
"","11000","hyperon-mettalog_sanity.call_cleanup_tests","","Fri Nov 15 22:59:53 GMT 2024","passed","Fri Nov 15 23:00:04 GMT 2024","","WHOLE-TESTS","WHOLE-TESTS",""
"","2","OPERATIONS-OVER-ATOMS---METTA-LANGUAGE5.02","","Fri Nov 15 23:18:33 GMT 2024","passed","Fri Nov 15 23:18:33 GMT 2024","","METTA-LANG","METTA-LANG",""
"","3","D4-TYPE-PROP.07","","Fri Nov 15 23:43:33 GMT 2024","passed","Fri Nov 15 23:43:33 GMT 2024","","QUICK","QUICK",""
"","153","MINIMAL-METTA-TESTS.30","","Fri Nov 15 23:08:11 GMT 2024","failed","Fri Nov 15 23:08:11 GMT 2024","","HYPERON-METTALOG-SANITY","HYPERON-METTALOG-SANITY",""
"","2","MATCH-VOID.09","","Fri Nov 15 23:39:29 GMT 2024","passed","Fri Nov 15 23:39:29 GMT 2024","","METTA-MORPH-TESTS","METTA-MORPH-TESTS",""
"","2","BASE-TEST-REPR-PARSE-INTERSECTION.03","","Fri Nov 15 23:08:11 GMT 2024","passed","Fri Nov 15 23:08:11 GMT 2024","","HYPERON-METTALOG-SANITY","HYPERON-METTALOG-SANITY",""
"","3","BASIC-GROUNDED-FUNCTIONS---METTA-LANGUAGE7.01","","Fri Nov 15 23:18:33 GMT 2024","passed","Fri Nov 15 23:18:33 GMT 2024","","METTA-LANG","METTA-LANG",""
"","3","TMPMATCH2.03","","Fri Nov 15 23:00:02 GMT 2024","passed","Fri Nov 15 23:00:02 GMT 2024","","ANTI-REGRESSION","ANTI-REGRESSION",""
"","59","BASIC-GROUNDED-FUNCTIONS---METTA-LANGUAGE4.04","","Fri Nov 15 23:18:33 GMT 2024","failed","Fri Nov 15 23:18:33 GMT 2024","","METTA-LANG","METTA-LANG",""
"","32","B5-TYPES-PRELIM.14","","Fri Nov 15 23:04:54 GMT 2024","failed","Fri Nov 15 23:04:54 GMT 2024","","HYPERON-EXPERIMENTAL-SCRIPTS","HYPERON-EXPERIMENTAL-SCRIPTS",""
"","1","D2-HIGHERFUNC.14","","Fri Nov 15 23:43:33 GMT 2024","passed","Fri Nov 15 23:43:33 GMT 2024","","QUICK","QUICK",""
"","1","OPERATIONS-OVER-ATOMS---METTA-LANGUAGE1.03","","Fri Nov 15 23:18:33 GMT 2024","passed","Fri Nov 15 23:18:33 GMT 2024","","METTA-LANG","METTA-LANG",""
"","9000","metta_lang.Control_flow___MeTTa_Language10","","Fri Nov 15 22:59:53 GMT 2024","passed","Fri Nov 15 23:00:02 GMT 2024","","WHOLE-TESTS","WHOLE-TESTS",""
"","3","B3-DIRECT.01","","Fri Nov 15 23:04:54 GMT 2024","passed","Fri Nov 15 23:04:54 GMT 2024","","HYPERON-EXPERIMENTAL-SCRIPTS","HYPERON-EXPERIMENTAL-SCRIPTS",""
"","2","QUERYING-SPACE-CONTENT---METTA-LANGUAGE5.01","","Fri Nov 15 23:18:33 GMT 2024","passed","Fri Nov 15 23:18:33 GMT 2024","","METTA-LANG","METTA-LANG",""
"","3","SUPERPOSE-NESTED.01","","Fri Nov 15 23:39:29 GMT 2024","passed","Fri Nov 15 23:39:29 GMT 2024","","METTA-MORPH-TESTS","METTA-MORPH-TESTS",""
"","9000","metta_lang.Controlling_pattern_matching___MeTTa_Language4","","Fri Nov 15 22:59:53 GMT 2024","passed","Fri Nov 15 23:00:02 GMT 2024","","WHOLE-TESTS","WHOLE-TESTS",""
"","9000","metta_lang.Concrete_types___MeTTa_Language7","","Fri Nov 15 22:59:53 GMT 2024","passed","Fri Nov 15 23:00:02 GMT 2024","","WHOLE-TESTS","WHOLE-TESTS",""
"","17","BCHAIN-COMP.05","","Fri Nov 15 23:00:02 GMT 2024","passed","Fri Nov 15 23:00:02 GMT 2024","","ANTI-REGRESSION","ANTI-REGRESSION",""
"","3","FACTORIAL.01","","Fri Nov 15 23:39:29 GMT 2024","passed","Fri Nov 15 23:39:29 GMT 2024","","METTA-MORPH-TESTS","METTA-MORPH-TESTS",""
"","3","FUNCTIONAL-PROGRAMMING-TESTS.02","","Fri Nov 15 23:08:11 GMT 2024","passed","Fri Nov 15 23:08:11 GMT 2024","","HYPERON-METTALOG-SANITY","HYPERON-METTALOG-SANITY",""
"","1","D4-TYPE-PROP.18","","Fri Nov 15 23:43:33 GMT 2024","passed","Fri Nov 15 23:43:33 GMT 2024","","QUICK","QUICK",""
"","2","A3-TWOSIDE.03","","Fri Nov 15 23:04:54 GMT 2024","passed","Fri Nov 15 23:04:54 GMT 2024","","HYPERON-EXPERIMENTAL-SCRIPTS","HYPERON-EXPERIMENTAL-SCRIPTS",""
"","2","E2-STATES.04","","Fri Nov 15 23:04:54 GMT 2024","passed","Fri Nov 15 23:04:54 GMT 2024","","HYPERON-EXPERIMENTAL-SCRIPTS","HYPERON-EXPERIMENTAL-SCRIPTS",""
"","5","CONTROL-FLOW---METTA-LANGUAGE12.01","","Fri Nov 15 23:18:33 GMT 2024","passed","Fri Nov 15 23:18:33 GMT 2024","","METTA-LANG","METTA-LANG",""
"","2","RECURSION-AND-CONTROL---METTA-LANGUAGE2.01","","Fri Nov 15 23:18:33 GMT 2024","passed","Fri Nov 15 23:18:33 GMT 2024","","METTA-LANG","METTA-LANG",""
"","2","D4-TYPE-PROP.09","","Fri Nov 15 23:04:54 GMT 2024","passed","Fri Nov 15 23:04:54 GMT 2024","","HYPERON-EXPERIMENTAL-SCRIPTS","HYPERON-EXPERIMENTAL-SCRIPTS",""
"","8000","hyperon-mettalog_sanity.arity_tests","","Fri Nov 15 22:59:53 GMT 2024","passed","Fri Nov 15 23:00:01 GMT 2024","","WHOLE-TESTS","WHOLE-TESTS",""
"","3","C1-GROUNDED-BASIC.08","","Fri Nov 15 23:43:33 GMT 2024","passed","Fri Nov 15 23:43:33 GMT 2024","","QUICK","QUICK",""
"","3","FUNCTIONAL-PROGRAMMING-TESTS.07","","Fri Nov 15 23:08:11 GMT 2024","passed","Fri Nov 15 23:08:11 GMT 2024","","HYPERON-METTALOG-SANITY","HYPERON-METTALOG-SANITY",""
"","2","INTERSECTION-TESTS.18","","Fri Nov 15 23:08:11 GMT 2024","passed","Fri Nov 15 23:08:11 GMT 2024","","HYPERON-METTALOG-SANITY","HYPERON-METTALOG-SANITY",""
"","1","06-MATCH-IN-SPACE.06","","Fri Nov 15 23:08:11 GMT 2024","passed","Fri Nov 15 23:08:11 GMT 2024","","HYPERON-METTALOG-SANITY","HYPERON-METTALOG-SANITY",""
"","2","BASIC-EVALUATION---METTA-LANGUAGE15.06","","Fri Nov 15 23:18:33 GMT 2024","passed","Fri Nov 15 23:18:33 GMT 2024","","METTA-LANG","METTA-LANG",""
"","18","D4-TYPE-PROP.03","","Fri Nov 15 23:04:54 GMT 2024","passed","Fri Nov 15 23:04:54 GMT 2024","","HYPERON-EXPERIMENTAL-SCRIPTS","HYPERON-EXPERIMENTAL-SCRIPTS",""
"","1","HYPERPOSE.02","","Fri Nov 15 23:39:29 GMT 2024","passed","Fri Nov 15 23:39:29 GMT 2024","","METTA-MORPH-TESTS","METTA-MORPH-TESTS",""
"","2","D1-GADT.07","","Fri Nov 15 23:43:33 GMT 2024","passed","Fri Nov 15 23:43:33 GMT 2024","","QUICK","QUICK",""
"","8000","metta_lang.Controlling_pattern_matching___MeTTa_Language3","","Fri Nov 15 22:59:53 GMT 2024","passed","Fri Nov 15 23:00:01 GMT 2024","","WHOLE-TESTS","WHOLE-TESTS",""
"","1","CALL-CLEANUP-TESTS.02","","Fri Nov 15 23:08:11 GMT 2024","passed","Fri Nov 15 23:08:11 GMT 2024","","HYPERON-METTALOG-SANITY","HYPERON-METTALOG-SANITY",""
"","8000","metta_lang.Basic_grounded_functions___MeTTa_Language8","","Fri Nov 15 22:59:53 GMT 2024","passed","Fri Nov 15 23:00:01 GMT 2024","","WHOLE-TESTS","WHOLE-TESTS",""
"","3","CONTROLLING-PATTERN-MATCHING---METTA-LANGUAGE6.04","","Fri Nov 15 23:18:33 GMT 2024","passed","Fri Nov 15 23:18:33 GMT 2024","","METTA-LANG","METTA-LANG",""
"","2","METTALOGTESTCURRIED2.05","","Fri Nov 15 23:00:02 GMT 2024","passed","Fri Nov 15 23:00:02 GMT 2024","","ANTI-REGRESSION","ANTI-REGRESSION",""
"","4","LIMIT-TESTS.01","","Fri Nov 15 23:08:11 GMT 2024","passed","Fri Nov 15 23:08:11 GMT 2024","","HYPERON-METTALOG-SANITY","HYPERON-METTALOG-SANITY",""
"","1","IS-SPACE.02","","Fri Nov 15 23:08:11 GMT 2024","passed","Fri Nov 15 23:08:11 GMT 2024","","HYPERON-METTALOG-SANITY","HYPERON-METTALOG-SANITY",""
"","9000","metta-morph_tests.zeroargs","","Fri Nov 15 22:59:53 GMT 2024","passed","Fri Nov 15 23:00:02 GMT 2024","","WHOLE-TESTS","WHOLE-TESTS",""
"","2","D4-TYPE-PROP.17","","Fri Nov 15 23:04:54 GMT 2024","passed","Fri Nov 15 23:04:54 GMT 2024","","HYPERON-EXPERIMENTAL-SCRIPTS","HYPERON-EXPERIMENTAL-SCRIPTS",""
"","8000","quick.f1_moduleA","","Fri Nov 15 22:59:53 GMT 2024","passed","Fri Nov 15 23:00:01 GMT 2024","","WHOLE-TESTS","WHOLE-TESTS",""
"","3","OR-TEST.09","","Fri Nov 15 23:08:11 GMT 2024","passed","Fri Nov 15 23:08:11 GMT 2024","","HYPERON-METTALOG-SANITY","HYPERON-METTALOG-SANITY",""
"","3","C2-SPACES.01","","Fri Nov 15 22:59:44 GMT 2024","passed","Fri Nov 15 22:59:44 GMT 2024","","MODULE-SYSTEM","MODULE-SYSTEM",""
"","3","QUERYING-SPACE-CONTENT---METTA-LANGUAGE5.03","","Fri Nov 15 23:18:33 GMT 2024","passed","Fri Nov 15 23:18:33 GMT 2024","","METTA-LANG","METTA-LANG",""
"","2","BASIC-GROUNDED-FUNCTIONS---METTA-LANGUAGE8.03","","Fri Nov 15 23:18:33 GMT 2024","passed","Fri Nov 15 23:18:33 GMT 2024","","METTA-LANG","METTA-LANG",""
"","3","D2-HIGHERFUNC.09","","Fri Nov 15 23:43:33 GMT 2024","passed","Fri Nov 15 23:43:33 GMT 2024","","QUICK","QUICK",""
"","3","FREE-VARIABLES-AND-NONDETERMINISM-AGAIN,-RECURSIVELY---METTA-LANGUAGE4.01","","Fri Nov 15 23:18:33 GMT 2024","passed","Fri Nov 15 23:18:33 GMT 2024","","METTA-LANG","METTA-LANG",""
"","1","B5-TYPES-PRELIM.23","","Fri Nov 15 23:04:54 GMT 2024","passed","Fri Nov 15 23:04:54 GMT 2024","","HYPERON-EXPERIMENTAL-SCRIPTS","HYPERON-EXPERIMENTAL-SCRIPTS",""
"","3","LIMIT-TESTS.05","","Fri Nov 15 23:08:11 GMT 2024","passed","Fri Nov 15 23:08:11 GMT 2024","","HYPERON-METTALOG-SANITY","HYPERON-METTALOG-SANITY",""
"","4","WORKING-WITH-SPACES---METTA-LANGUAGE1.01","","Fri Nov 15 23:18:33 GMT 2024","passed","Fri Nov 15 23:18:33 GMT 2024","","METTA-LANG","METTA-LANG",""
"","3","MAX-TIME-TESTS.04","","Fri Nov 15 23:08:11 GMT 2024","passed","Fri Nov 15 23:08:11 GMT 2024","","HYPERON-METTALOG-SANITY","HYPERON-METTALOG-SANITY",""
"","9000","hyperon-experimental_scripts.b3_direct","","Fri Nov 15 22:59:53 GMT 2024","passed","Fri Nov 15 23:00:02 GMT 2024","","WHOLE-TESTS","WHOLE-TESTS",""
"","8000","metta_lang.Metatypes___MeTTa_Language2","","Fri Nov 15 22:59:53 GMT 2024","passed","Fri Nov 15 23:00:01 GMT 2024","","WHOLE-TESTS","WHOLE-TESTS",""
"","2","UNIQUE-TEST.10","","Fri Nov 15 23:08:11 GMT 2024","passed","Fri Nov 15 23:08:11 GMT 2024","","HYPERON-METTALOG-SANITY","HYPERON-METTALOG-SANITY",""
"","3","CONSOLE-OUTPUT-AND-DEBUGGING---METTA-LANGUAGE2.02","","Fri Nov 15 23:18:33 GMT 2024","passed","Fri Nov 15 23:18:33 GMT 2024","","METTA-LANG","METTA-LANG",""
"","9000","metta_lang.Concrete_types___MeTTa_Language2","","Fri Nov 15 22:59:53 GMT 2024","passed","Fri Nov 15 23:00:02 GMT 2024","","WHOLE-TESTS","WHOLE-TESTS",""
"","3","STRING-TESTS.20","","Fri Nov 15 23:08:11 GMT 2024","passed","Fri Nov 15 23:08:11 GMT 2024","","HYPERON-METTALOG-SANITY","HYPERON-METTALOG-SANITY",""
"","2","B2-BACKCHAIN.05","","Fri Nov 15 23:04:54 GMT 2024","passed","Fri Nov 15 23:04:54 GMT 2024","","HYPERON-EXPERIMENTAL-SCRIPTS","HYPERON-EXPERIMENTAL-SCRIPTS",""
"","8000","hyperon-experimental_scripts.b5_types_prelim","","Fri Nov 15 22:59:53 GMT 2024","passed","Fri Nov 15 23:00:01 GMT 2024","","WHOLE-TESTS","WHOLE-TESTS",""
"","2","XOR-TEST.06","","Fri Nov 15 23:08:11 GMT 2024","passed","Fri Nov 15 23:08:11 GMT 2024","","HYPERON-METTALOG-SANITY","HYPERON-METTALOG-SANITY",""
"","2","HANDLING-NONDETERMINISTIC-RESULTS---METTA-LANGUAGE1.04","","Fri Nov 15 23:18:33 GMT 2024","passed","Fri Nov 15 23:18:33 GMT 2024","","METTA-LANG","METTA-LANG",""
"","2","CONTROL-FLOW---METTA-LANGUAGE16.02","","Fri Nov 15 23:18:33 GMT 2024","passed","Fri Nov 15 23:18:33 GMT 2024","","METTA-LANG","METTA-LANG",""
"","2","00-LANG-CASE.10","","Fri Nov 15 23:08:11 GMT 2024","passed","Fri Nov 15 23:08:11 GMT 2024","","HYPERON-METTALOG-SANITY","HYPERON-METTALOG-SANITY",""
"","9000","metta_lang.Console_output_and_debugging___MeTTa_Language10","","Fri Nov 15 22:59:53 GMT 2024","passed","Fri Nov 15 23:00:02 GMT 2024","","WHOLE-TESTS","WHOLE-TESTS",""
"","1","D4-TYPE-PROP.10","","Fri Nov 15 23:04:54 GMT 2024","passed","Fri Nov 15 23:04:54 GMT 2024","","HYPERON-EXPERIMENTAL-SCRIPTS","HYPERON-EXPERIMENTAL-SCRIPTS",""
"","8000","metta-morph_tests.types2","","Fri Nov 15 22:59:53 GMT 2024","passed","Fri Nov 15 23:00:01 GMT 2024","","WHOLE-TESTS","WHOLE-TESTS",""
"","3","OUTPUT-LOAD-TESTS.03","","Fri Nov 15 23:08:11 GMT 2024","passed","Fri Nov 15 23:08:11 GMT 2024","","HYPERON-METTALOG-SANITY","HYPERON-METTALOG-SANITY",""
"","1","TEST-IF-CLOSED.10","","Fri Nov 15 23:00:02 GMT 2024","passed","Fri Nov 15 23:00:02 GMT 2024","","ANTI-REGRESSION","ANTI-REGRESSION",""
"","2","C1-GROUNDED-BASIC.11","","Fri Nov 15 23:04:54 GMT 2024","passed","Fri Nov 15 23:04:54 GMT 2024","","HYPERON-EXPERIMENTAL-SCRIPTS","HYPERON-EXPERIMENTAL-SCRIPTS",""
"","9000","metta_lang.Operations_over_atoms___MeTTa_Language6","","Fri Nov 15 22:59:53 GMT 2024","passed","Fri Nov 15 23:00:02 GMT 2024","","WHOLE-TESTS","WHOLE-TESTS",""
"","3","WORKING-WITH-SPACES---METTA-LANGUAGE16.01","","Fri Nov 15 23:18:33 GMT 2024","passed","Fri Nov 15 23:18:33 GMT 2024","","METTA-LANG","METTA-LANG",""
"","9000","metta_lang.Functions_and_unification___MeTTa_Language4","","Fri Nov 15 22:59:53 GMT 2024","passed","Fri Nov 15 23:00:02 GMT 2024","","WHOLE-TESTS","WHOLE-TESTS",""
"","3","D2-HIGHERFUNC.03","","Fri Nov 15 23:43:33 GMT 2024","passed","Fri Nov 15 23:43:33 GMT 2024","","QUICK","QUICK",""
"","1","SUPERCOLLAPSE.06","","Fri Nov 15 23:39:29 GMT 2024","passed","Fri Nov 15 23:39:29 GMT 2024","","METTA-MORPH-TESTS","METTA-MORPH-TESTS",""
"","3","D1-GADT.14","","Fri Nov 15 23:04:54 GMT 2024","passed","Fri Nov 15 23:04:54 GMT 2024","","HYPERON-EXPERIMENTAL-SCRIPTS","HYPERON-EXPERIMENTAL-SCRIPTS",""
"","1","TMPMATCH2.04","","Fri Nov 15 23:00:02 GMT 2024","passed","Fri Nov 15 23:00:02 GMT 2024","","ANTI-REGRESSION","ANTI-REGRESSION",""
"","8000","metta-morph_tests.add_atom_match","","Fri Nov 15 22:59:53 GMT 2024","passed","Fri Nov 15 23:00:01 GMT 2024","","WHOLE-TESTS","WHOLE-TESTS",""
"","2","F1-IMPORTS.09","","Fri Nov 15 23:43:33 GMT 2024","passed","Fri Nov 15 23:43:33 GMT 2024","","QUICK","QUICK",""
"","9","CONCRETE-TYPES---METTA-LANGUAGE6.01","","Fri Nov 15 23:18:33 GMT 2024","failed","Fri Nov 15 23:18:33 GMT 2024","","METTA-LANG","METTA-LANG",""
"","2","D2-HIGHERFUNC.18","","Fri Nov 15 23:04:54 GMT 2024","passed","Fri Nov 15 23:04:54 GMT 2024","","HYPERON-EXPERIMENTAL-SCRIPTS","HYPERON-EXPERIMENTAL-SCRIPTS",""
"","3","HANDLING-NONDETERMINISTIC-RESULTS---METTA-LANGUAGE5.02","","Fri Nov 15 23:18:33 GMT 2024","passed","Fri Nov 15 23:18:33 GMT 2024","","METTA-LANG","METTA-LANG",""
"","3","CALL-CLEANUP-TESTS.07","","Fri Nov 15 23:08:11 GMT 2024","passed","Fri Nov 15 23:08:11 GMT 2024","","HYPERON-METTALOG-SANITY","HYPERON-METTALOG-SANITY",""
"","8000","metta-morph_tests.types","","Fri Nov 15 22:59:53 GMT 2024","passed","Fri Nov 15 23:00:01 GMT 2024","","WHOLE-TESTS","WHOLE-TESTS",""
"","8000","metta_lang.Controlling_pattern_matching___MeTTa_Language9","","Fri Nov 15 22:59:53 GMT 2024","passed","Fri Nov 15 23:00:01 GMT 2024","","WHOLE-TESTS","WHOLE-TESTS",""
"","8000","metta_lang.Metatypes___MeTTa_Language9","","Fri Nov 15 22:59:53 GMT 2024","passed","Fri Nov 15 23:00:01 GMT 2024","","WHOLE-TESTS","WHOLE-TESTS",""
"","2","BCHAIN.03","","Fri Nov 15 23:00:02 GMT 2024","passed","Fri Nov 15 23:00:02 GMT 2024","","ANTI-REGRESSION","ANTI-REGRESSION",""
"","3","LIMIT-TESTS.08","","Fri Nov 15 23:08:11 GMT 2024","passed","Fri Nov 15 23:08:11 GMT 2024","","HYPERON-METTALOG-SANITY","HYPERON-METTALOG-SANITY",""
"","8000","metta_lang.Basic_grounded_functions___MeTTa_Language2","","Fri Nov 15 22:59:53 GMT 2024","passed","Fri Nov 15 23:00:01 GMT 2024","","WHOLE-TESTS","WHOLE-TESTS",""
"","9000","hyperon-mettalog_sanity.06_match_in_space","","Fri Nov 15 22:59:53 GMT 2024","passed","Fri Nov 15 23:00:02 GMT 2024","","WHOLE-TESTS","WHOLE-TESTS",""
"","1","WORKING-WITH-SPACES---METTA-LANGUAGE1.06","","Fri Nov 15 23:18:33 GMT 2024","passed","Fri Nov 15 23:18:33 GMT 2024","","METTA-LANG","METTA-LANG",""
"","3","TMPMATCH1.01","","Fri Nov 15 23:00:02 GMT 2024","passed","Fri Nov 15 23:00:02 GMT 2024","","ANTI-REGRESSION","ANTI-REGRESSION",""
"","9000","metta-morph_tests.states_spaces","","Fri Nov 15 22:59:53 GMT 2024","passed","Fri Nov 15 23:00:02 GMT 2024","","WHOLE-TESTS","WHOLE-TESTS",""
"","9000","hyperon-mettalog_sanity.intersection_tests","","Fri Nov 15 22:59:53 GMT 2024","passed","Fri Nov 15 23:00:02 GMT 2024","","WHOLE-TESTS","WHOLE-TESTS",""
"","4","WORKING-WITH-SPACES---METTA-LANGUAGE12.01","","Fri Nov 15 23:18:33 GMT 2024","passed","Fri Nov 15 23:18:33 GMT 2024","","METTA-LANG","METTA-LANG",""
"","2","TESTS0.02","","Fri Nov 15 23:39:29 GMT 2024","passed","Fri Nov 15 23:39:29 GMT 2024","","METTA-MORPH-TESTS","METTA-MORPH-TESTS",""
"","2","CALL-TESTS.03","","Fri Nov 15 23:08:11 GMT 2024","passed","Fri Nov 15 23:08:11 GMT 2024","","HYPERON-METTALOG-SANITY","HYPERON-METTALOG-SANITY",""
"","2","C1-GROUNDED-BASIC.07","","Fri Nov 15 23:04:54 GMT 2024","passed","Fri Nov 15 23:04:54 GMT 2024","","HYPERON-EXPERIMENTAL-SCRIPTS","HYPERON-EXPERIMENTAL-SCRIPTS",""
"","9000","hyperon-mettalog_sanity.call_tests","","Fri Nov 15 22:59:53 GMT 2024","passed","Fri Nov 15 23:00:02 GMT 2024","","WHOLE-TESTS","WHOLE-TESTS",""
"","8000","hyperon-mettalog_sanity.eval_for_tests","","Fri Nov 15 22:59:53 GMT 2024","passed","Fri Nov 15 23:00:01 GMT 2024","","WHOLE-TESTS","WHOLE-TESTS",""
"","97","SPACE-INTERSECTION-TESTS.17","","Fri Nov 15 23:08:11 GMT 2024","failed","Fri Nov 15 23:08:11 GMT 2024","","HYPERON-METTALOG-SANITY","HYPERON-METTALOG-SANITY",""
"","3","D4-TYPE-PROP.11","","Fri Nov 15 23:43:33 GMT 2024","passed","Fri Nov 15 23:43:33 GMT 2024","","QUICK","QUICK",""
"","1","D1-GADT.06","","Fri Nov 15 23:04:54 GMT 2024","passed","Fri Nov 15 23:04:54 GMT 2024","","HYPERON-EXPERIMENTAL-SCRIPTS","HYPERON-EXPERIMENTAL-SCRIPTS",""
"","3","OPERATIONS-OVER-ATOMS---METTA-LANGUAGE2.05","","Fri Nov 15 23:18:33 GMT 2024","passed","Fri Nov 15 23:18:33 GMT 2024","","METTA-LANG","METTA-LANG",""
"","9000","metta_lang.Metatypes___MeTTa_Language8","","Fri Nov 15 22:59:53 GMT 2024","passed","Fri Nov 15 23:00:02 GMT 2024","","WHOLE-TESTS","WHOLE-TESTS",""
"","50","C1-GROUNDED-BASIC.15","","Fri Nov 15 23:43:33 GMT 2024","failed","Fri Nov 15 23:43:33 GMT 2024","","QUICK","QUICK",""
"","2","D2-HIGHERFUNC.15","","Fri Nov 15 23:04:54 GMT 2024","passed","Fri Nov 15 23:04:54 GMT 2024","","HYPERON-EXPERIMENTAL-SCRIPTS","HYPERON-EXPERIMENTAL-SCRIPTS",""
"","9000","metta_lang.Basic_grounded_functions___MeTTa_Language6","","Fri Nov 15 22:59:53 GMT 2024","passed","Fri Nov 15 23:00:02 GMT 2024","","WHOLE-TESTS","WHOLE-TESTS",""
"","2","C1-GROUNDED-BASIC.04","","Fri Nov 15 23:04:54 GMT 2024","passed","Fri Nov 15 23:04:54 GMT 2024","","HYPERON-EXPERIMENTAL-SCRIPTS","HYPERON-EXPERIMENTAL-SCRIPTS",""
"","2","D4-TYPE-PROP.18","","Fri Nov 15 23:04:54 GMT 2024","passed","Fri Nov 15 23:04:54 GMT 2024","","HYPERON-EXPERIMENTAL-SCRIPTS","HYPERON-EXPERIMENTAL-SCRIPTS",""
"","8000","metta_lang.Functions_and_unification___MeTTa_Language6","","Fri Nov 15 22:59:53 GMT 2024","passed","Fri Nov 15 23:00:01 GMT 2024","","WHOLE-TESTS","WHOLE-TESTS",""
"","3","SEALED-TEST.06","","Fri Nov 15 23:08:11 GMT 2024","passed","Fri Nov 15 23:08:11 GMT 2024","","HYPERON-METTALOG-SANITY","HYPERON-METTALOG-SANITY",""
"","4","BASIC-EVALUATION---METTA-LANGUAGE11.01","","Fri Nov 15 23:18:33 GMT 2024","passed","Fri Nov 15 23:18:33 GMT 2024","","METTA-LANG","METTA-LANG",""
"","9","CONTROL-FLOW---METTA-LANGUAGE14.02","","Fri Nov 15 23:18:33 GMT 2024","failed","Fri Nov 15 23:18:33 GMT 2024","","METTA-LANG","METTA-LANG",""
"","54","METATYPES---METTA-LANGUAGE6.02","","Fri Nov 15 23:18:33 GMT 2024","failed","Fri Nov 15 23:18:33 GMT 2024","","METTA-LANG","METTA-LANG",""
"","8000","metta_lang.Console_output_and_debugging___MeTTa_Language1","","Fri Nov 15 22:59:53 GMT 2024","passed","Fri Nov 15 23:00:01 GMT 2024","","WHOLE-TESTS","WHOLE-TESTS",""
"","1","C1-GROUNDED-BASIC.18","","Fri Nov 15 23:43:33 GMT 2024","passed","Fri Nov 15 23:43:33 GMT 2024","","QUICK","QUICK",""
"","2","D2-HIGHERFUNC.08","","Fri Nov 15 23:04:54 GMT 2024","passed","Fri Nov 15 23:04:54 GMT 2024","","HYPERON-EXPERIMENTAL-SCRIPTS","HYPERON-EXPERIMENTAL-SCRIPTS",""
"","3","SPACE-INTERSECTION-TESTS.18","","Fri Nov 15 23:08:11 GMT 2024","passed","Fri Nov 15 23:08:11 GMT 2024","","HYPERON-METTALOG-SANITY","HYPERON-METTALOG-SANITY",""
"","14","D5-AUTO-TYPES.06","","Fri Nov 15 23:04:54 GMT 2024","passed","Fri Nov 15 23:04:54 GMT 2024","","HYPERON-EXPERIMENTAL-SCRIPTS","HYPERON-EXPERIMENTAL-SCRIPTS",""
"","8000","metta_lang.Recursive_and_parametric_types___MeTTa_Language9","","Fri Nov 15 22:59:53 GMT 2024","passed","Fri Nov 15 23:00:01 GMT 2024","","WHOLE-TESTS","WHOLE-TESTS",""
"","3","B5-TYPES-PRELIM.01","","Fri Nov 15 23:04:54 GMT 2024","passed","Fri Nov 15 23:04:54 GMT 2024","","HYPERON-EXPERIMENTAL-SCRIPTS","HYPERON-EXPERIMENTAL-SCRIPTS",""
"","77","HANDLING-NONDETERMINISTIC-RESULTS---METTA-LANGUAGE7.04","","Fri Nov 15 23:18:33 GMT 2024","passed","Fri Nov 15 23:18:33 GMT 2024","","METTA-LANG","METTA-LANG",""
"","4","SUPERCOLLAPSE.01","","Fri Nov 15 23:39:29 GMT 2024","passed","Fri Nov 15 23:39:29 GMT 2024","","METTA-MORPH-TESTS","METTA-MORPH-TESTS",""
"","2","SPACE-SUBTRACTION-TESTS.02","","Fri Nov 15 23:08:11 GMT 2024","passed","Fri Nov 15 23:08:11 GMT 2024","","HYPERON-METTALOG-SANITY","HYPERON-METTALOG-SANITY",""
"","9000","metta-morph_tests.collapse","","Fri Nov 15 22:59:53 GMT 2024","passed","Fri Nov 15 23:00:02 GMT 2024","","WHOLE-TESTS","WHOLE-TESTS",""
"","68","RECURSIVE-AND-PARAMETRIC-TYPES---METTA-LANGUAGE8.02","","Fri Nov 15 23:18:33 GMT 2024","failed","Fri Nov 15 23:18:33 GMT 2024","","METTA-LANG","METTA-LANG",""
"","9000","quick.c1_grounded_basic","","Fri Nov 15 22:59:53 GMT 2024","passed","Fri Nov 15 23:00:02 GMT 2024","","WHOLE-TESTS","WHOLE-TESTS",""
"","2","WORKING-WITH-SPACES---METTA-LANGUAGE9.03","","Fri Nov 15 23:18:33 GMT 2024","passed","Fri Nov 15 23:18:33 GMT 2024","","METTA-LANG","METTA-LANG",""
"","2","CONTROLLING-PATTERN-MATCHING---METTA-LANGUAGE12.03","","Fri Nov 15 23:18:33 GMT 2024","passed","Fri Nov 15 23:18:33 GMT 2024","","METTA-LANG","METTA-LANG",""
"","5","CONSOLE-OUTPUT-AND-DEBUGGING---METTA-LANGUAGE10.01","","Fri Nov 15 23:18:33 GMT 2024","passed","Fri Nov 15 23:18:33 GMT 2024","","METTA-LANG","METTA-LANG",""
"","2","SEQUENTIAL-NESTED.03","","Fri Nov 15 23:39:29 GMT 2024","passed","Fri Nov 15 23:39:29 GMT 2024","","METTA-MORPH-TESTS","METTA-MORPH-TESTS",""
"","9000","metta_lang.Basic_grounded_functions___MeTTa_Language4","","Fri Nov 15 22:59:53 GMT 2024","passed","Fri Nov 15 23:00:02 GMT 2024","","WHOLE-TESTS","WHOLE-TESTS",""
"","2","CONSOLE-OUTPUT-AND-DEBUGGING---METTA-LANGUAGE5.04","","Fri Nov 15 23:18:33 GMT 2024","passed","Fri Nov 15 23:18:33 GMT 2024","","METTA-LANG","METTA-LANG",""
"","2","WORKING-WITH-SPACES---METTA-LANGUAGE13.01","","Fri Nov 15 23:18:33 GMT 2024","passed","Fri Nov 15 23:18:33 GMT 2024","","METTA-LANG","METTA-LANG",""
"","9000","anti-regression.comma_is_not_special","","Fri Nov 15 22:59:53 GMT 2024","passed","Fri Nov 15 23:00:02 GMT 2024","","WHOLE-TESTS","WHOLE-TESTS",""
"","2","WORKING-WITH-SPACES---METTA-LANGUAGE2.05","","Fri Nov 15 23:18:33 GMT 2024","passed","Fri Nov 15 23:18:33 GMT 2024","","METTA-LANG","METTA-LANG",""
"","1","F1-IMPORTS.12","","Fri Nov 15 23:04:54 GMT 2024","passed","Fri Nov 15 23:04:54 GMT 2024","","HYPERON-EXPERIMENTAL-SCRIPTS","HYPERON-EXPERIMENTAL-SCRIPTS",""
"","9000","metta_lang.Console_output_and_debugging___MeTTa_Language5","","Fri Nov 15 22:59:53 GMT 2024","passed","Fri Nov 15 23:00:02 GMT 2024","","WHOLE-TESTS","WHOLE-TESTS",""
"","1","F1-MODULEA.02","","Fri Nov 15 23:43:33 GMT 2024","passed","Fri Nov 15 23:43:33 GMT 2024","","QUICK","QUICK",""
"","2","E2-STATES.03","","Fri Nov 15 23:04:54 GMT 2024","passed","Fri Nov 15 23:04:54 GMT 2024","","HYPERON-EXPERIMENTAL-SCRIPTS","HYPERON-EXPERIMENTAL-SCRIPTS",""
"","2","CONTROLLING-PATTERN-MATCHING---METTA-LANGUAGE11.06","","Fri Nov 15 23:18:33 GMT 2024","passed","Fri Nov 15 23:18:33 GMT 2024","","METTA-LANG","METTA-LANG",""
"","13","D1-GADT.05","","Fri Nov 15 23:43:33 GMT 2024","passed","Fri Nov 15 23:43:33 GMT 2024","","QUICK","QUICK",""
"","2","SPACE-INTERSECTION-TESTS.20","","Fri Nov 15 23:08:11 GMT 2024","passed","Fri Nov 15 23:08:11 GMT 2024","","HYPERON-METTALOG-SANITY","HYPERON-METTALOG-SANITY",""
"","4","C1-GROUNDED-BASIC.01","","Fri Nov 15 23:43:33 GMT 2024","passed","Fri Nov 15 23:43:33 GMT 2024","","QUICK","QUICK",""
"","3","B4-NONDETERM.08","","Fri Nov 15 23:04:54 GMT 2024","passed","Fri Nov 15 23:04:54 GMT 2024","","HYPERON-EXPERIMENTAL-SCRIPTS","HYPERON-EXPERIMENTAL-SCRIPTS",""
"","2","REPRESENT-AND-PARSE-TESTS.02","","Fri Nov 15 23:08:11 GMT 2024","passed","Fri Nov 15 23:08:11 GMT 2024","","HYPERON-METTALOG-SANITY","HYPERON-METTALOG-SANITY",""
"","2","INTERSECTION-TESTS.19","","Fri Nov 15 23:08:11 GMT 2024","passed","Fri Nov 15 23:08:11 GMT 2024","","HYPERON-METTALOG-SANITY","HYPERON-METTALOG-SANITY",""
"","13","D2-HIGHERFUNC.21","","Fri Nov 15 23:04:54 GMT 2024","passed","Fri Nov 15 23:04:54 GMT 2024","","HYPERON-EXPERIMENTAL-SCRIPTS","HYPERON-EXPERIMENTAL-SCRIPTS",""
"","33","BC-COMP.02","","Fri Nov 15 23:00:02 GMT 2024","failed","Fri Nov 15 23:00:02 GMT 2024","","ANTI-REGRESSION","ANTI-REGRESSION",""
"","2","D2-HIGHERFUNC.14","","Fri Nov 15 23:04:54 GMT 2024","passed","Fri Nov 15 23:04:54 GMT 2024","","HYPERON-EXPERIMENTAL-SCRIPTS","HYPERON-EXPERIMENTAL-SCRIPTS",""
"","1","C2-SPACES.02","","Fri Nov 15 22:59:44 GMT 2024","passed","Fri Nov 15 22:59:44 GMT 2024","","MODULE-SYSTEM","MODULE-SYSTEM",""
"","2","OR-TEST.04","","Fri Nov 15 23:08:11 GMT 2024","passed","Fri Nov 15 23:08:11 GMT 2024","","HYPERON-METTALOG-SANITY","HYPERON-METTALOG-SANITY",""
"","3","STRING-TESTS.04","","Fri Nov 15 23:08:11 GMT 2024","passed","Fri Nov 15 23:08:11 GMT 2024","","HYPERON-METTALOG-SANITY","HYPERON-METTALOG-SANITY",""
"","2","B1-EQUAL-CHAIN.06","","Fri Nov 15 23:04:54 GMT 2024","passed","Fri Nov 15 23:04:54 GMT 2024","","HYPERON-EXPERIMENTAL-SCRIPTS","HYPERON-EXPERIMENTAL-SCRIPTS",""
"","2","STRING-TESTS.05","","Fri Nov 15 23:08:11 GMT 2024","passed","Fri Nov 15 23:08:11 GMT 2024","","HYPERON-METTALOG-SANITY","HYPERON-METTALOG-SANITY",""
"","8000","hyperon-experimental_scripts.b4_nondeterm","","Fri Nov 15 22:59:53 GMT 2024","passed","Fri Nov 15 23:00:01 GMT 2024","","WHOLE-TESTS","WHOLE-TESTS",""
"","2","MINIMAL-METTA-TESTS.41","","Fri Nov 15 23:08:11 GMT 2024","passed","Fri Nov 15 23:08:11 GMT 2024","","HYPERON-METTALOG-SANITY","HYPERON-METTALOG-SANITY",""
"","3","SPACE-SUBTRACTION-TESTS.05","","Fri Nov 15 23:08:11 GMT 2024","passed","Fri Nov 15 23:08:11 GMT 2024","","HYPERON-METTALOG-SANITY","HYPERON-METTALOG-SANITY",""
"","8000","metta_lang.Nested_queries_and_recursive_graph_traversal___MeTTa_Language2","","Fri Nov 15 22:59:53 GMT 2024","passed","Fri Nov 15 23:00:01 GMT 2024","","WHOLE-TESTS","WHOLE-TESTS",""
"","86","INTERSECTION-TESTS.06","","Fri Nov 15 23:08:11 GMT 2024","passed","Fri Nov 15 23:08:11 GMT 2024","","HYPERON-METTALOG-SANITY","HYPERON-METTALOG-SANITY",""
"","3","OR-TEST.06","","Fri Nov 15 23:08:11 GMT 2024","passed","Fri Nov 15 23:08:11 GMT 2024","","HYPERON-METTALOG-SANITY","HYPERON-METTALOG-SANITY",""
"","17","MINIMAL-METTA-TESTS.40","","Fri Nov 15 23:08:11 GMT 2024","failed","Fri Nov 15 23:08:11 GMT 2024","","HYPERON-METTALOG-SANITY","HYPERON-METTALOG-SANITY",""
"","112","MINIMAL-METTA-TESTS.33","","Fri Nov 15 23:08:11 GMT 2024","failed","Fri Nov 15 23:08:11 GMT 2024","","HYPERON-METTALOG-SANITY","HYPERON-METTALOG-SANITY",""
"","14","D2-HIGHERFUNC.22","","Fri Nov 15 23:43:33 GMT 2024","passed","Fri Nov 15 23:43:33 GMT 2024","","QUICK","QUICK",""
"","3","RECURSIVE-AND-PARAMETRIC-TYPES---METTA-LANGUAGE2.03","","Fri Nov 15 23:18:33 GMT 2024","passed","Fri Nov 15 23:18:33 GMT 2024","","METTA-LANG","METTA-LANG",""
"","2","D3-DEPTYPES.05","","Fri Nov 15 23:04:54 GMT 2024","passed","Fri Nov 15 23:04:54 GMT 2024","","HYPERON-EXPERIMENTAL-SCRIPTS","HYPERON-EXPERIMENTAL-SCRIPTS",""
"","2","WORKING-WITH-SPACES---METTA-LANGUAGE8.07","","Fri Nov 15 23:18:33 GMT 2024","passed","Fri Nov 15 23:18:33 GMT 2024","","METTA-LANG","METTA-LANG",""
"","2","LIMIT-TESTS.09","","Fri Nov 15 23:08:11 GMT 2024","passed","Fri Nov 15 23:08:11 GMT 2024","","HYPERON-METTALOG-SANITY","HYPERON-METTALOG-SANITY",""
"","5","BASIC-EVALUATION---METTA-LANGUAGE3.01","","Fri Nov 15 23:18:33 GMT 2024","passed","Fri Nov 15 23:18:33 GMT 2024","","METTA-LANG","METTA-LANG",""
"","1","00-LANG-CASE.04","","Fri Nov 15 23:08:11 GMT 2024","passed","Fri Nov 15 23:08:11 GMT 2024","","HYPERON-METTALOG-SANITY","HYPERON-METTALOG-SANITY",""
"","14","E3-MATCH-STATES.06","","Fri Nov 15 23:04:54 GMT 2024","failed","Fri Nov 15 23:04:54 GMT 2024","","HYPERON-EXPERIMENTAL-SCRIPTS","HYPERON-EXPERIMENTAL-SCRIPTS",""
"","789","REPRESENT-AND-PARSE-TESTS.01","","Fri Nov 15 23:08:11 GMT 2024","failed","Fri Nov 15 23:08:11 GMT 2024","","HYPERON-METTALOG-SANITY","HYPERON-METTALOG-SANITY",""
"","3","TEST-SPO-1000.01","","Fri Nov 15 23:01:09 GMT 2024","passed","Fri Nov 15 23:01:09 GMT 2024","","METTA-WAM-ISSUE-116","METTA-WAM-ISSUE-116",""
"","2","BASIC-GROUNDED-FUNCTIONS---METTA-LANGUAGE6.03","","Fri Nov 15 23:18:33 GMT 2024","passed","Fri Nov 15 23:18:33 GMT 2024","","METTA-LANG","METTA-LANG",""
"","1","CALL-TESTS.06","","Fri Nov 15 23:08:11 GMT 2024","passed","Fri Nov 15 23:08:11 GMT 2024","","HYPERON-METTALOG-SANITY","HYPERON-METTALOG-SANITY",""
"","2","FUNCTIONS-AND-UNIFICATION---METTA-LANGUAGE3.02","","Fri Nov 15 23:18:33 GMT 2024","passed","Fri Nov 15 23:18:33 GMT 2024","","METTA-LANG","METTA-LANG",""
"","8000","metta_lang.Basic_grounded_functions___MeTTa_Language1","","Fri Nov 15 22:59:53 GMT 2024","passed","Fri Nov 15 23:00:01 GMT 2024","","WHOLE-TESTS","WHOLE-TESTS",""
"","176","TIME-SYNTHESIZE.03","","Fri Nov 15 23:15:42 GMT 2024","failed","Fri Nov 15 23:15:42 GMT 2024","","SYNTH-BUFFER","SYNTH-BUFFER",""
"","3","RECURSION-AND-CONTROL---METTA-LANGUAGE7.04","","Fri Nov 15 23:18:33 GMT 2024","passed","Fri Nov 15 23:18:33 GMT 2024","","METTA-LANG","METTA-LANG",""
"","3","XOR-TEST.08","","Fri Nov 15 23:08:11 GMT 2024","passed","Fri Nov 15 23:08:11 GMT 2024","","HYPERON-METTALOG-SANITY","HYPERON-METTALOG-SANITY",""
"","2","D2-HIGHERFUNC.04","","Fri Nov 15 23:04:54 GMT 2024","passed","Fri Nov 15 23:04:54 GMT 2024","","HYPERON-EXPERIMENTAL-SCRIPTS","HYPERON-EXPERIMENTAL-SCRIPTS",""
"","3","D2-HIGHERFUNC.16","","Fri Nov 15 23:04:54 GMT 2024","passed","Fri Nov 15 23:04:54 GMT 2024","","HYPERON-EXPERIMENTAL-SCRIPTS","HYPERON-EXPERIMENTAL-SCRIPTS",""
"","3","INTERSECTION-TESTS.30","","Fri Nov 15 23:08:11 GMT 2024","passed","Fri Nov 15 23:08:11 GMT 2024","","HYPERON-METTALOG-SANITY","HYPERON-METTALOG-SANITY",""
"","2","RECURSION-AND-CONTROL---METTA-LANGUAGE4.02","","Fri Nov 15 23:18:33 GMT 2024","passed","Fri Nov 15 23:18:33 GMT 2024","","METTA-LANG","METTA-LANG",""
"","3","CONTROLLING-PATTERN-MATCHING---METTA-LANGUAGE10.03","","Fri Nov 15 23:18:33 GMT 2024","passed","Fri Nov 15 23:18:33 GMT 2024","","METTA-LANG","METTA-LANG",""
"","3","FREE-VARIABLES-AND-NONDETERMINISM-AGAIN-RECURSIVELY---METTA-LANGUAGE5.02","","Fri Nov 15 23:18:33 GMT 2024","passed","Fri Nov 15 23:18:33 GMT 2024","","METTA-LANG","METTA-LANG",""
"","1","C1-GROUNDED-BASIC.16","","Fri Nov 15 23:43:33 GMT 2024","passed","Fri Nov 15 23:43:33 GMT 2024","","QUICK","QUICK",""
"","2","FUNCTIONS-AND-UNIFICATION---METTA-LANGUAGE1.02","","Fri Nov 15 23:18:33 GMT 2024","passed","Fri Nov 15 23:18:33 GMT 2024","","METTA-LANG","METTA-LANG",""
"","3","D1-GADT.11","","Fri Nov 15 23:43:33 GMT 2024","passed","Fri Nov 15 23:43:33 GMT 2024","","QUICK","QUICK",""
"","16","MATCH-VOID.04","","Fri Nov 15 23:39:29 GMT 2024","passed","Fri Nov 15 23:39:29 GMT 2024","","METTA-MORPH-TESTS","METTA-MORPH-TESTS",""
"","4","SPACE-SUBTRACTION-TESTS.10","","Fri Nov 15 23:08:11 GMT 2024","passed","Fri Nov 15 23:08:11 GMT 2024","","HYPERON-METTALOG-SANITY","HYPERON-METTALOG-SANITY",""
"","61","F1-IMPORTS.19","","Fri Nov 15 23:04:54 GMT 2024","passed","Fri Nov 15 23:04:54 GMT 2024","","HYPERON-EXPERIMENTAL-SCRIPTS","HYPERON-EXPERIMENTAL-SCRIPTS",""
"","2","C1-GROUNDED-BASIC.05","","Fri Nov 15 23:43:33 GMT 2024","passed","Fri Nov 15 23:43:33 GMT 2024","","QUICK","QUICK",""
"","2","C2-SPACES.04","","Fri Nov 15 23:04:54 GMT 2024","passed","Fri Nov 15 23:04:54 GMT 2024","","HYPERON-EXPERIMENTAL-SCRIPTS","HYPERON-EXPERIMENTAL-SCRIPTS",""
"","2","METATYPES---METTA-LANGUAGE2.08","","Fri Nov 15 23:18:33 GMT 2024","passed","Fri Nov 15 23:18:33 GMT 2024","","METTA-LANG","METTA-LANG",""
"","73","EVAL-FOR-TESTS.05","","Fri Nov 15 23:08:11 GMT 2024","failed","Fri Nov 15 23:08:11 GMT 2024","","HYPERON-METTALOG-SANITY","HYPERON-METTALOG-SANITY",""
"","1","CALL-TESTS.13","","Fri Nov 15 23:08:11 GMT 2024","passed","Fri Nov 15 23:08:11 GMT 2024","","HYPERON-METTALOG-SANITY","HYPERON-METTALOG-SANITY",""
"","9000","metta_lang.Working_with_spaces___MeTTa_Language9","","Fri Nov 15 22:59:53 GMT 2024","passed","Fri Nov 15 23:00:02 GMT 2024","","WHOLE-TESTS","WHOLE-TESTS",""
"","2","LIMIT-TESTS.18","","Fri Nov 15 23:08:11 GMT 2024","passed","Fri Nov 15 23:08:11 GMT 2024","","HYPERON-METTALOG-SANITY","HYPERON-METTALOG-SANITY",""
"","2","TESTS0.03","","Fri Nov 15 23:39:29 GMT 2024","passed","Fri Nov 15 23:39:29 GMT 2024","","METTA-MORPH-TESTS","METTA-MORPH-TESTS",""
"","125","CONTROLLING-PATTERN-MATCHING---METTA-LANGUAGE6.03","","Fri Nov 15 23:18:33 GMT 2024","failed","Fri Nov 15 23:18:33 GMT 2024","","METTA-LANG","METTA-LANG",""
"","11","CONCRETE-TYPES---METTA-LANGUAGE6.02","","Fri Nov 15 23:18:33 GMT 2024","failed","Fri Nov 15 23:18:33 GMT 2024","","METTA-LANG","METTA-LANG",""
"","5","WORKING-WITH-SPACES---METTA-LANGUAGE5.01","","Fri Nov 15 23:18:33 GMT 2024","passed","Fri Nov 15 23:18:33 GMT 2024","","METTA-LANG","METTA-LANG",""
"","8000","metta_lang.Controlling_pattern_matching___MeTTa_Language5","","Fri Nov 15 22:59:53 GMT 2024","passed","Fri Nov 15 23:00:01 GMT 2024","","WHOLE-TESTS","WHOLE-TESTS",""
"","9000","metta_lang.Operations_over_atoms___MeTTa_Language9","","Fri Nov 15 22:59:53 GMT 2024","passed","Fri Nov 15 23:00:02 GMT 2024","","WHOLE-TESTS","WHOLE-TESTS",""
"","2","F1-IMPORTS.12","","Fri Nov 15 22:59:44 GMT 2024","passed","Fri Nov 15 22:59:44 GMT 2024","","MODULE-SYSTEM","MODULE-SYSTEM",""
"","10","FUNCTIONS-AND-UNIFICATION---METTA-LANGUAGE5.02","","Fri Nov 15 23:18:33 GMT 2024","failed","Fri Nov 15 23:18:33 GMT 2024","","METTA-LANG","METTA-LANG",""
"","89","PY-TYPES.03","","Fri Nov 15 23:08:11 GMT 2024","passed","Fri Nov 15 23:08:11 GMT 2024","","HYPERON-METTALOG-SANITY","HYPERON-METTALOG-SANITY",""
"","3","SEQUENTIAL-NESTED.01","","Fri Nov 15 23:39:29 GMT 2024","passed","Fri Nov 15 23:39:29 GMT 2024","","METTA-MORPH-TESTS","METTA-MORPH-TESTS",""
"","3","D4-TYPE-PROP.14","","Fri Nov 15 23:04:54 GMT 2024","passed","Fri Nov 15 23:04:54 GMT 2024","","HYPERON-EXPERIMENTAL-SCRIPTS","HYPERON-EXPERIMENTAL-SCRIPTS",""
"","2","CONTROLLING-PATTERN-MATCHING---METTA-LANGUAGE11.04","","Fri Nov 15 23:18:33 GMT 2024","passed","Fri Nov 15 23:18:33 GMT 2024","","METTA-LANG","METTA-LANG",""
"","34","WORKING-WITH-SPACES---METTA-LANGUAGE2.04","","Fri Nov 15 23:18:33 GMT 2024","failed","Fri Nov 15 23:18:33 GMT 2024","","METTA-LANG","METTA-LANG",""
"","9000","metta_lang.Control_flow___MeTTa_Language3","","Fri Nov 15 22:59:53 GMT 2024","passed","Fri Nov 15 23:00:02 GMT 2024","","WHOLE-TESTS","WHOLE-TESTS",""
"","2","D2-HIGHERFUNC.23","","Fri Nov 15 23:43:33 GMT 2024","passed","Fri Nov 15 23:43:33 GMT 2024","","QUICK","QUICK",""
"","4","SPACE-SUBTRACTION-TESTS.11","","Fri Nov 15 23:08:11 GMT 2024","passed","Fri Nov 15 23:08:11 GMT 2024","","HYPERON-METTALOG-SANITY","HYPERON-METTALOG-SANITY",""
"","2","OPERATIONS-OVER-ATOMS---METTA-LANGUAGE2.03","","Fri Nov 15 23:18:33 GMT 2024","passed","Fri Nov 15 23:18:33 GMT 2024","","METTA-LANG","METTA-LANG",""
"","2","CONSOLE-OUTPUT-AND-DEBUGGING---METTA-LANGUAGE5.05","","Fri Nov 15 23:18:33 GMT 2024","passed","Fri Nov 15 23:18:33 GMT 2024","","METTA-LANG","METTA-LANG",""
"","2","CATCH-THROW-TESTS.02","","Fri Nov 15 23:08:11 GMT 2024","passed","Fri Nov 15 23:08:11 GMT 2024","","HYPERON-METTALOG-SANITY","HYPERON-METTALOG-SANITY",""
"","26","G1-DOCS.04","","Fri Nov 15 23:04:54 GMT 2024","failed","Fri Nov 15 23:04:54 GMT 2024","","HYPERON-EXPERIMENTAL-SCRIPTS","HYPERON-EXPERIMENTAL-SCRIPTS",""
"","1","HYPERPOSE-TESTS.03","","Fri Nov 15 23:08:11 GMT 2024","passed","Fri Nov 15 23:08:11 GMT 2024","","HYPERON-METTALOG-SANITY","HYPERON-METTALOG-SANITY",""
"","3","E3-MATCH-STATES.04","","Fri Nov 15 23:04:54 GMT 2024","passed","Fri Nov 15 23:04:54 GMT 2024","","HYPERON-EXPERIMENTAL-SCRIPTS","HYPERON-EXPERIMENTAL-SCRIPTS",""
"","9000","metta_lang.Working_with_spaces___MeTTa_Language16","","Fri Nov 15 22:59:53 GMT 2024","passed","Fri Nov 15 23:00:02 GMT 2024","","WHOLE-TESTS","WHOLE-TESTS",""
"","1","OPERATIONS-OVER-ATOMS---METTA-LANGUAGE1.04","","Fri Nov 15 23:18:33 GMT 2024","passed","Fri Nov 15 23:18:33 GMT 2024","","METTA-LANG","METTA-LANG",""
"","8000","metta_lang.Control_flow___MeTTa_Language2","","Fri Nov 15 22:59:53 GMT 2024","passed","Fri Nov 15 23:00:01 GMT 2024","","WHOLE-TESTS","WHOLE-TESTS",""
"","2","OUTPUT-LOAD-TESTS.16","","Fri Nov 15 23:08:11 GMT 2024","passed","Fri Nov 15 23:08:11 GMT 2024","","HYPERON-METTALOG-SANITY","HYPERON-METTALOG-SANITY",""
"","14","CONTROLLING-PATTERN-MATCHING---METTA-LANGUAGE10.08","","Fri Nov 15 23:18:33 GMT 2024","passed","Fri Nov 15 23:18:33 GMT 2024","","METTA-LANG","METTA-LANG",""
"","14","D2-HIGHERFUNC.21","","Fri Nov 15 23:43:33 GMT 2024","passed","Fri Nov 15 23:43:33 GMT 2024","","QUICK","QUICK",""
"","3","RECURSION-AND-CONTROL---METTA-LANGUAGE3.02","","Fri Nov 15 23:18:33 GMT 2024","passed","Fri Nov 15 23:18:33 GMT 2024","","METTA-LANG","METTA-LANG",""
"","2","TEST-IF-CLOSED.07","","Fri Nov 15 23:00:02 GMT 2024","passed","Fri Nov 15 23:00:02 GMT 2024","","ANTI-REGRESSION","ANTI-REGRESSION",""
"","9000","anti-regression.tmpMatch1","","Fri Nov 15 22:59:53 GMT 2024","passed","Fri Nov 15 23:00:02 GMT 2024","","WHOLE-TESTS","WHOLE-TESTS",""
"","3","CONTROL-FLOW---METTA-LANGUAGE2.02","","Fri Nov 15 23:18:33 GMT 2024","passed","Fri Nov 15 23:18:33 GMT 2024","","METTA-LANG","METTA-LANG",""
"","14","E3-MATCH-STATES.05","","Fri Nov 15 23:04:54 GMT 2024","failed","Fri Nov 15 23:04:54 GMT 2024","","HYPERON-EXPERIMENTAL-SCRIPTS","HYPERON-EXPERIMENTAL-SCRIPTS",""
"","87","F1-IMPORTS.16","","Fri Nov 15 23:04:54 GMT 2024","passed","Fri Nov 15 23:04:54 GMT 2024","","HYPERON-EXPERIMENTAL-SCRIPTS","HYPERON-EXPERIMENTAL-SCRIPTS",""
"","135","MINIMAL-METTA-TESTS.25","","Fri Nov 15 23:08:11 GMT 2024","failed","Fri Nov 15 23:08:11 GMT 2024","","HYPERON-METTALOG-SANITY","HYPERON-METTALOG-SANITY",""
"","1","METATYPES---METTA-LANGUAGE1.12","","Fri Nov 15 23:18:33 GMT 2024","passed","Fri Nov 15 23:18:33 GMT 2024","","METTA-LANG","METTA-LANG",""
"","2","A1-SYMBOLS.02","","Fri Nov 15 23:04:54 GMT 2024","passed","Fri Nov 15 23:04:54 GMT 2024","","HYPERON-EXPERIMENTAL-SCRIPTS","HYPERON-EXPERIMENTAL-SCRIPTS",""
"","1","D2-HIGHERFUNC.10","","Fri Nov 15 23:43:33 GMT 2024","passed","Fri Nov 15 23:43:33 GMT 2024","","QUICK","QUICK",""
"","61","D2-HIGHERFUNC.07","","Fri Nov 15 23:04:54 GMT 2024","failed","Fri Nov 15 23:04:54 GMT 2024","","HYPERON-EXPERIMENTAL-SCRIPTS","HYPERON-EXPERIMENTAL-SCRIPTS",""
"","2","ARITY-TESTS.05","","Fri Nov 15 23:08:11 GMT 2024","passed","Fri Nov 15 23:08:11 GMT 2024","","HYPERON-METTALOG-SANITY","HYPERON-METTALOG-SANITY",""
"","3","SUPERCOLLAPSE.08","","Fri Nov 15 23:39:29 GMT 2024","passed","Fri Nov 15 23:39:29 GMT 2024","","METTA-MORPH-TESTS","METTA-MORPH-TESTS",""
"","122","PY-TYPES.05","","Fri Nov 15 23:08:11 GMT 2024","failed","Fri Nov 15 23:08:11 GMT 2024","","HYPERON-METTALOG-SANITY","HYPERON-METTALOG-SANITY",""
"","77","E2-STATES.07","","Fri Nov 15 23:04:54 GMT 2024","failed","Fri Nov 15 23:04:54 GMT 2024","","HYPERON-EXPERIMENTAL-SCRIPTS","HYPERON-EXPERIMENTAL-SCRIPTS",""
"","9000","module-system.c2_spaces","","Fri Nov 15 22:59:53 GMT 2024","passed","Fri Nov 15 23:00:02 GMT 2024","","WHOLE-TESTS","WHOLE-TESTS",""
"","104","INTERSECTION-TESTS.21","","Fri Nov 15 23:08:11 GMT 2024","passed","Fri Nov 15 23:08:11 GMT 2024","","HYPERON-METTALOG-SANITY","HYPERON-METTALOG-SANITY",""
"","9000","synth_buffer.time_synthesize_short","","Fri Nov 15 22:59:53 GMT 2024","passed","Fri Nov 15 23:00:02 GMT 2024","","WHOLE-TESTS","WHOLE-TESTS",""
"","2","STRING-TESTS.15","","Fri Nov 15 23:08:11 GMT 2024","passed","Fri Nov 15 23:08:11 GMT 2024","","HYPERON-METTALOG-SANITY","HYPERON-METTALOG-SANITY",""
"","9000","metta_lang.Querying_space_content___MeTTa_Language5","","Fri Nov 15 22:59:53 GMT 2024","passed","Fri Nov 15 23:00:02 GMT 2024","","WHOLE-TESTS","WHOLE-TESTS",""
"","3","RECURSIVE-AND-PARAMETRIC-TYPES---METTA-LANGUAGE3.03","","Fri Nov 15 23:18:33 GMT 2024","passed","Fri Nov 15 23:18:33 GMT 2024","","METTA-LANG","METTA-LANG",""
"","3","SEQUENTIAL-NESTED.10","","Fri Nov 15 23:39:29 GMT 2024","passed","Fri Nov 15 23:39:29 GMT 2024","","METTA-MORPH-TESTS","METTA-MORPH-TESTS",""
"","8000","metta_lang.Recursive_and_parametric_types___MeTTa_Language2","","Fri Nov 15 22:59:53 GMT 2024","passed","Fri Nov 15 23:00:01 GMT 2024","","WHOLE-TESTS","WHOLE-TESTS",""
"","2","RUST-01.01","","Fri Nov 15 23:44:25 GMT 2024","passed","Fri Nov 15 23:44:25 GMT 2024","","BASELINE-COMPAT","BASELINE-COMPAT",""
"","2","CONTROLLING-PATTERN-MATCHING---METTA-LANGUAGE1.02","","Fri Nov 15 23:18:33 GMT 2024","passed","Fri Nov 15 23:18:33 GMT 2024","","METTA-LANG","METTA-LANG",""
"","2","FREE-VARIABLES-AND-NONDETERMINISM-AGAIN,-RECURSIVELY---METTA-LANGUAGE1.04","","Fri Nov 15 23:18:33 GMT 2024","passed","Fri Nov 15 23:18:33 GMT 2024","","METTA-LANG","METTA-LANG",""
"","2","FUNCTIONS-AND-UNIFICATION---METTA-LANGUAGE2.05","","Fri Nov 15 23:18:33 GMT 2024","passed","Fri Nov 15 23:18:33 GMT 2024","","METTA-LANG","METTA-LANG",""
"","1","C1-GROUNDED-BASIC.02","","Fri Nov 15 23:04:54 GMT 2024","passed","Fri Nov 15 23:04:54 GMT 2024","","HYPERON-EXPERIMENTAL-SCRIPTS","HYPERON-EXPERIMENTAL-SCRIPTS",""
"","4","HANDLING-NONDETERMINISTIC-RESULTS---METTA-LANGUAGE2.01","","Fri Nov 15 23:18:33 GMT 2024","passed","Fri Nov 15 23:18:33 GMT 2024","","METTA-LANG","METTA-LANG",""
"","1","D1-GADT.08","","Fri Nov 15 23:43:33 GMT 2024","passed","Fri Nov 15 23:43:33 GMT 2024","","QUICK","QUICK",""
"","3","D1-GADT.02","","Fri Nov 15 23:43:33 GMT 2024","passed","Fri Nov 15 23:43:33 GMT 2024","","QUICK","QUICK",""
"","1","D2-HIGHERFUNC.11","","Fri Nov 15 23:43:33 GMT 2024","passed","Fri Nov 15 23:43:33 GMT 2024","","QUICK","QUICK",""
"","65","BASIC-EVALUATION---METTA-LANGUAGE13.01","","Fri Nov 15 23:18:33 GMT 2024","failed","Fri Nov 15 23:18:33 GMT 2024","","METTA-LANG","METTA-LANG",""
"","2","B0-CHAINING-PRELIM.04","","Fri Nov 15 23:04:54 GMT 2024","passed","Fri Nov 15 23:04:54 GMT 2024","","HYPERON-EXPERIMENTAL-SCRIPTS","HYPERON-EXPERIMENTAL-SCRIPTS",""
"","1","INTERSECTION-TESTS.32","","Fri Nov 15 23:08:11 GMT 2024","passed","Fri Nov 15 23:08:11 GMT 2024","","HYPERON-METTALOG-SANITY","HYPERON-METTALOG-SANITY",""
"","1","B5-TYPES-PRELIM.16","","Fri Nov 15 23:04:54 GMT 2024","passed","Fri Nov 15 23:04:54 GMT 2024","","HYPERON-EXPERIMENTAL-SCRIPTS","HYPERON-EXPERIMENTAL-SCRIPTS",""
"","2","CATCH-THROW-TESTS.04","","Fri Nov 15 23:08:11 GMT 2024","passed","Fri Nov 15 23:08:11 GMT 2024","","HYPERON-METTALOG-SANITY","HYPERON-METTALOG-SANITY",""
"","5","BASIC-EVALUATION---METTA-LANGUAGE15.01","","Fri Nov 15 23:18:33 GMT 2024","passed","Fri Nov 15 23:18:33 GMT 2024","","METTA-LANG","METTA-LANG",""
"","3","00-LANG-CASE.02","","Fri Nov 15 23:08:11 GMT 2024","passed","Fri Nov 15 23:08:11 GMT 2024","","HYPERON-METTALOG-SANITY","HYPERON-METTALOG-SANITY",""
"","1","TEST-IF-CLOSED.06","","Fri Nov 15 23:00:02 GMT 2024","passed","Fri Nov 15 23:00:02 GMT 2024","","ANTI-REGRESSION","ANTI-REGRESSION",""
"","8000","metta_lang.Metatypes___MeTTa_Language3","","Fri Nov 15 22:59:53 GMT 2024","passed","Fri Nov 15 23:00:01 GMT 2024","","WHOLE-TESTS","WHOLE-TESTS",""
"","56","METATYPES---METTA-LANGUAGE7.04","","Fri Nov 15 23:18:33 GMT 2024","failed","Fri Nov 15 23:18:33 GMT 2024","","METTA-LANG","METTA-LANG",""
"","15","D4-TYPE-PROP.03","","Fri Nov 15 23:43:33 GMT 2024","passed","Fri Nov 15 23:43:33 GMT 2024","","QUICK","QUICK",""
"","73","MINIMAL-METTA-TESTS.21","","Fri Nov 15 23:08:11 GMT 2024","failed","Fri Nov 15 23:08:11 GMT 2024","","HYPERON-METTALOG-SANITY","HYPERON-METTALOG-SANITY",""
"","8000","metta_lang.Recursive_and_parametric_types___MeTTa_Language5","","Fri Nov 15 22:59:53 GMT 2024","passed","Fri Nov 15 23:00:01 GMT 2024","","WHOLE-TESTS","WHOLE-TESTS",""
"","8000","hyperon-experimental_scripts.d1_gadt","","Fri Nov 15 22:59:53 GMT 2024","passed","Fri Nov 15 23:00:01 GMT 2024","","WHOLE-TESTS","WHOLE-TESTS",""
"","83","MINIMAL-METTA-TESTS.34","","Fri Nov 15 23:08:11 GMT 2024","failed","Fri Nov 15 23:08:11 GMT 2024","","HYPERON-METTALOG-SANITY","HYPERON-METTALOG-SANITY",""
"","111","WORKING-WITH-SPACES---METTA-LANGUAGE8.02","","Fri Nov 15 23:18:33 GMT 2024","failed","Fri Nov 15 23:18:33 GMT 2024","","METTA-LANG","METTA-LANG",""
"","1","BASIC-EVALUATION---METTA-LANGUAGE2.02","","Fri Nov 15 23:18:33 GMT 2024","passed","Fri Nov 15 23:18:33 GMT 2024","","METTA-LANG","METTA-LANG",""
"","2","INTERSECTION-TESTS.15","","Fri Nov 15 23:08:11 GMT 2024","passed","Fri Nov 15 23:08:11 GMT 2024","","HYPERON-METTALOG-SANITY","HYPERON-METTALOG-SANITY",""
"","3","D2-HIGHERFUNC.19","","Fri Nov 15 23:04:54 GMT 2024","passed","Fri Nov 15 23:04:54 GMT 2024","","HYPERON-EXPERIMENTAL-SCRIPTS","HYPERON-EXPERIMENTAL-SCRIPTS",""
"","9000","hyperon-mettalog_sanity.is_space","","Fri Nov 15 22:59:53 GMT 2024","passed","Fri Nov 15 23:00:02 GMT 2024","","WHOLE-TESTS","WHOLE-TESTS",""
"","3","INTERSECTION-TESTS.27","","Fri Nov 15 23:08:11 GMT 2024","passed","Fri Nov 15 23:08:11 GMT 2024","","HYPERON-METTALOG-SANITY","HYPERON-METTALOG-SANITY",""
"","9000","hyperon-experimental_scripts.d2_higherfunc","","Fri Nov 15 22:59:53 GMT 2024","passed","Fri Nov 15 23:00:02 GMT 2024","","WHOLE-TESTS","WHOLE-TESTS",""
"","8000","metta_lang.Concrete_types___MeTTa_Language12","","Fri Nov 15 22:59:53 GMT 2024","passed","Fri Nov 15 23:00:01 GMT 2024","","WHOLE-TESTS","WHOLE-TESTS",""
"","9000","module-system.f1_imports","","Fri Nov 15 22:59:53 GMT 2024","passed","Fri Nov 15 23:00:02 GMT 2024","","WHOLE-TESTS","WHOLE-TESTS",""
"","2","D1-GADT.10","","Fri Nov 15 23:04:54 GMT 2024","passed","Fri Nov 15 23:04:54 GMT 2024","","HYPERON-EXPERIMENTAL-SCRIPTS","HYPERON-EXPERIMENTAL-SCRIPTS",""
"","2","OPERATIONS-OVER-ATOMS---METTA-LANGUAGE7.02","","Fri Nov 15 23:18:33 GMT 2024","passed","Fri Nov 15 23:18:33 GMT 2024","","METTA-LANG","METTA-LANG",""
"","11000","metta-wam-issue-116.test_spo_1000","","Fri Nov 15 22:59:53 GMT 2024","passed","Fri Nov 15 23:00:04 GMT 2024","","WHOLE-TESTS","WHOLE-TESTS",""
"","2","B5-TYPES-PRELIM.05","","Fri Nov 15 23:04:54 GMT 2024","passed","Fri Nov 15 23:04:54 GMT 2024","","HYPERON-EXPERIMENTAL-SCRIPTS","HYPERON-EXPERIMENTAL-SCRIPTS",""
"","13","ARITY-TESTS.02","","Fri Nov 15 23:08:11 GMT 2024","failed","Fri Nov 15 23:08:11 GMT 2024","","HYPERON-METTALOG-SANITY","HYPERON-METTALOG-SANITY",""
"","8000","hyperon-mettalog_sanity.max_time_tests","","Fri Nov 15 22:59:53 GMT 2024","passed","Fri Nov 15 23:00:01 GMT 2024","","WHOLE-TESTS","WHOLE-TESTS",""
"","1","C1-GROUNDED-BASIC.09","","Fri Nov 15 23:04:54 GMT 2024","passed","Fri Nov 15 23:04:54 GMT 2024","","HYPERON-EXPERIMENTAL-SCRIPTS","HYPERON-EXPERIMENTAL-SCRIPTS",""
"","129","PY-TYPES.04","","Fri Nov 15 23:08:11 GMT 2024","passed","Fri Nov 15 23:08:11 GMT 2024","","HYPERON-METTALOG-SANITY","HYPERON-METTALOG-SANITY",""
"","1","MINIMAL-METTA-TESTS.04","","Fri Nov 15 23:08:11 GMT 2024","passed","Fri Nov 15 23:08:11 GMT 2024","","HYPERON-METTALOG-SANITY","HYPERON-METTALOG-SANITY",""
"","15","MINIMAL-METTA-TESTS.10","","Fri Nov 15 23:08:11 GMT 2024","failed","Fri Nov 15 23:08:11 GMT 2024","","HYPERON-METTALOG-SANITY","HYPERON-METTALOG-SANITY",""
"","2","B4-NONDETERM.09","","Fri Nov 15 23:04:54 GMT 2024","passed","Fri Nov 15 23:04:54 GMT 2024","","HYPERON-EXPERIMENTAL-SCRIPTS","HYPERON-EXPERIMENTAL-SCRIPTS",""
"","1","F1-IMPORTS.18","","Fri Nov 15 23:43:33 GMT 2024","passed","Fri Nov 15 23:43:33 GMT 2024","","QUICK","QUICK",""
"","1","D1-GADT.08","","Fri Nov 15 23:04:54 GMT 2024","passed","Fri Nov 15 23:04:54 GMT 2024","","HYPERON-EXPERIMENTAL-SCRIPTS","HYPERON-EXPERIMENTAL-SCRIPTS",""
"","1","CALL-CLEANUP-TESTS.05","","Fri Nov 15 23:08:11 GMT 2024","passed","Fri Nov 15 23:08:11 GMT 2024","","HYPERON-METTALOG-SANITY","HYPERON-METTALOG-SANITY",""
"","1","PRINT-GRAPH.03","","Fri Nov 15 23:02:57 GMT 2024","passed","Fri Nov 15 23:02:57 GMT 2024","","METTA-WAM-ISSUE-145","METTA-WAM-ISSUE-145",""
"","2","METATYPES---METTA-LANGUAGE1.08","","Fri Nov 15 23:18:33 GMT 2024","passed","Fri Nov 15 23:18:33 GMT 2024","","METTA-LANG","METTA-LANG",""
"","9000","metta_lang.Basic_evaluation___MeTTa_Language2","","Fri Nov 15 22:59:53 GMT 2024","passed","Fri Nov 15 23:00:02 GMT 2024","","WHOLE-TESTS","WHOLE-TESTS",""
"","157","NALIFIER.01","","Fri Nov 15 23:39:29 GMT 2024","passed","Fri Nov 15 23:39:29 GMT 2024","","METTA-MORPH-TESTS","METTA-MORPH-TESTS",""
"","54","OR-TEST.02","","Fri Nov 15 23:08:11 GMT 2024","failed","Fri Nov 15 23:08:11 GMT 2024","","HYPERON-METTALOG-SANITY","HYPERON-METTALOG-SANITY",""
"","3","WORKING-WITH-SPACES---METTA-LANGUAGE4.01","","Fri Nov 15 23:18:33 GMT 2024","passed","Fri Nov 15 23:18:33 GMT 2024","","METTA-LANG","METTA-LANG",""
"","10","RECURSIVE-AND-PARAMETRIC-TYPES---METTA-LANGUAGE1.05","","Fri Nov 15 23:18:33 GMT 2024","failed","Fri Nov 15 23:18:33 GMT 2024","","METTA-LANG","METTA-LANG",""
"","9000","metta_lang.Working_with_spaces___MeTTa_Language6","","Fri Nov 15 22:59:53 GMT 2024","passed","Fri Nov 15 23:00:02 GMT 2024","","WHOLE-TESTS","WHOLE-TESTS",""
"","9000","metta_lang.Working_with_spaces___MeTTa_Language12","","Fri Nov 15 22:59:53 GMT 2024","passed","Fri Nov 15 23:00:02 GMT 2024","","WHOLE-TESTS","WHOLE-TESTS",""
"","2","WORKING-WITH-SPACES---METTA-LANGUAGE1.02","","Fri Nov 15 23:18:33 GMT 2024","passed","Fri Nov 15 23:18:33 GMT 2024","","METTA-LANG","METTA-LANG",""
"","5","CONSOLE-OUTPUT-AND-DEBUGGING---METTA-LANGUAGE5.01","","Fri Nov 15 23:18:33 GMT 2024","passed","Fri Nov 15 23:18:33 GMT 2024","","METTA-LANG","METTA-LANG",""
"","9000","metta_lang.Functions_and_unification___MeTTa_Language5","","Fri Nov 15 22:59:53 GMT 2024","passed","Fri Nov 15 23:00:02 GMT 2024","","WHOLE-TESTS","WHOLE-TESTS",""
"","3","INTERSECTION-TESTS.26","","Fri Nov 15 23:08:11 GMT 2024","passed","Fri Nov 15 23:08:11 GMT 2024","","HYPERON-METTALOG-SANITY","HYPERON-METTALOG-SANITY",""
"","9000","hyperon-mettalog_sanity.py_types_2","","Fri Nov 15 22:59:53 GMT 2024","passed","Fri Nov 15 23:00:02 GMT 2024","","WHOLE-TESTS","WHOLE-TESTS",""
"","3","INTERSECTION-TESTS.10","","Fri Nov 15 23:08:11 GMT 2024","passed","Fri Nov 15 23:08:11 GMT 2024","","HYPERON-METTALOG-SANITY","HYPERON-METTALOG-SANITY",""
"","12","D1-GADT.13","","Fri Nov 15 23:43:33 GMT 2024","passed","Fri Nov 15 23:43:33 GMT 2024","","QUICK","QUICK",""
"","3","OPERATIONS-OVER-ATOMS---METTA-LANGUAGE8.02","","Fri Nov 15 23:18:33 GMT 2024","passed","Fri Nov 15 23:18:33 GMT 2024","","METTA-LANG","METTA-LANG",""
"","172","CONTROLLING-PATTERN-MATCHING---METTA-LANGUAGE10.07","","Fri Nov 15 23:18:33 GMT 2024","failed","Fri Nov 15 23:18:33 GMT 2024","","METTA-LANG","METTA-LANG",""
"","5","FUNCTIONS-AND-UNIFICATION---METTA-LANGUAGE7.01","","Fri Nov 15 23:18:33 GMT 2024","passed","Fri Nov 15 23:18:33 GMT 2024","","METTA-LANG","METTA-LANG",""
"","8000","metta_lang.Basic_evaluation___MeTTa_Language8","","Fri Nov 15 22:59:53 GMT 2024","passed","Fri Nov 15 23:00:01 GMT 2024","","WHOLE-TESTS","WHOLE-TESTS",""
"","1","XOR-TEST.07","","Fri Nov 15 23:08:11 GMT 2024","passed","Fri Nov 15 23:08:11 GMT 2024","","HYPERON-METTALOG-SANITY","HYPERON-METTALOG-SANITY",""
"","2","RECURSION-AND-CONTROL---METTA-LANGUAGE8.02","","Fri Nov 15 23:18:33 GMT 2024","passed","Fri Nov 15 23:18:33 GMT 2024","","METTA-LANG","METTA-LANG",""
"","3","D2-HIGHERFUNC.02","","Fri Nov 15 23:04:54 GMT 2024","passed","Fri Nov 15 23:04:54 GMT 2024","","HYPERON-EXPERIMENTAL-SCRIPTS","HYPERON-EXPERIMENTAL-SCRIPTS",""
"","2","CONTROLLING-PATTERN-MATCHING---METTA-LANGUAGE11.02","","Fri Nov 15 23:18:33 GMT 2024","passed","Fri Nov 15 23:18:33 GMT 2024","","METTA-LANG","METTA-LANG",""
"","3","D2-HIGHERFUNC.05","","Fri Nov 15 23:04:54 GMT 2024","passed","Fri Nov 15 23:04:54 GMT 2024","","HYPERON-EXPERIMENTAL-SCRIPTS","HYPERON-EXPERIMENTAL-SCRIPTS",""
"","14","CONCRETE-TYPES---METTA-LANGUAGE10.02","","Fri Nov 15 23:18:33 GMT 2024","passed","Fri Nov 15 23:18:33 GMT 2024","","METTA-LANG","METTA-LANG",""
"","2","LIMIT-TESTS.13","","Fri Nov 15 23:08:11 GMT 2024","passed","Fri Nov 15 23:08:11 GMT 2024","","HYPERON-METTALOG-SANITY","HYPERON-METTALOG-SANITY",""
"","3","BASIC-GROUNDED-FUNCTIONS---METTA-LANGUAGE8.02","","Fri Nov 15 23:18:33 GMT 2024","passed","Fri Nov 15 23:18:33 GMT 2024","","METTA-LANG","METTA-LANG",""
"","105","WORKING-WITH-SPACES---METTA-LANGUAGE9.05","","Fri Nov 15 23:18:33 GMT 2024","failed","Fri Nov 15 23:18:33 GMT 2024","","METTA-LANG","METTA-LANG",""
"","3","SPACE-SUBTRACTION-TESTS.04","","Fri Nov 15 23:08:11 GMT 2024","passed","Fri Nov 15 23:08:11 GMT 2024","","HYPERON-METTALOG-SANITY","HYPERON-METTALOG-SANITY",""
"","4","00-LANG-CASE.01","","Fri Nov 15 23:08:11 GMT 2024","passed","Fri Nov 15 23:08:11 GMT 2024","","HYPERON-METTALOG-SANITY","HYPERON-METTALOG-SANITY",""
"","2","E2-STATES.10","","Fri Nov 15 23:04:54 GMT 2024","passed","Fri Nov 15 23:04:54 GMT 2024","","HYPERON-EXPERIMENTAL-SCRIPTS","HYPERON-EXPERIMENTAL-SCRIPTS",""
"","2","BASIC-EVALUATION---METTA-LANGUAGE6.03","","Fri Nov 15 23:18:33 GMT 2024","passed","Fri Nov 15 23:18:33 GMT 2024","","METTA-LANG","METTA-LANG",""
"","9000","hyperon-experimental_scripts.e1_kb_write","","Fri Nov 15 22:59:53 GMT 2024","passed","Fri Nov 15 23:00:02 GMT 2024","","WHOLE-TESTS","WHOLE-TESTS",""
"","5","RECURSIVE-AND-PARAMETRIC-TYPES---METTA-LANGUAGE2.01","","Fri Nov 15 23:18:33 GMT 2024","passed","Fri Nov 15 23:18:33 GMT 2024","","METTA-LANG","METTA-LANG",""
"","3","AND-OR.01","","Fri Nov 15 23:39:29 GMT 2024","passed","Fri Nov 15 23:39:29 GMT 2024","","METTA-MORPH-TESTS","METTA-MORPH-TESTS",""
"","8000","metta_lang.Basic_evaluation___MeTTa_Language1","","Fri Nov 15 22:59:53 GMT 2024","passed","Fri Nov 15 23:00:01 GMT 2024","","WHOLE-TESTS","WHOLE-TESTS",""
"","4","B0-CHAINING-PRELIM.01","","Fri Nov 15 23:04:54 GMT 2024","passed","Fri Nov 15 23:04:54 GMT 2024","","HYPERON-EXPERIMENTAL-SCRIPTS","HYPERON-EXPERIMENTAL-SCRIPTS",""
"","3","METTALOGTESTCURRIED2.02","","Fri Nov 15 23:00:02 GMT 2024","passed","Fri Nov 15 23:00:02 GMT 2024","","ANTI-REGRESSION","ANTI-REGRESSION",""
"","2","RECURSION-AND-CONTROL---METTA-LANGUAGE8.03","","Fri Nov 15 23:18:33 GMT 2024","passed","Fri Nov 15 23:18:33 GMT 2024","","METTA-LANG","METTA-LANG",""
"","2","SUBTRACTION-TEST.03","","Fri Nov 15 23:08:11 GMT 2024","passed","Fri Nov 15 23:08:11 GMT 2024","","HYPERON-METTALOG-SANITY","HYPERON-METTALOG-SANITY",""
"","74","MINIMAL-METTA-TESTS.08","","Fri Nov 15 23:08:11 GMT 2024","failed","Fri Nov 15 23:08:11 GMT 2024","","HYPERON-METTALOG-SANITY","HYPERON-METTALOG-SANITY",""
"","3","METTALOGTESTCURRIED2.01","","Fri Nov 15 23:00:02 GMT 2024","passed","Fri Nov 15 23:00:02 GMT 2024","","ANTI-REGRESSION","ANTI-REGRESSION",""
"","8000","metta_lang.Basic_evaluation___MeTTa_Language10","","Fri Nov 15 22:59:53 GMT 2024","passed","Fri Nov 15 23:00:01 GMT 2024","","WHOLE-TESTS","WHOLE-TESTS",""
"","104","SPACE-INTERSECTION-TESTS.08","","Fri Nov 15 23:08:11 GMT 2024","failed","Fri Nov 15 23:08:11 GMT 2024","","HYPERON-METTALOG-SANITY","HYPERON-METTALOG-SANITY",""
"","1","SPACE-INTERSECTION-TESTS.02","","Fri Nov 15 23:08:11 GMT 2024","passed","Fri Nov 15 23:08:11 GMT 2024","","HYPERON-METTALOG-SANITY","HYPERON-METTALOG-SANITY",""
"","2","D2-HIGHERFUNC.25","","Fri Nov 15 23:43:33 GMT 2024","passed","Fri Nov 15 23:43:33 GMT 2024","","QUICK","QUICK",""
"","2","WHAT-EVALS-OR-NOT.04","","Fri Nov 15 23:08:11 GMT 2024","passed","Fri Nov 15 23:08:11 GMT 2024","","HYPERON-METTALOG-SANITY","HYPERON-METTALOG-SANITY",""
"","2","OPERATIONS-OVER-ATOMS---METTA-LANGUAGE3.04","","Fri Nov 15 23:18:33 GMT 2024","passed","Fri Nov 15 23:18:33 GMT 2024","","METTA-LANG","METTA-LANG",""
"","2","CONSOLE-OUTPUT-AND-DEBUGGING---METTA-LANGUAGE2.03","","Fri Nov 15 23:18:33 GMT 2024","passed","Fri Nov 15 23:18:33 GMT 2024","","METTA-LANG","METTA-LANG",""
"","2","OUTPUT-LOAD-TESTS.09","","Fri Nov 15 23:08:11 GMT 2024","passed","Fri Nov 15 23:08:11 GMT 2024","","HYPERON-METTALOG-SANITY","HYPERON-METTALOG-SANITY",""
"","9000","hyperon-mettalog_sanity.find_all_tests","","Fri Nov 15 22:59:53 GMT 2024","passed","Fri Nov 15 23:00:02 GMT 2024","","WHOLE-TESTS","WHOLE-TESTS",""
"","8000","metta_lang.Operations_over_atoms___MeTTa_Language4","","Fri Nov 15 22:59:53 GMT 2024","passed","Fri Nov 15 23:00:01 GMT 2024","","WHOLE-TESTS","WHOLE-TESTS",""
"","2","OPERATIONS-OVER-ATOMS---METTA-LANGUAGE2.04","","Fri Nov 15 23:18:33 GMT 2024","passed","Fri Nov 15 23:18:33 GMT 2024","","METTA-LANG","METTA-LANG",""
"","1","WORKING-WITH-SPACES---METTA-LANGUAGE9.04","","Fri Nov 15 23:18:33 GMT 2024","passed","Fri Nov 15 23:18:33 GMT 2024","","METTA-LANG","METTA-LANG",""
"","48","BASIC-EVALUATION---METTA-LANGUAGE10.01","","Fri Nov 15 23:18:33 GMT 2024","failed","Fri Nov 15 23:18:33 GMT 2024","","METTA-LANG","METTA-LANG",""
"","2","MINIMAL-METTA-TESTS.43","","Fri Nov 15 23:08:11 GMT 2024","passed","Fri Nov 15 23:08:11 GMT 2024","","HYPERON-METTALOG-SANITY","HYPERON-METTALOG-SANITY",""
"","3","OUTPUT-LOAD-TESTS.07","","Fri Nov 15 23:08:11 GMT 2024","passed","Fri Nov 15 23:08:11 GMT 2024","","HYPERON-METTALOG-SANITY","HYPERON-METTALOG-SANITY",""
"","4","F1-IMPORTS.02","","Fri Nov 15 23:43:33 GMT 2024","passed","Fri Nov 15 23:43:33 GMT 2024","","QUICK","QUICK",""
"","3","HYPERPOSE.01","","Fri Nov 15 23:39:29 GMT 2024","passed","Fri Nov 15 23:39:29 GMT 2024","","METTA-MORPH-TESTS","METTA-MORPH-TESTS",""
"","1","C1-GROUNDED-BASIC.12","","Fri Nov 15 23:04:54 GMT 2024","passed","Fri Nov 15 23:04:54 GMT 2024","","HYPERON-EXPERIMENTAL-SCRIPTS","HYPERON-EXPERIMENTAL-SCRIPTS",""
"","8000","metta_lang.Working_with_spaces___MeTTa_Language1","","Fri Nov 15 22:59:53 GMT 2024","passed","Fri Nov 15 23:00:01 GMT 2024","","WHOLE-TESTS","WHOLE-TESTS",""
"","16","CONCRETE-TYPES---METTA-LANGUAGE11.01","","Fri Nov 15 23:18:33 GMT 2024","passed","Fri Nov 15 23:18:33 GMT 2024","","METTA-LANG","METTA-LANG",""
"","9000","hyperon-experimental_scripts.g1_docs","","Fri Nov 15 22:59:53 GMT 2024","passed","Fri Nov 15 23:00:02 GMT 2024","","WHOLE-TESTS","WHOLE-TESTS",""
"","1","F1-IMPORTS.06","","Fri Nov 15 23:43:33 GMT 2024","passed","Fri Nov 15 23:43:33 GMT 2024","","QUICK","QUICK",""
"","47000","hyperon-mettalog_sanity.py_types","","Fri Nov 15 22:59:53 GMT 2024","failed","Fri Nov 15 23:00:40 GMT 2024","","WHOLE-TESTS","WHOLE-TESTS",""
"","2","D4-TYPE-PROP.15","","Fri Nov 15 23:04:54 GMT 2024","passed","Fri Nov 15 23:04:54 GMT 2024","","HYPERON-EXPERIMENTAL-SCRIPTS","HYPERON-EXPERIMENTAL-SCRIPTS",""
"","8000","metta_lang.Controlling_pattern_matching___MeTTa_Language11","","Fri Nov 15 22:59:53 GMT 2024","passed","Fri Nov 15 23:00:01 GMT 2024","","WHOLE-TESTS","WHOLE-TESTS",""
"","2","METATYPES---METTA-LANGUAGE7.03","","Fri Nov 15 23:18:33 GMT 2024","passed","Fri Nov 15 23:18:33 GMT 2024","","METTA-LANG","METTA-LANG",""
"","2","CONCRETE-TYPES---METTA-LANGUAGE7.05","","Fri Nov 15 23:18:33 GMT 2024","passed","Fri Nov 15 23:18:33 GMT 2024","","METTA-LANG","METTA-LANG",""
"","23815","SYNTHESIZE.01","","Fri Nov 15 23:15:42 GMT 2024","passed","Fri Nov 15 23:16:05 GMT 2024","","SYNTH-BUFFER","SYNTH-BUFFER",""
"","2","WHAT-EVALS-OR-NOT.05","","Fri Nov 15 23:08:11 GMT 2024","passed","Fri Nov 15 23:08:11 GMT 2024","","HYPERON-METTALOG-SANITY","HYPERON-METTALOG-SANITY",""
"","2","METATYPES---METTA-LANGUAGE1.09","","Fri Nov 15 23:18:33 GMT 2024","passed","Fri Nov 15 23:18:33 GMT 2024","","METTA-LANG","METTA-LANG",""
"","214","BASIC-EVALUATION---METTA-LANGUAGE15.02","","Fri Nov 15 23:18:33 GMT 2024","passed","Fri Nov 15 23:18:33 GMT 2024","","METTA-LANG","METTA-LANG",""
"","2","CONTROL-FLOW---METTA-LANGUAGE16.03","","Fri Nov 15 23:18:33 GMT 2024","passed","Fri Nov 15 23:18:33 GMT 2024","","METTA-LANG","METTA-LANG",""
"","102","EVAL-FOR-TESTS.12","","Fri Nov 15 23:08:11 GMT 2024","failed","Fri Nov 15 23:08:11 GMT 2024","","HYPERON-METTALOG-SANITY","HYPERON-METTALOG-SANITY",""
"","130","PY-TYPES.06","","Fri Nov 15 23:08:11 GMT 2024","passed","Fri Nov 15 23:08:11 GMT 2024","","HYPERON-METTALOG-SANITY","HYPERON-METTALOG-SANITY",""
"","2","D4-TYPE-PROP.13","","Fri Nov 15 23:43:33 GMT 2024","passed","Fri Nov 15 23:43:33 GMT 2024","","QUICK","QUICK",""
"","1","LIMIT-TESTS.04","","Fri Nov 15 23:08:11 GMT 2024","passed","Fri Nov 15 23:08:11 GMT 2024","","HYPERON-METTALOG-SANITY","HYPERON-METTALOG-SANITY",""
"","2","F1-IMPORTS.10","","Fri Nov 15 23:04:54 GMT 2024","passed","Fri Nov 15 23:04:54 GMT 2024","","HYPERON-EXPERIMENTAL-SCRIPTS","HYPERON-EXPERIMENTAL-SCRIPTS",""
"","41","BC-COMP.01","","Fri Nov 15 23:00:02 GMT 2024","failed","Fri Nov 15 23:00:02 GMT 2024","","ANTI-REGRESSION","ANTI-REGRESSION",""
"","113","MINIMAL-METTA-TESTS.29","","Fri Nov 15 23:08:11 GMT 2024","failed","Fri Nov 15 23:08:11 GMT 2024","","HYPERON-METTALOG-SANITY","HYPERON-METTALOG-SANITY",""
"","9000","metta_lang.Basic_evaluation___MeTTa_Language15","","Fri Nov 15 22:59:53 GMT 2024","passed","Fri Nov 15 23:00:02 GMT 2024","","WHOLE-TESTS","WHOLE-TESTS",""
"","16","CALL-TESTS.02","","Fri Nov 15 23:08:11 GMT 2024","passed","Fri Nov 15 23:08:11 GMT 2024","","HYPERON-METTALOG-SANITY","HYPERON-METTALOG-SANITY",""
"","1","B5-TYPES-PRELIM.22","","Fri Nov 15 23:04:54 GMT 2024","passed","Fri Nov 15 23:04:54 GMT 2024","","HYPERON-EXPERIMENTAL-SCRIPTS","HYPERON-EXPERIMENTAL-SCRIPTS",""
"","73","MINIMAL-METTA-TESTS.15","","Fri Nov 15 23:08:11 GMT 2024","passed","Fri Nov 15 23:08:11 GMT 2024","","HYPERON-METTALOG-SANITY","HYPERON-METTALOG-SANITY",""
"","1","CONCRETE-TYPES---METTA-LANGUAGE12.03","","Fri Nov 15 23:18:33 GMT 2024","passed","Fri Nov 15 23:18:33 GMT 2024","","METTA-LANG","METTA-LANG",""
"","7","SPACE-INTERSECTION-TESTS.03","","Fri Nov 15 23:08:11 GMT 2024","passed","Fri Nov 15 23:08:11 GMT 2024","","HYPERON-METTALOG-SANITY","HYPERON-METTALOG-SANITY",""
"","3","CONTROLLING-PATTERN-MATCHING---METTA-LANGUAGE1.01","","Fri Nov 15 23:18:33 GMT 2024","passed","Fri Nov 15 23:18:33 GMT 2024","","METTA-LANG","METTA-LANG",""
"","1","F1-IMPORTS.07","","Fri Nov 15 22:59:44 GMT 2024","passed","Fri Nov 15 22:59:44 GMT 2024","","MODULE-SYSTEM","MODULE-SYSTEM",""
"","2","CONTROLLING-PATTERN-MATCHING---METTA-LANGUAGE10.02","","Fri Nov 15 23:18:33 GMT 2024","passed","Fri Nov 15 23:18:33 GMT 2024","","METTA-LANG","METTA-LANG",""
"","1","HYPERPOSE-TESTS.02","","Fri Nov 15 23:08:11 GMT 2024","passed","Fri Nov 15 23:08:11 GMT 2024","","HYPERON-METTALOG-SANITY","HYPERON-METTALOG-SANITY",""
"","9000","metta_lang.Metatypes___MeTTa_Language4","","Fri Nov 15 22:59:53 GMT 2024","passed","Fri Nov 15 23:00:02 GMT 2024","","WHOLE-TESTS","WHOLE-TESTS",""
"","1","STATES-SPACES.05","","Fri Nov 15 23:39:29 GMT 2024","passed","Fri Nov 15 23:39:29 GMT 2024","","METTA-MORPH-TESTS","METTA-MORPH-TESTS",""
"","2","D4-TYPE-PROP.10","","Fri Nov 15 23:43:33 GMT 2024","passed","Fri Nov 15 23:43:33 GMT 2024","","QUICK","QUICK",""
"","12","CONCRETE-TYPES---METTA-LANGUAGE13.02","","Fri Nov 15 23:18:33 GMT 2024","failed","Fri Nov 15 23:18:33 GMT 2024","","METTA-LANG","METTA-LANG",""
"","2","G1-DOCS.02","","Fri Nov 15 23:04:54 GMT 2024","passed","Fri Nov 15 23:04:54 GMT 2024","","HYPERON-EXPERIMENTAL-SCRIPTS","HYPERON-EXPERIMENTAL-SCRIPTS",""
"","1","CONTROL-FLOW---METTA-LANGUAGE7.02","","Fri Nov 15 23:18:33 GMT 2024","passed","Fri Nov 15 23:18:33 GMT 2024","","METTA-LANG","METTA-LANG",""
"","2","D1-GADT.10","","Fri Nov 15 23:43:33 GMT 2024","passed","Fri Nov 15 23:43:33 GMT 2024","","QUICK","QUICK",""
"","2","CALL-TESTS.07","","Fri Nov 15 23:08:11 GMT 2024","passed","Fri Nov 15 23:08:11 GMT 2024","","HYPERON-METTALOG-SANITY","HYPERON-METTALOG-SANITY",""
"","8000","metta_lang.Basic_evaluation___MeTTa_Language14","","Fri Nov 15 22:59:53 GMT 2024","passed","Fri Nov 15 23:00:01 GMT 2024","","WHOLE-TESTS","WHOLE-TESTS",""
"","923","WORKING-WITH-SPACES---METTA-LANGUAGE13.02","","Fri Nov 15 23:18:33 GMT 2024","failed","Fri Nov 15 23:18:33 GMT 2024","","METTA-LANG","METTA-LANG",""
"","8000","metta_lang.Recursion_and_control___MeTTa_Language4","","Fri Nov 15 22:59:53 GMT 2024","passed","Fri Nov 15 23:00:01 GMT 2024","","WHOLE-TESTS","WHOLE-TESTS",""
"","9000","metta_lang.Basic_evaluation___MeTTa_Language9","","Fri Nov 15 22:59:53 GMT 2024","passed","Fri Nov 15 23:00:02 GMT 2024","","WHOLE-TESTS","WHOLE-TESTS",""
"","8000","hyperon-experimental_scripts.a1_symbols","","Fri Nov 15 22:59:53 GMT 2024","passed","Fri Nov 15 23:00:01 GMT 2024","","WHOLE-TESTS","WHOLE-TESTS",""
"","8000","hyperon-mettalog_sanity.limit_tests","","Fri Nov 15 22:59:53 GMT 2024","passed","Fri Nov 15 23:00:01 GMT 2024","","WHOLE-TESTS","WHOLE-TESTS",""
"","665","TESTS0.07","","Fri Nov 15 23:39:29 GMT 2024","passed","Fri Nov 15 23:39:29 GMT 2024","","METTA-MORPH-TESTS","METTA-MORPH-TESTS",""
"","3","FIND-ALL-TESTS.06","","Fri Nov 15 23:08:11 GMT 2024","passed","Fri Nov 15 23:08:11 GMT 2024","","HYPERON-METTALOG-SANITY","HYPERON-METTALOG-SANITY",""
"","2","D2-HIGHERFUNC.26","","Fri Nov 15 23:43:33 GMT 2024","passed","Fri Nov 15 23:43:33 GMT 2024","","QUICK","QUICK",""
"","8000","metta_lang.Functions_and_unification___MeTTa_Language2","","Fri Nov 15 22:59:53 GMT 2024","passed","Fri Nov 15 23:00:01 GMT 2024","","WHOLE-TESTS","WHOLE-TESTS",""
"","6","RECURSIVE-AND-PARAMETRIC-TYPES---METTA-LANGUAGE4.01","","Fri Nov 15 23:18:33 GMT 2024","passed","Fri Nov 15 23:18:33 GMT 2024","","METTA-LANG","METTA-LANG",""
"","3","STATES-SPACES.03","","Fri Nov 15 23:39:29 GMT 2024","passed","Fri Nov 15 23:39:29 GMT 2024","","METTA-MORPH-TESTS","METTA-MORPH-TESTS",""
"","46","STRUCTURE-TESTS.01","","Fri Nov 15 23:08:11 GMT 2024","passed","Fri Nov 15 23:08:11 GMT 2024","","HYPERON-METTALOG-SANITY","HYPERON-METTALOG-SANITY",""
"","9000","metta_lang.Functions_and_unification___MeTTa_Language1","","Fri Nov 15 22:59:53 GMT 2024","passed","Fri Nov 15 23:00:02 GMT 2024","","WHOLE-TESTS","WHOLE-TESTS",""
"","2","00-LANG-CASE.09","","Fri Nov 15 23:08:11 GMT 2024","passed","Fri Nov 15 23:08:11 GMT 2024","","HYPERON-METTALOG-SANITY","HYPERON-METTALOG-SANITY",""
"","3","FUNCTIONS-AND-UNIFICATION---METTA-LANGUAGE4.01","","Fri Nov 15 23:18:33 GMT 2024","passed","Fri Nov 15 23:18:33 GMT 2024","","METTA-LANG","METTA-LANG",""
"","9000","metta_lang.Querying_space_content___MeTTa_Language4","","Fri Nov 15 22:59:53 GMT 2024","passed","Fri Nov 15 23:00:02 GMT 2024","","WHOLE-TESTS","WHOLE-TESTS",""
"","2","D3-DEPTYPES.07","","Fri Nov 15 23:04:54 GMT 2024","passed","Fri Nov 15 23:04:54 GMT 2024","","HYPERON-EXPERIMENTAL-SCRIPTS","HYPERON-EXPERIMENTAL-SCRIPTS",""
"","16","WORKING-WITH-SPACES---METTA-LANGUAGE17.02","","Fri Nov 15 23:18:33 GMT 2024","failed","Fri Nov 15 23:18:33 GMT 2024","","METTA-LANG","METTA-LANG",""
"","3","INTERSECTION-TESTS.22","","Fri Nov 15 23:08:11 GMT 2024","passed","Fri Nov 15 23:08:11 GMT 2024","","HYPERON-METTALOG-SANITY","HYPERON-METTALOG-SANITY",""
"","1","B5-TYPES-PRELIM.20","","Fri Nov 15 23:04:54 GMT 2024","passed","Fri Nov 15 23:04:54 GMT 2024","","HYPERON-EXPERIMENTAL-SCRIPTS","HYPERON-EXPERIMENTAL-SCRIPTS",""
"","2","UNIQUE-TEST.08","","Fri Nov 15 23:08:11 GMT 2024","passed","Fri Nov 15 23:08:11 GMT 2024","","HYPERON-METTALOG-SANITY","HYPERON-METTALOG-SANITY",""
"","87","BASIC-EVALUATION---METTA-LANGUAGE15.04","","Fri Nov 15 23:18:33 GMT 2024","passed","Fri Nov 15 23:18:33 GMT 2024","","METTA-LANG","METTA-LANG",""
"","9000","metta_lang.Handling_nondeterministic_results___MeTTa_Language1","","Fri Nov 15 22:59:53 GMT 2024","passed","Fri Nov 15 23:00:02 GMT 2024","","WHOLE-TESTS","WHOLE-TESTS",""
"","4044","PY-TYPES.01","","Fri Nov 15 23:08:11 GMT 2024","passed","Fri Nov 15 23:08:15 GMT 2024","","HYPERON-METTALOG-SANITY","HYPERON-METTALOG-SANITY",""
"","3","CONTROLLING-PATTERN-MATCHING---METTA-LANGUAGE5.01","","Fri Nov 15 23:18:33 GMT 2024","passed","Fri Nov 15 23:18:33 GMT 2024","","METTA-LANG","METTA-LANG",""
"","2","00-LANG-CASE.18","","Fri Nov 15 23:08:11 GMT 2024","passed","Fri Nov 15 23:08:11 GMT 2024","","HYPERON-METTALOG-SANITY","HYPERON-METTALOG-SANITY",""
"","111","CONTROL-FLOW---METTA-LANGUAGE12.02","","Fri Nov 15 23:18:33 GMT 2024","passed","Fri Nov 15 23:18:33 GMT 2024","","METTA-LANG","METTA-LANG",""
"","2","XOR-TEST.11","","Fri Nov 15 23:08:11 GMT 2024","passed","Fri Nov 15 23:08:11 GMT 2024","","HYPERON-METTALOG-SANITY","HYPERON-METTALOG-SANITY",""
"","60","WORKING-WITH-SPACES---METTA-LANGUAGE12.05","","Fri Nov 15 23:18:33 GMT 2024","failed","Fri Nov 15 23:18:33 GMT 2024","","METTA-LANG","METTA-LANG",""
"","3","INTERSECTION-TESTS.24","","Fri Nov 15 23:08:11 GMT 2024","passed","Fri Nov 15 23:08:11 GMT 2024","","HYPERON-METTALOG-SANITY","HYPERON-METTALOG-SANITY",""
"","8000","hyperon-mettalog_sanity.base_test_repr_parse_intersection","","Fri Nov 15 22:59:53 GMT 2024","passed","Fri Nov 15 23:00:01 GMT 2024","","WHOLE-TESTS","WHOLE-TESTS",""
"","1","TYPES2.04","","Fri Nov 15 23:39:29 GMT 2024","passed","Fri Nov 15 23:39:29 GMT 2024","","METTA-MORPH-TESTS","METTA-MORPH-TESTS",""
"","1","CONSOLE-OUTPUT-AND-DEBUGGING---METTA-LANGUAGE3.06","","Fri Nov 15 23:18:33 GMT 2024","passed","Fri Nov 15 23:18:33 GMT 2024","","METTA-LANG","METTA-LANG",""
"","2","FUNCTIONS-AND-UNIFICATION---METTA-LANGUAGE7.05","","Fri Nov 15 23:18:33 GMT 2024","passed","Fri Nov 15 23:18:33 GMT 2024","","METTA-LANG","METTA-LANG",""
"","6","SEALED-TEST.05","","Fri Nov 15 23:08:11 GMT 2024","passed","Fri Nov 15 23:08:11 GMT 2024","","HYPERON-METTALOG-SANITY","HYPERON-METTALOG-SANITY",""
"","3","D4-TYPE-PROP.04","","Fri Nov 15 23:43:33 GMT 2024","passed","Fri Nov 15 23:43:33 GMT 2024","","QUICK","QUICK",""
"","5","RECURSIVE-AND-PARAMETRIC-TYPES---METTA-LANGUAGE7.01","","Fri Nov 15 23:18:33 GMT 2024","passed","Fri Nov 15 23:18:33 GMT 2024","","METTA-LANG","METTA-LANG",""
"","3","B2-BACKCHAIN.01","","Fri Nov 15 23:04:54 GMT 2024","passed","Fri Nov 15 23:04:54 GMT 2024","","HYPERON-EXPERIMENTAL-SCRIPTS","HYPERON-EXPERIMENTAL-SCRIPTS",""
"","2","F1-IMPORTS.06","","Fri Nov 15 23:04:54 GMT 2024","passed","Fri Nov 15 23:04:54 GMT 2024","","HYPERON-EXPERIMENTAL-SCRIPTS","HYPERON-EXPERIMENTAL-SCRIPTS",""
"","1","UNIQUE-TEST.05","","Fri Nov 15 23:08:11 GMT 2024","passed","Fri Nov 15 23:08:11 GMT 2024","","HYPERON-METTALOG-SANITY","HYPERON-METTALOG-SANITY",""
"","9000","metta_lang.Recursive_and_parametric_types___MeTTa_Language8","","Fri Nov 15 22:59:53 GMT 2024","passed","Fri Nov 15 23:00:02 GMT 2024","","WHOLE-TESTS","WHOLE-TESTS",""
"","2","D2-HIGHERFUNC.17","","Fri Nov 15 23:04:54 GMT 2024","passed","Fri Nov 15 23:04:54 GMT 2024","","HYPERON-EXPERIMENTAL-SCRIPTS","HYPERON-EXPERIMENTAL-SCRIPTS",""
"","3","UNIQUE-TEST.01","","Fri Nov 15 23:08:11 GMT 2024","passed","Fri Nov 15 23:08:11 GMT 2024","","HYPERON-METTALOG-SANITY","HYPERON-METTALOG-SANITY",""
"","1","HYPERPOSE.05","","Fri Nov 15 23:39:29 GMT 2024","passed","Fri Nov 15 23:39:29 GMT 2024","","METTA-MORPH-TESTS","METTA-MORPH-TESTS",""
"","3","FUNCTIONS-AND-UNIFICATION---METTA-LANGUAGE2.03","","Fri Nov 15 23:18:33 GMT 2024","passed","Fri Nov 15 23:18:33 GMT 2024","","METTA-LANG","METTA-LANG",""
"","3","CATCH-THROW-TESTS.08","","Fri Nov 15 23:08:11 GMT 2024","passed","Fri Nov 15 23:08:11 GMT 2024","","HYPERON-METTALOG-SANITY","HYPERON-METTALOG-SANITY",""
"","2","MATCH-VOID.03","","Fri Nov 15 23:39:29 GMT 2024","passed","Fri Nov 15 23:39:29 GMT 2024","","METTA-MORPH-TESTS","METTA-MORPH-TESTS",""
"","107","RECURSIVE-AND-PARAMETRIC-TYPES---METTA-LANGUAGE1.02","","Fri Nov 15 23:18:33 GMT 2024","failed","Fri Nov 15 23:18:33 GMT 2024","","METTA-LANG","METTA-LANG",""
"","4","BASIC-EVALUATION---METTA-LANGUAGE1.01","","Fri Nov 15 23:18:33 GMT 2024","passed","Fri Nov 15 23:18:33 GMT 2024","","METTA-LANG","METTA-LANG",""
"","3","UNIQUE-TEST.13","","Fri Nov 15 23:08:11 GMT 2024","passed","Fri Nov 15 23:08:11 GMT 2024","","HYPERON-METTALOG-SANITY","HYPERON-METTALOG-SANITY",""
"","4","UNIQUE-TEST.14","","Fri Nov 15 23:08:11 GMT 2024","passed","Fri Nov 15 23:08:11 GMT 2024","","HYPERON-METTALOG-SANITY","HYPERON-METTALOG-SANITY",""
"","9000","module-system.f1_moduleA","","Fri Nov 15 22:59:53 GMT 2024","passed","Fri Nov 15 23:00:02 GMT 2024","","WHOLE-TESTS","WHOLE-TESTS",""
"","8000","metta_lang.Control_flow___MeTTa_Language7","","Fri Nov 15 22:59:53 GMT 2024","passed","Fri Nov 15 23:00:01 GMT 2024","","WHOLE-TESTS","WHOLE-TESTS",""
"","1","F1-MODULEA.07","","Fri Nov 15 23:43:33 GMT 2024","passed","Fri Nov 15 23:43:33 GMT 2024","","QUICK","QUICK",""
"","3","C2-SPACES.05","","Fri Nov 15 22:59:44 GMT 2024","passed","Fri Nov 15 22:59:44 GMT 2024","","MODULE-SYSTEM","MODULE-SYSTEM",""
"","2","CALL-TESTS.12","","Fri Nov 15 23:08:11 GMT 2024","passed","Fri Nov 15 23:08:11 GMT 2024","","HYPERON-METTALOG-SANITY","HYPERON-METTALOG-SANITY",""
"","2","INTERSECTION-TESTS.17","","Fri Nov 15 23:08:11 GMT 2024","passed","Fri Nov 15 23:08:11 GMT 2024","","HYPERON-METTALOG-SANITY","HYPERON-METTALOG-SANITY",""
"","2","TEST-IF-CLOSED.09","","Fri Nov 15 23:00:02 GMT 2024","passed","Fri Nov 15 23:00:02 GMT 2024","","ANTI-REGRESSION","ANTI-REGRESSION",""
"","8000","hyperon-experimental_scripts.e2_states","","Fri Nov 15 22:59:53 GMT 2024","passed","Fri Nov 15 23:00:01 GMT 2024","","WHOLE-TESTS","WHOLE-TESTS",""
"","2","F1-IMPORTS.14","","Fri Nov 15 23:43:33 GMT 2024","passed","Fri Nov 15 23:43:33 GMT 2024","","QUICK","QUICK",""
"","5","MATCH-VOID.01","","Fri Nov 15 23:39:29 GMT 2024","passed","Fri Nov 15 23:39:29 GMT 2024","","METTA-MORPH-TESTS","METTA-MORPH-TESTS",""
"","1","C1-GROUNDED-BASIC.09","","Fri Nov 15 23:43:33 GMT 2024","passed","Fri Nov 15 23:43:33 GMT 2024","","QUICK","QUICK",""
"","10","WORKING-WITH-SPACES---METTA-LANGUAGE7.02","","Fri Nov 15 23:18:33 GMT 2024","failed","Fri Nov 15 23:18:33 GMT 2024","","METTA-LANG","METTA-LANG",""
"","2","RECURSION-AND-CONTROL---METTA-LANGUAGE3.03","","Fri Nov 15 23:18:33 GMT 2024","passed","Fri Nov 15 23:18:33 GMT 2024","","METTA-LANG","METTA-LANG",""
"","3","HANDLING-NONDETERMINISTIC-RESULTS---METTA-LANGUAGE7.01","","Fri Nov 15 23:18:33 GMT 2024","passed","Fri Nov 15 23:18:33 GMT 2024","","METTA-LANG","METTA-LANG",""
"","3","CONTROLLING-PATTERN-MATCHING---METTA-LANGUAGE3.01","","Fri Nov 15 23:18:33 GMT 2024","passed","Fri Nov 15 23:18:33 GMT 2024","","METTA-LANG","METTA-LANG",""
"","2","WORKING-WITH-SPACES---METTA-LANGUAGE3.06","","Fri Nov 15 23:18:33 GMT 2024","passed","Fri Nov 15 23:18:33 GMT 2024","","METTA-LANG","METTA-LANG",""
"","1","HANDLING-NONDETERMINISTIC-RESULTS---METTA-LANGUAGE4.02","","Fri Nov 15 23:18:33 GMT 2024","passed","Fri Nov 15 23:18:33 GMT 2024","","METTA-LANG","METTA-LANG",""
"","2","F1-IMPORTS.18","","Fri Nov 15 23:04:54 GMT 2024","passed","Fri Nov 15 23:04:54 GMT 2024","","HYPERON-EXPERIMENTAL-SCRIPTS","HYPERON-EXPERIMENTAL-SCRIPTS",""
"","3","CONCRETE-TYPES---METTA-LANGUAGE7.01","","Fri Nov 15 23:18:33 GMT 2024","passed","Fri Nov 15 23:18:33 GMT 2024","","METTA-LANG","METTA-LANG",""
"","2","B1-EQUAL-CHAIN.04","","Fri Nov 15 23:04:54 GMT 2024","passed","Fri Nov 15 23:04:54 GMT 2024","","HYPERON-EXPERIMENTAL-SCRIPTS","HYPERON-EXPERIMENTAL-SCRIPTS",""
"","2","B5-TYPES-PRELIM.10","","Fri Nov 15 23:04:54 GMT 2024","passed","Fri Nov 15 23:04:54 GMT 2024","","HYPERON-EXPERIMENTAL-SCRIPTS","HYPERON-EXPERIMENTAL-SCRIPTS",""
"","3","WORKING-WITH-SPACES---METTA-LANGUAGE8.05","","Fri Nov 15 23:18:33 GMT 2024","passed","Fri Nov 15 23:18:33 GMT 2024","","METTA-LANG","METTA-LANG",""
"","8000","metta_lang.Control_flow___MeTTa_Language14","","Fri Nov 15 22:59:53 GMT 2024","passed","Fri Nov 15 23:00:01 GMT 2024","","WHOLE-TESTS","WHOLE-TESTS",""
"","79","B4-NONDETERM.03","","Fri Nov 15 23:04:54 GMT 2024","passed","Fri Nov 15 23:04:54 GMT 2024","","HYPERON-EXPERIMENTAL-SCRIPTS","HYPERON-EXPERIMENTAL-SCRIPTS",""
"","2","D3-DEPTYPES.03","","Fri Nov 15 23:04:54 GMT 2024","passed","Fri Nov 15 23:04:54 GMT 2024","","HYPERON-EXPERIMENTAL-SCRIPTS","HYPERON-EXPERIMENTAL-SCRIPTS",""
"","4","CONTROL-FLOW---METTA-LANGUAGE8.01","","Fri Nov 15 23:18:33 GMT 2024","passed","Fri Nov 15 23:18:33 GMT 2024","","METTA-LANG","METTA-LANG",""
"","3","METATYPES---METTA-LANGUAGE2.01","","Fri Nov 15 23:18:33 GMT 2024","passed","Fri Nov 15 23:18:33 GMT 2024","","METTA-LANG","METTA-LANG",""
"","2","RECURSION-AND-CONTROL---METTA-LANGUAGE3.05","","Fri Nov 15 23:18:33 GMT 2024","passed","Fri Nov 15 23:18:33 GMT 2024","","METTA-LANG","METTA-LANG",""
"","9000","metta_lang.Free_variables_and_nondeterminism_again,_recursively___MeTTa_Language1","","Fri Nov 15 22:59:53 GMT 2024","passed","Fri Nov 15 23:00:02 GMT 2024","","WHOLE-TESTS","WHOLE-TESTS",""
"","9000","metta-wam-issue-145.print_graph","","Fri Nov 15 22:59:53 GMT 2024","passed","Fri Nov 15 23:00:02 GMT 2024","","WHOLE-TESTS","WHOLE-TESTS",""
"","54","B5-TYPES-PRELIM.24","","Fri Nov 15 23:04:54 GMT 2024","failed","Fri Nov 15 23:04:54 GMT 2024","","HYPERON-EXPERIMENTAL-SCRIPTS","HYPERON-EXPERIMENTAL-SCRIPTS",""
"","2","EVAL-FOR-TESTS.11","","Fri Nov 15 23:08:11 GMT 2024","passed","Fri Nov 15 23:08:11 GMT 2024","","HYPERON-METTALOG-SANITY","HYPERON-METTALOG-SANITY",""
"","2","SEQUENTIAL-NESTED.04","","Fri Nov 15 23:39:29 GMT 2024","passed","Fri Nov 15 23:39:29 GMT 2024","","METTA-MORPH-TESTS","METTA-MORPH-TESTS",""
"","4","NESTED-PARAMETERS.01","","Fri Nov 15 23:39:29 GMT 2024","passed","Fri Nov 15 23:39:29 GMT 2024","","METTA-MORPH-TESTS","METTA-MORPH-TESTS",""
"","1","INTERSECTION-TESTS.25","","Fri Nov 15 23:08:11 GMT 2024","passed","Fri Nov 15 23:08:11 GMT 2024","","HYPERON-METTALOG-SANITY","HYPERON-METTALOG-SANITY",""
"","2","FUNCTIONS-AND-UNIFICATION---METTA-LANGUAGE4.03","","Fri Nov 15 23:18:33 GMT 2024","passed","Fri Nov 15 23:18:33 GMT 2024","","METTA-LANG","METTA-LANG",""
"","3","F1-MODULEA.01","","Fri Nov 15 23:04:54 GMT 2024","passed","Fri Nov 15 23:04:54 GMT 2024","","HYPERON-EXPERIMENTAL-SCRIPTS","HYPERON-EXPERIMENTAL-SCRIPTS",""
"","16","00-LANG-CASE.11","","Fri Nov 15 23:08:11 GMT 2024","passed","Fri Nov 15 23:08:11 GMT 2024","","HYPERON-METTALOG-SANITY","HYPERON-METTALOG-SANITY",""
"","9000","hyperon-mettalog_sanity.string-tests","","Fri Nov 15 22:59:53 GMT 2024","passed","Fri Nov 15 23:00:02 GMT 2024","","WHOLE-TESTS","WHOLE-TESTS",""
"","10000","hyperon-mettalog_sanity.functional_programming_tests","","Fri Nov 15 22:59:53 GMT 2024","passed","Fri Nov 15 23:00:03 GMT 2024","","WHOLE-TESTS","WHOLE-TESTS",""
"","4","E2-STATES.01","","Fri Nov 15 23:04:54 GMT 2024","passed","Fri Nov 15 23:04:54 GMT 2024","","HYPERON-EXPERIMENTAL-SCRIPTS","HYPERON-EXPERIMENTAL-SCRIPTS",""
"","3","RECURSIVE-AND-PARAMETRIC-TYPES---METTA-LANGUAGE3.01","","Fri Nov 15 23:18:33 GMT 2024","passed","Fri Nov 15 23:18:33 GMT 2024","","METTA-LANG","METTA-LANG",""
"","2","BASIC-EVALUATION---METTA-LANGUAGE6.02","","Fri Nov 15 23:18:33 GMT 2024","passed","Fri Nov 15 23:18:33 GMT 2024","","METTA-LANG","METTA-LANG",""
"","5","CONTROL-FLOW---METTA-LANGUAGE9.01","","Fri Nov 15 23:18:33 GMT 2024","passed","Fri Nov 15 23:18:33 GMT 2024","","METTA-LANG","METTA-LANG",""
"","1","MATCH-SUPERPOSED-SPACES.03","","Fri Nov 15 23:39:29 GMT 2024","passed","Fri Nov 15 23:39:29 GMT 2024","","METTA-MORPH-TESTS","METTA-MORPH-TESTS",""
"","2","TEST-IF-CLOSED.03","","Fri Nov 15 23:00:02 GMT 2024","passed","Fri Nov 15 23:00:02 GMT 2024","","ANTI-REGRESSION","ANTI-REGRESSION",""
"","8000","metta_lang.Recursive_and_parametric_types___MeTTa_Language1","","Fri Nov 15 22:59:53 GMT 2024","passed","Fri Nov 15 23:00:01 GMT 2024","","WHOLE-TESTS","WHOLE-TESTS",""
"","10","MINIMAL-METTA-TESTS.13","","Fri Nov 15 23:08:11 GMT 2024","failed","Fri Nov 15 23:08:11 GMT 2024","","HYPERON-METTALOG-SANITY","HYPERON-METTALOG-SANITY",""
"","2","CONTROL-FLOW---METTA-LANGUAGE14.01","","Fri Nov 15 23:18:33 GMT 2024","passed","Fri Nov 15 23:18:33 GMT 2024","","METTA-LANG","METTA-LANG",""
"","3","WORKING-WITH-SPACES---METTA-LANGUAGE4.03","","Fri Nov 15 23:18:33 GMT 2024","passed","Fri Nov 15 23:18:33 GMT 2024","","METTA-LANG","METTA-LANG",""
"","5","OPERATIONS-OVER-ATOMS---METTA-LANGUAGE6.01","","Fri Nov 15 23:18:33 GMT 2024","passed","Fri Nov 15 23:18:33 GMT 2024","","METTA-LANG","METTA-LANG",""
"","9000","metta_lang.Recursive_and_parametric_types___MeTTa_Language7","","Fri Nov 15 22:59:53 GMT 2024","passed","Fri Nov 15 23:00:02 GMT 2024","","WHOLE-TESTS","WHOLE-TESTS",""
"","5","CONCRETE-TYPES---METTA-LANGUAGE8.01","","Fri Nov 15 23:18:33 GMT 2024","passed","Fri Nov 15 23:18:33 GMT 2024","","METTA-LANG","METTA-LANG",""
"","2","A3-TWOSIDE.02","","Fri Nov 15 23:04:54 GMT 2024","passed","Fri Nov 15 23:04:54 GMT 2024","","HYPERON-EXPERIMENTAL-SCRIPTS","HYPERON-EXPERIMENTAL-SCRIPTS",""
"","30000","metta-wam-issue-116.test_spo_116378","","Fri Nov 15 22:59:53 GMT 2024","passed","Fri Nov 15 23:00:23 GMT 2024","","WHOLE-TESTS","WHOLE-TESTS",""
"","8000","anti-regression.test_if_closed","","Fri Nov 15 22:59:53 GMT 2024","passed","Fri Nov 15 23:00:01 GMT 2024","","WHOLE-TESTS","WHOLE-TESTS",""
"","5","SEALED-TEST.10","","Fri Nov 15 23:08:11 GMT 2024","passed","Fri Nov 15 23:08:11 GMT 2024","","HYPERON-METTALOG-SANITY","HYPERON-METTALOG-SANITY",""
"","2","CONSOLE-OUTPUT-AND-DEBUGGING---METTA-LANGUAGE4.01","","Fri Nov 15 23:18:33 GMT 2024","passed","Fri Nov 15 23:18:33 GMT 2024","","METTA-LANG","METTA-LANG",""
"","15","MATCH-VOID.05","","Fri Nov 15 23:39:29 GMT 2024","passed","Fri Nov 15 23:39:29 GMT 2024","","METTA-MORPH-TESTS","METTA-MORPH-TESTS",""
"","3","CONTROL-FLOW---METTA-LANGUAGE10.01","","Fri Nov 15 23:18:33 GMT 2024","passed","Fri Nov 15 23:18:33 GMT 2024","","METTA-LANG","METTA-LANG",""
"","2","CATCH-THROW-TESTS.05","","Fri Nov 15 23:08:11 GMT 2024","passed","Fri Nov 15 23:08:11 GMT 2024","","HYPERON-METTALOG-SANITY","HYPERON-METTALOG-SANITY",""
"","3","SPACE-INTERSECTION-TESTS.04","","Fri Nov 15 23:08:11 GMT 2024","passed","Fri Nov 15 23:08:11 GMT 2024","","HYPERON-METTALOG-SANITY","HYPERON-METTALOG-SANITY",""
"","2","EVAL-FOR-TESTS.09","","Fri Nov 15 23:08:11 GMT 2024","passed","Fri Nov 15 23:08:11 GMT 2024","","HYPERON-METTALOG-SANITY","HYPERON-METTALOG-SANITY",""
"","3","RECURSION-AND-CONTROL---METTA-LANGUAGE3.06","","Fri Nov 15 23:18:33 GMT 2024","passed","Fri Nov 15 23:18:33 GMT 2024","","METTA-LANG","METTA-LANG",""
"","8000","hyperon-mettalog_sanity.03-soring-via-insert","","Fri Nov 15 22:59:53 GMT 2024","passed","Fri Nov 15 23:00:01 GMT 2024","","WHOLE-TESTS","WHOLE-TESTS",""
"","1","F1-MODULEA.08","","Fri Nov 15 23:04:54 GMT 2024","passed","Fri Nov 15 23:04:54 GMT 2024","","HYPERON-EXPERIMENTAL-SCRIPTS","HYPERON-EXPERIMENTAL-SCRIPTS",""
"","3","METATYPES---METTA-LANGUAGE4.01","","Fri Nov 15 23:18:33 GMT 2024","passed","Fri Nov 15 23:18:33 GMT 2024","","METTA-LANG","METTA-LANG",""
"","2","CONTROLLING-PATTERN-MATCHING---METTA-LANGUAGE12.05","","Fri Nov 15 23:18:33 GMT 2024","passed","Fri Nov 15 23:18:33 GMT 2024","","METTA-LANG","METTA-LANG",""
"","50","BASIC-GROUNDED-FUNCTIONS---METTA-LANGUAGE5.03","","Fri Nov 15 23:18:33 GMT 2024","failed","Fri Nov 15 23:18:33 GMT 2024","","METTA-LANG","METTA-LANG",""
"","177","CONTROLLING-PATTERN-MATCHING---METTA-LANGUAGE12.08","","Fri Nov 15 23:18:33 GMT 2024","failed","Fri Nov 15 23:18:33 GMT 2024","","METTA-LANG","METTA-LANG",""
"","9","CONTROLLING-PATTERN-MATCHING---METTA-LANGUAGE6.01","","Fri Nov 15 23:18:33 GMT 2024","failed","Fri Nov 15 23:18:33 GMT 2024","","METTA-LANG","METTA-LANG",""
"","2","CONTROL-FLOW---METTA-LANGUAGE13.02","","Fri Nov 15 23:18:33 GMT 2024","passed","Fri Nov 15 23:18:33 GMT 2024","","METTA-LANG","METTA-LANG",""
"","8000","metta_lang.Control_flow___MeTTa_Language4","","Fri Nov 15 22:59:53 GMT 2024","passed","Fri Nov 15 23:00:01 GMT 2024","","WHOLE-TESTS","WHOLE-TESTS",""
"","2","E2-STATES.09","","Fri Nov 15 23:04:54 GMT 2024","passed","Fri Nov 15 23:04:54 GMT 2024","","HYPERON-EXPERIMENTAL-SCRIPTS","HYPERON-EXPERIMENTAL-SCRIPTS",""
"","3","BCHAIN.06","","Fri Nov 15 23:00:02 GMT 2024","passed","Fri Nov 15 23:00:02 GMT 2024","","ANTI-REGRESSION","ANTI-REGRESSION",""
"","2","UNIQUE-TEST.04","","Fri Nov 15 23:08:11 GMT 2024","passed","Fri Nov 15 23:08:11 GMT 2024","","HYPERON-METTALOG-SANITY","HYPERON-METTALOG-SANITY",""
"","2","A1-SYMBOLS.04","","Fri Nov 15 23:04:54 GMT 2024","passed","Fri Nov 15 23:04:54 GMT 2024","","HYPERON-EXPERIMENTAL-SCRIPTS","HYPERON-EXPERIMENTAL-SCRIPTS",""
"","1","B2-BACKCHAIN.03","","Fri Nov 15 23:04:54 GMT 2024","passed","Fri Nov 15 23:04:54 GMT 2024","","HYPERON-EXPERIMENTAL-SCRIPTS","HYPERON-EXPERIMENTAL-SCRIPTS",""
"","5","WORKING-WITH-SPACES---METTA-LANGUAGE9.01","","Fri Nov 15 23:18:33 GMT 2024","passed","Fri Nov 15 23:18:33 GMT 2024","","METTA-LANG","METTA-LANG",""
"","2","SUBTRACTION-TEST.10","","Fri Nov 15 23:08:11 GMT 2024","passed","Fri Nov 15 23:08:11 GMT 2024","","HYPERON-METTALOG-SANITY","HYPERON-METTALOG-SANITY",""
"","2","METTALOGTESTCURRIED2.03","","Fri Nov 15 23:00:02 GMT 2024","passed","Fri Nov 15 23:00:02 GMT 2024","","ANTI-REGRESSION","ANTI-REGRESSION",""
"","3","D1-GADT.03","","Fri Nov 15 23:43:33 GMT 2024","passed","Fri Nov 15 23:43:33 GMT 2024","","QUICK","QUICK",""
"","2","FIRST-ANSWER.01","","Fri Nov 15 23:08:11 GMT 2024","passed","Fri Nov 15 23:08:11 GMT 2024","","HYPERON-METTALOG-SANITY","HYPERON-METTALOG-SANITY",""
"","2","C1-GROUNDED-BASIC.04","","Fri Nov 15 23:43:33 GMT 2024","passed","Fri Nov 15 23:43:33 GMT 2024","","QUICK","QUICK",""
"","115","MINIMAL-METTA-TESTS.28","","Fri Nov 15 23:08:11 GMT 2024","failed","Fri Nov 15 23:08:11 GMT 2024","","HYPERON-METTALOG-SANITY","HYPERON-METTALOG-SANITY",""
"","3","CONTROLLING-PATTERN-MATCHING---METTA-LANGUAGE12.16","","Fri Nov 15 23:18:33 GMT 2024","passed","Fri Nov 15 23:18:33 GMT 2024","","METTA-LANG","METTA-LANG",""
"","63","E2-STATES.08","","Fri Nov 15 23:04:54 GMT 2024","failed","Fri Nov 15 23:04:54 GMT 2024","","HYPERON-EXPERIMENTAL-SCRIPTS","HYPERON-EXPERIMENTAL-SCRIPTS",""
"","2","CONTROLLING-PATTERN-MATCHING---METTA-LANGUAGE12.10","","Fri Nov 15 23:18:33 GMT 2024","passed","Fri Nov 15 23:18:33 GMT 2024","","METTA-LANG","METTA-LANG",""
"","3","SUBTRACTION-TEST.07","","Fri Nov 15 23:08:11 GMT 2024","passed","Fri Nov 15 23:08:11 GMT 2024","","HYPERON-METTALOG-SANITY","HYPERON-METTALOG-SANITY",""
"","3","BASIC-EVALUATION---METTA-LANGUAGE7.01","","Fri Nov 15 23:18:33 GMT 2024","passed","Fri Nov 15 23:18:33 GMT 2024","","METTA-LANG","METTA-LANG",""
"","2","HANDLING-NONDETERMINISTIC-RESULTS---METTA-LANGUAGE8.02","","Fri Nov 15 23:18:33 GMT 2024","passed","Fri Nov 15 23:18:33 GMT 2024","","METTA-LANG","METTA-LANG",""
"","8000","metta_lang.Concrete_types___MeTTa_Language5","","Fri Nov 15 22:59:53 GMT 2024","passed","Fri Nov 15 23:00:01 GMT 2024","","WHOLE-TESTS","WHOLE-TESTS",""
"","3","00-LANG-CASE.13","","Fri Nov 15 23:08:11 GMT 2024","passed","Fri Nov 15 23:08:11 GMT 2024","","HYPERON-METTALOG-SANITY","HYPERON-METTALOG-SANITY",""
"","5","LET-SUPERPOSE-IF-CASE.01","","Fri Nov 15 23:39:29 GMT 2024","passed","Fri Nov 15 23:39:29 GMT 2024","","METTA-MORPH-TESTS","METTA-MORPH-TESTS",""
"","2","F1-IMPORTS.01","","Fri Nov 15 23:43:33 GMT 2024","passed","Fri Nov 15 23:43:33 GMT 2024","","QUICK","QUICK",""
"","2","SUPERCOLLAPSE.04","","Fri Nov 15 23:39:29 GMT 2024","passed","Fri Nov 15 23:39:29 GMT 2024","","METTA-MORPH-TESTS","METTA-MORPH-TESTS",""
"","14","D1-GADT.13","","Fri Nov 15 23:04:54 GMT 2024","passed","Fri Nov 15 23:04:54 GMT 2024","","HYPERON-EXPERIMENTAL-SCRIPTS","HYPERON-EXPERIMENTAL-SCRIPTS",""
"","3","CONTROL-FLOW---METTA-LANGUAGE13.01","","Fri Nov 15 23:18:33 GMT 2024","passed","Fri Nov 15 23:18:33 GMT 2024","","METTA-LANG","METTA-LANG",""
"","1","SUPERPOSE-NESTED.02","","Fri Nov 15 23:39:29 GMT 2024","passed","Fri Nov 15 23:39:29 GMT 2024","","METTA-MORPH-TESTS","METTA-MORPH-TESTS",""
"","2","HYPERPOSE.06","","Fri Nov 15 23:39:29 GMT 2024","passed","Fri Nov 15 23:39:29 GMT 2024","","METTA-MORPH-TESTS","METTA-MORPH-TESTS",""
"","16","00-LANG-CASE.12","","Fri Nov 15 23:08:11 GMT 2024","passed","Fri Nov 15 23:08:11 GMT 2024","","HYPERON-METTALOG-SANITY","HYPERON-METTALOG-SANITY",""
"","8000","metta-morph_tests.match_void","","Fri Nov 15 22:59:53 GMT 2024","passed","Fri Nov 15 23:00:01 GMT 2024","","WHOLE-TESTS","WHOLE-TESTS",""
"","42000","metta_lang.Nested_queries_and_recursive_graph_traversal___MeTTa_Language3","","Fri Nov 15 22:59:53 GMT 2024","failed","Fri Nov 15 23:00:35 GMT 2024","","WHOLE-TESTS","WHOLE-TESTS",""
"","9000","hyperon-mettalog_sanity.minimal_metta_tests","","Fri Nov 15 22:59:53 GMT 2024","passed","Fri Nov 15 23:00:02 GMT 2024","","WHOLE-TESTS","WHOLE-TESTS",""
"","9000","metta-morph_tests.supercollapse","","Fri Nov 15 22:59:53 GMT 2024","passed","Fri Nov 15 23:00:02 GMT 2024","","WHOLE-TESTS","WHOLE-TESTS",""
"","3","FREE-VARIABLES-AND-NONDETERMINISM-AGAIN,-RECURSIVELY---METTA-LANGUAGE1.01","","Fri Nov 15 23:18:33 GMT 2024","passed","Fri Nov 15 23:18:33 GMT 2024","","METTA-LANG","METTA-LANG",""
"","1","B5-TYPES-PRELIM.21","","Fri Nov 15 23:04:54 GMT 2024","passed","Fri Nov 15 23:04:54 GMT 2024","","HYPERON-EXPERIMENTAL-SCRIPTS","HYPERON-EXPERIMENTAL-SCRIPTS",""
"","85","CONCRETE-TYPES---METTA-LANGUAGE13.04","","Fri Nov 15 23:18:33 GMT 2024","failed","Fri Nov 15 23:18:33 GMT 2024","","METTA-LANG","METTA-LANG",""
"","151","WORKING-WITH-SPACES---METTA-LANGUAGE1.10","","Fri Nov 15 23:18:33 GMT 2024","failed","Fri Nov 15 23:18:33 GMT 2024","","METTA-LANG","METTA-LANG",""
"","3","C2-SPACES.01","","Fri Nov 15 23:04:54 GMT 2024","passed","Fri Nov 15 23:04:54 GMT 2024","","HYPERON-EXPERIMENTAL-SCRIPTS","HYPERON-EXPERIMENTAL-SCRIPTS",""
"","1","METATYPES---METTA-LANGUAGE7.02","","Fri Nov 15 23:18:33 GMT 2024","passed","Fri Nov 15 23:18:33 GMT 2024","","METTA-LANG","METTA-LANG",""
"","8000","metta-morph_tests.factorial","","Fri Nov 15 22:59:53 GMT 2024","passed","Fri Nov 15 23:00:01 GMT 2024","","WHOLE-TESTS","WHOLE-TESTS",""
"","9000","metta_lang.Basic_grounded_functions___MeTTa_Language7","","Fri Nov 15 22:59:53 GMT 2024","passed","Fri Nov 15 23:00:02 GMT 2024","","WHOLE-TESTS","WHOLE-TESTS",""
"","9000","metta_lang.Control_flow___MeTTa_Language9","","Fri Nov 15 22:59:53 GMT 2024","passed","Fri Nov 15 23:00:02 GMT 2024","","WHOLE-TESTS","WHOLE-TESTS",""
"","9000","metta_lang.Metatypes___MeTTa_Language1","","Fri Nov 15 22:59:53 GMT 2024","passed","Fri Nov 15 23:00:02 GMT 2024","","WHOLE-TESTS","WHOLE-TESTS",""
"","1","C1-GROUNDED-BASIC.17","","Fri Nov 15 23:43:33 GMT 2024","passed","Fri Nov 15 23:43:33 GMT 2024","","QUICK","QUICK",""
"","1","C1-GROUNDED-BASIC.16","","Fri Nov 15 23:04:54 GMT 2024","passed","Fri Nov 15 23:04:54 GMT 2024","","HYPERON-EXPERIMENTAL-SCRIPTS","HYPERON-EXPERIMENTAL-SCRIPTS",""
"","24","WORKING-WITH-SPACES---METTA-LANGUAGE16.02","","Fri Nov 15 23:18:33 GMT 2024","failed","Fri Nov 15 23:18:33 GMT 2024","","METTA-LANG","METTA-LANG",""
"","115","BASIC-EVALUATION---METTA-LANGUAGE11.02","","Fri Nov 15 23:18:33 GMT 2024","passed","Fri Nov 15 23:18:33 GMT 2024","","METTA-LANG","METTA-LANG",""
"","3","00-LANG-CASE.15","","Fri Nov 15 23:08:11 GMT 2024","passed","Fri Nov 15 23:08:11 GMT 2024","","HYPERON-METTALOG-SANITY","HYPERON-METTALOG-SANITY",""
"","2","B1-EQUAL-CHAIN.05","","Fri Nov 15 23:04:54 GMT 2024","passed","Fri Nov 15 23:04:54 GMT 2024","","HYPERON-EXPERIMENTAL-SCRIPTS","HYPERON-EXPERIMENTAL-SCRIPTS",""
"","1","METTALOGTESTCURRIED2.04","","Fri Nov 15 23:00:02 GMT 2024","passed","Fri Nov 15 23:00:02 GMT 2024","","ANTI-REGRESSION","ANTI-REGRESSION",""
"","14","D1-GADT.09","","Fri Nov 15 23:04:54 GMT 2024","passed","Fri Nov 15 23:04:54 GMT 2024","","HYPERON-EXPERIMENTAL-SCRIPTS","HYPERON-EXPERIMENTAL-SCRIPTS",""
"","3","A3-TWOSIDE.01","","Fri Nov 15 23:04:54 GMT 2024","passed","Fri Nov 15 23:04:54 GMT 2024","","HYPERON-EXPERIMENTAL-SCRIPTS","HYPERON-EXPERIMENTAL-SCRIPTS",""
"","3","PRINT-GRAPH.04","","Fri Nov 15 23:02:57 GMT 2024","passed","Fri Nov 15 23:02:57 GMT 2024","","METTA-WAM-ISSUE-145","METTA-WAM-ISSUE-145",""
"","4","OPERATIONS-OVER-ATOMS---METTA-LANGUAGE8.01","","Fri Nov 15 23:18:33 GMT 2024","passed","Fri Nov 15 23:18:33 GMT 2024","","METTA-LANG","METTA-LANG",""
"","2","FUNCTIONS-AND-UNIFICATION---METTA-LANGUAGE3.03","","Fri Nov 15 23:18:33 GMT 2024","passed","Fri Nov 15 23:18:33 GMT 2024","","METTA-LANG","METTA-LANG",""
"","75","MINIMAL-METTA-TESTS.23","","Fri Nov 15 23:08:11 GMT 2024","passed","Fri Nov 15 23:08:11 GMT 2024","","HYPERON-METTALOG-SANITY","HYPERON-METTALOG-SANITY",""
"","3","00-LANG-CASE.17","","Fri Nov 15 23:08:11 GMT 2024","passed","Fri Nov 15 23:08:11 GMT 2024","","HYPERON-METTALOG-SANITY","HYPERON-METTALOG-SANITY",""
"","3","CONTROL-FLOW---METTA-LANGUAGE16.01","","Fri Nov 15 23:18:33 GMT 2024","passed","Fri Nov 15 23:18:33 GMT 2024","","METTA-LANG","METTA-LANG",""
"","2","00-LANG-CASE.05","","Fri Nov 15 23:08:11 GMT 2024","passed","Fri Nov 15 23:08:11 GMT 2024","","HYPERON-METTALOG-SANITY","HYPERON-METTALOG-SANITY",""
"","112","CONCRETE-TYPES---METTA-LANGUAGE13.03","","Fri Nov 15 23:18:33 GMT 2024","failed","Fri Nov 15 23:18:33 GMT 2024","","METTA-LANG","METTA-LANG",""
"","1","CATCH-THROW-TESTS.03","","Fri Nov 15 23:08:11 GMT 2024","passed","Fri Nov 15 23:08:11 GMT 2024","","HYPERON-METTALOG-SANITY","HYPERON-METTALOG-SANITY",""
"","1","D1-GADT.07","","Fri Nov 15 23:04:54 GMT 2024","passed","Fri Nov 15 23:04:54 GMT 2024","","HYPERON-EXPERIMENTAL-SCRIPTS","HYPERON-EXPERIMENTAL-SCRIPTS",""
"","3","SEQUENTIAL-NESTED.08","","Fri Nov 15 23:39:29 GMT 2024","passed","Fri Nov 15 23:39:29 GMT 2024","","METTA-MORPH-TESTS","METTA-MORPH-TESTS",""
"","9000","metta_lang.Basic_grounded_functions___MeTTa_Language3","","Fri Nov 15 22:59:53 GMT 2024","passed","Fri Nov 15 23:00:02 GMT 2024","","WHOLE-TESTS","WHOLE-TESTS",""
"","2","FREE-VARIABLES-AND-NONDETERMINISM-AGAIN,-RECURSIVELY---METTA-LANGUAGE1.03","","Fri Nov 15 23:18:33 GMT 2024","passed","Fri Nov 15 23:18:33 GMT 2024","","METTA-LANG","METTA-LANG",""
"","2","RECURSION-AND-CONTROL---METTA-LANGUAGE2.04","","Fri Nov 15 23:18:33 GMT 2024","passed","Fri Nov 15 23:18:33 GMT 2024","","METTA-LANG","METTA-LANG",""
"","8000","hyperon-experimental_scripts.e3_match_states","","Fri Nov 15 22:59:53 GMT 2024","passed","Fri Nov 15 23:00:01 GMT 2024","","WHOLE-TESTS","WHOLE-TESTS",""
"","4","SEALED-TEST.07","","Fri Nov 15 23:08:11 GMT 2024","passed","Fri Nov 15 23:08:11 GMT 2024","","HYPERON-METTALOG-SANITY","HYPERON-METTALOG-SANITY",""
"","9000","metta_lang.Concrete_types___MeTTa_Language4","","Fri Nov 15 22:59:53 GMT 2024","passed","Fri Nov 15 23:00:02 GMT 2024","","WHOLE-TESTS","WHOLE-TESTS",""
"","1","MATCH-SUPERPOSED-SPACES.02","","Fri Nov 15 23:39:29 GMT 2024","passed","Fri Nov 15 23:39:29 GMT 2024","","METTA-MORPH-TESTS","METTA-MORPH-TESTS",""
"","2","XOR-TEST.03","","Fri Nov 15 23:08:11 GMT 2024","passed","Fri Nov 15 23:08:11 GMT 2024","","HYPERON-METTALOG-SANITY","HYPERON-METTALOG-SANITY",""
"","9000","anti-regression.bchain","","Fri Nov 15 22:59:53 GMT 2024","passed","Fri Nov 15 23:00:02 GMT 2024","","WHOLE-TESTS","WHOLE-TESTS",""
"","1","CONCRETE-TYPES---METTA-LANGUAGE1.02","","Fri Nov 15 23:18:33 GMT 2024","passed","Fri Nov 15 23:18:33 GMT 2024","","METTA-LANG","METTA-LANG",""
"","2","METATYPES---METTA-LANGUAGE9.02","","Fri Nov 15 23:18:33 GMT 2024","passed","Fri Nov 15 23:18:33 GMT 2024","","METTA-LANG","METTA-LANG",""
"","3","BASIC-EVALUATION---METTA-LANGUAGE2.01","","Fri Nov 15 23:18:33 GMT 2024","passed","Fri Nov 15 23:18:33 GMT 2024","","METTA-LANG","METTA-LANG",""
"","2","QUERYING-SPACE-CONTENT---METTA-LANGUAGE2.04","","Fri Nov 15 23:18:33 GMT 2024","passed","Fri Nov 15 23:18:33 GMT 2024","","METTA-LANG","METTA-LANG",""
"","2","HANDLING-NONDETERMINISTIC-RESULTS---METTA-LANGUAGE8.05","","Fri Nov 15 23:18:33 GMT 2024","passed","Fri Nov 15 23:18:33 GMT 2024","","METTA-LANG","METTA-LANG",""
"","3","CONCRETE-TYPES---METTA-LANGUAGE3.01","","Fri Nov 15 23:18:33 GMT 2024","passed","Fri Nov 15 23:18:33 GMT 2024","","METTA-LANG","METTA-LANG",""
"","2","IF.01","","Fri Nov 15 23:39:29 GMT 2024","passed","Fri Nov 15 23:39:29 GMT 2024","","METTA-MORPH-TESTS","METTA-MORPH-TESTS",""
"","1","STRING-TESTS.03","","Fri Nov 15 23:08:11 GMT 2024","passed","Fri Nov 15 23:08:11 GMT 2024","","HYPERON-METTALOG-SANITY","HYPERON-METTALOG-SANITY",""
"","8000","hyperon-mettalog_sanity.sealed_test","","Fri Nov 15 22:59:53 GMT 2024","passed","Fri Nov 15 23:00:01 GMT 2024","","WHOLE-TESTS","WHOLE-TESTS",""
"","2","CONTROL-FLOW---METTA-LANGUAGE10.03","","Fri Nov 15 23:18:33 GMT 2024","passed","Fri Nov 15 23:18:33 GMT 2024","","METTA-LANG","METTA-LANG",""
"","4","SEALED-TEST.02","","Fri Nov 15 23:08:11 GMT 2024","passed","Fri Nov 15 23:08:11 GMT 2024","","HYPERON-METTALOG-SANITY","HYPERON-METTALOG-SANITY",""
"","256","TIME-SYNTHESIZE-SHORT.01","","Fri Nov 15 23:15:42 GMT 2024","passed","Fri Nov 15 23:15:42 GMT 2024","","SYNTH-BUFFER","SYNTH-BUFFER",""
"","124","EVAL-FOR-TESTS.01","","Fri Nov 15 23:08:11 GMT 2024","failed","Fri Nov 15 23:08:11 GMT 2024","","HYPERON-METTALOG-SANITY","HYPERON-METTALOG-SANITY",""
"","5","D3-DEPTYPES.01","","Fri Nov 15 23:04:54 GMT 2024","passed","Fri Nov 15 23:04:54 GMT 2024","","HYPERON-EXPERIMENTAL-SCRIPTS","HYPERON-EXPERIMENTAL-SCRIPTS",""
"","149","SPACE-SUBTRACTION-TESTS.08","","Fri Nov 15 23:08:11 GMT 2024","passed","Fri Nov 15 23:08:11 GMT 2024","","HYPERON-METTALOG-SANITY","HYPERON-METTALOG-SANITY",""
"","4","CALL-TESTS.01","","Fri Nov 15 23:08:11 GMT 2024","passed","Fri Nov 15 23:08:11 GMT 2024","","HYPERON-METTALOG-SANITY","HYPERON-METTALOG-SANITY",""
"","5","CONCRETE-TYPES---METTA-LANGUAGE10.01","","Fri Nov 15 23:18:33 GMT 2024","passed","Fri Nov 15 23:18:33 GMT 2024","","METTA-LANG","METTA-LANG",""
"","8000","quick.d1_gadt","","Fri Nov 15 22:59:53 GMT 2024","passed","Fri Nov 15 23:00:01 GMT 2024","","WHOLE-TESTS","WHOLE-TESTS",""
"","3","METATYPES---METTA-LANGUAGE2.02","","Fri Nov 15 23:18:33 GMT 2024","passed","Fri Nov 15 23:18:33 GMT 2024","","METTA-LANG","METTA-LANG",""
"","2","FUNCTIONAL-PROGRAMMING-TESTS.05","","Fri Nov 15 23:08:11 GMT 2024","passed","Fri Nov 15 23:08:11 GMT 2024","","HYPERON-METTALOG-SANITY","HYPERON-METTALOG-SANITY",""
"","2","HANDLING-NONDETERMINISTIC-RESULTS---METTA-LANGUAGE5.03","","Fri Nov 15 23:18:33 GMT 2024","passed","Fri Nov 15 23:18:33 GMT 2024","","METTA-LANG","METTA-LANG",""
"","1","BASIC-GROUNDED-FUNCTIONS---METTA-LANGUAGE4.03","","Fri Nov 15 23:18:33 GMT 2024","passed","Fri Nov 15 23:18:33 GMT 2024","","METTA-LANG","METTA-LANG",""
"","3","IDENTITY.01","","Fri Nov 15 23:39:29 GMT 2024","passed","Fri Nov 15 23:39:29 GMT 2024","","METTA-MORPH-TESTS","METTA-MORPH-TESTS",""
"","4","METATYPES---METTA-LANGUAGE3.01","","Fri Nov 15 23:18:33 GMT 2024","passed","Fri Nov 15 23:18:33 GMT 2024","","METTA-LANG","METTA-LANG",""
"","8000","metta-morph_tests.identity","","Fri Nov 15 22:59:53 GMT 2024","passed","Fri Nov 15 23:00:01 GMT 2024","","WHOLE-TESTS","WHOLE-TESTS",""
"","109","B4-NONDETERM.11","","Fri Nov 15 23:04:54 GMT 2024","passed","Fri Nov 15 23:04:54 GMT 2024","","HYPERON-EXPERIMENTAL-SCRIPTS","HYPERON-EXPERIMENTAL-SCRIPTS",""
"","2","CONTROL-FLOW---METTA-LANGUAGE8.02","","Fri Nov 15 23:18:33 GMT 2024","passed","Fri Nov 15 23:18:33 GMT 2024","","METTA-LANG","METTA-LANG",""
"","2","CALL-CLEANUP-TESTS.09","","Fri Nov 15 23:08:11 GMT 2024","passed","Fri Nov 15 23:08:11 GMT 2024","","HYPERON-METTALOG-SANITY","HYPERON-METTALOG-SANITY",""
"","1","RECURSIVE-AND-PARAMETRIC-TYPES---METTA-LANGUAGE5.04","","Fri Nov 15 23:18:33 GMT 2024","passed","Fri Nov 15 23:18:33 GMT 2024","","METTA-LANG","METTA-LANG",""
"","9000","metta_lang.Recursion_and_control___MeTTa_Language5","","Fri Nov 15 22:59:53 GMT 2024","passed","Fri Nov 15 23:00:02 GMT 2024","","WHOLE-TESTS","WHOLE-TESTS",""
"","2","INTERSECTION-TESTS.12","","Fri Nov 15 23:08:11 GMT 2024","passed","Fri Nov 15 23:08:11 GMT 2024","","HYPERON-METTALOG-SANITY","HYPERON-METTALOG-SANITY",""
"","1","WORKING-WITH-SPACES---METTA-LANGUAGE3.04","","Fri Nov 15 23:18:33 GMT 2024","passed","Fri Nov 15 23:18:33 GMT 2024","","METTA-LANG","METTA-LANG",""
"","4","CONTROL-FLOW---METTA-LANGUAGE7.01","","Fri Nov 15 23:18:33 GMT 2024","passed","Fri Nov 15 23:18:33 GMT 2024","","METTA-LANG","METTA-LANG",""
"","68","EVAL-FOR-TESTS.02","","Fri Nov 15 23:08:11 GMT 2024","failed","Fri Nov 15 23:08:11 GMT 2024","","HYPERON-METTALOG-SANITY","HYPERON-METTALOG-SANITY",""
"","3","CONTROL-FLOW---METTA-LANGUAGE16.06","","Fri Nov 15 23:18:33 GMT 2024","passed","Fri Nov 15 23:18:33 GMT 2024","","METTA-LANG","METTA-LANG",""
"","11000","metta-morph_tests.nalifier","","Fri Nov 15 22:59:53 GMT 2024","passed","Fri Nov 15 23:00:04 GMT 2024","","WHOLE-TESTS","WHOLE-TESTS",""
"","3","OPERATIONS-OVER-ATOMS---METTA-LANGUAGE9.02","","Fri Nov 15 23:18:33 GMT 2024","passed","Fri Nov 15 23:18:33 GMT 2024","","METTA-LANG","METTA-LANG",""
"","9000","metta-morph_tests.hyperpose","","Fri Nov 15 22:59:53 GMT 2024","passed","Fri Nov 15 23:00:02 GMT 2024","","WHOLE-TESTS","WHOLE-TESTS",""
"","80","BASE-TEST-REPR-PARSE-INTERSECTION.02","","Fri Nov 15 23:08:11 GMT 2024","passed","Fri Nov 15 23:08:11 GMT 2024","","HYPERON-METTALOG-SANITY","HYPERON-METTALOG-SANITY",""
"","8","D1-GADT.04","","Fri Nov 15 23:04:54 GMT 2024","passed","Fri Nov 15 23:04:54 GMT 2024","","HYPERON-EXPERIMENTAL-SCRIPTS","HYPERON-EXPERIMENTAL-SCRIPTS",""
"","3","FLIP-TEST.01","","Fri Nov 15 23:08:11 GMT 2024","passed","Fri Nov 15 23:08:11 GMT 2024","","HYPERON-METTALOG-SANITY","HYPERON-METTALOG-SANITY",""
"","42000","anti-regression.mettalogTestCurried","","Fri Nov 15 22:59:53 GMT 2024","failed","Fri Nov 15 23:00:35 GMT 2024","","WHOLE-TESTS","WHOLE-TESTS",""
"","2","CONTROL-FLOW---METTA-LANGUAGE16.04","","Fri Nov 15 23:18:33 GMT 2024","passed","Fri Nov 15 23:18:33 GMT 2024","","METTA-LANG","METTA-LANG",""
"","1","LIMIT-TESTS.11","","Fri Nov 15 23:08:11 GMT 2024","passed","Fri Nov 15 23:08:11 GMT 2024","","HYPERON-METTALOG-SANITY","HYPERON-METTALOG-SANITY",""
"","1","IS-SPACE.03","","Fri Nov 15 23:08:11 GMT 2024","passed","Fri Nov 15 23:08:11 GMT 2024","","HYPERON-METTALOG-SANITY","HYPERON-METTALOG-SANITY",""
"","3","D2-HIGHERFUNC.01","","Fri Nov 15 23:04:54 GMT 2024","passed","Fri Nov 15 23:04:54 GMT 2024","","HYPERON-EXPERIMENTAL-SCRIPTS","HYPERON-EXPERIMENTAL-SCRIPTS",""
"","9000","hyperon-experimental_scripts.d3_deptypes","","Fri Nov 15 22:59:53 GMT 2024","passed","Fri Nov 15 23:00:02 GMT 2024","","WHOLE-TESTS","WHOLE-TESTS",""
"","9000","hyperon-mettalog_sanity.first_answer_long","","Fri Nov 15 22:59:53 GMT 2024","passed","Fri Nov 15 23:00:02 GMT 2024","","WHOLE-TESTS","WHOLE-TESTS",""
"","2","STRING-TESTS.16","","Fri Nov 15 23:08:11 GMT 2024","passed","Fri Nov 15 23:08:11 GMT 2024","","HYPERON-METTALOG-SANITY","HYPERON-METTALOG-SANITY",""
"","2","CONTROLLING-PATTERN-MATCHING---METTA-LANGUAGE12.14","","Fri Nov 15 23:18:33 GMT 2024","passed","Fri Nov 15 23:18:33 GMT 2024","","METTA-LANG","METTA-LANG",""
"","3","CONTROLLING-PATTERN-MATCHING---METTA-LANGUAGE7.01","","Fri Nov 15 23:18:33 GMT 2024","passed","Fri Nov 15 23:18:33 GMT 2024","","METTA-LANG","METTA-LANG",""
"","2","COLLAPSE.01","","Fri Nov 15 23:39:29 GMT 2024","passed","Fri Nov 15 23:39:29 GMT 2024","","METTA-MORPH-TESTS","METTA-MORPH-TESTS",""
"","2","TESTS0.04","","Fri Nov 15 23:39:29 GMT 2024","passed","Fri Nov 15 23:39:29 GMT 2024","","METTA-MORPH-TESTS","METTA-MORPH-TESTS",""
"","8000","hyperon-mettalog_sanity.first_answer","","Fri Nov 15 22:59:53 GMT 2024","passed","Fri Nov 15 23:00:01 GMT 2024","","WHOLE-TESTS","WHOLE-TESTS",""
"","3","LET-SUPERPOSE-LIST.01","","Fri Nov 15 23:39:29 GMT 2024","passed","Fri Nov 15 23:39:29 GMT 2024","","METTA-MORPH-TESTS","METTA-MORPH-TESTS",""
"","45","BC-COMP.06","","Fri Nov 15 23:00:02 GMT 2024","passed","Fri Nov 15 23:00:02 GMT 2024","","ANTI-REGRESSION","ANTI-REGRESSION",""
"","5","PEANO.01","","Fri Nov 15 23:39:29 GMT 2024","passed","Fri Nov 15 23:39:29 GMT 2024","","METTA-MORPH-TESTS","METTA-MORPH-TESTS",""
"","3","WORKING-WITH-SPACES---METTA-LANGUAGE1.09","","Fri Nov 15 23:18:33 GMT 2024","passed","Fri Nov 15 23:18:33 GMT 2024","","METTA-LANG","METTA-LANG",""
"","1","CALL-CLEANUP-TESTS.03","","Fri Nov 15 23:08:11 GMT 2024","passed","Fri Nov 15 23:08:11 GMT 2024","","HYPERON-METTALOG-SANITY","HYPERON-METTALOG-SANITY",""
"","6","SEALED-TEST.01","","Fri Nov 15 23:08:11 GMT 2024","passed","Fri Nov 15 23:08:11 GMT 2024","","HYPERON-METTALOG-SANITY","HYPERON-METTALOG-SANITY",""
"","2","FIND-ALL-TESTS.07","","Fri Nov 15 23:08:11 GMT 2024","passed","Fri Nov 15 23:08:11 GMT 2024","","HYPERON-METTALOG-SANITY","HYPERON-METTALOG-SANITY",""
"","1","C1-GROUNDED-BASIC.22","","Fri Nov 15 23:43:33 GMT 2024","passed","Fri Nov 15 23:43:33 GMT 2024","","QUICK","QUICK",""
"","3","COMMA-IS-NOT-SPECIAL.01","","Fri Nov 15 23:00:02 GMT 2024","passed","Fri Nov 15 23:00:02 GMT 2024","","ANTI-REGRESSION","ANTI-REGRESSION",""
"","3","CATCH-THROW-TESTS.09","","Fri Nov 15 23:08:11 GMT 2024","passed","Fri Nov 15 23:08:11 GMT 2024","","HYPERON-METTALOG-SANITY","HYPERON-METTALOG-SANITY",""
"","8000","metta_lang.Basic_evaluation___MeTTa_Language13","","Fri Nov 15 22:59:53 GMT 2024","passed","Fri Nov 15 23:00:01 GMT 2024","","WHOLE-TESTS","WHOLE-TESTS",""
"","9000","hyperon-experimental_scripts.f1_moduleA","","Fri Nov 15 22:59:53 GMT 2024","passed","Fri Nov 15 23:00:02 GMT 2024","","WHOLE-TESTS","WHOLE-TESTS",""
"","1","B2-BACKCHAIN.02","","Fri Nov 15 23:04:54 GMT 2024","passed","Fri Nov 15 23:04:54 GMT 2024","","HYPERON-EXPERIMENTAL-SCRIPTS","HYPERON-EXPERIMENTAL-SCRIPTS",""
"","1","SEQUENTIAL-NESTED.02","","Fri Nov 15 23:39:29 GMT 2024","passed","Fri Nov 15 23:39:29 GMT 2024","","METTA-MORPH-TESTS","METTA-MORPH-TESTS",""
"","3","METATYPES---METTA-LANGUAGE2.03","","Fri Nov 15 23:18:33 GMT 2024","passed","Fri Nov 15 23:18:33 GMT 2024","","METTA-LANG","METTA-LANG",""
"","2","C1-GROUNDED-BASIC.18","","Fri Nov 15 23:04:54 GMT 2024","passed","Fri Nov 15 23:04:54 GMT 2024","","HYPERON-EXPERIMENTAL-SCRIPTS","HYPERON-EXPERIMENTAL-SCRIPTS",""
"","8000","metta_lang.Concrete_types___MeTTa_Language8","","Fri Nov 15 22:59:53 GMT 2024","passed","Fri Nov 15 23:00:01 GMT 2024","","WHOLE-TESTS","WHOLE-TESTS",""
"","2","OPERATIONS-OVER-ATOMS---METTA-LANGUAGE3.02","","Fri Nov 15 23:18:33 GMT 2024","passed","Fri Nov 15 23:18:33 GMT 2024","","METTA-LANG","METTA-LANG",""
"","5","FREE-VARIABLES-AND-NONDETERMINISM-AGAIN-RECURSIVELY---METTA-LANGUAGE5.01","","Fri Nov 15 23:18:33 GMT 2024","passed","Fri Nov 15 23:18:33 GMT 2024","","METTA-LANG","METTA-LANG",""
"","3","CATCH-THROW-TESTS.10","","Fri Nov 15 23:08:11 GMT 2024","passed","Fri Nov 15 23:08:11 GMT 2024","","HYPERON-METTALOG-SANITY","HYPERON-METTALOG-SANITY",""
"","2","UNIQUE-TEST.02","","Fri Nov 15 23:08:11 GMT 2024","passed","Fri Nov 15 23:08:11 GMT 2024","","HYPERON-METTALOG-SANITY","HYPERON-METTALOG-SANITY",""
"","35","WORKING-WITH-SPACES---METTA-LANGUAGE9.06","","Fri Nov 15 23:18:33 GMT 2024","failed","Fri Nov 15 23:18:33 GMT 2024","","METTA-LANG","METTA-LANG",""
"","3","BASIC-EVALUATION---METTA-LANGUAGE14.01","","Fri Nov 15 23:18:33 GMT 2024","passed","Fri Nov 15 23:18:33 GMT 2024","","METTA-LANG","METTA-LANG",""
"","2","WORKING-WITH-SPACES---METTA-LANGUAGE3.03","","Fri Nov 15 23:18:33 GMT 2024","passed","Fri Nov 15 23:18:33 GMT 2024","","METTA-LANG","METTA-LANG",""
"","2","F1-IMPORTS.05","","Fri Nov 15 22:59:44 GMT 2024","passed","Fri Nov 15 22:59:44 GMT 2024","","MODULE-SYSTEM","MODULE-SYSTEM",""
"","8000","metta_lang.Concrete_types___MeTTa_Language3","","Fri Nov 15 22:59:53 GMT 2024","passed","Fri Nov 15 23:00:01 GMT 2024","","WHOLE-TESTS","WHOLE-TESTS",""
"","49","B5-TYPES-PRELIM.15","","Fri Nov 15 23:04:54 GMT 2024","failed","Fri Nov 15 23:04:54 GMT 2024","","HYPERON-EXPERIMENTAL-SCRIPTS","HYPERON-EXPERIMENTAL-SCRIPTS",""
"","3","RECURSIVE-AND-PARAMETRIC-TYPES---METTA-LANGUAGE5.01","","Fri Nov 15 23:18:33 GMT 2024","passed","Fri Nov 15 23:18:33 GMT 2024","","METTA-LANG","METTA-LANG",""
"","4","D1-GADT.01","","Fri Nov 15 23:43:33 GMT 2024","passed","Fri Nov 15 23:43:33 GMT 2024","","QUICK","QUICK",""
"","2","C1-GROUNDED-BASIC.20","","Fri Nov 15 23:04:54 GMT 2024","passed","Fri Nov 15 23:04:54 GMT 2024","","HYPERON-EXPERIMENTAL-SCRIPTS","HYPERON-EXPERIMENTAL-SCRIPTS",""
"","8000","metta_lang.Console_output_and_debugging___MeTTa_Language4","","Fri Nov 15 22:59:53 GMT 2024","passed","Fri Nov 15 23:00:01 GMT 2024","","WHOLE-TESTS","WHOLE-TESTS",""
"","3","PRINT-GRAPH.01","","Fri Nov 15 23:02:57 GMT 2024","passed","Fri Nov 15 23:02:57 GMT 2024","","METTA-WAM-ISSUE-145","METTA-WAM-ISSUE-145",""
"","2","RECURSIVE-AND-PARAMETRIC-TYPES---METTA-LANGUAGE3.02","","Fri Nov 15 23:18:33 GMT 2024","passed","Fri Nov 15 23:18:33 GMT 2024","","METTA-LANG","METTA-LANG",""
"","5","C1-GROUNDED-BASIC.01","","Fri Nov 15 23:04:54 GMT 2024","passed","Fri Nov 15 23:04:54 GMT 2024","","HYPERON-EXPERIMENTAL-SCRIPTS","HYPERON-EXPERIMENTAL-SCRIPTS",""
"","1","CONTROLLING-PATTERN-MATCHING---METTA-LANGUAGE4.03","","Fri Nov 15 23:18:33 GMT 2024","passed","Fri Nov 15 23:18:33 GMT 2024","","METTA-LANG","METTA-LANG",""
"","9000","metta_lang.Handling_nondeterministic_results___MeTTa_Language6","","Fri Nov 15 22:59:53 GMT 2024","passed","Fri Nov 15 23:00:02 GMT 2024","","WHOLE-TESTS","WHOLE-TESTS",""
"","3","SPACE-INTERSECTION-TESTS.05","","Fri Nov 15 23:08:11 GMT 2024","passed","Fri Nov 15 23:08:11 GMT 2024","","HYPERON-METTALOG-SANITY","HYPERON-METTALOG-SANITY",""
"","3","FUNCTIONS-AND-UNIFICATION---METTA-LANGUAGE2.01","","Fri Nov 15 23:18:33 GMT 2024","passed","Fri Nov 15 23:18:33 GMT 2024","","METTA-LANG","METTA-LANG",""
"","2","TYPES3.01","","Fri Nov 15 23:39:29 GMT 2024","passed","Fri Nov 15 23:39:29 GMT 2024","","METTA-MORPH-TESTS","METTA-MORPH-TESTS",""
"","2","SUPERCOLLAPSE.05","","Fri Nov 15 23:39:29 GMT 2024","passed","Fri Nov 15 23:39:29 GMT 2024","","METTA-MORPH-TESTS","METTA-MORPH-TESTS",""
"","2","D1-GADT.06","","Fri Nov 15 23:43:33 GMT 2024","passed","Fri Nov 15 23:43:33 GMT 2024","","QUICK","QUICK",""
"","2","RECURSIVE-AND-PARAMETRIC-TYPES---METTA-LANGUAGE7.03","","Fri Nov 15 23:18:33 GMT 2024","passed","Fri Nov 15 23:18:33 GMT 2024","","METTA-LANG","METTA-LANG",""
"","2","C1-GROUNDED-BASIC.03","","Fri Nov 15 23:04:54 GMT 2024","passed","Fri Nov 15 23:04:54 GMT 2024","","HYPERON-EXPERIMENTAL-SCRIPTS","HYPERON-EXPERIMENTAL-SCRIPTS",""
"","104","MINIMAL-METTA-TESTS.37","","Fri Nov 15 23:08:11 GMT 2024","failed","Fri Nov 15 23:08:11 GMT 2024","","HYPERON-METTALOG-SANITY","HYPERON-METTALOG-SANITY",""
"","23983","TIME-SYNTHESIZE-SHORT.02","","Fri Nov 15 23:15:42 GMT 2024","passed","Fri Nov 15 23:16:05 GMT 2024","","SYNTH-BUFFER","SYNTH-BUFFER",""
"","9000","metta-morph_tests.tests0","","Fri Nov 15 22:59:53 GMT 2024","passed","Fri Nov 15 23:00:02 GMT 2024","","WHOLE-TESTS","WHOLE-TESTS",""
"","4","F1-IMPORTS.01","","Fri Nov 15 22:59:44 GMT 2024","passed","Fri Nov 15 22:59:44 GMT 2024","","MODULE-SYSTEM","MODULE-SYSTEM",""
"","8000","metta_lang.Querying_space_content___MeTTa_Language2","","Fri Nov 15 22:59:53 GMT 2024","passed","Fri Nov 15 23:00:01 GMT 2024","","WHOLE-TESTS","WHOLE-TESTS",""
"","1","B5-TYPES-PRELIM.25","","Fri Nov 15 23:04:54 GMT 2024","passed","Fri Nov 15 23:04:54 GMT 2024","","HYPERON-EXPERIMENTAL-SCRIPTS","HYPERON-EXPERIMENTAL-SCRIPTS",""
"","2","E1-KB-WRITE.02","","Fri Nov 15 23:04:54 GMT 2024","passed","Fri Nov 15 23:04:54 GMT 2024","","HYPERON-EXPERIMENTAL-SCRIPTS","HYPERON-EXPERIMENTAL-SCRIPTS",""
"","4","OPERATIONS-OVER-ATOMS---METTA-LANGUAGE5.01","","Fri Nov 15 23:18:33 GMT 2024","passed","Fri Nov 15 23:18:33 GMT 2024","","METTA-LANG","METTA-LANG",""
"","42000","hyperon-mettalog_sanity.output_load_tests","","Fri Nov 15 22:59:53 GMT 2024","failed","Fri Nov 15 23:00:35 GMT 2024","","WHOLE-TESTS","WHOLE-TESTS",""
"","2","INTERSECTION-TESTS.11","","Fri Nov 15 23:08:11 GMT 2024","passed","Fri Nov 15 23:08:11 GMT 2024","","HYPERON-METTALOG-SANITY","HYPERON-METTALOG-SANITY",""
"","8000","metta_lang.Basic_evaluation___MeTTa_Language4","","Fri Nov 15 22:59:53 GMT 2024","passed","Fri Nov 15 23:00:01 GMT 2024","","WHOLE-TESTS","WHOLE-TESTS",""
"","3","F1-MODULEA.02","","Fri Nov 15 23:04:54 GMT 2024","passed","Fri Nov 15 23:04:54 GMT 2024","","HYPERON-EXPERIMENTAL-SCRIPTS","HYPERON-EXPERIMENTAL-SCRIPTS",""
"","5","OR-TEST.11","","Fri Nov 15 23:08:11 GMT 2024","passed","Fri Nov 15 23:08:11 GMT 2024","","HYPERON-METTALOG-SANITY","HYPERON-METTALOG-SANITY",""
"","4","INTERSECTION-TESTS.01","","Fri Nov 15 23:08:11 GMT 2024","passed","Fri Nov 15 23:08:11 GMT 2024","","HYPERON-METTALOG-SANITY","HYPERON-METTALOG-SANITY",""
"","8","MINIMAL-METTA-TESTS.02","","Fri Nov 15 23:08:11 GMT 2024","failed","Fri Nov 15 23:08:11 GMT 2024","","HYPERON-METTALOG-SANITY","HYPERON-METTALOG-SANITY",""
"","1","C1-GROUNDED-BASIC.12","","Fri Nov 15 23:43:33 GMT 2024","passed","Fri Nov 15 23:43:33 GMT 2024","","QUICK","QUICK",""
"","5","SEQUENTIAL-TESTS.01","","Fri Nov 15 23:08:11 GMT 2024","passed","Fri Nov 15 23:08:11 GMT 2024","","HYPERON-METTALOG-SANITY","HYPERON-METTALOG-SANITY",""
"","2","UNIQUE-TEST.07","","Fri Nov 15 23:08:11 GMT 2024","passed","Fri Nov 15 23:08:11 GMT 2024","","HYPERON-METTALOG-SANITY","HYPERON-METTALOG-SANITY",""
"","9000","metta-morph_tests.match_superposed_spaces","","Fri Nov 15 22:59:53 GMT 2024","passed","Fri Nov 15 23:00:02 GMT 2024","","WHOLE-TESTS","WHOLE-TESTS",""
"","4","BASIC-EVALUATION---METTA-LANGUAGE9.01","","Fri Nov 15 23:18:33 GMT 2024","passed","Fri Nov 15 23:18:33 GMT 2024","","METTA-LANG","METTA-LANG",""
"","11","ARITY-TESTS.04","","Fri Nov 15 23:08:11 GMT 2024","failed","Fri Nov 15 23:08:11 GMT 2024","","HYPERON-METTALOG-SANITY","HYPERON-METTALOG-SANITY",""
"","2","SPACE-INTERSECTION-TESTS.15","","Fri Nov 15 23:08:11 GMT 2024","passed","Fri Nov 15 23:08:11 GMT 2024","","HYPERON-METTALOG-SANITY","HYPERON-METTALOG-SANITY",""
"","3","FUNCTIONAL-PROGRAMMING-TESTS.09","","Fri Nov 15 23:08:11 GMT 2024","passed","Fri Nov 15 23:08:11 GMT 2024","","HYPERON-METTALOG-SANITY","HYPERON-METTALOG-SANITY",""
"","1","CALL-TESTS.11","","Fri Nov 15 23:08:11 GMT 2024","passed","Fri Nov 15 23:08:11 GMT 2024","","HYPERON-METTALOG-SANITY","HYPERON-METTALOG-SANITY",""
"","1","SEQUENTIAL-NESTED.06","","Fri Nov 15 23:39:29 GMT 2024","passed","Fri Nov 15 23:39:29 GMT 2024","","METTA-MORPH-TESTS","METTA-MORPH-TESTS",""
"","3","F1-IMPORTS.01","","Fri Nov 15 23:04:54 GMT 2024","passed","Fri Nov 15 23:04:54 GMT 2024","","HYPERON-EXPERIMENTAL-SCRIPTS","HYPERON-EXPERIMENTAL-SCRIPTS",""
"","32","CONSOLE-OUTPUT-AND-DEBUGGING---METTA-LANGUAGE5.08","","Fri Nov 15 23:18:33 GMT 2024","failed","Fri Nov 15 23:18:33 GMT 2024","","METTA-LANG","METTA-LANG",""
"","1","STRING-TESTS.13","","Fri Nov 15 23:08:11 GMT 2024","passed","Fri Nov 15 23:08:11 GMT 2024","","HYPERON-METTALOG-SANITY","HYPERON-METTALOG-SANITY",""
"","2","CONTROLLING-PATTERN-MATCHING---METTA-LANGUAGE10.04","","Fri Nov 15 23:18:33 GMT 2024","passed","Fri Nov 15 23:18:33 GMT 2024","","METTA-LANG","METTA-LANG",""
"","1","TMPMATCH1.04","","Fri Nov 15 23:00:02 GMT 2024","passed","Fri Nov 15 23:00:02 GMT 2024","","ANTI-REGRESSION","ANTI-REGRESSION",""
"","2","F1-MODULEA.08","","Fri Nov 15 23:43:33 GMT 2024","passed","Fri Nov 15 23:43:33 GMT 2024","","QUICK","QUICK",""
"","2","STRING-TESTS.10","","Fri Nov 15 23:08:11 GMT 2024","passed","Fri Nov 15 23:08:11 GMT 2024","","HYPERON-METTALOG-SANITY","HYPERON-METTALOG-SANITY",""
"","2","C2-SPACES.03","","Fri Nov 15 23:04:54 GMT 2024","passed","Fri Nov 15 23:04:54 GMT 2024","","HYPERON-EXPERIMENTAL-SCRIPTS","HYPERON-EXPERIMENTAL-SCRIPTS",""
"","57","CONSOLE-OUTPUT-AND-DEBUGGING---METTA-LANGUAGE2.07","","Fri Nov 15 23:18:33 GMT 2024","failed","Fri Nov 15 23:18:33 GMT 2024","","METTA-LANG","METTA-LANG",""
"","2","MATCH-VOID.07","","Fri Nov 15 23:39:29 GMT 2024","passed","Fri Nov 15 23:39:29 GMT 2024","","METTA-MORPH-TESTS","METTA-MORPH-TESTS",""
"","155","BASIC-EVALUATION---METTA-LANGUAGE4.01","","Fri Nov 15 23:18:33 GMT 2024","failed","Fri Nov 15 23:18:33 GMT 2024","","METTA-LANG","METTA-LANG",""
"","9000","hyperon-mettalog_sanity.space_subtraction_tests","","Fri Nov 15 22:59:53 GMT 2024","passed","Fri Nov 15 23:00:02 GMT 2024","","WHOLE-TESTS","WHOLE-TESTS",""
"","5","FUNCTIONS-AND-UNIFICATION---METTA-LANGUAGE3.01","","Fri Nov 15 23:18:33 GMT 2024","passed","Fri Nov 15 23:18:33 GMT 2024","","METTA-LANG","METTA-LANG",""
"","2","CONTROLLING-PATTERN-MATCHING---METTA-LANGUAGE12.13","","Fri Nov 15 23:18:33 GMT 2024","passed","Fri Nov 15 23:18:33 GMT 2024","","METTA-LANG","METTA-LANG",""
"","3","00-LANG-CASE.14","","Fri Nov 15 23:08:11 GMT 2024","passed","Fri Nov 15 23:08:11 GMT 2024","","HYPERON-METTALOG-SANITY","HYPERON-METTALOG-SANITY",""
"","2","SEALED-TEST.04","","Fri Nov 15 23:08:11 GMT 2024","passed","Fri Nov 15 23:08:11 GMT 2024","","HYPERON-METTALOG-SANITY","HYPERON-METTALOG-SANITY",""
"","3","E2-STATES.06","","Fri Nov 15 23:04:54 GMT 2024","passed","Fri Nov 15 23:04:54 GMT 2024","","HYPERON-EXPERIMENTAL-SCRIPTS","HYPERON-EXPERIMENTAL-SCRIPTS",""
"","3","HANDLING-NONDETERMINISTIC-RESULTS---METTA-LANGUAGE5.01","","Fri Nov 15 23:18:33 GMT 2024","passed","Fri Nov 15 23:18:33 GMT 2024","","METTA-LANG","METTA-LANG",""
"","8000","metta_lang.Handling_nondeterministic_results___MeTTa_Language2","","Fri Nov 15 22:59:53 GMT 2024","passed","Fri Nov 15 23:00:01 GMT 2024","","WHOLE-TESTS","WHOLE-TESTS",""
"","58","RECURSIVE-AND-PARAMETRIC-TYPES---METTA-LANGUAGE4.02","","Fri Nov 15 23:18:33 GMT 2024","failed","Fri Nov 15 23:18:33 GMT 2024","","METTA-LANG","METTA-LANG",""
"","3","CATCH-THROW-TESTS.07","","Fri Nov 15 23:08:11 GMT 2024","passed","Fri Nov 15 23:08:11 GMT 2024","","HYPERON-METTALOG-SANITY","HYPERON-METTALOG-SANITY",""
"","2","STRING-TESTS.07","","Fri Nov 15 23:08:11 GMT 2024","passed","Fri Nov 15 23:08:11 GMT 2024","","HYPERON-METTALOG-SANITY","HYPERON-METTALOG-SANITY",""
"","1","C1-GROUNDED-BASIC.03","","Fri Nov 15 23:43:33 GMT 2024","passed","Fri Nov 15 23:43:33 GMT 2024","","QUICK","QUICK",""
"","2","SEQUENTIAL-TESTS.02","","Fri Nov 15 23:08:11 GMT 2024","passed","Fri Nov 15 23:08:11 GMT 2024","","HYPERON-METTALOG-SANITY","HYPERON-METTALOG-SANITY",""
"","2","OPERATIONS-OVER-ATOMS---METTA-LANGUAGE1.05","","Fri Nov 15 23:18:33 GMT 2024","passed","Fri Nov 15 23:18:33 GMT 2024","","METTA-LANG","METTA-LANG",""
"","1","OUTPUT-LOAD-TESTS.10","","Fri Nov 15 23:08:11 GMT 2024","passed","Fri Nov 15 23:08:11 GMT 2024","","HYPERON-METTALOG-SANITY","HYPERON-METTALOG-SANITY",""
"","92","B5-TYPES-PRELIM.11","","Fri Nov 15 23:04:54 GMT 2024","failed","Fri Nov 15 23:04:54 GMT 2024","","HYPERON-EXPERIMENTAL-SCRIPTS","HYPERON-EXPERIMENTAL-SCRIPTS",""
"","1","C2-SPACES.03","","Fri Nov 15 22:59:44 GMT 2024","passed","Fri Nov 15 22:59:44 GMT 2024","","MODULE-SYSTEM","MODULE-SYSTEM",""
"","4","RECURSIVE-AND-PARAMETRIC-TYPES---METTA-LANGUAGE8.01","","Fri Nov 15 23:18:33 GMT 2024","passed","Fri Nov 15 23:18:33 GMT 2024","","METTA-LANG","METTA-LANG",""
"","2","F1-IMPORTS.17","","Fri Nov 15 23:04:54 GMT 2024","passed","Fri Nov 15 23:04:54 GMT 2024","","HYPERON-EXPERIMENTAL-SCRIPTS","HYPERON-EXPERIMENTAL-SCRIPTS",""
"","1","CONTROL-FLOW---METTA-LANGUAGE10.02","","Fri Nov 15 23:18:33 GMT 2024","passed","Fri Nov 15 23:18:33 GMT 2024","","METTA-LANG","METTA-LANG",""
"","9000","metta_lang.Recursion_and_control___MeTTa_Language2","","Fri Nov 15 22:59:53 GMT 2024","passed","Fri Nov 15 23:00:02 GMT 2024","","WHOLE-TESTS","WHOLE-TESTS",""
"","2","CATCH-THROW-TESTS.01","","Fri Nov 15 23:08:11 GMT 2024","passed","Fri Nov 15 23:08:11 GMT 2024","","HYPERON-METTALOG-SANITY","HYPERON-METTALOG-SANITY",""
"","4","FUNCTIONS-AND-UNIFICATION---METTA-LANGUAGE1.01","","Fri Nov 15 23:18:33 GMT 2024","passed","Fri Nov 15 23:18:33 GMT 2024","","METTA-LANG","METTA-LANG",""
"","15","CONCRETE-TYPES---METTA-LANGUAGE5.02","","Fri Nov 15 23:18:33 GMT 2024","passed","Fri Nov 15 23:18:33 GMT 2024","","METTA-LANG","METTA-LANG",""
"","2","OUTPUT-LOAD-TESTS.14","","Fri Nov 15 23:08:11 GMT 2024","passed","Fri Nov 15 23:08:11 GMT 2024","","HYPERON-METTALOG-SANITY","HYPERON-METTALOG-SANITY",""
"","2","00-LANG-CASE.06","","Fri Nov 15 23:08:11 GMT 2024","passed","Fri Nov 15 23:08:11 GMT 2024","","HYPERON-METTALOG-SANITY","HYPERON-METTALOG-SANITY",""
"","4","MAX-TIME-TESTS.01","","Fri Nov 15 23:08:11 GMT 2024","passed","Fri Nov 15 23:08:11 GMT 2024","","HYPERON-METTALOG-SANITY","HYPERON-METTALOG-SANITY",""
"","2","BASIC-GROUNDED-FUNCTIONS---METTA-LANGUAGE3.01","","Fri Nov 15 23:18:33 GMT 2024","passed","Fri Nov 15 23:18:33 GMT 2024","","METTA-LANG","METTA-LANG",""
"","3","D2-HIGHERFUNC.02","","Fri Nov 15 23:43:33 GMT 2024","passed","Fri Nov 15 23:43:33 GMT 2024","","QUICK","QUICK",""
"","123","D5-AUTO-TYPES.04","","Fri Nov 15 23:04:54 GMT 2024","failed","Fri Nov 15 23:04:54 GMT 2024","","HYPERON-EXPERIMENTAL-SCRIPTS","HYPERON-EXPERIMENTAL-SCRIPTS",""
"","1","CONCRETE-TYPES---METTA-LANGUAGE12.02","","Fri Nov 15 23:18:33 GMT 2024","passed","Fri Nov 15 23:18:33 GMT 2024","","METTA-LANG","METTA-LANG",""
"","1","INTERSECTION-TESTS.09","","Fri Nov 15 23:08:11 GMT 2024","passed","Fri Nov 15 23:08:11 GMT 2024","","HYPERON-METTALOG-SANITY","HYPERON-METTALOG-SANITY",""
"","2","FUNCTIONS-AND-UNIFICATION---METTA-LANGUAGE7.03","","Fri Nov 15 23:18:33 GMT 2024","passed","Fri Nov 15 23:18:33 GMT 2024","","METTA-LANG","METTA-LANG",""
"","2","METATYPES---METTA-LANGUAGE1.10","","Fri Nov 15 23:18:33 GMT 2024","passed","Fri Nov 15 23:18:33 GMT 2024","","METTA-LANG","METTA-LANG",""
"","1","FUNCTIONS-AND-UNIFICATION---METTA-LANGUAGE1.04","","Fri Nov 15 23:18:33 GMT 2024","passed","Fri Nov 15 23:18:33 GMT 2024","","METTA-LANG","METTA-LANG",""
"","2","OPERATIONS-OVER-ATOMS---METTA-LANGUAGE3.03","","Fri Nov 15 23:18:33 GMT 2024","passed","Fri Nov 15 23:18:33 GMT 2024","","METTA-LANG","METTA-LANG",""
"","2","CONTROLLING-PATTERN-MATCHING---METTA-LANGUAGE12.07","","Fri Nov 15 23:18:33 GMT 2024","passed","Fri Nov 15 23:18:33 GMT 2024","","METTA-LANG","METTA-LANG",""
"","3","CONSOLE-OUTPUT-AND-DEBUGGING---METTA-LANGUAGE3.04","","Fri Nov 15 23:18:33 GMT 2024","passed","Fri Nov 15 23:18:33 GMT 2024","","METTA-LANG","METTA-LANG",""
"","10000","anti-regression.bc_comp","","Fri Nov 15 22:59:53 GMT 2024","passed","Fri Nov 15 23:00:03 GMT 2024","","WHOLE-TESTS","WHOLE-TESTS",""
"","2","FUNCTIONS-AND-UNIFICATION---METTA-LANGUAGE4.04","","Fri Nov 15 23:18:33 GMT 2024","passed","Fri Nov 15 23:18:33 GMT 2024","","METTA-LANG","METTA-LANG",""
"","3","BASIC-GROUNDED-FUNCTIONS---METTA-LANGUAGE8.01","","Fri Nov 15 23:18:33 GMT 2024","passed","Fri Nov 15 23:18:33 GMT 2024","","METTA-LANG","METTA-LANG",""
"","2","D2-HIGHERFUNC.18","","Fri Nov 15 23:43:33 GMT 2024","passed","Fri Nov 15 23:43:33 GMT 2024","","QUICK","QUICK",""
"","55","BASIC-GROUNDED-FUNCTIONS---METTA-LANGUAGE3.02","","Fri Nov 15 23:18:33 GMT 2024","failed","Fri Nov 15 23:18:33 GMT 2024","","METTA-LANG","METTA-LANG",""
"","2","HYPERPOSE.10","","Fri Nov 15 23:39:29 GMT 2024","passed","Fri Nov 15 23:39:29 GMT 2024","","METTA-MORPH-TESTS","METTA-MORPH-TESTS",""
"","58","BCHAIN-COMP.01","","Fri Nov 15 23:00:02 GMT 2024","failed","Fri Nov 15 23:00:02 GMT 2024","","ANTI-REGRESSION","ANTI-REGRESSION",""
"","1","SEQUENTIAL-NESTED.09","","Fri Nov 15 23:39:29 GMT 2024","passed","Fri Nov 15 23:39:29 GMT 2024","","METTA-MORPH-TESTS","METTA-MORPH-TESTS",""
"","2","C3-PLN-STV.03","","Fri Nov 15 23:04:54 GMT 2024","passed","Fri Nov 15 23:04:54 GMT 2024","","HYPERON-EXPERIMENTAL-SCRIPTS","HYPERON-EXPERIMENTAL-SCRIPTS",""
"","14","RECURSIVE-AND-PARAMETRIC-TYPES---METTA-LANGUAGE7.08","","Fri Nov 15 23:18:33 GMT 2024","passed","Fri Nov 15 23:18:33 GMT 2024","","METTA-LANG","METTA-LANG",""
"","2","RECURSION-AND-CONTROL---METTA-LANGUAGE5.02","","Fri Nov 15 23:18:33 GMT 2024","passed","Fri Nov 15 23:18:33 GMT 2024","","METTA-LANG","METTA-LANG",""
"","1","F1-MODULEA.04","","Fri Nov 15 23:43:33 GMT 2024","passed","Fri Nov 15 23:43:33 GMT 2024","","QUICK","QUICK",""
"","3","CONSOLE-OUTPUT-AND-DEBUGGING---METTA-LANGUAGE3.05","","Fri Nov 15 23:18:33 GMT 2024","passed","Fri Nov 15 23:18:33 GMT 2024","","METTA-LANG","METTA-LANG",""
"","8000","metta_lang.Recursive_and_parametric_types___MeTTa_Language4","","Fri Nov 15 22:59:53 GMT 2024","passed","Fri Nov 15 23:00:01 GMT 2024","","WHOLE-TESTS","WHOLE-TESTS",""
"","39","BCHAIN-COMP.03","","Fri Nov 15 23:00:02 GMT 2024","failed","Fri Nov 15 23:00:02 GMT 2024","","ANTI-REGRESSION","ANTI-REGRESSION",""
"","2","HANDLING-NONDETERMINISTIC-RESULTS---METTA-LANGUAGE6.02","","Fri Nov 15 23:18:33 GMT 2024","passed","Fri Nov 15 23:18:33 GMT 2024","","METTA-LANG","METTA-LANG",""
"","2","STRING-TESTS.09","","Fri Nov 15 23:08:11 GMT 2024","passed","Fri Nov 15 23:08:11 GMT 2024","","HYPERON-METTALOG-SANITY","HYPERON-METTALOG-SANITY",""
"","3","CONSOLE-OUTPUT-AND-DEBUGGING---METTA-LANGUAGE2.09","","Fri Nov 15 23:18:33 GMT 2024","passed","Fri Nov 15 23:18:33 GMT 2024","","METTA-LANG","METTA-LANG",""
"","2","STRING-TESTS.19","","Fri Nov 15 23:08:11 GMT 2024","passed","Fri Nov 15 23:08:11 GMT 2024","","HYPERON-METTALOG-SANITY","HYPERON-METTALOG-SANITY",""
"","71","MINIMAL-METTA-TESTS.22","","Fri Nov 15 23:08:11 GMT 2024","failed","Fri Nov 15 23:08:11 GMT 2024","","HYPERON-METTALOG-SANITY","HYPERON-METTALOG-SANITY",""
"","9000","metta_lang.Controlling_pattern_matching___MeTTa_Language12","","Fri Nov 15 22:59:53 GMT 2024","passed","Fri Nov 15 23:00:02 GMT 2024","","WHOLE-TESTS","WHOLE-TESTS",""
"","3","CONTROL-FLOW---METTA-LANGUAGE11.01","","Fri Nov 15 23:18:33 GMT 2024","passed","Fri Nov 15 23:18:33 GMT 2024","","METTA-LANG","METTA-LANG",""
"","2","CONTROL-FLOW---METTA-LANGUAGE11.04","","Fri Nov 15 23:18:33 GMT 2024","passed","Fri Nov 15 23:18:33 GMT 2024","","METTA-LANG","METTA-LANG",""
"","60","METATYPES---METTA-LANGUAGE1.06","","Fri Nov 15 23:18:33 GMT 2024","failed","Fri Nov 15 23:18:33 GMT 2024","","METTA-LANG","METTA-LANG",""
"","1","B4-NONDETERM.02","","Fri Nov 15 23:04:54 GMT 2024","passed","Fri Nov 15 23:04:54 GMT 2024","","HYPERON-EXPERIMENTAL-SCRIPTS","HYPERON-EXPERIMENTAL-SCRIPTS",""
"","2","LET-SUPERPOSE-IF-CASE.02","","Fri Nov 15 23:39:29 GMT 2024","passed","Fri Nov 15 23:39:29 GMT 2024","","METTA-MORPH-TESTS","METTA-MORPH-TESTS",""
"","9000","hyperon-mettalog_sanity.or_test","","Fri Nov 15 22:59:53 GMT 2024","passed","Fri Nov 15 23:00:02 GMT 2024","","WHOLE-TESTS","WHOLE-TESTS",""
"","2","OR-TEST.12","","Fri Nov 15 23:08:11 GMT 2024","passed","Fri Nov 15 23:08:11 GMT 2024","","HYPERON-METTALOG-SANITY","HYPERON-METTALOG-SANITY",""
"","3","STRING-TESTS.06","","Fri Nov 15 23:08:11 GMT 2024","passed","Fri Nov 15 23:08:11 GMT 2024","","HYPERON-METTALOG-SANITY","HYPERON-METTALOG-SANITY",""
"","8000","metta-morph_tests.let_superpose_if_case","","Fri Nov 15 22:59:53 GMT 2024","passed","Fri Nov 15 23:00:01 GMT 2024","","WHOLE-TESTS","WHOLE-TESTS",""
"","8000","hyperon-mettalog_sanity.01_lang_inc","","Fri Nov 15 22:59:53 GMT 2024","passed","Fri Nov 15 23:00:01 GMT 2024","","WHOLE-TESTS","WHOLE-TESTS",""
"","2","SEQUENTIAL-NESTED.05","","Fri Nov 15 23:39:29 GMT 2024","passed","Fri Nov 15 23:39:29 GMT 2024","","METTA-MORPH-TESTS","METTA-MORPH-TESTS",""
"","2","B4-NONDETERM.04","","Fri Nov 15 23:04:54 GMT 2024","passed","Fri Nov 15 23:04:54 GMT 2024","","HYPERON-EXPERIMENTAL-SCRIPTS","HYPERON-EXPERIMENTAL-SCRIPTS",""
"","2","RECURSIVE-AND-PARAMETRIC-TYPES---METTA-LANGUAGE7.05","","Fri Nov 15 23:18:33 GMT 2024","passed","Fri Nov 15 23:18:33 GMT 2024","","METTA-LANG","METTA-LANG",""
"","2","SUBTRACTION-TEST.05","","Fri Nov 15 23:08:11 GMT 2024","passed","Fri Nov 15 23:08:11 GMT 2024","","HYPERON-METTALOG-SANITY","HYPERON-METTALOG-SANITY",""
"","9000","hyperon-experimental_scripts.f1_imports","","Fri Nov 15 22:59:53 GMT 2024","passed","Fri Nov 15 23:00:02 GMT 2024","","WHOLE-TESTS","WHOLE-TESTS",""
"","2","HANDLING-NONDETERMINISTIC-RESULTS---METTA-LANGUAGE8.06","","Fri Nov 15 23:18:33 GMT 2024","passed","Fri Nov 15 23:18:33 GMT 2024","","METTA-LANG","METTA-LANG",""
"","3","STRING-TESTS.01","","Fri Nov 15 23:08:11 GMT 2024","passed","Fri Nov 15 23:08:11 GMT 2024","","HYPERON-METTALOG-SANITY","HYPERON-METTALOG-SANITY",""
"","3","D4-TYPE-PROP.11","","Fri Nov 15 23:04:54 GMT 2024","passed","Fri Nov 15 23:04:54 GMT 2024","","HYPERON-EXPERIMENTAL-SCRIPTS","HYPERON-EXPERIMENTAL-SCRIPTS",""
"","8000","metta_lang.Controlling_pattern_matching___MeTTa_Language2","","Fri Nov 15 22:59:53 GMT 2024","passed","Fri Nov 15 23:00:01 GMT 2024","","WHOLE-TESTS","WHOLE-TESTS",""
"","8","D1-GADT.05","","Fri Nov 15 23:04:54 GMT 2024","passed","Fri Nov 15 23:04:54 GMT 2024","","HYPERON-EXPERIMENTAL-SCRIPTS","HYPERON-EXPERIMENTAL-SCRIPTS",""
"","11801","TIME-SYNTHESIZE.02","","Fri Nov 15 23:15:42 GMT 2024","failed","Fri Nov 15 23:15:53 GMT 2024","","SYNTH-BUFFER","SYNTH-BUFFER",""
"","4","OPERATIONS-OVER-ATOMS---METTA-LANGUAGE4.01","","Fri Nov 15 23:18:33 GMT 2024","passed","Fri Nov 15 23:18:33 GMT 2024","","METTA-LANG","METTA-LANG",""
"","2","D2-HIGHERFUNC.06","","Fri Nov 15 23:04:54 GMT 2024","passed","Fri Nov 15 23:04:54 GMT 2024","","HYPERON-EXPERIMENTAL-SCRIPTS","HYPERON-EXPERIMENTAL-SCRIPTS",""
"","72","EVAL-FOR-TESTS.14","","Fri Nov 15 23:08:11 GMT 2024","failed","Fri Nov 15 23:08:11 GMT 2024","","HYPERON-METTALOG-SANITY","HYPERON-METTALOG-SANITY",""
"","9000","metta_lang.Working_with_spaces___MeTTa_Language2","","Fri Nov 15 22:59:53 GMT 2024","passed","Fri Nov 15 23:00:02 GMT 2024","","WHOLE-TESTS","WHOLE-TESTS",""
"","2","CONSOLE-OUTPUT-AND-DEBUGGING---METTA-LANGUAGE2.08","","Fri Nov 15 23:18:33 GMT 2024","passed","Fri Nov 15 23:18:33 GMT 2024","","METTA-LANG","METTA-LANG",""
"","3","F1-MODULEA.07","","Fri Nov 15 23:04:54 GMT 2024","passed","Fri Nov 15 23:04:54 GMT 2024","","HYPERON-EXPERIMENTAL-SCRIPTS","HYPERON-EXPERIMENTAL-SCRIPTS",""
"","2","B5-TYPES-PRELIM.07","","Fri Nov 15 23:04:54 GMT 2024","passed","Fri Nov 15 23:04:54 GMT 2024","","HYPERON-EXPERIMENTAL-SCRIPTS","HYPERON-EXPERIMENTAL-SCRIPTS",""
"","5","WORKING-WITH-SPACES---METTA-LANGUAGE6.01","","Fri Nov 15 23:18:33 GMT 2024","passed","Fri Nov 15 23:18:33 GMT 2024","","METTA-LANG","METTA-LANG",""
"","8000","metta_lang.Control_flow___MeTTa_Language11","","Fri Nov 15 22:59:53 GMT 2024","passed","Fri Nov 15 23:00:01 GMT 2024","","WHOLE-TESTS","WHOLE-TESTS",""
"","5","BASIC-GROUNDED-FUNCTIONS---METTA-LANGUAGE4.01","","Fri Nov 15 23:18:33 GMT 2024","passed","Fri Nov 15 23:18:33 GMT 2024","","METTA-LANG","METTA-LANG",""
"","2","STATES-SPACES.04","","Fri Nov 15 23:39:29 GMT 2024","passed","Fri Nov 15 23:39:29 GMT 2024","","METTA-MORPH-TESTS","METTA-MORPH-TESTS",""
"","1","D3-DEPTYPES.02","","Fri Nov 15 23:04:54 GMT 2024","passed","Fri Nov 15 23:04:54 GMT 2024","","HYPERON-EXPERIMENTAL-SCRIPTS","HYPERON-EXPERIMENTAL-SCRIPTS",""
"","4","HANDLING-NONDETERMINISTIC-RESULTS---METTA-LANGUAGE8.01","","Fri Nov 15 23:18:33 GMT 2024","passed","Fri Nov 15 23:18:33 GMT 2024","","METTA-LANG","METTA-LANG",""
"","79","SEQUENTIAL-NESTED.11","","Fri Nov 15 23:39:29 GMT 2024","passed","Fri Nov 15 23:39:29 GMT 2024","","METTA-MORPH-TESTS","METTA-MORPH-TESTS",""
"","11","WORKING-WITH-SPACES---METTA-LANGUAGE2.06","","Fri Nov 15 23:18:33 GMT 2024","failed","Fri Nov 15 23:18:33 GMT 2024","","METTA-LANG","METTA-LANG",""
"","3","XOR-TEST.05","","Fri Nov 15 23:08:11 GMT 2024","passed","Fri Nov 15 23:08:11 GMT 2024","","HYPERON-METTALOG-SANITY","HYPERON-METTALOG-SANITY",""
"","4","F1-MODULEA.01","","Fri Nov 15 22:59:44 GMT 2024","passed","Fri Nov 15 22:59:44 GMT 2024","","MODULE-SYSTEM","MODULE-SYSTEM",""
"","5","COMPILE-TESTS.01","","Fri Nov 15 23:08:11 GMT 2024","passed","Fri Nov 15 23:08:11 GMT 2024","","HYPERON-METTALOG-SANITY","HYPERON-METTALOG-SANITY",""
"","3","WORKING-WITH-SPACES---METTA-LANGUAGE6.03","","Fri Nov 15 23:18:33 GMT 2024","passed","Fri Nov 15 23:18:33 GMT 2024","","METTA-LANG","METTA-LANG",""
"","1","B5-TYPES-PRELIM.26","","Fri Nov 15 23:04:54 GMT 2024","passed","Fri Nov 15 23:04:54 GMT 2024","","HYPERON-EXPERIMENTAL-SCRIPTS","HYPERON-EXPERIMENTAL-SCRIPTS",""
"","9000","metta-morph_tests.types3","","Fri Nov 15 22:59:53 GMT 2024","passed","Fri Nov 15 23:00:02 GMT 2024","","WHOLE-TESTS","WHOLE-TESTS",""
"","2","00-LANG-CASE.16","","Fri Nov 15 23:08:11 GMT 2024","passed","Fri Nov 15 23:08:11 GMT 2024","","HYPERON-METTALOG-SANITY","HYPERON-METTALOG-SANITY",""
"","2","STRING-TESTS.11","","Fri Nov 15 23:08:11 GMT 2024","passed","Fri Nov 15 23:08:11 GMT 2024","","HYPERON-METTALOG-SANITY","HYPERON-METTALOG-SANITY",""
"","2","MAX-TIME-TESTS.03","","Fri Nov 15 23:08:11 GMT 2024","passed","Fri Nov 15 23:08:11 GMT 2024","","HYPERON-METTALOG-SANITY","HYPERON-METTALOG-SANITY",""
"","2","HANDLING-NONDETERMINISTIC-RESULTS---METTA-LANGUAGE8.12","","Fri Nov 15 23:18:33 GMT 2024","passed","Fri Nov 15 23:18:33 GMT 2024","","METTA-LANG","METTA-LANG",""
"","16","CONCRETE-TYPES---METTA-LANGUAGE9.02","","Fri Nov 15 23:18:33 GMT 2024","failed","Fri Nov 15 23:18:33 GMT 2024","","METTA-LANG","METTA-LANG",""
"","8000","anti-regression.mettalogTestCurried2","","Fri Nov 15 22:59:53 GMT 2024","passed","Fri Nov 15 23:00:01 GMT 2024","","WHOLE-TESTS","WHOLE-TESTS",""
"","397","TESTS0.06","","Fri Nov 15 23:39:29 GMT 2024","passed","Fri Nov 15 23:39:29 GMT 2024","","METTA-MORPH-TESTS","METTA-MORPH-TESTS",""
"","1","CONCRETE-TYPES---METTA-LANGUAGE12.04","","Fri Nov 15 23:18:33 GMT 2024","passed","Fri Nov 15 23:18:33 GMT 2024","","METTA-LANG","METTA-LANG",""
"","2","STATES-SPACES.06","","Fri Nov 15 23:39:29 GMT 2024","passed","Fri Nov 15 23:39:29 GMT 2024","","METTA-MORPH-TESTS","METTA-MORPH-TESTS",""
"","3","A3-TWOSIDE.04","","Fri Nov 15 23:04:54 GMT 2024","passed","Fri Nov 15 23:04:54 GMT 2024","","HYPERON-EXPERIMENTAL-SCRIPTS","HYPERON-EXPERIMENTAL-SCRIPTS",""
"","4","F1-IMPORTS.02","","Fri Nov 15 23:04:54 GMT 2024","passed","Fri Nov 15 23:04:54 GMT 2024","","HYPERON-EXPERIMENTAL-SCRIPTS","HYPERON-EXPERIMENTAL-SCRIPTS",""
"","9000","metta_lang.Basic_evaluation___MeTTa_Language7","","Fri Nov 15 22:59:53 GMT 2024","passed","Fri Nov 15 23:00:02 GMT 2024","","WHOLE-TESTS","WHOLE-TESTS",""
"","95","F1-IMPORTS.16","","Fri Nov 15 23:43:33 GMT 2024","passed","Fri Nov 15 23:43:33 GMT 2024","","QUICK","QUICK",""
"","9000","hyperon-experimental_scripts.b1_equal_chain","","Fri Nov 15 22:59:53 GMT 2024","passed","Fri Nov 15 23:00:02 GMT 2024","","WHOLE-TESTS","WHOLE-TESTS",""
"","1","F1-IMPORTS.15","","Fri Nov 15 23:04:54 GMT 2024","passed","Fri Nov 15 23:04:54 GMT 2024","","HYPERON-EXPERIMENTAL-SCRIPTS","HYPERON-EXPERIMENTAL-SCRIPTS",""
"","1","WORKING-WITH-SPACES---METTA-LANGUAGE8.04","","Fri Nov 15 23:18:33 GMT 2024","passed","Fri Nov 15 23:18:33 GMT 2024","","METTA-LANG","METTA-LANG",""
"","3","BASIC-GROUNDED-FUNCTIONS---METTA-LANGUAGE4.02","","Fri Nov 15 23:18:33 GMT 2024","passed","Fri Nov 15 23:18:33 GMT 2024","","METTA-LANG","METTA-LANG",""
"","3","RECURSIVE-AND-PARAMETRIC-TYPES---METTA-LANGUAGE1.01","","Fri Nov 15 23:18:33 GMT 2024","passed","Fri Nov 15 23:18:33 GMT 2024","","METTA-LANG","METTA-LANG",""
"","3","SEQUENTIAL-NESTED.12","","Fri Nov 15 23:39:29 GMT 2024","passed","Fri Nov 15 23:39:29 GMT 2024","","METTA-MORPH-TESTS","METTA-MORPH-TESTS",""
"","3","CONTROL-FLOW---METTA-LANGUAGE16.08","","Fri Nov 15 23:18:33 GMT 2024","passed","Fri Nov 15 23:18:33 GMT 2024","","METTA-LANG","METTA-LANG",""
"","48","MINIMAL-METTA-TESTS.09","","Fri Nov 15 23:08:11 GMT 2024","passed","Fri Nov 15 23:08:11 GMT 2024","","HYPERON-METTALOG-SANITY","HYPERON-METTALOG-SANITY",""
"","2","METATYPES---METTA-LANGUAGE2.07","","Fri Nov 15 23:18:33 GMT 2024","passed","Fri Nov 15 23:18:33 GMT 2024","","METTA-LANG","METTA-LANG",""
"","123","C1-GROUNDED-BASIC.14","","Fri Nov 15 23:43:33 GMT 2024","failed","Fri Nov 15 23:43:33 GMT 2024","","QUICK","QUICK",""
"","1","CONCRETE-TYPES---METTA-LANGUAGE1.03","","Fri Nov 15 23:18:33 GMT 2024","passed","Fri Nov 15 23:18:33 GMT 2024","","METTA-LANG","METTA-LANG",""
"","3","TMPMATCH2.01","","Fri Nov 15 23:00:02 GMT 2024","passed","Fri Nov 15 23:00:02 GMT 2024","","ANTI-REGRESSION","ANTI-REGRESSION",""
"","112","MINIMAL-METTA-TESTS.36","","Fri Nov 15 23:08:11 GMT 2024","failed","Fri Nov 15 23:08:11 GMT 2024","","HYPERON-METTALOG-SANITY","HYPERON-METTALOG-SANITY",""
"","14","RECURSIVE-AND-PARAMETRIC-TYPES---METTA-LANGUAGE6.03","","Fri Nov 15 23:18:33 GMT 2024","passed","Fri Nov 15 23:18:33 GMT 2024","","METTA-LANG","METTA-LANG",""
"","2","LET-SUPERPOSE-LIST.02","","Fri Nov 15 23:39:29 GMT 2024","passed","Fri Nov 15 23:39:29 GMT 2024","","METTA-MORPH-TESTS","METTA-MORPH-TESTS",""
"","2","BASIC-GROUNDED-FUNCTIONS---METTA-LANGUAGE5.02","","Fri Nov 15 23:18:33 GMT 2024","passed","Fri Nov 15 23:18:33 GMT 2024","","METTA-LANG","METTA-LANG",""
"","3","OPERATIONS-OVER-ATOMS---METTA-LANGUAGE9.01","","Fri Nov 15 23:18:33 GMT 2024","passed","Fri Nov 15 23:18:33 GMT 2024","","METTA-LANG","METTA-LANG",""
"","2","D2-HIGHERFUNC.05","","Fri Nov 15 23:43:33 GMT 2024","passed","Fri Nov 15 23:43:33 GMT 2024","","QUICK","QUICK",""
"","8000","metta_lang.Controlling_pattern_matching___MeTTa_Language10","","Fri Nov 15 22:59:53 GMT 2024","passed","Fri Nov 15 23:00:01 GMT 2024","","WHOLE-TESTS","WHOLE-TESTS",""
"","2","F1-IMPORTS.09","","Fri Nov 15 23:04:54 GMT 2024","passed","Fri Nov 15 23:04:54 GMT 2024","","HYPERON-EXPERIMENTAL-SCRIPTS","HYPERON-EXPERIMENTAL-SCRIPTS",""
"","44000","hyperon-mettalog_sanity.compile_tests","","Fri Nov 15 22:59:53 GMT 2024","failed","Fri Nov 15 23:00:37 GMT 2024","","WHOLE-TESTS","WHOLE-TESTS",""
"","4","QUERYING-SPACE-CONTENT---METTA-LANGUAGE4.01","","Fri Nov 15 23:18:33 GMT 2024","passed","Fri Nov 15 23:18:33 GMT 2024","","METTA-LANG","METTA-LANG",""
"","62","FUNCTIONAL-PROGRAMMING-TESTS.06","","Fri Nov 15 23:08:11 GMT 2024","failed","Fri Nov 15 23:08:11 GMT 2024","","HYPERON-METTALOG-SANITY","HYPERON-METTALOG-SANITY",""
"","97","BASE-TEST-REPR-PARSE-INTERSECTION.01","","Fri Nov 15 23:08:11 GMT 2024","passed","Fri Nov 15 23:08:11 GMT 2024","","HYPERON-METTALOG-SANITY","HYPERON-METTALOG-SANITY",""
"","9000","metta_lang.Console_output_and_debugging___MeTTa_Language3","","Fri Nov 15 22:59:53 GMT 2024","passed","Fri Nov 15 23:00:02 GMT 2024","","WHOLE-TESTS","WHOLE-TESTS",""
"","4","OPERATIONS-OVER-ATOMS---METTA-LANGUAGE3.01","","Fri Nov 15 23:18:33 GMT 2024","passed","Fri Nov 15 23:18:33 GMT 2024","","METTA-LANG","METTA-LANG",""
"","2","B3-DIRECT.03","","Fri Nov 15 23:04:54 GMT 2024","passed","Fri Nov 15 23:04:54 GMT 2024","","HYPERON-EXPERIMENTAL-SCRIPTS","HYPERON-EXPERIMENTAL-SCRIPTS",""
"","2","METATYPES---METTA-LANGUAGE8.03","","Fri Nov 15 23:18:33 GMT 2024","passed","Fri Nov 15 23:18:33 GMT 2024","","METTA-LANG","METTA-LANG",""
"","9000","metta_lang.Control_flow___MeTTa_Language12","","Fri Nov 15 22:59:53 GMT 2024","passed","Fri Nov 15 23:00:02 GMT 2024","","WHOLE-TESTS","WHOLE-TESTS",""
"","9000","metta_lang.Working_with_spaces___MeTTa_Language4","","Fri Nov 15 22:59:53 GMT 2024","passed","Fri Nov 15 23:00:02 GMT 2024","","WHOLE-TESTS","WHOLE-TESTS",""
"","5","TEST-SPO-100.01","","Fri Nov 15 23:01:09 GMT 2024","passed","Fri Nov 15 23:01:09 GMT 2024","","METTA-WAM-ISSUE-116","METTA-WAM-ISSUE-116",""
"","47","CONSOLE-OUTPUT-AND-DEBUGGING---METTA-LANGUAGE5.03","","Fri Nov 15 23:18:33 GMT 2024","failed","Fri Nov 15 23:18:33 GMT 2024","","METTA-LANG","METTA-LANG",""
"","9000","hyperon-mettalog_sanity.represent_and_parse_tests","","Fri Nov 15 22:59:53 GMT 2024","passed","Fri Nov 15 23:00:02 GMT 2024","","WHOLE-TESTS","WHOLE-TESTS",""
"","1","C1-GROUNDED-BASIC.19","","Fri Nov 15 23:04:54 GMT 2024","passed","Fri Nov 15 23:04:54 GMT 2024","","HYPERON-EXPERIMENTAL-SCRIPTS","HYPERON-EXPERIMENTAL-SCRIPTS",""
"","2","D2-HIGHERFUNC.03","","Fri Nov 15 23:04:54 GMT 2024","passed","Fri Nov 15 23:04:54 GMT 2024","","HYPERON-EXPERIMENTAL-SCRIPTS","HYPERON-EXPERIMENTAL-SCRIPTS",""
"","9000","metta_lang.Concrete_types___MeTTa_Language13","","Fri Nov 15 22:59:53 GMT 2024","passed","Fri Nov 15 23:00:02 GMT 2024","","WHOLE-TESTS","WHOLE-TESTS",""
"","2","CONTROL-FLOW---METTA-LANGUAGE11.03","","Fri Nov 15 23:18:33 GMT 2024","passed","Fri Nov 15 23:18:33 GMT 2024","","METTA-LANG","METTA-LANG",""
"","3","RECURSION-AND-CONTROL---METTA-LANGUAGE7.01","","Fri Nov 15 23:18:33 GMT 2024","passed","Fri Nov 15 23:18:33 GMT 2024","","METTA-LANG","METTA-LANG",""
"","94","FUNCTIONS-AND-UNIFICATION---METTA-LANGUAGE3.04","","Fri Nov 15 23:18:33 GMT 2024","passed","Fri Nov 15 23:18:33 GMT 2024","","METTA-LANG","METTA-LANG",""
"","2","D2-HIGHERFUNC.11","","Fri Nov 15 23:04:54 GMT 2024","passed","Fri Nov 15 23:04:54 GMT 2024","","HYPERON-EXPERIMENTAL-SCRIPTS","HYPERON-EXPERIMENTAL-SCRIPTS",""
"","1","QUERYING-SPACE-CONTENT---METTA-LANGUAGE5.02","","Fri Nov 15 23:18:33 GMT 2024","passed","Fri Nov 15 23:18:33 GMT 2024","","METTA-LANG","METTA-LANG",""
"","1","TEST-IF-CLOSED.04","","Fri Nov 15 23:00:02 GMT 2024","passed","Fri Nov 15 23:00:02 GMT 2024","","ANTI-REGRESSION","ANTI-REGRESSION",""
"","1","F1-IMPORTS.13","","Fri Nov 15 23:43:33 GMT 2024","passed","Fri Nov 15 23:43:33 GMT 2024","","QUICK","QUICK",""
"","1","D2-HIGHERFUNC.15","","Fri Nov 15 23:43:33 GMT 2024","passed","Fri Nov 15 23:43:33 GMT 2024","","QUICK","QUICK",""
"","108","B4-NONDETERM.10","","Fri Nov 15 23:04:54 GMT 2024","passed","Fri Nov 15 23:04:54 GMT 2024","","HYPERON-EXPERIMENTAL-SCRIPTS","HYPERON-EXPERIMENTAL-SCRIPTS",""
"","53","WORKING-WITH-SPACES---METTA-LANGUAGE8.06","","Fri Nov 15 23:18:33 GMT 2024","failed","Fri Nov 15 23:18:33 GMT 2024","","METTA-LANG","METTA-LANG",""
"","2","D4-TYPE-PROP.08","","Fri Nov 15 23:43:33 GMT 2024","passed","Fri Nov 15 23:43:33 GMT 2024","","QUICK","QUICK",""
"","2","LIMIT-TESTS.03","","Fri Nov 15 23:08:11 GMT 2024","passed","Fri Nov 15 23:08:11 GMT 2024","","HYPERON-METTALOG-SANITY","HYPERON-METTALOG-SANITY",""
"","75","EVAL-FOR-TESTS.15","","Fri Nov 15 23:08:11 GMT 2024","failed","Fri Nov 15 23:08:11 GMT 2024","","HYPERON-METTALOG-SANITY","HYPERON-METTALOG-SANITY",""
"","3","CONTROL-FLOW---METTA-LANGUAGE16.07","","Fri Nov 15 23:18:33 GMT 2024","passed","Fri Nov 15 23:18:33 GMT 2024","","METTA-LANG","METTA-LANG",""
"","9000","metta_lang.Handling_nondeterministic_results___MeTTa_Language3","","Fri Nov 15 22:59:53 GMT 2024","passed","Fri Nov 15 23:00:02 GMT 2024","","WHOLE-TESTS","WHOLE-TESTS",""
"","2","D1-GADT.03","","Fri Nov 15 23:04:54 GMT 2024","passed","Fri Nov 15 23:04:54 GMT 2024","","HYPERON-EXPERIMENTAL-SCRIPTS","HYPERON-EXPERIMENTAL-SCRIPTS",""
"","3","06-MATCH-IN-SPACE.01","","Fri Nov 15 23:08:11 GMT 2024","passed","Fri Nov 15 23:08:11 GMT 2024","","HYPERON-METTALOG-SANITY","HYPERON-METTALOG-SANITY",""
"","2","RECURSIVE-AND-PARAMETRIC-TYPES---METTA-LANGUAGE5.07","","Fri Nov 15 23:18:33 GMT 2024","passed","Fri Nov 15 23:18:33 GMT 2024","","METTA-LANG","METTA-LANG",""
"","2","RECURSIVE-AND-PARAMETRIC-TYPES---METTA-LANGUAGE2.02","","Fri Nov 15 23:18:33 GMT 2024","passed","Fri Nov 15 23:18:33 GMT 2024","","METTA-LANG","METTA-LANG",""
"","3","STATES-SPACES.01","","Fri Nov 15 23:39:29 GMT 2024","passed","Fri Nov 15 23:39:29 GMT 2024","","METTA-MORPH-TESTS","METTA-MORPH-TESTS",""
"","2","F1-MODULEA.01","","Fri Nov 15 23:43:33 GMT 2024","passed","Fri Nov 15 23:43:33 GMT 2024","","QUICK","QUICK",""
"","2","D4-TYPE-PROP.01","","Fri Nov 15 23:04:54 GMT 2024","passed","Fri Nov 15 23:04:54 GMT 2024","","HYPERON-EXPERIMENTAL-SCRIPTS","HYPERON-EXPERIMENTAL-SCRIPTS",""
"","2","D2-HIGHERFUNC.13","","Fri Nov 15 23:04:54 GMT 2024","passed","Fri Nov 15 23:04:54 GMT 2024","","HYPERON-EXPERIMENTAL-SCRIPTS","HYPERON-EXPERIMENTAL-SCRIPTS",""
"","4","A1-SYMBOLS.01","","Fri Nov 15 23:04:54 GMT 2024","passed","Fri Nov 15 23:04:54 GMT 2024","","HYPERON-EXPERIMENTAL-SCRIPTS","HYPERON-EXPERIMENTAL-SCRIPTS",""
"","2","ARITY-TESTS.03","","Fri Nov 15 23:08:11 GMT 2024","passed","Fri Nov 15 23:08:11 GMT 2024","","HYPERON-METTALOG-SANITY","HYPERON-METTALOG-SANITY",""
"","1","WORKING-WITH-SPACES---METTA-LANGUAGE3.08","","Fri Nov 15 23:18:33 GMT 2024","passed","Fri Nov 15 23:18:33 GMT 2024","","METTA-LANG","METTA-LANG",""
"","3","B1-EQUAL-CHAIN.02","","Fri Nov 15 23:04:54 GMT 2024","passed","Fri Nov 15 23:04:54 GMT 2024","","HYPERON-EXPERIMENTAL-SCRIPTS","HYPERON-EXPERIMENTAL-SCRIPTS",""
"","2","INTERSECTION-TESTS.03","","Fri Nov 15 23:08:11 GMT 2024","passed","Fri Nov 15 23:08:11 GMT 2024","","HYPERON-METTALOG-SANITY","HYPERON-METTALOG-SANITY",""
"","2","CONTROLLING-PATTERN-MATCHING---METTA-LANGUAGE12.12","","Fri Nov 15 23:18:33 GMT 2024","passed","Fri Nov 15 23:18:33 GMT 2024","","METTA-LANG","METTA-LANG",""
"","2","FACTORIAL.02","","Fri Nov 15 23:39:29 GMT 2024","passed","Fri Nov 15 23:39:29 GMT 2024","","METTA-MORPH-TESTS","METTA-MORPH-TESTS",""
"","3","MAX-TIME-TESTS.05","","Fri Nov 15 23:08:11 GMT 2024","passed","Fri Nov 15 23:08:11 GMT 2024","","HYPERON-METTALOG-SANITY","HYPERON-METTALOG-SANITY",""
"","3","STRING-TESTS.18","","Fri Nov 15 23:08:11 GMT 2024","passed","Fri Nov 15 23:08:11 GMT 2024","","HYPERON-METTALOG-SANITY","HYPERON-METTALOG-SANITY",""
"","2","SUPERCOLLAPSE.02","","Fri Nov 15 23:39:29 GMT 2024","passed","Fri Nov 15 23:39:29 GMT 2024","","METTA-MORPH-TESTS","METTA-MORPH-TESTS",""
"","96","HANDLING-NONDETERMINISTIC-RESULTS---METTA-LANGUAGE3.02","","Fri Nov 15 23:18:33 GMT 2024","failed","Fri Nov 15 23:18:33 GMT 2024","","METTA-LANG","METTA-LANG",""
"","3","METATYPES---METTA-LANGUAGE7.01","","Fri Nov 15 23:18:33 GMT 2024","passed","Fri Nov 15 23:18:33 GMT 2024","","METTA-LANG","METTA-LANG",""
"","2","WORKING-WITH-SPACES---METTA-LANGUAGE9.02","","Fri Nov 15 23:18:33 GMT 2024","passed","Fri Nov 15 23:18:33 GMT 2024","","METTA-LANG","METTA-LANG",""
"","2","BASIC-EVALUATION---METTA-LANGUAGE12.01","","Fri Nov 15 23:18:33 GMT 2024","passed","Fri Nov 15 23:18:33 GMT 2024","","METTA-LANG","METTA-LANG",""
"","49","CONSOLE-OUTPUT-AND-DEBUGGING---METTA-LANGUAGE10.02","","Fri Nov 15 23:18:33 GMT 2024","failed","Fri Nov 15 23:18:33 GMT 2024","","METTA-LANG","METTA-LANG",""
"","2","F1-IMPORTS.10","","Fri Nov 15 22:59:44 GMT 2024","passed","Fri Nov 15 22:59:44 GMT 2024","","MODULE-SYSTEM","MODULE-SYSTEM",""
"","34","D5-AUTO-TYPES.02","","Fri Nov 15 23:04:54 GMT 2024","failed","Fri Nov 15 23:04:54 GMT 2024","","HYPERON-EXPERIMENTAL-SCRIPTS","HYPERON-EXPERIMENTAL-SCRIPTS",""
"","2","BASIC-GROUNDED-FUNCTIONS---METTA-LANGUAGE1.03","","Fri Nov 15 23:18:33 GMT 2024","passed","Fri Nov 15 23:18:33 GMT 2024","","METTA-LANG","METTA-LANG",""
"","9000","metta_lang.Working_with_spaces___MeTTa_Language11","","Fri Nov 15 22:59:53 GMT 2024","passed","Fri Nov 15 23:00:02 GMT 2024","","WHOLE-TESTS","WHOLE-TESTS",""
"","90","WHAT-EVALS-OR-NOT.07","","Fri Nov 15 23:08:11 GMT 2024","failed","Fri Nov 15 23:08:11 GMT 2024","","HYPERON-METTALOG-SANITY","HYPERON-METTALOG-SANITY",""
"","2","D2-HIGHERFUNC.26","","Fri Nov 15 23:04:54 GMT 2024","passed","Fri Nov 15 23:04:54 GMT 2024","","HYPERON-EXPERIMENTAL-SCRIPTS","HYPERON-EXPERIMENTAL-SCRIPTS",""
"","2","METATYPES---METTA-LANGUAGE1.03","","Fri Nov 15 23:18:33 GMT 2024","passed","Fri Nov 15 23:18:33 GMT 2024","","METTA-LANG","METTA-LANG",""
"","1","LIMIT-TESTS.07","","Fri Nov 15 23:08:11 GMT 2024","passed","Fri Nov 15 23:08:11 GMT 2024","","HYPERON-METTALOG-SANITY","HYPERON-METTALOG-SANITY",""
"","2","BCHAIN.02","","Fri Nov 15 23:00:02 GMT 2024","passed","Fri Nov 15 23:00:02 GMT 2024","","ANTI-REGRESSION","ANTI-REGRESSION",""
"","4","CONTROL-FLOW---METTA-LANGUAGE15.01","","Fri Nov 15 23:18:33 GMT 2024","passed","Fri Nov 15 23:18:33 GMT 2024","","METTA-LANG","METTA-LANG",""
"","2","RECURSION-AND-CONTROL---METTA-LANGUAGE6.04","","Fri Nov 15 23:18:33 GMT 2024","passed","Fri Nov 15 23:18:33 GMT 2024","","METTA-LANG","METTA-LANG",""
"","3","F1-IMPORTS.15","","Fri Nov 15 22:59:44 GMT 2024","passed","Fri Nov 15 22:59:44 GMT 2024","","MODULE-SYSTEM","MODULE-SYSTEM",""
"","8000","anti-regression.bchain_comp","","Fri Nov 15 22:59:53 GMT 2024","passed","Fri Nov 15 23:00:01 GMT 2024","","WHOLE-TESTS","WHOLE-TESTS",""
"","1","CONTROLLING-PATTERN-MATCHING---METTA-LANGUAGE12.04","","Fri Nov 15 23:18:33 GMT 2024","passed","Fri Nov 15 23:18:33 GMT 2024","","METTA-LANG","METTA-LANG",""
"","2","CONTROLLING-PATTERN-MATCHING---METTA-LANGUAGE11.05","","Fri Nov 15 23:18:33 GMT 2024","passed","Fri Nov 15 23:18:33 GMT 2024","","METTA-LANG","METTA-LANG",""
"","5","C3-PLN-STV.01","","Fri Nov 15 23:04:54 GMT 2024","passed","Fri Nov 15 23:04:54 GMT 2024","","HYPERON-EXPERIMENTAL-SCRIPTS","HYPERON-EXPERIMENTAL-SCRIPTS",""
"","3","F1-IMPORTS.09","","Fri Nov 15 22:59:44 GMT 2024","passed","Fri Nov 15 22:59:44 GMT 2024","","MODULE-SYSTEM","MODULE-SYSTEM",""
"","5","CONTROLLING-PATTERN-MATCHING---METTA-LANGUAGE8.01","","Fri Nov 15 23:18:33 GMT 2024","passed","Fri Nov 15 23:18:33 GMT 2024","","METTA-LANG","METTA-LANG",""
"","3","OUTPUT-LOAD-TESTS.01","","Fri Nov 15 23:08:11 GMT 2024","passed","Fri Nov 15 23:08:11 GMT 2024","","HYPERON-METTALOG-SANITY","HYPERON-METTALOG-SANITY",""
"","1","BASIC-EVALUATION---METTA-LANGUAGE3.02","","Fri Nov 15 23:18:33 GMT 2024","passed","Fri Nov 15 23:18:33 GMT 2024","","METTA-LANG","METTA-LANG",""
"","3","UNIQUE-TEST.06","","Fri Nov 15 23:08:11 GMT 2024","passed","Fri Nov 15 23:08:11 GMT 2024","","HYPERON-METTALOG-SANITY","HYPERON-METTALOG-SANITY",""
"","189","TIME-SYNTHESIZE.01","","Fri Nov 15 23:15:42 GMT 2024","failed","Fri Nov 15 23:15:42 GMT 2024","","SYNTH-BUFFER","SYNTH-BUFFER",""
"","14","MATCH-VOID.11","","Fri Nov 15 23:39:29 GMT 2024","passed","Fri Nov 15 23:39:29 GMT 2024","","METTA-MORPH-TESTS","METTA-MORPH-TESTS",""
"","15","MINIMAL-METTA-TESTS.44","","Fri Nov 15 23:08:11 GMT 2024","failed","Fri Nov 15 23:08:11 GMT 2024","","HYPERON-METTALOG-SANITY","HYPERON-METTALOG-SANITY",""
"","35","D5-AUTO-TYPES.05","","Fri Nov 15 23:04:54 GMT 2024","failed","Fri Nov 15 23:04:54 GMT 2024","","HYPERON-EXPERIMENTAL-SCRIPTS","HYPERON-EXPERIMENTAL-SCRIPTS",""
"","93","INTERSECTION-TESTS.31","","Fri Nov 15 23:08:11 GMT 2024","failed","Fri Nov 15 23:08:11 GMT 2024","","HYPERON-METTALOG-SANITY","HYPERON-METTALOG-SANITY",""
"","3","E3-MATCH-STATES.01","","Fri Nov 15 23:04:54 GMT 2024","passed","Fri Nov 15 23:04:54 GMT 2024","","HYPERON-EXPERIMENTAL-SCRIPTS","HYPERON-EXPERIMENTAL-SCRIPTS",""
"","2","CONSOLE-OUTPUT-AND-DEBUGGING---METTA-LANGUAGE5.07","","Fri Nov 15 23:18:33 GMT 2024","passed","Fri Nov 15 23:18:33 GMT 2024","","METTA-LANG","METTA-LANG",""
"","2","B0-CHAINING-PRELIM.05","","Fri Nov 15 23:04:54 GMT 2024","passed","Fri Nov 15 23:04:54 GMT 2024","","HYPERON-EXPERIMENTAL-SCRIPTS","HYPERON-EXPERIMENTAL-SCRIPTS",""
"","16","CONTROLLING-PATTERN-MATCHING---METTA-LANGUAGE10.06","","Fri Nov 15 23:18:33 GMT 2024","passed","Fri Nov 15 23:18:33 GMT 2024","","METTA-LANG","METTA-LANG",""
"","108","INTERSECTION-TESTS.28","","Fri Nov 15 23:08:11 GMT 2024","failed","Fri Nov 15 23:08:11 GMT 2024","","HYPERON-METTALOG-SANITY","HYPERON-METTALOG-SANITY",""
"","3","D4-TYPE-PROP.17","","Fri Nov 15 23:43:33 GMT 2024","passed","Fri Nov 15 23:43:33 GMT 2024","","QUICK","QUICK",""
"","8000","metta-wam-issue-116.test_spo_100","","Fri Nov 15 22:59:53 GMT 2024","passed","Fri Nov 15 23:00:01 GMT 2024","","WHOLE-TESTS","WHOLE-TESTS",""
"","2","CONSOLE-OUTPUT-AND-DEBUGGING---METTA-LANGUAGE2.06","","Fri Nov 15 23:18:33 GMT 2024","passed","Fri Nov 15 23:18:33 GMT 2024","","METTA-LANG","METTA-LANG",""
"","9000","metta_lang.Basic_evaluation___MeTTa_Language3","","Fri Nov 15 22:59:53 GMT 2024","passed","Fri Nov 15 23:00:02 GMT 2024","","WHOLE-TESTS","WHOLE-TESTS",""
"","2","C1-GROUNDED-BASIC.17","","Fri Nov 15 23:04:54 GMT 2024","passed","Fri Nov 15 23:04:54 GMT 2024","","HYPERON-EXPERIMENTAL-SCRIPTS","HYPERON-EXPERIMENTAL-SCRIPTS",""
"","9000","metta-morph_tests.multifunction","","Fri Nov 15 22:59:53 GMT 2024","passed","Fri Nov 15 23:00:02 GMT 2024","","WHOLE-TESTS","WHOLE-TESTS",""
"","8000","metta_lang.Recursion_and_control___MeTTa_Language7","","Fri Nov 15 22:59:53 GMT 2024","passed","Fri Nov 15 23:00:01 GMT 2024","","WHOLE-TESTS","WHOLE-TESTS",""
"","2","CONCRETE-TYPES---METTA-LANGUAGE5.05","","Fri Nov 15 23:18:33 GMT 2024","passed","Fri Nov 15 23:18:33 GMT 2024","","METTA-LANG","METTA-LANG",""
"","8000","metta_lang.Controlling_pattern_matching___MeTTa_Language8","","Fri Nov 15 22:59:53 GMT 2024","passed","Fri Nov 15 23:00:01 GMT 2024","","WHOLE-TESTS","WHOLE-TESTS",""
"","2","03-SORING-VIA-INSERT.05","","Fri Nov 15 23:08:11 GMT 2024","passed","Fri Nov 15 23:08:11 GMT 2024","","HYPERON-METTALOG-SANITY","HYPERON-METTALOG-SANITY",""
"","50","BCHAIN-COMP.02","","Fri Nov 15 23:00:02 GMT 2024","failed","Fri Nov 15 23:00:02 GMT 2024","","ANTI-REGRESSION","ANTI-REGRESSION",""
"","13","CONCRETE-TYPES---METTA-LANGUAGE7.03","","Fri Nov 15 23:18:33 GMT 2024","passed","Fri Nov 15 23:18:33 GMT 2024","","METTA-LANG","METTA-LANG",""
"","8000","metta_lang.Concrete_types___MeTTa_Language1","","Fri Nov 15 22:59:53 GMT 2024","passed","Fri Nov 15 23:00:01 GMT 2024","","WHOLE-TESTS","WHOLE-TESTS",""
"","2","C1-GROUNDED-BASIC.11","","Fri Nov 15 23:43:33 GMT 2024","passed","Fri Nov 15 23:43:33 GMT 2024","","QUICK","QUICK",""
"","9000","metta_lang.Control_flow___MeTTa_Language6","","Fri Nov 15 22:59:53 GMT 2024","passed","Fri Nov 15 23:00:02 GMT 2024","","WHOLE-TESTS","WHOLE-TESTS",""
"","3","RECURSIVE-AND-PARAMETRIC-TYPES---METTA-LANGUAGE9.01","","Fri Nov 15 23:18:33 GMT 2024","passed","Fri Nov 15 23:18:33 GMT 2024","","METTA-LANG","METTA-LANG",""
"","11","ARITY-TESTS.06","","Fri Nov 15 23:08:11 GMT 2024","failed","Fri Nov 15 23:08:11 GMT 2024","","HYPERON-METTALOG-SANITY","HYPERON-METTALOG-SANITY",""
"","2","WORKING-WITH-SPACES---METTA-LANGUAGE1.03","","Fri Nov 15 23:18:33 GMT 2024","passed","Fri Nov 15 23:18:33 GMT 2024","","METTA-LANG","METTA-LANG",""
"","1","MATCH-VOID.10","","Fri Nov 15 23:39:29 GMT 2024","passed","Fri Nov 15 23:39:29 GMT 2024","","METTA-MORPH-TESTS","METTA-MORPH-TESTS",""
"","8000","metta_lang.Functions_and_unification___MeTTa_Language3","","Fri Nov 15 22:59:53 GMT 2024","passed","Fri Nov 15 23:00:01 GMT 2024","","WHOLE-TESTS","WHOLE-TESTS",""
"","2","D1-GADT.14","","Fri Nov 15 23:43:33 GMT 2024","passed","Fri Nov 15 23:43:33 GMT 2024","","QUICK","QUICK",""
"","319","QUERYING-SPACE-CONTENT---METTA-LANGUAGE5.04","","Fri Nov 15 23:18:33 GMT 2024","failed","Fri Nov 15 23:18:33 GMT 2024","","METTA-LANG","METTA-LANG",""
"","2","CONTROLLING-PATTERN-MATCHING---METTA-LANGUAGE12.09","","Fri Nov 15 23:18:33 GMT 2024","passed","Fri Nov 15 23:18:33 GMT 2024","","METTA-LANG","METTA-LANG",""
"","5","QUERYING-SPACE-CONTENT---METTA-LANGUAGE2.01","","Fri Nov 15 23:18:33 GMT 2024","passed","Fri Nov 15 23:18:33 GMT 2024","","METTA-LANG","METTA-LANG",""
"","9000","baseline_compat.rust_01","","Fri Nov 15 22:59:53 GMT 2024","passed","Fri Nov 15 23:00:02 GMT 2024","","WHOLE-TESTS","WHOLE-TESTS",""
"","1","WORKING-WITH-SPACES---METTA-LANGUAGE1.04","","Fri Nov 15 23:18:33 GMT 2024","passed","Fri Nov 15 23:18:33 GMT 2024","","METTA-LANG","METTA-LANG",""
"","1","F1-IMPORTS.03","","Fri Nov 15 23:43:33 GMT 2024","passed","Fri Nov 15 23:43:33 GMT 2024","","QUICK","QUICK",""
"","2","CONCRETE-TYPES---METTA-LANGUAGE1.04","","Fri Nov 15 23:18:33 GMT 2024","passed","Fri Nov 15 23:18:33 GMT 2024","","METTA-LANG","METTA-LANG",""
"","4","WORKING-WITH-SPACES---METTA-LANGUAGE8.01","","Fri Nov 15 23:18:33 GMT 2024","passed","Fri Nov 15 23:18:33 GMT 2024","","METTA-LANG","METTA-LANG",""
"","2","D2-HIGHERFUNC.12","","Fri Nov 15 23:43:33 GMT 2024","passed","Fri Nov 15 23:43:33 GMT 2024","","QUICK","QUICK",""
"","3","A1-SYMBOLS.05","","Fri Nov 15 23:04:54 GMT 2024","passed","Fri Nov 15 23:04:54 GMT 2024","","HYPERON-EXPERIMENTAL-SCRIPTS","HYPERON-EXPERIMENTAL-SCRIPTS",""
"","3","03-SORING-VIA-INSERT.06","","Fri Nov 15 23:08:11 GMT 2024","passed","Fri Nov 15 23:08:11 GMT 2024","","HYPERON-METTALOG-SANITY","HYPERON-METTALOG-SANITY",""
"","8000","hyperon-experimental_scripts.d5_auto_types","","Fri Nov 15 22:59:53 GMT 2024","passed","Fri Nov 15 23:00:01 GMT 2024","","WHOLE-TESTS","WHOLE-TESTS",""
"","1","01-LANG-INC.02","","Fri Nov 15 23:08:11 GMT 2024","passed","Fri Nov 15 23:08:11 GMT 2024","","HYPERON-METTALOG-SANITY","HYPERON-METTALOG-SANITY",""
"","3","SEALED-TEST.03","","Fri Nov 15 23:08:11 GMT 2024","passed","Fri Nov 15 23:08:11 GMT 2024","","HYPERON-METTALOG-SANITY","HYPERON-METTALOG-SANITY",""
"","2","D4-TYPE-PROP.05","","Fri Nov 15 23:04:54 GMT 2024","passed","Fri Nov 15 23:04:54 GMT 2024","","HYPERON-EXPERIMENTAL-SCRIPTS","HYPERON-EXPERIMENTAL-SCRIPTS",""
"","57","E3-MATCH-STATES.03","","Fri Nov 15 23:04:54 GMT 2024","failed","Fri Nov 15 23:04:54 GMT 2024","","HYPERON-EXPERIMENTAL-SCRIPTS","HYPERON-EXPERIMENTAL-SCRIPTS",""
"","2","WORKING-WITH-SPACES---METTA-LANGUAGE2.02","","Fri Nov 15 23:18:33 GMT 2024","passed","Fri Nov 15 23:18:33 GMT 2024","","METTA-LANG","METTA-LANG",""
"","1","OR-TEST.16","","Fri Nov 15 23:08:11 GMT 2024","passed","Fri Nov 15 23:08:11 GMT 2024","","HYPERON-METTALOG-SANITY","HYPERON-METTALOG-SANITY",""
"","8000","metta_lang.Concrete_types___MeTTa_Language10","","Fri Nov 15 22:59:53 GMT 2024","passed","Fri Nov 15 23:00:01 GMT 2024","","WHOLE-TESTS","WHOLE-TESTS",""
"","9000","metta_lang.Free_variables_and_nondeterminism_again_recursively___MeTTa_Language5","","Fri Nov 15 22:59:53 GMT 2024","passed","Fri Nov 15 23:00:02 GMT 2024","","WHOLE-TESTS","WHOLE-TESTS",""
"","1","CALL-TESTS.09","","Fri Nov 15 23:08:11 GMT 2024","passed","Fri Nov 15 23:08:11 GMT 2024","","HYPERON-METTALOG-SANITY","HYPERON-METTALOG-SANITY",""
"","8000","hyperon-experimental_scripts.c2_spaces","","Fri Nov 15 22:59:53 GMT 2024","passed","Fri Nov 15 23:00:01 GMT 2024","","WHOLE-TESTS","WHOLE-TESTS",""
"","1","C1-GROUNDED-BASIC.13","","Fri Nov 15 23:43:33 GMT 2024","passed","Fri Nov 15 23:43:33 GMT 2024","","QUICK","QUICK",""
"","227","WORKING-WITH-SPACES---METTA-LANGUAGE4.04","","Fri Nov 15 23:18:33 GMT 2024","failed","Fri Nov 15 23:18:33 GMT 2024","","METTA-LANG","METTA-LANG",""
"","3","D4-TYPE-PROP.02","","Fri Nov 15 23:04:54 GMT 2024","passed","Fri Nov 15 23:04:54 GMT 2024","","HYPERON-EXPERIMENTAL-SCRIPTS","HYPERON-EXPERIMENTAL-SCRIPTS",""
"","116","MINIMAL-METTA-TESTS.26","","Fri Nov 15 23:08:11 GMT 2024","failed","Fri Nov 15 23:08:11 GMT 2024","","HYPERON-METTALOG-SANITY","HYPERON-METTALOG-SANITY",""
"","21","BC-COMP.05","","Fri Nov 15 23:00:02 GMT 2024","passed","Fri Nov 15 23:00:02 GMT 2024","","ANTI-REGRESSION","ANTI-REGRESSION",""
"","3","D2-HIGHERFUNC.08","","Fri Nov 15 23:43:33 GMT 2024","passed","Fri Nov 15 23:43:33 GMT 2024","","QUICK","QUICK",""
"","2","00-LANG-CASE.07","","Fri Nov 15 23:08:11 GMT 2024","passed","Fri Nov 15 23:08:11 GMT 2024","","HYPERON-METTALOG-SANITY","HYPERON-METTALOG-SANITY",""
"","5","RECURSION-AND-CONTROL---METTA-LANGUAGE8.01","","Fri Nov 15 23:18:33 GMT 2024","passed","Fri Nov 15 23:18:33 GMT 2024","","METTA-LANG","METTA-LANG",""
"","2","F1-MODULEA.05","","Fri Nov 15 23:04:54 GMT 2024","passed","Fri Nov 15 23:04:54 GMT 2024","","HYPERON-EXPERIMENTAL-SCRIPTS","HYPERON-EXPERIMENTAL-SCRIPTS",""
"","30","CONTROLLING-PATTERN-MATCHING---METTA-LANGUAGE9.03","","Fri Nov 15 23:18:33 GMT 2024","failed","Fri Nov 15 23:18:33 GMT 2024","","METTA-LANG","METTA-LANG",""
"","9000","metta_lang.Working_with_spaces___MeTTa_Language13","","Fri Nov 15 22:59:53 GMT 2024","passed","Fri Nov 15 23:00:02 GMT 2024","","WHOLE-TESTS","WHOLE-TESTS",""
"","3","RECURSION-AND-CONTROL---METTA-LANGUAGE6.01","","Fri Nov 15 23:18:33 GMT 2024","passed","Fri Nov 15 23:18:33 GMT 2024","","METTA-LANG","METTA-LANG",""
"","2","CONTROL-FLOW---METTA-LANGUAGE15.02","","Fri Nov 15 23:18:33 GMT 2024","passed","Fri Nov 15 23:18:33 GMT 2024","","METTA-LANG","METTA-LANG",""
"","9000","hyperon-mettalog_sanity.00_lang_case","","Fri Nov 15 22:59:53 GMT 2024","passed","Fri Nov 15 23:00:02 GMT 2024","","WHOLE-TESTS","WHOLE-TESTS",""
"","2","METATYPES---METTA-LANGUAGE9.01","","Fri Nov 15 23:18:33 GMT 2024","passed","Fri Nov 15 23:18:33 GMT 2024","","METTA-LANG","METTA-LANG",""
"","3","WORKING-WITH-SPACES---METTA-LANGUAGE6.02","","Fri Nov 15 23:18:33 GMT 2024","passed","Fri Nov 15 23:18:33 GMT 2024","","METTA-LANG","METTA-LANG",""
"","16","CONCRETE-TYPES---METTA-LANGUAGE5.04","","Fri Nov 15 23:18:33 GMT 2024","failed","Fri Nov 15 23:18:33 GMT 2024","","METTA-LANG","METTA-LANG",""
"","5","MINIMAL-METTA-TESTS.01","","Fri Nov 15 23:08:11 GMT 2024","passed","Fri Nov 15 23:08:11 GMT 2024","","HYPERON-METTALOG-SANITY","HYPERON-METTALOG-SANITY",""
"","8000","metta_lang.Operations_over_atoms___MeTTa_Language8","","Fri Nov 15 22:59:53 GMT 2024","passed","Fri Nov 15 23:00:01 GMT 2024","","WHOLE-TESTS","WHOLE-TESTS",""
"","8000","metta_lang.Concrete_types___MeTTa_Language14","","Fri Nov 15 22:59:53 GMT 2024","passed","Fri Nov 15 23:00:01 GMT 2024","","WHOLE-TESTS","WHOLE-TESTS",""
"","2","OUTPUT-LOAD-TESTS.05","","Fri Nov 15 23:08:11 GMT 2024","passed","Fri Nov 15 23:08:11 GMT 2024","","HYPERON-METTALOG-SANITY","HYPERON-METTALOG-SANITY",""
"","8000","hyperon-mettalog_sanity.sequential_tests","","Fri Nov 15 22:59:53 GMT 2024","passed","Fri Nov 15 23:00:01 GMT 2024","","WHOLE-TESTS","WHOLE-TESTS",""
"","3","E1-KB-WRITE.01","","Fri Nov 15 23:04:54 GMT 2024","passed","Fri Nov 15 23:04:54 GMT 2024","","HYPERON-EXPERIMENTAL-SCRIPTS","HYPERON-EXPERIMENTAL-SCRIPTS",""
"","2","TYPES2.01","","Fri Nov 15 23:39:29 GMT 2024","passed","Fri Nov 15 23:39:29 GMT 2024","","METTA-MORPH-TESTS","METTA-MORPH-TESTS",""
"","8000","metta-morph_tests.and_or","","Fri Nov 15 22:59:53 GMT 2024","passed","Fri Nov 15 23:00:01 GMT 2024","","WHOLE-TESTS","WHOLE-TESTS",""
"","3","RECURSION-AND-CONTROL---METTA-LANGUAGE3.01","","Fri Nov 15 23:18:33 GMT 2024","passed","Fri Nov 15 23:18:33 GMT 2024","","METTA-LANG","METTA-LANG",""
"","2","RECURSIVE-AND-PARAMETRIC-TYPES---METTA-LANGUAGE5.02","","Fri Nov 15 23:18:33 GMT 2024","passed","Fri Nov 15 23:18:33 GMT 2024","","METTA-LANG","METTA-LANG",""
"","2","BASIC-GROUNDED-FUNCTIONS---METTA-LANGUAGE6.02","","Fri Nov 15 23:18:33 GMT 2024","passed","Fri Nov 15 23:18:33 GMT 2024","","METTA-LANG","METTA-LANG",""
"","8000","metta_lang.Handling_nondeterministic_results___MeTTa_Language7","","Fri Nov 15 22:59:53 GMT 2024","passed","Fri Nov 15 23:00:01 GMT 2024","","WHOLE-TESTS","WHOLE-TESTS",""
"","9000","hyperon-experimental_scripts.c3_pln_stv","","Fri Nov 15 22:59:53 GMT 2024","passed","Fri Nov 15 23:00:02 GMT 2024","","WHOLE-TESTS","WHOLE-TESTS",""
"","2","C1-GROUNDED-BASIC.05","","Fri Nov 15 23:04:54 GMT 2024","passed","Fri Nov 15 23:04:54 GMT 2024","","HYPERON-EXPERIMENTAL-SCRIPTS","HYPERON-EXPERIMENTAL-SCRIPTS",""
"","54","F1-IMPORTS.19","","Fri Nov 15 23:43:33 GMT 2024","passed","Fri Nov 15 23:43:33 GMT 2024","","QUICK","QUICK",""
"","19","F1-IMPORTS.04","","Fri Nov 15 22:59:44 GMT 2024","failed","Fri Nov 15 22:59:44 GMT 2024","","MODULE-SYSTEM","MODULE-SYSTEM",""
"","2","SUBTRACTION-TEST.09","","Fri Nov 15 23:08:11 GMT 2024","passed","Fri Nov 15 23:08:11 GMT 2024","","HYPERON-METTALOG-SANITY","HYPERON-METTALOG-SANITY",""
"","1","E3-MATCH-STATES.02","","Fri Nov 15 23:04:54 GMT 2024","passed","Fri Nov 15 23:04:54 GMT 2024","","HYPERON-EXPERIMENTAL-SCRIPTS","HYPERON-EXPERIMENTAL-SCRIPTS",""
"","2","QUERYING-SPACE-CONTENT---METTA-LANGUAGE2.02","","Fri Nov 15 23:18:33 GMT 2024","passed","Fri Nov 15 23:18:33 GMT 2024","","METTA-LANG","METTA-LANG",""
"","5","UNIQUE-TEST.12","","Fri Nov 15 23:08:11 GMT 2024","passed","Fri Nov 15 23:08:11 GMT 2024","","HYPERON-METTALOG-SANITY","HYPERON-METTALOG-SANITY",""
"","31","BCHAIN-COMP.04","","Fri Nov 15 23:00:02 GMT 2024","passed","Fri Nov 15 23:00:02 GMT 2024","","ANTI-REGRESSION","ANTI-REGRESSION",""
"","2","C1-GROUNDED-BASIC.21","","Fri Nov 15 23:43:33 GMT 2024","passed","Fri Nov 15 23:43:33 GMT 2024","","QUICK","QUICK",""
"","2","CONTROL-FLOW---METTA-LANGUAGE15.04","","Fri Nov 15 23:18:33 GMT 2024","passed","Fri Nov 15 23:18:33 GMT 2024","","METTA-LANG","METTA-LANG",""
"","1","D4-TYPE-PROP.12","","Fri Nov 15 23:04:54 GMT 2024","passed","Fri Nov 15 23:04:54 GMT 2024","","HYPERON-EXPERIMENTAL-SCRIPTS","HYPERON-EXPERIMENTAL-SCRIPTS",""
"","2","B0-CHAINING-PRELIM.03","","Fri Nov 15 23:04:54 GMT 2024","passed","Fri Nov 15 23:04:54 GMT 2024","","HYPERON-EXPERIMENTAL-SCRIPTS","HYPERON-EXPERIMENTAL-SCRIPTS",""
"","4","ARITY-TESTS.01","","Fri Nov 15 23:08:11 GMT 2024","passed","Fri Nov 15 23:08:11 GMT 2024","","HYPERON-METTALOG-SANITY","HYPERON-METTALOG-SANITY",""
"","2","HANDLING-NONDETERMINISTIC-RESULTS---METTA-LANGUAGE8.09","","Fri Nov 15 23:18:33 GMT 2024","passed","Fri Nov 15 23:18:33 GMT 2024","","METTA-LANG","METTA-LANG",""
"","2","WORKING-WITH-SPACES---METTA-LANGUAGE1.07","","Fri Nov 15 23:18:33 GMT 2024","passed","Fri Nov 15 23:18:33 GMT 2024","","METTA-LANG","METTA-LANG",""
"","2","RECURSION-AND-CONTROL---METTA-LANGUAGE7.02","","Fri Nov 15 23:18:33 GMT 2024","passed","Fri Nov 15 23:18:33 GMT 2024","","METTA-LANG","METTA-LANG",""
"","2","06-MATCH-IN-SPACE.04","","Fri Nov 15 23:08:11 GMT 2024","passed","Fri Nov 15 23:08:11 GMT 2024","","HYPERON-METTALOG-SANITY","HYPERON-METTALOG-SANITY",""
"","1","CONTROL-FLOW---METTA-LANGUAGE10.04","","Fri Nov 15 23:18:33 GMT 2024","passed","Fri Nov 15 23:18:33 GMT 2024","","METTA-LANG","METTA-LANG",""
"","1","TMPMATCH1.02","","Fri Nov 15 23:00:02 GMT 2024","passed","Fri Nov 15 23:00:02 GMT 2024","","ANTI-REGRESSION","ANTI-REGRESSION",""
"","9000","metta_lang.Control_flow___MeTTa_Language15","","Fri Nov 15 22:59:53 GMT 2024","passed","Fri Nov 15 23:00:02 GMT 2024","","WHOLE-TESTS","WHOLE-TESTS",""
"","54","D5-AUTO-TYPES.01","","Fri Nov 15 23:04:54 GMT 2024","failed","Fri Nov 15 23:04:54 GMT 2024","","HYPERON-EXPERIMENTAL-SCRIPTS","HYPERON-EXPERIMENTAL-SCRIPTS",""
"","2","STRING-TESTS.17","","Fri Nov 15 23:08:11 GMT 2024","passed","Fri Nov 15 23:08:11 GMT 2024","","HYPERON-METTALOG-SANITY","HYPERON-METTALOG-SANITY",""
"","9000","metta_lang.Recursive_and_parametric_types___MeTTa_Language3","","Fri Nov 15 22:59:53 GMT 2024","passed","Fri Nov 15 23:00:02 GMT 2024","","WHOLE-TESTS","WHOLE-TESTS",""
"","3","FUNCTIONAL-PROGRAMMING-TESTS.03","","Fri Nov 15 23:08:11 GMT 2024","passed","Fri Nov 15 23:08:11 GMT 2024","","HYPERON-METTALOG-SANITY","HYPERON-METTALOG-SANITY",""
"","2","STRING-TESTS.02","","Fri Nov 15 23:08:11 GMT 2024","passed","Fri Nov 15 23:08:11 GMT 2024","","HYPERON-METTALOG-SANITY","HYPERON-METTALOG-SANITY",""
"","2","TEST-IF-CLOSED.01","","Fri Nov 15 23:00:02 GMT 2024","passed","Fri Nov 15 23:00:02 GMT 2024","","ANTI-REGRESSION","ANTI-REGRESSION",""
"","2","CONTROLLING-PATTERN-MATCHING---METTA-LANGUAGE12.11","","Fri Nov 15 23:18:33 GMT 2024","passed","Fri Nov 15 23:18:33 GMT 2024","","METTA-LANG","METTA-LANG",""
"","4","OPERATIONS-OVER-ATOMS---METTA-LANGUAGE2.01","","Fri Nov 15 23:18:33 GMT 2024","passed","Fri Nov 15 23:18:33 GMT 2024","","METTA-LANG","METTA-LANG",""
"","3","CONTROL-FLOW---METTA-LANGUAGE15.05","","Fri Nov 15 23:18:33 GMT 2024","passed","Fri Nov 15 23:18:33 GMT 2024","","METTA-LANG","METTA-LANG",""
"","8000","metta-morph_tests.nested_parameters","","Fri Nov 15 22:59:53 GMT 2024","passed","Fri Nov 15 23:00:01 GMT 2024","","WHOLE-TESTS","WHOLE-TESTS",""
"","2","INTERSECTION-TESTS.04","","Fri Nov 15 23:08:11 GMT 2024","passed","Fri Nov 15 23:08:11 GMT 2024","","HYPERON-METTALOG-SANITY","HYPERON-METTALOG-SANITY",""
"","3","METATYPES---METTA-LANGUAGE4.02","","Fri Nov 15 23:18:33 GMT 2024","passed","Fri Nov 15 23:18:33 GMT 2024","","METTA-LANG","METTA-LANG",""
"","8000","hyperon-experimental_scripts.c1_grounded_basic","","Fri Nov 15 22:59:53 GMT 2024","passed","Fri Nov 15 23:00:01 GMT 2024","","WHOLE-TESTS","WHOLE-TESTS",""
"","3","FUNCTIONAL-PROGRAMMING-TESTS.04","","Fri Nov 15 23:08:11 GMT 2024","passed","Fri Nov 15 23:08:11 GMT 2024","","HYPERON-METTALOG-SANITY","HYPERON-METTALOG-SANITY",""
"","2","QUERYING-SPACE-CONTENT---METTA-LANGUAGE4.02","","Fri Nov 15 23:18:33 GMT 2024","passed","Fri Nov 15 23:18:33 GMT 2024","","METTA-LANG","METTA-LANG",""
"","1","C1-GROUNDED-BASIC.06","","Fri Nov 15 23:43:33 GMT 2024","passed","Fri Nov 15 23:43:33 GMT 2024","","QUICK","QUICK",""
"","54","METATYPES---METTA-LANGUAGE2.04","","Fri Nov 15 23:18:33 GMT 2024","failed","Fri Nov 15 23:18:33 GMT 2024","","METTA-LANG","METTA-LANG",""
"","3","CONCRETE-TYPES---METTA-LANGUAGE4.01","","Fri Nov 15 23:18:33 GMT 2024","passed","Fri Nov 15 23:18:33 GMT 2024","","METTA-LANG","METTA-LANG",""
"","3","RUST-02.01","","Fri Nov 15 23:44:25 GMT 2024","passed","Fri Nov 15 23:44:25 GMT 2024","","BASELINE-COMPAT","BASELINE-COMPAT",""
"","66","METATYPES---METTA-LANGUAGE8.04","","Fri Nov 15 23:18:33 GMT 2024","failed","Fri Nov 15 23:18:33 GMT 2024","","METTA-LANG","METTA-LANG",""
"","2","F1-MODULEA.05","","Fri Nov 15 23:43:33 GMT 2024","passed","Fri Nov 15 23:43:33 GMT 2024","","QUICK","QUICK",""
"","8000","metta_lang.Handling_nondeterministic_results___MeTTa_Language4","","Fri Nov 15 22:59:53 GMT 2024","passed","Fri Nov 15 23:00:01 GMT 2024","","WHOLE-TESTS","WHOLE-TESTS",""
"","2","SUPERCOLLAPSE.03","","Fri Nov 15 23:39:29 GMT 2024","passed","Fri Nov 15 23:39:29 GMT 2024","","METTA-MORPH-TESTS","METTA-MORPH-TESTS",""
"","1","CONCRETE-TYPES---METTA-LANGUAGE8.02","","Fri Nov 15 23:18:33 GMT 2024","passed","Fri Nov 15 23:18:33 GMT 2024","","METTA-LANG","METTA-LANG",""
"","1","BASIC-GROUNDED-FUNCTIONS---METTA-LANGUAGE7.02","","Fri Nov 15 23:18:33 GMT 2024","passed","Fri Nov 15 23:18:33 GMT 2024","","METTA-LANG","METTA-LANG",""
"","3","01-LANG-INC.01","","Fri Nov 15 23:08:11 GMT 2024","passed","Fri Nov 15 23:08:11 GMT 2024","","HYPERON-METTALOG-SANITY","HYPERON-METTALOG-SANITY",""
"","60","F1-IMPORTS.11","","Fri Nov 15 23:43:33 GMT 2024","failed","Fri Nov 15 23:43:33 GMT 2024","","QUICK","QUICK",""
"","1","FUNCTIONS-AND-UNIFICATION---METTA-LANGUAGE6.02","","Fri Nov 15 23:18:33 GMT 2024","passed","Fri Nov 15 23:18:33 GMT 2024","","METTA-LANG","METTA-LANG",""
"","2","UNIQUE-TEST.09","","Fri Nov 15 23:08:11 GMT 2024","passed","Fri Nov 15 23:08:11 GMT 2024","","HYPERON-METTALOG-SANITY","HYPERON-METTALOG-SANITY",""
"","2","RECURSION-AND-CONTROL---METTA-LANGUAGE2.06","","Fri Nov 15 23:18:33 GMT 2024","passed","Fri Nov 15 23:18:33 GMT 2024","","METTA-LANG","METTA-LANG",""
"","3","PY-TYPES.02","","Fri Nov 15 23:08:11 GMT 2024","passed","Fri Nov 15 23:08:11 GMT 2024","","HYPERON-METTALOG-SANITY","HYPERON-METTALOG-SANITY",""
"","2","06-MATCH-IN-SPACE.02","","Fri Nov 15 23:08:11 GMT 2024","passed","Fri Nov 15 23:08:11 GMT 2024","","HYPERON-METTALOG-SANITY","HYPERON-METTALOG-SANITY",""
"","8000","hyperon-experimental_scripts.a2_opencoggy","","Fri Nov 15 22:59:53 GMT 2024","passed","Fri Nov 15 23:00:01 GMT 2024","","WHOLE-TESTS","WHOLE-TESTS",""
"","78","F1-IMPORTS.16","","Fri Nov 15 22:59:44 GMT 2024","passed","Fri Nov 15 22:59:44 GMT 2024","","MODULE-SYSTEM","MODULE-SYSTEM",""
"","1","B5-TYPES-PRELIM.13","","Fri Nov 15 23:04:54 GMT 2024","passed","Fri Nov 15 23:04:54 GMT 2024","","HYPERON-EXPERIMENTAL-SCRIPTS","HYPERON-EXPERIMENTAL-SCRIPTS",""
"","9000","metta_lang.Control_flow___MeTTa_Language13","","Fri Nov 15 22:59:53 GMT 2024","passed","Fri Nov 15 23:00:02 GMT 2024","","WHOLE-TESTS","WHOLE-TESTS",""
"","3","METATYPES---METTA-LANGUAGE1.01","","Fri Nov 15 23:18:33 GMT 2024","passed","Fri Nov 15 23:18:33 GMT 2024","","METTA-LANG","METTA-LANG",""
"","3","CONTROLLING-PATTERN-MATCHING---METTA-LANGUAGE5.02","","Fri Nov 15 23:18:33 GMT 2024","passed","Fri Nov 15 23:18:33 GMT 2024","","METTA-LANG","METTA-LANG",""
"","1","OUTPUT-LOAD-TESTS.06","","Fri Nov 15 23:08:11 GMT 2024","passed","Fri Nov 15 23:08:11 GMT 2024","","HYPERON-METTALOG-SANITY","HYPERON-METTALOG-SANITY",""
"","2","MATCH-VOID.08","","Fri Nov 15 23:39:29 GMT 2024","passed","Fri Nov 15 23:39:29 GMT 2024","","METTA-MORPH-TESTS","METTA-MORPH-TESTS",""
"","3","D2-HIGHERFUNC.27","","Fri Nov 15 23:43:33 GMT 2024","passed","Fri Nov 15 23:43:33 GMT 2024","","QUICK","QUICK",""
"","4","BASIC-EVALUATION---METTA-LANGUAGE6.01","","Fri Nov 15 23:18:33 GMT 2024","passed","Fri Nov 15 23:18:33 GMT 2024","","METTA-LANG","METTA-LANG",""
"","1","OR-TEST.18","","Fri Nov 15 23:08:11 GMT 2024","passed","Fri Nov 15 23:08:11 GMT 2024","","HYPERON-METTALOG-SANITY","HYPERON-METTALOG-SANITY",""
"","2","CONSOLE-OUTPUT-AND-DEBUGGING---METTA-LANGUAGE3.02","","Fri Nov 15 23:18:33 GMT 2024","passed","Fri Nov 15 23:18:33 GMT 2024","","METTA-LANG","METTA-LANG",""
"","2","B5-TYPES-PRELIM.06","","Fri Nov 15 23:04:54 GMT 2024","passed","Fri Nov 15 23:04:54 GMT 2024","","HYPERON-EXPERIMENTAL-SCRIPTS","HYPERON-EXPERIMENTAL-SCRIPTS",""
"","2","STRING-TESTS.12","","Fri Nov 15 23:08:11 GMT 2024","passed","Fri Nov 15 23:08:11 GMT 2024","","HYPERON-METTALOG-SANITY","HYPERON-METTALOG-SANITY",""
"","3","BASIC-GROUNDED-FUNCTIONS---METTA-LANGUAGE1.02","","Fri Nov 15 23:18:33 GMT 2024","passed","Fri Nov 15 23:18:33 GMT 2024","","METTA-LANG","METTA-LANG",""
"","2","OPERATIONS-OVER-ATOMS---METTA-LANGUAGE1.01","","Fri Nov 15 23:18:33 GMT 2024","passed","Fri Nov 15 23:18:33 GMT 2024","","METTA-LANG","METTA-LANG",""
"","78","MINIMAL-METTA-TESTS.19","","Fri Nov 15 23:08:11 GMT 2024","failed","Fri Nov 15 23:08:11 GMT 2024","","HYPERON-METTALOG-SANITY","HYPERON-METTALOG-SANITY",""
"","2","RECURSION-AND-CONTROL---METTA-LANGUAGE2.03","","Fri Nov 15 23:18:33 GMT 2024","passed","Fri Nov 15 23:18:33 GMT 2024","","METTA-LANG","METTA-LANG",""
"","2","CONTROLLING-PATTERN-MATCHING---METTA-LANGUAGE12.01","","Fri Nov 15 23:18:33 GMT 2024","passed","Fri Nov 15 23:18:33 GMT 2024","","METTA-LANG","METTA-LANG",""
"","114","MINIMAL-METTA-TESTS.38","","Fri Nov 15 23:08:11 GMT 2024","failed","Fri Nov 15 23:08:11 GMT 2024","","HYPERON-METTALOG-SANITY","HYPERON-METTALOG-SANITY",""
"","92","F1-IMPORTS.13","","Fri Nov 15 22:59:44 GMT 2024","passed","Fri Nov 15 22:59:44 GMT 2024","","MODULE-SYSTEM","MODULE-SYSTEM",""
"","9000","quick.d4_type_prop","","Fri Nov 15 22:59:53 GMT 2024","passed","Fri Nov 15 23:00:02 GMT 2024","","WHOLE-TESTS","WHOLE-TESTS",""
"","21","BC-COMP.04","","Fri Nov 15 23:00:02 GMT 2024","passed","Fri Nov 15 23:00:02 GMT 2024","","ANTI-REGRESSION","ANTI-REGRESSION",""
"","99","HANDLING-NONDETERMINISTIC-RESULTS---METTA-LANGUAGE6.04","","Fri Nov 15 23:18:33 GMT 2024","passed","Fri Nov 15 23:18:33 GMT 2024","","METTA-LANG","METTA-LANG",""
"","16","FUNCTIONS-AND-UNIFICATION---METTA-LANGUAGE7.02","","Fri Nov 15 23:18:33 GMT 2024","failed","Fri Nov 15 23:18:33 GMT 2024","","METTA-LANG","METTA-LANG",""
"","2","BASIC-GROUNDED-FUNCTIONS---METTA-LANGUAGE1.05","","Fri Nov 15 23:18:33 GMT 2024","passed","Fri Nov 15 23:18:33 GMT 2024","","METTA-LANG","METTA-LANG",""
"","4","TIME-SYNTHESIZE-SHORT.03","","Fri Nov 15 23:15:42 GMT 2024","passed","Fri Nov 15 23:15:42 GMT 2024","","SYNTH-BUFFER","SYNTH-BUFFER",""
"","10000","metta-morph_tests.minnars","","Fri Nov 15 22:59:53 GMT 2024","passed","Fri Nov 15 23:00:03 GMT 2024","","WHOLE-TESTS","WHOLE-TESTS",""
"","2","BCHAIN.01","","Fri Nov 15 23:00:02 GMT 2024","passed","Fri Nov 15 23:00:02 GMT 2024","","ANTI-REGRESSION","ANTI-REGRESSION",""
"","1","PY-TYPES-2.02","","Fri Nov 15 23:08:11 GMT 2024","passed","Fri Nov 15 23:08:11 GMT 2024","","HYPERON-METTALOG-SANITY","HYPERON-METTALOG-SANITY",""
"","2","RECURSIVE-AND-PARAMETRIC-TYPES---METTA-LANGUAGE5.03","","Fri Nov 15 23:18:33 GMT 2024","passed","Fri Nov 15 23:18:33 GMT 2024","","METTA-LANG","METTA-LANG",""
"","2","B1-EQUAL-CHAIN.01","","Fri Nov 15 23:04:54 GMT 2024","passed","Fri Nov 15 23:04:54 GMT 2024","","HYPERON-EXPERIMENTAL-SCRIPTS","HYPERON-EXPERIMENTAL-SCRIPTS",""
"","2","WORKING-WITH-SPACES---METTA-LANGUAGE1.05","","Fri Nov 15 23:18:33 GMT 2024","passed","Fri Nov 15 23:18:33 GMT 2024","","METTA-LANG","METTA-LANG",""
"","3","RECURSIVE-AND-PARAMETRIC-TYPES---METTA-LANGUAGE9.02","","Fri Nov 15 23:18:33 GMT 2024","passed","Fri Nov 15 23:18:33 GMT 2024","","METTA-LANG","METTA-LANG",""
"","8000","metta_lang.Concrete_types___MeTTa_Language6","","Fri Nov 15 22:59:53 GMT 2024","passed","Fri Nov 15 23:00:01 GMT 2024","","WHOLE-TESTS","WHOLE-TESTS",""
"","45","CONTROL-FLOW---METTA-LANGUAGE2.01","","Fri Nov 15 23:18:33 GMT 2024","failed","Fri Nov 15 23:18:33 GMT 2024","","METTA-LANG","METTA-LANG",""
"","82","CONTROLLING-PATTERN-MATCHING---METTA-LANGUAGE4.02","","Fri Nov 15 23:18:33 GMT 2024","passed","Fri Nov 15 23:18:33 GMT 2024","","METTA-LANG","METTA-LANG",""
"","8000","metta_lang.Control_flow___MeTTa_Language8","","Fri Nov 15 22:59:53 GMT 2024","passed","Fri Nov 15 23:00:01 GMT 2024","","WHOLE-TESTS","WHOLE-TESTS",""
"","10","SPACE-INTERSECTION-TESTS.16","","Fri Nov 15 23:08:11 GMT 2024","failed","Fri Nov 15 23:08:11 GMT 2024","","HYPERON-METTALOG-SANITY","HYPERON-METTALOG-SANITY",""
"","1","SUPERCOLLAPSE.07","","Fri Nov 15 23:39:29 GMT 2024","passed","Fri Nov 15 23:39:29 GMT 2024","","METTA-MORPH-TESTS","METTA-MORPH-TESTS",""
"","2","B5-TYPES-PRELIM.09","","Fri Nov 15 23:04:54 GMT 2024","passed","Fri Nov 15 23:04:54 GMT 2024","","HYPERON-EXPERIMENTAL-SCRIPTS","HYPERON-EXPERIMENTAL-SCRIPTS",""
"","4","WORKING-WITH-SPACES---METTA-LANGUAGE4.02","","Fri Nov 15 23:18:33 GMT 2024","passed","Fri Nov 15 23:18:33 GMT 2024","","METTA-LANG","METTA-LANG",""
"","4","FUNCTIONAL-PROGRAMMING-TESTS.01","","Fri Nov 15 23:08:11 GMT 2024","passed","Fri Nov 15 23:08:11 GMT 2024","","HYPERON-METTALOG-SANITY","HYPERON-METTALOG-SANITY",""
"","2","D2-HIGHERFUNC.23","","Fri Nov 15 23:04:54 GMT 2024","passed","Fri Nov 15 23:04:54 GMT 2024","","HYPERON-EXPERIMENTAL-SCRIPTS","HYPERON-EXPERIMENTAL-SCRIPTS",""
"","1","C2-SPACES.02","","Fri Nov 15 23:04:54 GMT 2024","passed","Fri Nov 15 23:04:54 GMT 2024","","HYPERON-EXPERIMENTAL-SCRIPTS","HYPERON-EXPERIMENTAL-SCRIPTS",""
"","2","CALL-TESTS.08","","Fri Nov 15 23:08:11 GMT 2024","passed","Fri Nov 15 23:08:11 GMT 2024","","HYPERON-METTALOG-SANITY","HYPERON-METTALOG-SANITY",""
"","2","B4-NONDETERM.05","","Fri Nov 15 23:04:54 GMT 2024","passed","Fri Nov 15 23:04:54 GMT 2024","","HYPERON-EXPERIMENTAL-SCRIPTS","HYPERON-EXPERIMENTAL-SCRIPTS",""
"","110","CONTROL-FLOW---METTA-LANGUAGE5.01","","Fri Nov 15 23:18:33 GMT 2024","passed","Fri Nov 15 23:18:33 GMT 2024","","METTA-LANG","METTA-LANG",""
"","1","D2-HIGHERFUNC.10","","Fri Nov 15 23:04:54 GMT 2024","passed","Fri Nov 15 23:04:54 GMT 2024","","HYPERON-EXPERIMENTAL-SCRIPTS","HYPERON-EXPERIMENTAL-SCRIPTS",""
"","2","INTERSECTION-TESTS.07","","Fri Nov 15 23:08:11 GMT 2024","passed","Fri Nov 15 23:08:11 GMT 2024","","HYPERON-METTALOG-SANITY","HYPERON-METTALOG-SANITY",""
"","2","WORKING-WITH-SPACES---METTA-LANGUAGE1.08","","Fri Nov 15 23:18:33 GMT 2024","passed","Fri Nov 15 23:18:33 GMT 2024","","METTA-LANG","METTA-LANG",""
"","2","FIRST-ANSWER.02","","Fri Nov 15 23:08:11 GMT 2024","passed","Fri Nov 15 23:08:11 GMT 2024","","HYPERON-METTALOG-SANITY","HYPERON-METTALOG-SANITY",""
"","1","OR-TEST.15","","Fri Nov 15 23:08:11 GMT 2024","passed","Fri Nov 15 23:08:11 GMT 2024","","HYPERON-METTALOG-SANITY","HYPERON-METTALOG-SANITY",""
"","2","RECURSIVE-AND-PARAMETRIC-TYPES---METTA-LANGUAGE5.05","","Fri Nov 15 23:18:33 GMT 2024","passed","Fri Nov 15 23:18:33 GMT 2024","","METTA-LANG","METTA-LANG",""
"","3","RECURSION-AND-CONTROL---METTA-LANGUAGE5.01","","Fri Nov 15 23:18:33 GMT 2024","passed","Fri Nov 15 23:18:33 GMT 2024","","METTA-LANG","METTA-LANG",""
"","2","FLIP-TEST.02","","Fri Nov 15 23:08:11 GMT 2024","passed","Fri Nov 15 23:08:11 GMT 2024","","HYPERON-METTALOG-SANITY","HYPERON-METTALOG-SANITY",""
"","3","CONSOLE-OUTPUT-AND-DEBUGGING---METTA-LANGUAGE2.05","","Fri Nov 15 23:18:33 GMT 2024","passed","Fri Nov 15 23:18:33 GMT 2024","","METTA-LANG","METTA-LANG",""
"","2","FIND-ALL-TESTS.02","","Fri Nov 15 23:08:11 GMT 2024","passed","Fri Nov 15 23:08:11 GMT 2024","","HYPERON-METTALOG-SANITY","HYPERON-METTALOG-SANITY",""
"","9000","hyperon-mettalog_sanity.structure-tests","","Fri Nov 15 22:59:53 GMT 2024","passed","Fri Nov 15 23:00:02 GMT 2024","","WHOLE-TESTS","WHOLE-TESTS",""
"","2","D4-TYPE-PROP.15","","Fri Nov 15 23:43:33 GMT 2024","passed","Fri Nov 15 23:43:33 GMT 2024","","QUICK","QUICK",""
"","2","D2-HIGHERFUNC.04","","Fri Nov 15 23:43:33 GMT 2024","passed","Fri Nov 15 23:43:33 GMT 2024","","QUICK","QUICK",""
"","3","LIMIT-TESTS.14","","Fri Nov 15 23:08:11 GMT 2024","passed","Fri Nov 15 23:08:11 GMT 2024","","HYPERON-METTALOG-SANITY","HYPERON-METTALOG-SANITY",""
"","18","CONCRETE-TYPES---METTA-LANGUAGE9.01","","Fri Nov 15 23:18:33 GMT 2024","passed","Fri Nov 15 23:18:33 GMT 2024","","METTA-LANG","METTA-LANG",""
"","2","RECURSION-AND-CONTROL---METTA-LANGUAGE2.05","","Fri Nov 15 23:18:33 GMT 2024","passed","Fri Nov 15 23:18:33 GMT 2024","","METTA-LANG","METTA-LANG",""
"","163","SPACE-INTERSECTION-TESTS.07","","Fri Nov 15 23:08:11 GMT 2024","failed","Fri Nov 15 23:08:11 GMT 2024","","HYPERON-METTALOG-SANITY","HYPERON-METTALOG-SANITY",""
"","2","SPACE-INTERSECTION-TESTS.13","","Fri Nov 15 23:08:11 GMT 2024","passed","Fri Nov 15 23:08:11 GMT 2024","","HYPERON-METTALOG-SANITY","HYPERON-METTALOG-SANITY",""
"","3","BASIC-GROUNDED-FUNCTIONS---METTA-LANGUAGE1.01","","Fri Nov 15 23:18:33 GMT 2024","passed","Fri Nov 15 23:18:33 GMT 2024","","METTA-LANG","METTA-LANG",""
"","9000","hyperon-mettalog_sanity.flip_test","","Fri Nov 15 22:59:53 GMT 2024","passed","Fri Nov 15 23:00:02 GMT 2024","","WHOLE-TESTS","WHOLE-TESTS",""
"","1","MATCH-VOID.02","","Fri Nov 15 23:39:29 GMT 2024","passed","Fri Nov 15 23:39:29 GMT 2024","","METTA-MORPH-TESTS","METTA-MORPH-TESTS",""
"","194","TIME-SYNTHESIZE-LONG.03","","Fri Nov 15 23:15:42 GMT 2024","failed","Fri Nov 15 23:15:42 GMT 2024","","SYNTH-BUFFER","SYNTH-BUFFER",""
"","1","TEST-IF-CLOSED.05","","Fri Nov 15 23:00:02 GMT 2024","passed","Fri Nov 15 23:00:02 GMT 2024","","ANTI-REGRESSION","ANTI-REGRESSION",""
"","3","FUNCTIONS-AND-UNIFICATION---METTA-LANGUAGE6.01","","Fri Nov 15 23:18:33 GMT 2024","passed","Fri Nov 15 23:18:33 GMT 2024","","METTA-LANG","METTA-LANG",""
"","9000","metta_lang.Recursion_and_control___MeTTa_Language6","","Fri Nov 15 22:59:53 GMT 2024","passed","Fri Nov 15 23:00:02 GMT 2024","","WHOLE-TESTS","WHOLE-TESTS",""
"","158","OUTPUT-LOAD-TESTS.11","","Fri Nov 15 23:08:11 GMT 2024","failed","Fri Nov 15 23:08:11 GMT 2024","","HYPERON-METTALOG-SANITY","HYPERON-METTALOG-SANITY",""
"","4","TYPES.01","","Fri Nov 15 23:39:29 GMT 2024","passed","Fri Nov 15 23:39:29 GMT 2024","","METTA-MORPH-TESTS","METTA-MORPH-TESTS",""
"","2","TYPES2.05","","Fri Nov 15 23:39:29 GMT 2024","passed","Fri Nov 15 23:39:29 GMT 2024","","METTA-MORPH-TESTS","METTA-MORPH-TESTS",""
"","3","D1-GADT.11","","Fri Nov 15 23:04:54 GMT 2024","passed","Fri Nov 15 23:04:54 GMT 2024","","HYPERON-EXPERIMENTAL-SCRIPTS","HYPERON-EXPERIMENTAL-SCRIPTS",""
"","8000","metta-morph_tests.match_feval","","Fri Nov 15 22:59:53 GMT 2024","passed","Fri Nov 15 23:00:01 GMT 2024","","WHOLE-TESTS","WHOLE-TESTS",""
"","2","SUPERPOSE-NESTED.04","","Fri Nov 15 23:39:29 GMT 2024","passed","Fri Nov 15 23:39:29 GMT 2024","","METTA-MORPH-TESTS","METTA-MORPH-TESTS",""
"","5","03-SORING-VIA-INSERT.01","","Fri Nov 15 23:08:11 GMT 2024","passed","Fri Nov 15 23:08:11 GMT 2024","","HYPERON-METTALOG-SANITY","HYPERON-METTALOG-SANITY",""
"","5","RECURSIVE-AND-PARAMETRIC-TYPES---METTA-LANGUAGE6.01","","Fri Nov 15 23:18:33 GMT 2024","passed","Fri Nov 15 23:18:33 GMT 2024","","METTA-LANG","METTA-LANG",""
"","2","HANDLING-NONDETERMINISTIC-RESULTS---METTA-LANGUAGE8.03","","Fri Nov 15 23:18:33 GMT 2024","passed","Fri Nov 15 23:18:33 GMT 2024","","METTA-LANG","METTA-LANG",""
"","1","B5-TYPES-PRELIM.19","","Fri Nov 15 23:04:54 GMT 2024","passed","Fri Nov 15 23:04:54 GMT 2024","","HYPERON-EXPERIMENTAL-SCRIPTS","HYPERON-EXPERIMENTAL-SCRIPTS",""
"","1","OR-TEST.13","","Fri Nov 15 23:08:11 GMT 2024","passed","Fri Nov 15 23:08:11 GMT 2024","","HYPERON-METTALOG-SANITY","HYPERON-METTALOG-SANITY",""
"","305","SPACE-SUBTRACTION-TESTS.07","","Fri Nov 15 23:08:11 GMT 2024","passed","Fri Nov 15 23:08:11 GMT 2024","","HYPERON-METTALOG-SANITY","HYPERON-METTALOG-SANITY",""
"","3","A2-OPENCOGGY.01","","Fri Nov 15 23:04:54 GMT 2024","passed","Fri Nov 15 23:04:54 GMT 2024","","HYPERON-EXPERIMENTAL-SCRIPTS","HYPERON-EXPERIMENTAL-SCRIPTS",""
"","52","F1-IMPORTS.11","","Fri Nov 15 23:04:54 GMT 2024","failed","Fri Nov 15 23:04:54 GMT 2024","","HYPERON-EXPERIMENTAL-SCRIPTS","HYPERON-EXPERIMENTAL-SCRIPTS",""
"","102","EVAL-FOR-TESTS.13","","Fri Nov 15 23:08:11 GMT 2024","failed","Fri Nov 15 23:08:11 GMT 2024","","HYPERON-METTALOG-SANITY","HYPERON-METTALOG-SANITY",""
"","1","BASIC-GROUNDED-FUNCTIONS---METTA-LANGUAGE2.02","","Fri Nov 15 23:18:33 GMT 2024","passed","Fri Nov 15 23:18:33 GMT 2024","","METTA-LANG","METTA-LANG",""
"","2","BASIC-GROUNDED-FUNCTIONS---METTA-LANGUAGE6.04","","Fri Nov 15 23:18:33 GMT 2024","passed","Fri Nov 15 23:18:33 GMT 2024","","METTA-LANG","METTA-LANG",""
"","50","D5-AUTO-TYPES.03","","Fri Nov 15 23:04:54 GMT 2024","failed","Fri Nov 15 23:04:54 GMT 2024","","HYPERON-EXPERIMENTAL-SCRIPTS","HYPERON-EXPERIMENTAL-SCRIPTS",""
"","1","XOR-TEST.10","","Fri Nov 15 23:08:11 GMT 2024","passed","Fri Nov 15 23:08:11 GMT 2024","","HYPERON-METTALOG-SANITY","HYPERON-METTALOG-SANITY",""
"","2","C1-GROUNDED-BASIC.10","","Fri Nov 15 23:43:33 GMT 2024","passed","Fri Nov 15 23:43:33 GMT 2024","","QUICK","QUICK",""
"","106","OR-TEST.20","","Fri Nov 15 23:08:11 GMT 2024","failed","Fri Nov 15 23:08:11 GMT 2024","","HYPERON-METTALOG-SANITY","HYPERON-METTALOG-SANITY",""
"","8000","metta_lang.Recursion_and_control___MeTTa_Language1","","Fri Nov 15 22:59:53 GMT 2024","passed","Fri Nov 15 23:00:01 GMT 2024","","WHOLE-TESTS","WHOLE-TESTS",""
"","2","OPERATIONS-OVER-ATOMS---METTA-LANGUAGE4.02","","Fri Nov 15 23:18:33 GMT 2024","passed","Fri Nov 15 23:18:33 GMT 2024","","METTA-LANG","METTA-LANG",""
"","9000","hyperon-mettalog_sanity.02-curried-plus","","Fri Nov 15 22:59:53 GMT 2024","passed","Fri Nov 15 23:00:02 GMT 2024","","WHOLE-TESTS","WHOLE-TESTS",""
"","2","RECURSION-AND-CONTROL---METTA-LANGUAGE6.02","","Fri Nov 15 23:18:33 GMT 2024","passed","Fri Nov 15 23:18:33 GMT 2024","","METTA-LANG","METTA-LANG",""
"","2","06-MATCH-IN-SPACE.05","","Fri Nov 15 23:08:11 GMT 2024","passed","Fri Nov 15 23:08:11 GMT 2024","","HYPERON-METTALOG-SANITY","HYPERON-METTALOG-SANITY",""
"","8000","hyperon-mettalog_sanity.unique_test","","Fri Nov 15 22:59:53 GMT 2024","passed","Fri Nov 15 23:00:01 GMT 2024","","WHOLE-TESTS","WHOLE-TESTS",""
"","2","E2-STATES.05","","Fri Nov 15 23:04:54 GMT 2024","passed","Fri Nov 15 23:04:54 GMT 2024","","HYPERON-EXPERIMENTAL-SCRIPTS","HYPERON-EXPERIMENTAL-SCRIPTS",""
"","2","CONTROL-FLOW---METTA-LANGUAGE11.02","","Fri Nov 15 23:18:33 GMT 2024","passed","Fri Nov 15 23:18:33 GMT 2024","","METTA-LANG","METTA-LANG",""
"","8000","metta_lang.Recursion_and_control___MeTTa_Language3","","Fri Nov 15 22:59:53 GMT 2024","passed","Fri Nov 15 23:00:01 GMT 2024","","WHOLE-TESTS","WHOLE-TESTS",""
"","1","B0-CHAINING-PRELIM.02","","Fri Nov 15 23:04:54 GMT 2024","passed","Fri Nov 15 23:04:54 GMT 2024","","HYPERON-EXPERIMENTAL-SCRIPTS","HYPERON-EXPERIMENTAL-SCRIPTS",""
"","31000","synth_buffer.time_synthesize","","Fri Nov 15 22:59:53 GMT 2024","passed","Fri Nov 15 23:00:24 GMT 2024","","WHOLE-TESTS","WHOLE-TESTS",""
"","923","FREE-VARIABLES-AND-NONDETERMINISM-AGAIN,-RECURSIVELY---METTA-LANGUAGE3.02","","Fri Nov 15 23:18:33 GMT 2024","passed","Fri Nov 15 23:18:33 GMT 2024","","METTA-LANG","METTA-LANG",""
"","2","CALL-CLEANUP-TESTS.08","","Fri Nov 15 23:08:11 GMT 2024","passed","Fri Nov 15 23:08:11 GMT 2024","","HYPERON-METTALOG-SANITY","HYPERON-METTALOG-SANITY",""
"","3","OR-TEST.14","","Fri Nov 15 23:08:11 GMT 2024","passed","Fri Nov 15 23:08:11 GMT 2024","","HYPERON-METTALOG-SANITY","HYPERON-METTALOG-SANITY",""
"","1","SUBTRACTION-TEST.02","","Fri Nov 15 23:08:11 GMT 2024","passed","Fri Nov 15 23:08:11 GMT 2024","","HYPERON-METTALOG-SANITY","HYPERON-METTALOG-SANITY",""
"","8000","metta_lang.Recursion_and_control___MeTTa_Language8","","Fri Nov 15 22:59:53 GMT 2024","passed","Fri Nov 15 23:00:01 GMT 2024","","WHOLE-TESTS","WHOLE-TESTS",""
"","8000","metta_lang.Basic_grounded_functions___MeTTa_Language5","","Fri Nov 15 22:59:53 GMT 2024","passed","Fri Nov 15 23:00:01 GMT 2024","","WHOLE-TESTS","WHOLE-TESTS",""
"","8000","metta_lang.Handling_nondeterministic_results___MeTTa_Language5","","Fri Nov 15 22:59:53 GMT 2024","passed","Fri Nov 15 23:00:01 GMT 2024","","WHOLE-TESTS","WHOLE-TESTS",""
"","2","TEST-IF-CLOSED.02","","Fri Nov 15 23:00:02 GMT 2024","passed","Fri Nov 15 23:00:02 GMT 2024","","ANTI-REGRESSION","ANTI-REGRESSION",""
"","2","OR-TEST.19","","Fri Nov 15 23:08:11 GMT 2024","passed","Fri Nov 15 23:08:11 GMT 2024","","HYPERON-METTALOG-SANITY","HYPERON-METTALOG-SANITY",""
"","2","SUPERPOSE-NESTED.03","","Fri Nov 15 23:39:29 GMT 2024","passed","Fri Nov 15 23:39:29 GMT 2024","","METTA-MORPH-TESTS","METTA-MORPH-TESTS",""
"","2","D2-HIGHERFUNC.16","","Fri Nov 15 23:43:33 GMT 2024","passed","Fri Nov 15 23:43:33 GMT 2024","","QUICK","QUICK",""
"","5","MATCH-FEVAL.01","","Fri Nov 15 23:39:29 GMT 2024","passed","Fri Nov 15 23:39:29 GMT 2024","","METTA-MORPH-TESTS","METTA-MORPH-TESTS",""
"","1","INTERSECTION-TESTS.08","","Fri Nov 15 23:08:11 GMT 2024","passed","Fri Nov 15 23:08:11 GMT 2024","","HYPERON-METTALOG-SANITY","HYPERON-METTALOG-SANITY",""
"","2","LIMIT-TESTS.12","","Fri Nov 15 23:08:11 GMT 2024","passed","Fri Nov 15 23:08:11 GMT 2024","","HYPERON-METTALOG-SANITY","HYPERON-METTALOG-SANITY",""
"","2","F1-IMPORTS.17","","Fri Nov 15 23:43:33 GMT 2024","passed","Fri Nov 15 23:43:33 GMT 2024","","QUICK","QUICK",""
"","8000","metta_lang.Working_with_spaces___MeTTa_Language7","","Fri Nov 15 22:59:53 GMT 2024","passed","Fri Nov 15 23:00:01 GMT 2024","","WHOLE-TESTS","WHOLE-TESTS",""
"","3","MINIMAL-METTA-TESTS.42","","Fri Nov 15 23:08:11 GMT 2024","passed","Fri Nov 15 23:08:11 GMT 2024","","HYPERON-METTALOG-SANITY","HYPERON-METTALOG-SANITY",""
"","8000","metta_lang.Controlling_pattern_matching___MeTTa_Language6","","Fri Nov 15 22:59:53 GMT 2024","passed","Fri Nov 15 23:00:01 GMT 2024","","WHOLE-TESTS","WHOLE-TESTS",""
"","3","SUBTRACTION-TEST.06","","Fri Nov 15 23:08:11 GMT 2024","passed","Fri Nov 15 23:08:11 GMT 2024","","HYPERON-METTALOG-SANITY","HYPERON-METTALOG-SANITY",""
"","1","TEST-IF-CLOSED.08","","Fri Nov 15 23:00:02 GMT 2024","passed","Fri Nov 15 23:00:02 GMT 2024","","ANTI-REGRESSION","ANTI-REGRESSION",""
"","2","F1-IMPORTS.10","","Fri Nov 15 23:43:33 GMT 2024","passed","Fri Nov 15 23:43:33 GMT 2024","","QUICK","QUICK",""
"","1","TMPMATCH2.02","","Fri Nov 15 23:00:02 GMT 2024","passed","Fri Nov 15 23:00:02 GMT 2024","","ANTI-REGRESSION","ANTI-REGRESSION",""
"","9000","metta-morph_tests.if","","Fri Nov 15 22:59:53 GMT 2024","passed","Fri Nov 15 23:00:02 GMT 2024","","WHOLE-TESTS","WHOLE-TESTS",""
"","2","B5-TYPES-PRELIM.17","","Fri Nov 15 23:04:54 GMT 2024","passed","Fri Nov 15 23:04:54 GMT 2024","","HYPERON-EXPERIMENTAL-SCRIPTS","HYPERON-EXPERIMENTAL-SCRIPTS",""
"","104","MINIMAL-METTA-TESTS.24","","Fri Nov 15 23:08:11 GMT 2024","failed","Fri Nov 15 23:08:11 GMT 2024","","HYPERON-METTALOG-SANITY","HYPERON-METTALOG-SANITY",""
"","82","MINIMAL-METTA-TESTS.32","","Fri Nov 15 23:08:11 GMT 2024","failed","Fri Nov 15 23:08:11 GMT 2024","","HYPERON-METTALOG-SANITY","HYPERON-METTALOG-SANITY",""
"","9000","metta_lang.Concrete_types___MeTTa_Language11","","Fri Nov 15 22:59:53 GMT 2024","passed","Fri Nov 15 23:00:02 GMT 2024","","WHOLE-TESTS","WHOLE-TESTS",""
"","3","HANDLING-NONDETERMINISTIC-RESULTS---METTA-LANGUAGE8.11","","Fri Nov 15 23:18:33 GMT 2024","passed","Fri Nov 15 23:18:33 GMT 2024","","METTA-LANG","METTA-LANG",""
"","8000","metta-morph_tests.superpose_nested","","Fri Nov 15 22:59:53 GMT 2024","passed","Fri Nov 15 23:00:01 GMT 2024","","WHOLE-TESTS","WHOLE-TESTS",""
"","3","OPERATIONS-OVER-ATOMS---METTA-LANGUAGE7.01","","Fri Nov 15 23:18:33 GMT 2024","passed","Fri Nov 15 23:18:33 GMT 2024","","METTA-LANG","METTA-LANG",""
"","2","CONTROLLING-PATTERN-MATCHING---METTA-LANGUAGE12.06","","Fri Nov 15 23:18:33 GMT 2024","passed","Fri Nov 15 23:18:33 GMT 2024","","METTA-LANG","METTA-LANG",""
"","3","SPACE-SUBTRACTION-TESTS.01","","Fri Nov 15 23:08:11 GMT 2024","passed","Fri Nov 15 23:08:11 GMT 2024","","HYPERON-METTALOG-SANITY","HYPERON-METTALOG-SANITY",""
"","2","OR-TEST.05","","Fri Nov 15 23:08:11 GMT 2024","passed","Fri Nov 15 23:08:11 GMT 2024","","HYPERON-METTALOG-SANITY","HYPERON-METTALOG-SANITY",""
"","8000","hyperon-experimental_scripts.a3_twoside","","Fri Nov 15 22:59:53 GMT 2024","passed","Fri Nov 15 23:00:01 GMT 2024","","WHOLE-TESTS","WHOLE-TESTS",""
"","2","WORKING-WITH-SPACES---METTA-LANGUAGE8.03","","Fri Nov 15 23:18:33 GMT 2024","passed","Fri Nov 15 23:18:33 GMT 2024","","METTA-LANG","METTA-LANG",""
"","1","FUNCTIONS-AND-UNIFICATION---METTA-LANGUAGE7.04","","Fri Nov 15 23:18:33 GMT 2024","passed","Fri Nov 15 23:18:33 GMT 2024","","METTA-LANG","METTA-LANG",""
"","59","BASIC-GROUNDED-FUNCTIONS---METTA-LANGUAGE1.04","","Fri Nov 15 23:18:33 GMT 2024","passed","Fri Nov 15 23:18:33 GMT 2024","","METTA-LANG","METTA-LANG",""
"","3","LIMIT-TESTS.17","","Fri Nov 15 23:08:11 GMT 2024","passed","Fri Nov 15 23:08:11 GMT 2024","","HYPERON-METTALOG-SANITY","HYPERON-METTALOG-SANITY",""
"","40","BCHAIN-COMP.06","","Fri Nov 15 23:00:02 GMT 2024","passed","Fri Nov 15 23:00:02 GMT 2024","","ANTI-REGRESSION","ANTI-REGRESSION",""
"","2","INTERSECTION-TESTS.02","","Fri Nov 15 23:08:11 GMT 2024","passed","Fri Nov 15 23:08:11 GMT 2024","","HYPERON-METTALOG-SANITY","HYPERON-METTALOG-SANITY",""
"","4","D2-HIGHERFUNC.01","","Fri Nov 15 23:43:33 GMT 2024","passed","Fri Nov 15 23:43:33 GMT 2024","","QUICK","QUICK",""
"","8000","baseline_compat.rust_02","","Fri Nov 15 22:59:53 GMT 2024","passed","Fri Nov 15 23:00:01 GMT 2024","","WHOLE-TESTS","WHOLE-TESTS",""
"","106","WHAT-EVALS-OR-NOT.01","","Fri Nov 15 23:08:11 GMT 2024","failed","Fri Nov 15 23:08:11 GMT 2024","","HYPERON-METTALOG-SANITY","HYPERON-METTALOG-SANITY",""
"","3","CALL-CLEANUP-TESTS.01","","Fri Nov 15 23:08:11 GMT 2024","passed","Fri Nov 15 23:08:11 GMT 2024","","HYPERON-METTALOG-SANITY","HYPERON-METTALOG-SANITY",""
"","2","LIMIT-TESTS.10","","Fri Nov 15 23:08:11 GMT 2024","passed","Fri Nov 15 23:08:11 GMT 2024","","HYPERON-METTALOG-SANITY","HYPERON-METTALOG-SANITY",""
"","127","OPERATIONS-OVER-ATOMS---METTA-LANGUAGE2.02","","Fri Nov 15 23:18:33 GMT 2024","failed","Fri Nov 15 23:18:33 GMT 2024","","METTA-LANG","METTA-LANG",""
"","8000","metta-morph_tests.letlet","","Fri Nov 15 22:59:53 GMT 2024","passed","Fri Nov 15 23:00:01 GMT 2024","","WHOLE-TESTS","WHOLE-TESTS",""
"","2","OR-TEST.03","","Fri Nov 15 23:08:11 GMT 2024","passed","Fri Nov 15 23:08:11 GMT 2024","","HYPERON-METTALOG-SANITY","HYPERON-METTALOG-SANITY",""
"","5","METATYPES---METTA-LANGUAGE6.01","","Fri Nov 15 23:18:33 GMT 2024","passed","Fri Nov 15 23:18:33 GMT 2024","","METTA-LANG","METTA-LANG",""
"","2","D4-TYPE-PROP.09","","Fri Nov 15 23:43:33 GMT 2024","passed","Fri Nov 15 23:43:33 GMT 2024","","QUICK","QUICK",""
"","3","RECURSION-AND-CONTROL---METTA-LANGUAGE1.01","","Fri Nov 15 23:18:33 GMT 2024","passed","Fri Nov 15 23:18:33 GMT 2024","","METTA-LANG","METTA-LANG",""
"","2","B4-NONDETERM.06","","Fri Nov 15 23:04:54 GMT 2024","passed","Fri Nov 15 23:04:54 GMT 2024","","HYPERON-EXPERIMENTAL-SCRIPTS","HYPERON-EXPERIMENTAL-SCRIPTS",""
"","2","D1-GADT.12","","Fri Nov 15 23:43:33 GMT 2024","passed","Fri Nov 15 23:43:33 GMT 2024","","QUICK","QUICK",""
"","158","TEST-SPO-5000.01","","Fri Nov 15 23:01:09 GMT 2024","passed","Fri Nov 15 23:01:09 GMT 2024","","METTA-WAM-ISSUE-116","METTA-WAM-ISSUE-116",""
"","9000","hyperon-mettalog_sanity.xor_test","","Fri Nov 15 22:59:53 GMT 2024","passed","Fri Nov 15 23:00:02 GMT 2024","","WHOLE-TESTS","WHOLE-TESTS",""
"","74","FUNCTIONAL-PROGRAMMING-TESTS.08","","Fri Nov 15 23:08:11 GMT 2024","failed","Fri Nov 15 23:08:11 GMT 2024","","HYPERON-METTALOG-SANITY","HYPERON-METTALOG-SANITY",""
"","2","HANDLING-NONDETERMINISTIC-RESULTS---METTA-LANGUAGE8.08","","Fri Nov 15 23:18:33 GMT 2024","passed","Fri Nov 15 23:18:33 GMT 2024","","METTA-LANG","METTA-LANG",""
"","3","C1-GROUNDED-BASIC.07","","Fri Nov 15 23:43:33 GMT 2024","passed","Fri Nov 15 23:43:33 GMT 2024","","QUICK","QUICK",""
"","64","MINIMAL-METTA-TESTS.14","","Fri Nov 15 23:08:11 GMT 2024","passed","Fri Nov 15 23:08:11 GMT 2024","","HYPERON-METTALOG-SANITY","HYPERON-METTALOG-SANITY",""
"","128","WORKING-WITH-SPACES---METTA-LANGUAGE2.01","","Fri Nov 15 23:18:33 GMT 2024","failed","Fri Nov 15 23:18:33 GMT 2024","","METTA-LANG","METTA-LANG",""
"","2","D2-HIGHERFUNC.27","","Fri Nov 15 23:04:54 GMT 2024","passed","Fri Nov 15 23:04:54 GMT 2024","","HYPERON-EXPERIMENTAL-SCRIPTS","HYPERON-EXPERIMENTAL-SCRIPTS",""
"","9000","metta_lang.Operations_over_atoms___MeTTa_Language5","","Fri Nov 15 22:59:53 GMT 2024","passed","Fri Nov 15 23:00:02 GMT 2024","","WHOLE-TESTS","WHOLE-TESTS",""
"","1","C2-SPACES.04","","Fri Nov 15 22:59:44 GMT 2024","passed","Fri Nov 15 22:59:44 GMT 2024","","MODULE-SYSTEM","MODULE-SYSTEM",""
"","78","MINIMAL-METTA-TESTS.17","","Fri Nov 15 23:08:11 GMT 2024","failed","Fri Nov 15 23:08:11 GMT 2024","","HYPERON-METTALOG-SANITY","HYPERON-METTALOG-SANITY",""
"","1","D4-TYPE-PROP.13","","Fri Nov 15 23:04:54 GMT 2024","passed","Fri Nov 15 23:04:54 GMT 2024","","HYPERON-EXPERIMENTAL-SCRIPTS","HYPERON-EXPERIMENTAL-SCRIPTS",""
"","1","FUNCTIONS-AND-UNIFICATION---METTA-LANGUAGE1.05","","Fri Nov 15 23:18:33 GMT 2024","passed","Fri Nov 15 23:18:33 GMT 2024","","METTA-LANG","METTA-LANG",""
"","1","OR-TEST.10","","Fri Nov 15 23:08:11 GMT 2024","passed","Fri Nov 15 23:08:11 GMT 2024","","HYPERON-METTALOG-SANITY","HYPERON-METTALOG-SANITY",""
"","2","F1-MODULEA.03","","Fri Nov 15 22:59:44 GMT 2024","passed","Fri Nov 15 22:59:44 GMT 2024","","MODULE-SYSTEM","MODULE-SYSTEM",""
"","2","D2-HIGHERFUNC.13","","Fri Nov 15 23:43:33 GMT 2024","passed","Fri Nov 15 23:43:33 GMT 2024","","QUICK","QUICK",""
"","9000","metta_lang.Operations_over_atoms___MeTTa_Language2","","Fri Nov 15 22:59:53 GMT 2024","passed","Fri Nov 15 23:00:02 GMT 2024","","WHOLE-TESTS","WHOLE-TESTS",""
"","4","CONSOLE-OUTPUT-AND-DEBUGGING---METTA-LANGUAGE3.01","","Fri Nov 15 23:18:33 GMT 2024","passed","Fri Nov 15 23:18:33 GMT 2024","","METTA-LANG","METTA-LANG",""
"","4230","PY-TYPES-2.01","","Fri Nov 15 23:08:11 GMT 2024","passed","Fri Nov 15 23:08:15 GMT 2024","","HYPERON-METTALOG-SANITY","HYPERON-METTALOG-SANITY",""
"","3","D1-GADT.01","","Fri Nov 15 23:04:54 GMT 2024","passed","Fri Nov 15 23:04:54 GMT 2024","","HYPERON-EXPERIMENTAL-SCRIPTS","HYPERON-EXPERIMENTAL-SCRIPTS",""
"","3","03-SORING-VIA-INSERT.02","","Fri Nov 15 23:08:11 GMT 2024","passed","Fri Nov 15 23:08:11 GMT 2024","","HYPERON-METTALOG-SANITY","HYPERON-METTALOG-SANITY",""
"","2","RECURSIVE-AND-PARAMETRIC-TYPES---METTA-LANGUAGE7.04","","Fri Nov 15 23:18:33 GMT 2024","passed","Fri Nov 15 23:18:33 GMT 2024","","METTA-LANG","METTA-LANG",""
"","1","METTALOGTESTCURRIED2.06","","Fri Nov 15 23:00:02 GMT 2024","passed","Fri Nov 15 23:00:02 GMT 2024","","ANTI-REGRESSION","ANTI-REGRESSION",""
"","3","00-LANG-CASE.03","","Fri Nov 15 23:08:11 GMT 2024","passed","Fri Nov 15 23:08:11 GMT 2024","","HYPERON-METTALOG-SANITY","HYPERON-METTALOG-SANITY",""
"","2","CALL-TESTS.04","","Fri Nov 15 23:08:11 GMT 2024","passed","Fri Nov 15 23:08:11 GMT 2024","","HYPERON-METTALOG-SANITY","HYPERON-METTALOG-SANITY",""
"","80","RECURSIVE-AND-PARAMETRIC-TYPES---METTA-LANGUAGE1.03","","Fri Nov 15 23:18:33 GMT 2024","failed","Fri Nov 15 23:18:33 GMT 2024","","METTA-LANG","METTA-LANG",""
"","2","WORKING-WITH-SPACES---METTA-LANGUAGE12.06","","Fri Nov 15 23:18:33 GMT 2024","passed","Fri Nov 15 23:18:33 GMT 2024","","METTA-LANG","METTA-LANG",""
"","3","CONSOLE-OUTPUT-AND-DEBUGGING---METTA-LANGUAGE2.01","","Fri Nov 15 23:18:33 GMT 2024","passed","Fri Nov 15 23:18:33 GMT 2024","","METTA-LANG","METTA-LANG",""
"","3","LIMIT-TESTS.06","","Fri Nov 15 23:08:11 GMT 2024","passed","Fri Nov 15 23:08:11 GMT 2024","","HYPERON-METTALOG-SANITY","HYPERON-METTALOG-SANITY",""
"","5","OR-TEST.17","","Fri Nov 15 23:08:11 GMT 2024","passed","Fri Nov 15 23:08:11 GMT 2024","","HYPERON-METTALOG-SANITY","HYPERON-METTALOG-SANITY",""
"","2","WHAT-EVALS-OR-NOT.06","","Fri Nov 15 23:08:11 GMT 2024","passed","Fri Nov 15 23:08:11 GMT 2024","","HYPERON-METTALOG-SANITY","HYPERON-METTALOG-SANITY",""
"","2","MAX-TIME-TESTS.02","","Fri Nov 15 23:08:11 GMT 2024","passed","Fri Nov 15 23:08:11 GMT 2024","","HYPERON-METTALOG-SANITY","HYPERON-METTALOG-SANITY",""
"","1","UNIQUE-TEST.03","","Fri Nov 15 23:08:11 GMT 2024","passed","Fri Nov 15 23:08:11 GMT 2024","","HYPERON-METTALOG-SANITY","HYPERON-METTALOG-SANITY",""
"","2","HANDLING-NONDETERMINISTIC-RESULTS---METTA-LANGUAGE8.10","","Fri Nov 15 23:18:33 GMT 2024","passed","Fri Nov 15 23:18:33 GMT 2024","","METTA-LANG","METTA-LANG",""
"","3","FREE-VARIABLES-AND-NONDETERMINISM-AGAIN,-RECURSIVELY---METTA-LANGUAGE3.01","","Fri Nov 15 23:18:33 GMT 2024","passed","Fri Nov 15 23:18:33 GMT 2024","","METTA-LANG","METTA-LANG",""
"","9000","quick.d2_higherfunc","","Fri Nov 15 22:59:53 GMT 2024","passed","Fri Nov 15 23:00:02 GMT 2024","","WHOLE-TESTS","WHOLE-TESTS",""
"","3","WORKING-WITH-SPACES---METTA-LANGUAGE12.07","","Fri Nov 15 23:18:33 GMT 2024","passed","Fri Nov 15 23:18:33 GMT 2024","","METTA-LANG","METTA-LANG",""
"","1","HYPERPOSE.08","","Fri Nov 15 23:39:29 GMT 2024","passed","Fri Nov 15 23:39:29 GMT 2024","","METTA-MORPH-TESTS","METTA-MORPH-TESTS",""
"","8000","hyperon-experimental_scripts.b2_backchain","","Fri Nov 15 22:59:53 GMT 2024","passed","Fri Nov 15 23:00:01 GMT 2024","","WHOLE-TESTS","WHOLE-TESTS",""
"","2","TYPES2.02","","Fri Nov 15 23:39:29 GMT 2024","passed","Fri Nov 15 23:39:29 GMT 2024","","METTA-MORPH-TESTS","METTA-MORPH-TESTS",""
"","1","CONTROL-FLOW---METTA-LANGUAGE15.06","","Fri Nov 15 23:18:33 GMT 2024","passed","Fri Nov 15 23:18:33 GMT 2024","","METTA-LANG","METTA-LANG",""
"","96","B4-NONDETERM.01","","Fri Nov 15 23:04:54 GMT 2024","passed","Fri Nov 15 23:04:54 GMT 2024","","HYPERON-EXPERIMENTAL-SCRIPTS","HYPERON-EXPERIMENTAL-SCRIPTS",""
"","2","METATYPES---METTA-LANGUAGE1.05","","Fri Nov 15 23:18:33 GMT 2024","passed","Fri Nov 15 23:18:33 GMT 2024","","METTA-LANG","METTA-LANG",""
"","31000","anti-regression.system_proofTestCurried","","Fri Nov 15 22:59:53 GMT 2024","passed","Fri Nov 15 23:00:24 GMT 2024","","WHOLE-TESTS","WHOLE-TESTS",""
"","4","CONTROL-FLOW---METTA-LANGUAGE3.02","","Fri Nov 15 23:18:33 GMT 2024","passed","Fri Nov 15 23:18:33 GMT 2024","","METTA-LANG","METTA-LANG",""
"","9000","metta_lang.Basic_evaluation___MeTTa_Language6","","Fri Nov 15 22:59:53 GMT 2024","passed","Fri Nov 15 23:00:02 GMT 2024","","WHOLE-TESTS","WHOLE-TESTS",""
"","8000","metta_lang.Operations_over_atoms___MeTTa_Language1","","Fri Nov 15 22:59:53 GMT 2024","passed","Fri Nov 15 23:00:01 GMT 2024","","WHOLE-TESTS","WHOLE-TESTS",""
"","2","METATYPES---METTA-LANGUAGE2.05","","Fri Nov 15 23:18:33 GMT 2024","passed","Fri Nov 15 23:18:33 GMT 2024","","METTA-LANG","METTA-LANG",""
"","1","B5-TYPES-PRELIM.18","","Fri Nov 15 23:04:54 GMT 2024","passed","Fri Nov 15 23:04:54 GMT 2024","","HYPERON-EXPERIMENTAL-SCRIPTS","HYPERON-EXPERIMENTAL-SCRIPTS",""
"","2","SPACE-SUBTRACTION-TESTS.06","","Fri Nov 15 23:08:11 GMT 2024","passed","Fri Nov 15 23:08:11 GMT 2024","","HYPERON-METTALOG-SANITY","HYPERON-METTALOG-SANITY",""
"","2","D4-TYPE-PROP.08","","Fri Nov 15 23:04:54 GMT 2024","passed","Fri Nov 15 23:04:54 GMT 2024","","HYPERON-EXPERIMENTAL-SCRIPTS","HYPERON-EXPERIMENTAL-SCRIPTS",""
"","2","D4-TYPE-PROP.19","","Fri Nov 15 23:04:54 GMT 2024","passed","Fri Nov 15 23:04:54 GMT 2024","","HYPERON-EXPERIMENTAL-SCRIPTS","HYPERON-EXPERIMENTAL-SCRIPTS",""
"","3","HANDLING-NONDETERMINISTIC-RESULTS---METTA-LANGUAGE1.01","","Fri Nov 15 23:18:33 GMT 2024","passed","Fri Nov 15 23:18:33 GMT 2024","","METTA-LANG","METTA-LANG",""
"","8000","metta_lang.Operations_over_atoms___MeTTa_Language3","","Fri Nov 15 22:59:53 GMT 2024","passed","Fri Nov 15 23:00:01 GMT 2024","","WHOLE-TESTS","WHOLE-TESTS",""
"","2","RECURSION-AND-CONTROL---METTA-LANGUAGE7.03","","Fri Nov 15 23:18:33 GMT 2024","passed","Fri Nov 15 23:18:33 GMT 2024","","METTA-LANG","METTA-LANG",""
"","2","EVAL-FOR-TESTS.06","","Fri Nov 15 23:08:11 GMT 2024","passed","Fri Nov 15 23:08:11 GMT 2024","","HYPERON-METTALOG-SANITY","HYPERON-METTALOG-SANITY",""
"","1","B5-TYPES-PRELIM.12","","Fri Nov 15 23:04:54 GMT 2024","passed","Fri Nov 15 23:04:54 GMT 2024","","HYPERON-EXPERIMENTAL-SCRIPTS","HYPERON-EXPERIMENTAL-SCRIPTS",""
"","2","FUNCTIONS-AND-UNIFICATION---METTA-LANGUAGE1.03","","Fri Nov 15 23:18:33 GMT 2024","passed","Fri Nov 15 23:18:33 GMT 2024","","METTA-LANG","METTA-LANG",""
"","8","WORKING-WITH-SPACES---METTA-LANGUAGE11.02","","Fri Nov 15 23:18:33 GMT 2024","failed","Fri Nov 15 23:18:33 GMT 2024","","METTA-LANG","METTA-LANG",""
"","2","LIMIT-TESTS.02","","Fri Nov 15 23:08:11 GMT 2024","passed","Fri Nov 15 23:08:11 GMT 2024","","HYPERON-METTALOG-SANITY","HYPERON-METTALOG-SANITY",""
"","2","C1-GROUNDED-BASIC.23","","Fri Nov 15 23:43:33 GMT 2024","passed","Fri Nov 15 23:43:33 GMT 2024","","QUICK","QUICK",""
"","1","PRINT-GRAPH.02","","Fri Nov 15 23:02:57 GMT 2024","passed","Fri Nov 15 23:02:57 GMT 2024","","METTA-WAM-ISSUE-145","METTA-WAM-ISSUE-145",""
"","4","ZEROARGS.01","","Fri Nov 15 23:39:29 GMT 2024","passed","Fri Nov 15 23:39:29 GMT 2024","","METTA-MORPH-TESTS","METTA-MORPH-TESTS",""
"","3","WHAT-EVALS-OR-NOT.03","","Fri Nov 15 23:08:11 GMT 2024","passed","Fri Nov 15 23:08:11 GMT 2024","","HYPERON-METTALOG-SANITY","HYPERON-METTALOG-SANITY",""
"","4","BASIC-GROUNDED-FUNCTIONS---METTA-LANGUAGE5.01","","Fri Nov 15 23:18:33 GMT 2024","passed","Fri Nov 15 23:18:33 GMT 2024","","METTA-LANG","METTA-LANG",""
"","9000","metta_lang.Recursion_and_control___MeTTa_Language9","","Fri Nov 15 22:59:53 GMT 2024","passed","Fri Nov 15 23:00:02 GMT 2024","","WHOLE-TESTS","WHOLE-TESTS",""
"","9000","metta_lang.Controlling_pattern_matching___MeTTa_Language7","","Fri Nov 15 22:59:53 GMT 2024","passed","Fri Nov 15 23:00:02 GMT 2024","","WHOLE-TESTS","WHOLE-TESTS",""
"","3","MATCH-SUPERPOSED-SPACES.01","","Fri Nov 15 23:39:29 GMT 2024","passed","Fri Nov 15 23:39:29 GMT 2024","","METTA-MORPH-TESTS","METTA-MORPH-TESTS",""
"","37","G1-DOCS.03","","Fri Nov 15 23:04:54 GMT 2024","failed","Fri Nov 15 23:04:54 GMT 2024","","HYPERON-EXPERIMENTAL-SCRIPTS","HYPERON-EXPERIMENTAL-SCRIPTS",""
"","2","FUNCTIONS-AND-UNIFICATION---METTA-LANGUAGE2.06","","Fri Nov 15 23:18:33 GMT 2024","passed","Fri Nov 15 23:18:33 GMT 2024","","METTA-LANG","METTA-LANG",""
"","2","B5-TYPES-PRELIM.03","","Fri Nov 15 23:04:54 GMT 2024","passed","Fri Nov 15 23:04:54 GMT 2024","","HYPERON-EXPERIMENTAL-SCRIPTS","HYPERON-EXPERIMENTAL-SCRIPTS",""
"","2","SPACE-SUBTRACTION-TESTS.03","","Fri Nov 15 23:08:11 GMT 2024","passed","Fri Nov 15 23:08:11 GMT 2024","","HYPERON-METTALOG-SANITY","HYPERON-METTALOG-SANITY",""
"","56","MINIMAL-METTA-TESTS.12","","Fri Nov 15 23:08:11 GMT 2024","passed","Fri Nov 15 23:08:11 GMT 2024","","HYPERON-METTALOG-SANITY","HYPERON-METTALOG-SANITY",""
"","2","FUNCTIONS-AND-UNIFICATION---METTA-LANGUAGE2.02","","Fri Nov 15 23:18:33 GMT 2024","passed","Fri Nov 15 23:18:33 GMT 2024","","METTA-LANG","METTA-LANG",""
"","1","F1-IMPORTS.15","","Fri Nov 15 23:43:33 GMT 2024","passed","Fri Nov 15 23:43:33 GMT 2024","","QUICK","QUICK",""
"","74","OUTPUT-LOAD-TESTS.17","","Fri Nov 15 23:08:11 GMT 2024","failed","Fri Nov 15 23:08:11 GMT 2024","","HYPERON-METTALOG-SANITY","HYPERON-METTALOG-SANITY",""
"","90","HANDLING-NONDETERMINISTIC-RESULTS---METTA-LANGUAGE7.02","","Fri Nov 15 23:18:33 GMT 2024","passed","Fri Nov 15 23:18:33 GMT 2024","","METTA-LANG","METTA-LANG",""
"","4","CONTROLLING-PATTERN-MATCHING---METTA-LANGUAGE2.01","","Fri Nov 15 23:18:33 GMT 2024","passed","Fri Nov 15 23:18:33 GMT 2024","","METTA-LANG","METTA-LANG",""
"","87","MINIMAL-METTA-TESTS.16","","Fri Nov 15 23:08:11 GMT 2024","failed","Fri Nov 15 23:08:11 GMT 2024","","HYPERON-METTALOG-SANITY","HYPERON-METTALOG-SANITY",""
"","8000","metta_lang.Working_with_spaces___MeTTa_Language10","","Fri Nov 15 22:59:53 GMT 2024","passed","Fri Nov 15 23:00:01 GMT 2024","","WHOLE-TESTS","WHOLE-TESTS",""
"","5","WORKING-WITH-SPACES---METTA-LANGUAGE3.01","","Fri Nov 15 23:18:33 GMT 2024","passed","Fri Nov 15 23:18:33 GMT 2024","","METTA-LANG","METTA-LANG",""
"","3","E2-STATES.12","","Fri Nov 15 23:04:54 GMT 2024","passed","Fri Nov 15 23:04:54 GMT 2024","","HYPERON-EXPERIMENTAL-SCRIPTS","HYPERON-EXPERIMENTAL-SCRIPTS",""
"","31","RECURSIVE-AND-PARAMETRIC-TYPES---METTA-LANGUAGE5.08","","Fri Nov 15 23:18:33 GMT 2024","failed","Fri Nov 15 23:18:33 GMT 2024","","METTA-LANG","METTA-LANG",""
"","81","WORKING-WITH-SPACES---METTA-LANGUAGE11.03","","Fri Nov 15 23:18:33 GMT 2024","failed","Fri Nov 15 23:18:33 GMT 2024","","METTA-LANG","METTA-LANG",""
"","2","BASIC-EVALUATION---METTA-LANGUAGE1.02","","Fri Nov 15 23:18:33 GMT 2024","passed","Fri Nov 15 23:18:33 GMT 2024","","METTA-LANG","METTA-LANG",""
"","76","MINIMAL-METTA-TESTS.18","","Fri Nov 15 23:08:11 GMT 2024","failed","Fri Nov 15 23:08:11 GMT 2024","","HYPERON-METTALOG-SANITY","HYPERON-METTALOG-SANITY",""
"","17","CONCRETE-TYPES---METTA-LANGUAGE13.01","","Fri Nov 15 23:18:33 GMT 2024","passed","Fri Nov 15 23:18:33 GMT 2024","","METTA-LANG","METTA-LANG",""
"","3","CONCRETE-TYPES---METTA-LANGUAGE14.01","","Fri Nov 15 23:18:33 GMT 2024","passed","Fri Nov 15 23:18:33 GMT 2024","","METTA-LANG","METTA-LANG",""
"","4","HYPERPOSE-TESTS.01","","Fri Nov 15 23:08:11 GMT 2024","passed","Fri Nov 15 23:08:11 GMT 2024","","HYPERON-METTALOG-SANITY","HYPERON-METTALOG-SANITY",""
"","59","OUTPUT-LOAD-TESTS.12","","Fri Nov 15 23:08:11 GMT 2024","failed","Fri Nov 15 23:08:11 GMT 2024","","HYPERON-METTALOG-SANITY","HYPERON-METTALOG-SANITY",""
"","2","CONCRETE-TYPES---METTA-LANGUAGE5.03","","Fri Nov 15 23:18:33 GMT 2024","passed","Fri Nov 15 23:18:33 GMT 2024","","METTA-LANG","METTA-LANG",""
"","2","03-SORING-VIA-INSERT.04","","Fri Nov 15 23:08:11 GMT 2024","passed","Fri Nov 15 23:08:11 GMT 2024","","HYPERON-METTALOG-SANITY","HYPERON-METTALOG-SANITY",""
"","44","C1-GROUNDED-BASIC.15","","Fri Nov 15 23:04:54 GMT 2024","failed","Fri Nov 15 23:04:54 GMT 2024","","HYPERON-EXPERIMENTAL-SCRIPTS","HYPERON-EXPERIMENTAL-SCRIPTS",""
"","8000","metta-morph_tests.sequential_nested","","Fri Nov 15 22:59:53 GMT 2024","passed","Fri Nov 15 23:00:01 GMT 2024","","WHOLE-TESTS","WHOLE-TESTS",""
"","2","F1-IMPORTS.11","","Fri Nov 15 22:59:44 GMT 2024","passed","Fri Nov 15 22:59:44 GMT 2024","","MODULE-SYSTEM","MODULE-SYSTEM",""
"","82","BASIC-EVALUATION---METTA-LANGUAGE15.03","","Fri Nov 15 23:18:33 GMT 2024","failed","Fri Nov 15 23:18:33 GMT 2024","","METTA-LANG","METTA-LANG",""
"","79","MINIMAL-METTA-TESTS.35","","Fri Nov 15 23:08:11 GMT 2024","failed","Fri Nov 15 23:08:11 GMT 2024","","HYPERON-METTALOG-SANITY","HYPERON-METTALOG-SANITY",""
"","1","SPACE-INTERSECTION-TESTS.11","","Fri Nov 15 23:08:11 GMT 2024","passed","Fri Nov 15 23:08:11 GMT 2024","","HYPERON-METTALOG-SANITY","HYPERON-METTALOG-SANITY",""
"","338","TMPMATCH1.05","","Fri Nov 15 23:00:02 GMT 2024","failed","Fri Nov 15 23:00:02 GMT 2024","","ANTI-REGRESSION","ANTI-REGRESSION",""
"","19","HANDLING-NONDETERMINISTIC-RESULTS---METTA-LANGUAGE4.01","","Fri Nov 15 23:18:33 GMT 2024","failed","Fri Nov 15 23:18:33 GMT 2024","","METTA-LANG","METTA-LANG",""
"","3","FUNCTIONS-AND-UNIFICATION---METTA-LANGUAGE4.02","","Fri Nov 15 23:18:33 GMT 2024","passed","Fri Nov 15 23:18:33 GMT 2024","","METTA-LANG","METTA-LANG",""
"","3","IS-SPACE.01","","Fri Nov 15 23:08:11 GMT 2024","passed","Fri Nov 15 23:08:11 GMT 2024","","HYPERON-METTALOG-SANITY","HYPERON-METTALOG-SANITY",""
"","1","MATCH-SUPERPOSED-SPACES.05","","Fri Nov 15 23:39:29 GMT 2024","passed","Fri Nov 15 23:39:29 GMT 2024","","METTA-MORPH-TESTS","METTA-MORPH-TESTS",""
"","48757","TEST-SPO-116378.01","","Fri Nov 15 23:01:09 GMT 2024","passed","Fri Nov 15 23:01:57 GMT 2024","","METTA-WAM-ISSUE-116","METTA-WAM-ISSUE-116",""
"","8000","metta_lang.Working_with_spaces___MeTTa_Language5","","Fri Nov 15 22:59:53 GMT 2024","passed","Fri Nov 15 23:00:01 GMT 2024","","WHOLE-TESTS","WHOLE-TESTS",""
"","1","MINIMAL-METTA-TESTS.03","","Fri Nov 15 23:08:11 GMT 2024","passed","Fri Nov 15 23:08:11 GMT 2024","","HYPERON-METTALOG-SANITY","HYPERON-METTALOG-SANITY",""
"","1","D4-TYPE-PROP.12","","Fri Nov 15 23:43:33 GMT 2024","passed","Fri Nov 15 23:43:33 GMT 2024","","QUICK","QUICK",""
"","3","E2-STATES.02","","Fri Nov 15 23:04:54 GMT 2024","passed","Fri Nov 15 23:04:54 GMT 2024","","HYPERON-EXPERIMENTAL-SCRIPTS","HYPERON-EXPERIMENTAL-SCRIPTS",""
"","3","BCHAIN.04","","Fri Nov 15 23:00:02 GMT 2024","passed","Fri Nov 15 23:00:02 GMT 2024","","ANTI-REGRESSION","ANTI-REGRESSION",""
"","3","RECURSION-AND-CONTROL---METTA-LANGUAGE9.04","","Fri Nov 15 23:18:33 GMT 2024","passed","Fri Nov 15 23:18:33 GMT 2024","","METTA-LANG","METTA-LANG",""
"","123","B5-TYPES-PRELIM.08","","Fri Nov 15 23:04:54 GMT 2024","failed","Fri Nov 15 23:04:54 GMT 2024","","HYPERON-EXPERIMENTAL-SCRIPTS","HYPERON-EXPERIMENTAL-SCRIPTS",""
"","3","C3-PLN-STV.05","","Fri Nov 15 23:04:54 GMT 2024","passed","Fri Nov 15 23:04:54 GMT 2024","","HYPERON-EXPERIMENTAL-SCRIPTS","HYPERON-EXPERIMENTAL-SCRIPTS",""
"","1","HYPERPOSE.09","","Fri Nov 15 23:39:29 GMT 2024","passed","Fri Nov 15 23:39:29 GMT 2024","","METTA-MORPH-TESTS","METTA-MORPH-TESTS",""
"","8000","metta_lang.Operations_over_atoms___MeTTa_Language7","","Fri Nov 15 22:59:53 GMT 2024","passed","Fri Nov 15 23:00:01 GMT 2024","","WHOLE-TESTS","WHOLE-TESTS",""
"","2","HANDLING-NONDETERMINISTIC-RESULTS---METTA-LANGUAGE1.03","","Fri Nov 15 23:18:33 GMT 2024","passed","Fri Nov 15 23:18:33 GMT 2024","","METTA-LANG","METTA-LANG",""
"","130","MINIMAL-METTA-TESTS.39","","Fri Nov 15 23:08:11 GMT 2024","failed","Fri Nov 15 23:08:11 GMT 2024","","HYPERON-METTALOG-SANITY","HYPERON-METTALOG-SANITY",""
"","5","CONCRETE-TYPES---METTA-LANGUAGE1.01","","Fri Nov 15 23:18:33 GMT 2024","passed","Fri Nov 15 23:18:33 GMT 2024","","METTA-LANG","METTA-LANG",""
"","2","D1-GADT.12","","Fri Nov 15 23:04:54 GMT 2024","passed","Fri Nov 15 23:04:54 GMT 2024","","HYPERON-EXPERIMENTAL-SCRIPTS","HYPERON-EXPERIMENTAL-SCRIPTS",""
"","1","METATYPES---METTA-LANGUAGE1.04","","Fri Nov 15 23:18:33 GMT 2024","passed","Fri Nov 15 23:18:33 GMT 2024","","METTA-LANG","METTA-LANG",""
"","3","CONTROL-FLOW---METTA-LANGUAGE3.01","","Fri Nov 15 23:18:33 GMT 2024","passed","Fri Nov 15 23:18:33 GMT 2024","","METTA-LANG","METTA-LANG",""
"","2","MATCH-SUPERPOSED-SPACES.04","","Fri Nov 15 23:39:29 GMT 2024","passed","Fri Nov 15 23:39:29 GMT 2024","","METTA-MORPH-TESTS","METTA-MORPH-TESTS",""
"","9000","metta-morph_tests.let_superpose_list","","Fri Nov 15 22:59:53 GMT 2024","passed","Fri Nov 15 23:00:02 GMT 2024","","WHOLE-TESTS","WHOLE-TESTS",""
"","119","EVAL-FOR-TESTS.04","","Fri Nov 15 23:08:11 GMT 2024","failed","Fri Nov 15 23:08:11 GMT 2024","","HYPERON-METTALOG-SANITY","HYPERON-METTALOG-SANITY",""
"","2","D2-HIGHERFUNC.17","","Fri Nov 15 23:43:33 GMT 2024","passed","Fri Nov 15 23:43:33 GMT 2024","","QUICK","QUICK",""
"","2","CALL-TESTS.05","","Fri Nov 15 23:08:11 GMT 2024","passed","Fri Nov 15 23:08:11 GMT 2024","","HYPERON-METTALOG-SANITY","HYPERON-METTALOG-SANITY",""
"","3","F1-IMPORTS.14","","Fri Nov 15 23:04:54 GMT 2024","passed","Fri Nov 15 23:04:54 GMT 2024","","HYPERON-EXPERIMENTAL-SCRIPTS","HYPERON-EXPERIMENTAL-SCRIPTS",""
"","2","FIND-ALL-TESTS.05","","Fri Nov 15 23:08:11 GMT 2024","passed","Fri Nov 15 23:08:11 GMT 2024","","HYPERON-METTALOG-SANITY","HYPERON-METTALOG-SANITY",""
"","2","SUBTRACTION-TEST.08","","Fri Nov 15 23:08:11 GMT 2024","passed","Fri Nov 15 23:08:11 GMT 2024","","HYPERON-METTALOG-SANITY","HYPERON-METTALOG-SANITY",""
"","3","STRING-TESTS.08","","Fri Nov 15 23:08:11 GMT 2024","passed","Fri Nov 15 23:08:11 GMT 2024","","HYPERON-METTALOG-SANITY","HYPERON-METTALOG-SANITY",""
"","119","OUTPUT-LOAD-TESTS.15","","Fri Nov 15 23:08:11 GMT 2024","failed","Fri Nov 15 23:08:11 GMT 2024","","HYPERON-METTALOG-SANITY","HYPERON-METTALOG-SANITY",""
"","8000","hyperon-mettalog_sanity.subtraction_test","","Fri Nov 15 22:59:53 GMT 2024","passed","Fri Nov 15 23:00:01 GMT 2024","","WHOLE-TESTS","WHOLE-TESTS",""
"","2","STATES-SPACES.02","","Fri Nov 15 23:39:29 GMT 2024","passed","Fri Nov 15 23:39:29 GMT 2024","","METTA-MORPH-TESTS","METTA-MORPH-TESTS",""
"","2","WORKING-WITH-SPACES---METTA-LANGUAGE12.04","","Fri Nov 15 23:18:33 GMT 2024","passed","Fri Nov 15 23:18:33 GMT 2024","","METTA-LANG","METTA-LANG",""
"","3","WORKING-WITH-SPACES---METTA-LANGUAGE10.02","","Fri Nov 15 23:18:33 GMT 2024","passed","Fri Nov 15 23:18:33 GMT 2024","","METTA-LANG","METTA-LANG",""
"","1","C1-GROUNDED-BASIC.06","","Fri Nov 15 23:04:54 GMT 2024","passed","Fri Nov 15 23:04:54 GMT 2024","","HYPERON-EXPERIMENTAL-SCRIPTS","HYPERON-EXPERIMENTAL-SCRIPTS",""
"","1","D1-GADT.02","","Fri Nov 15 23:04:54 GMT 2024","passed","Fri Nov 15 23:04:54 GMT 2024","","HYPERON-EXPERIMENTAL-SCRIPTS","HYPERON-EXPERIMENTAL-SCRIPTS",""
"","2","EVAL-FOR-TESTS.07","","Fri Nov 15 23:08:11 GMT 2024","passed","Fri Nov 15 23:08:11 GMT 2024","","HYPERON-METTALOG-SANITY","HYPERON-METTALOG-SANITY",""
"","2","SPACE-INTERSECTION-TESTS.19","","Fri Nov 15 23:08:11 GMT 2024","passed","Fri Nov 15 23:08:11 GMT 2024","","HYPERON-METTALOG-SANITY","HYPERON-METTALOG-SANITY",""
"","2","C1-GROUNDED-BASIC.19","","Fri Nov 15 23:43:33 GMT 2024","passed","Fri Nov 15 23:43:33 GMT 2024","","QUICK","QUICK",""
"","13","D2-HIGHERFUNC.20","","Fri Nov 15 23:04:54 GMT 2024","passed","Fri Nov 15 23:04:54 GMT 2024","","HYPERON-EXPERIMENTAL-SCRIPTS","HYPERON-EXPERIMENTAL-SCRIPTS",""
"","2","FUNCTIONS-AND-UNIFICATION---METTA-LANGUAGE1.06","","Fri Nov 15 23:18:33 GMT 2024","passed","Fri Nov 15 23:18:33 GMT 2024","","METTA-LANG","METTA-LANG",""
"","9000","metta_lang.Basic_evaluation___MeTTa_Language11","","Fri Nov 15 22:59:53 GMT 2024","passed","Fri Nov 15 23:00:02 GMT 2024","","WHOLE-TESTS","WHOLE-TESTS",""
"","3","OUTPUT-LOAD-TESTS.02","","Fri Nov 15 23:08:11 GMT 2024","passed","Fri Nov 15 23:08:11 GMT 2024","","HYPERON-METTALOG-SANITY","HYPERON-METTALOG-SANITY",""
"","2","CATCH-THROW-TESTS.06","","Fri Nov 15 23:08:11 GMT 2024","passed","Fri Nov 15 23:08:11 GMT 2024","","HYPERON-METTALOG-SANITY","HYPERON-METTALOG-SANITY",""
"","2","C1-GROUNDED-BASIC.10","","Fri Nov 15 23:04:54 GMT 2024","passed","Fri Nov 15 23:04:54 GMT 2024","","HYPERON-EXPERIMENTAL-SCRIPTS","HYPERON-EXPERIMENTAL-SCRIPTS",""
"","2","COMPILE-TESTS.02","","Fri Nov 15 23:08:11 GMT 2024","passed","Fri Nov 15 23:08:11 GMT 2024","","HYPERON-METTALOG-SANITY","HYPERON-METTALOG-SANITY",""
"","1","A1-SYMBOLS.06","","Fri Nov 15 23:04:54 GMT 2024","passed","Fri Nov 15 23:04:54 GMT 2024","","HYPERON-EXPERIMENTAL-SCRIPTS","HYPERON-EXPERIMENTAL-SCRIPTS",""
"","1","F1-IMPORTS.02","","Fri Nov 15 22:59:44 GMT 2024","passed","Fri Nov 15 22:59:44 GMT 2024","","MODULE-SYSTEM","MODULE-SYSTEM",""
"","2","WORKING-WITH-SPACES---METTA-LANGUAGE2.03","","Fri Nov 15 23:18:33 GMT 2024","passed","Fri Nov 15 23:18:33 GMT 2024","","METTA-LANG","METTA-LANG",""
"","2","D2-HIGHERFUNC.12","","Fri Nov 15 23:04:54 GMT 2024","passed","Fri Nov 15 23:04:54 GMT 2024","","HYPERON-EXPERIMENTAL-SCRIPTS","HYPERON-EXPERIMENTAL-SCRIPTS",""
"","1","OR-TEST.08","","Fri Nov 15 23:08:11 GMT 2024","passed","Fri Nov 15 23:08:11 GMT 2024","","HYPERON-METTALOG-SANITY","HYPERON-METTALOG-SANITY",""
"","63","D2-HIGHERFUNC.07","","Fri Nov 15 23:43:33 GMT 2024","failed","Fri Nov 15 23:43:33 GMT 2024","","QUICK","QUICK",""
"","1","BASIC-EVALUATION---METTA-LANGUAGE14.02","","Fri Nov 15 23:18:33 GMT 2024","passed","Fri Nov 15 23:18:33 GMT 2024","","METTA-LANG","METTA-LANG",""
"","2","MATCH-VOID.06","","Fri Nov 15 23:39:29 GMT 2024","passed","Fri Nov 15 23:39:29 GMT 2024","","METTA-MORPH-TESTS","METTA-MORPH-TESTS",""
"","105","C1-GROUNDED-BASIC.14","","Fri Nov 15 23:04:54 GMT 2024","failed","Fri Nov 15 23:04:54 GMT 2024","","HYPERON-EXPERIMENTAL-SCRIPTS","HYPERON-EXPERIMENTAL-SCRIPTS",""
"","3","SUBTRACTION-TEST.01","","Fri Nov 15 23:08:11 GMT 2024","passed","Fri Nov 15 23:08:11 GMT 2024","","HYPERON-METTALOG-SANITY","HYPERON-METTALOG-SANITY",""
"","9","METTALOGTESTCURRIED2.07","","Fri Nov 15 23:00:02 GMT 2024","passed","Fri Nov 15 23:00:02 GMT 2024","","ANTI-REGRESSION","ANTI-REGRESSION",""
"","2","CONTROL-FLOW---METTA-LANGUAGE6.01","","Fri Nov 15 23:18:33 GMT 2024","passed","Fri Nov 15 23:18:33 GMT 2024","","METTA-LANG","METTA-LANG",""
"","9000","metta_lang.Controlling_pattern_matching___MeTTa_Language1","","Fri Nov 15 22:59:53 GMT 2024","passed","Fri Nov 15 23:00:02 GMT 2024","","WHOLE-TESTS","WHOLE-TESTS",""
"","2","CONSOLE-OUTPUT-AND-DEBUGGING---METTA-LANGUAGE3.03","","Fri Nov 15 23:18:33 GMT 2024","passed","Fri Nov 15 23:18:33 GMT 2024","","METTA-LANG","METTA-LANG",""
"","9000","metta-morph_tests.peano","","Fri Nov 15 22:59:53 GMT 2024","passed","Fri Nov 15 23:00:02 GMT 2024","","WHOLE-TESTS","WHOLE-TESTS",""
"","140","WORKING-WITH-SPACES---METTA-LANGUAGE10.03","","Fri Nov 15 23:18:33 GMT 2024","failed","Fri Nov 15 23:18:33 GMT 2024","","METTA-LANG","METTA-LANG",""
"","15","D3-DEPTYPES.04","","Fri Nov 15 23:04:54 GMT 2024","passed","Fri Nov 15 23:04:54 GMT 2024","","HYPERON-EXPERIMENTAL-SCRIPTS","HYPERON-EXPERIMENTAL-SCRIPTS",""
"","3","CONSOLE-OUTPUT-AND-DEBUGGING---METTA-LANGUAGE2.04","","Fri Nov 15 23:18:33 GMT 2024","passed","Fri Nov 15 23:18:33 GMT 2024","","METTA-LANG","METTA-LANG",""
"","1","F1-IMPORTS.13","","Fri Nov 15 23:04:54 GMT 2024","passed","Fri Nov 15 23:04:54 GMT 2024","","HYPERON-EXPERIMENTAL-SCRIPTS","HYPERON-EXPERIMENTAL-SCRIPTS",""
"","2","F1-IMPORTS.14","","Fri Nov 15 22:59:44 GMT 2024","passed","Fri Nov 15 22:59:44 GMT 2024","","MODULE-SYSTEM","MODULE-SYSTEM",""
"","3","FIND-ALL-TESTS.03","","Fri Nov 15 23:08:11 GMT 2024","passed","Fri Nov 15 23:08:11 GMT 2024","","HYPERON-METTALOG-SANITY","HYPERON-METTALOG-SANITY",""
"","3","HYPERPOSE.03","","Fri Nov 15 23:39:29 GMT 2024","passed","Fri Nov 15 23:39:29 GMT 2024","","METTA-MORPH-TESTS","METTA-MORPH-TESTS",""
"","3","BASIC-GROUNDED-FUNCTIONS---METTA-LANGUAGE2.01","","Fri Nov 15 23:18:33 GMT 2024","passed","Fri Nov 15 23:18:33 GMT 2024","","METTA-LANG","METTA-LANG",""
"","2","D2-HIGHERFUNC.24","","Fri Nov 15 23:43:33 GMT 2024","passed","Fri Nov 15 23:43:33 GMT 2024","","QUICK","QUICK",""
"","12","CONSOLE-OUTPUT-AND-DEBUGGING---METTA-LANGUAGE1.01","","Fri Nov 15 23:18:33 GMT 2024","failed","Fri Nov 15 23:18:33 GMT 2024","","METTA-LANG","METTA-LANG",""
"","66","MINIMAL-METTA-TESTS.11","","Fri Nov 15 23:08:11 GMT 2024","passed","Fri Nov 15 23:08:11 GMT 2024","","HYPERON-METTALOG-SANITY","HYPERON-METTALOG-SANITY",""
"","30","G1-DOCS.05","","Fri Nov 15 23:04:54 GMT 2024","failed","Fri Nov 15 23:04:54 GMT 2024","","HYPERON-EXPERIMENTAL-SCRIPTS","HYPERON-EXPERIMENTAL-SCRIPTS",""
"","3","D3-DEPTYPES.06","","Fri Nov 15 23:04:54 GMT 2024","passed","Fri Nov 15 23:04:54 GMT 2024","","HYPERON-EXPERIMENTAL-SCRIPTS","HYPERON-EXPERIMENTAL-SCRIPTS",""
"","4","CONTROLLING-PATTERN-MATCHING---METTA-LANGUAGE9.01","","Fri Nov 15 23:18:33 GMT 2024","passed","Fri Nov 15 23:18:33 GMT 2024","","METTA-LANG","METTA-LANG",""
"","81","CONSOLE-OUTPUT-AND-DEBUGGING---METTA-LANGUAGE4.02","","Fri Nov 15 23:18:33 GMT 2024","passed","Fri Nov 15 23:18:33 GMT 2024","","METTA-LANG","METTA-LANG",""
"","86","WHAT-EVALS-OR-NOT.09","","Fri Nov 15 23:08:11 GMT 2024","failed","Fri Nov 15 23:08:11 GMT 2024","","HYPERON-METTALOG-SANITY","HYPERON-METTALOG-SANITY",""
"","1","LIMIT-TESTS.16","","Fri Nov 15 23:08:11 GMT 2024","passed","Fri Nov 15 23:08:11 GMT 2024","","HYPERON-METTALOG-SANITY","HYPERON-METTALOG-SANITY",""
"","2","B5-TYPES-PRELIM.04","","Fri Nov 15 23:04:54 GMT 2024","passed","Fri Nov 15 23:04:54 GMT 2024","","HYPERON-EXPERIMENTAL-SCRIPTS","HYPERON-EXPERIMENTAL-SCRIPTS",""
"","3","TYPES2.03","","Fri Nov 15 23:39:29 GMT 2024","passed","Fri Nov 15 23:39:29 GMT 2024","","METTA-MORPH-TESTS","METTA-MORPH-TESTS",""
"","3","E2-STATES.11","","Fri Nov 15 23:04:54 GMT 2024","passed","Fri Nov 15 23:04:54 GMT 2024","","HYPERON-EXPERIMENTAL-SCRIPTS","HYPERON-EXPERIMENTAL-SCRIPTS",""
"","8000","hyperon-mettalog_sanity.hyperpose_tests","","Fri Nov 15 22:59:53 GMT 2024","passed","Fri Nov 15 23:00:01 GMT 2024","","WHOLE-TESTS","WHOLE-TESTS",""
"","2","D4-TYPE-PROP.19","","Fri Nov 15 23:43:33 GMT 2024","passed","Fri Nov 15 23:43:33 GMT 2024","","QUICK","QUICK",""
"","107","MINIMAL-METTA-TESTS.07","","Fri Nov 15 23:08:11 GMT 2024","failed","Fri Nov 15 23:08:11 GMT 2024","","HYPERON-METTALOG-SANITY","HYPERON-METTALOG-SANITY",""
"","4","02-CURRIED-PLUS.01","","Fri Nov 15 23:08:11 GMT 2024","passed","Fri Nov 15 23:08:11 GMT 2024","","HYPERON-METTALOG-SANITY","HYPERON-METTALOG-SANITY",""
"","1","RECURSIVE-AND-PARAMETRIC-TYPES---METTA-LANGUAGE2.04","","Fri Nov 15 23:18:33 GMT 2024","passed","Fri Nov 15 23:18:33 GMT 2024","","METTA-LANG","METTA-LANG",""
"","3","FIND-ALL-TESTS.04","","Fri Nov 15 23:08:11 GMT 2024","passed","Fri Nov 15 23:08:11 GMT 2024","","HYPERON-METTALOG-SANITY","HYPERON-METTALOG-SANITY",""
"","2","RECURSIVE-AND-PARAMETRIC-TYPES---METTA-LANGUAGE7.06","","Fri Nov 15 23:18:33 GMT 2024","passed","Fri Nov 15 23:18:33 GMT 2024","","METTA-LANG","METTA-LANG",""
"","8000","metta_lang.Control_flow___MeTTa_Language5","","Fri Nov 15 22:59:53 GMT 2024","passed","Fri Nov 15 23:00:01 GMT 2024","","WHOLE-TESTS","WHOLE-TESTS",""
"","4","CONTROL-FLOW---METTA-LANGUAGE4.01","","Fri Nov 15 23:18:33 GMT 2024","passed","Fri Nov 15 23:18:33 GMT 2024","","METTA-LANG","METTA-LANG",""
"","1","NESTED-QUERIES-AND-RECURSIVE-GRAPH-TRAVERSAL---METTA-LANGUAGE2.02","","Fri Nov 15 23:18:33 GMT 2024","passed","Fri Nov 15 23:18:33 GMT 2024","","METTA-LANG","METTA-LANG",""
"","2","WORKING-WITH-SPACES---METTA-LANGUAGE3.02","","Fri Nov 15 23:18:33 GMT 2024","passed","Fri Nov 15 23:18:33 GMT 2024","","METTA-LANG","METTA-LANG",""
"","2","CONTROL-FLOW---METTA-LANGUAGE15.03","","Fri Nov 15 23:18:33 GMT 2024","passed","Fri Nov 15 23:18:33 GMT 2024","","METTA-LANG","METTA-LANG",""
"","2","C1-GROUNDED-BASIC.20","","Fri Nov 15 23:43:33 GMT 2024","passed","Fri Nov 15 23:43:33 GMT 2024","","QUICK","QUICK",""
"","4","NESTED-QUERIES-AND-RECURSIVE-GRAPH-TRAVERSAL---METTA-LANGUAGE3.01","","Fri Nov 15 23:18:33 GMT 2024","passed","Fri Nov 15 23:18:33 GMT 2024","","METTA-LANG","METTA-LANG",""
"","110","FREE-VARIABLES-AND-NONDETERMINISM-AGAIN,-RECURSIVELY---METTA-LANGUAGE1.02","","Fri Nov 15 23:18:33 GMT 2024","failed","Fri Nov 15 23:18:33 GMT 2024","","METTA-LANG","METTA-LANG",""
"","566","TMPMATCH2.05","","Fri Nov 15 23:00:02 GMT 2024","passed","Fri Nov 15 23:00:02 GMT 2024","","ANTI-REGRESSION","ANTI-REGRESSION",""
"","3","CONTROLLING-PATTERN-MATCHING---METTA-LANGUAGE10.05","","Fri Nov 15 23:18:33 GMT 2024","passed","Fri Nov 15 23:18:33 GMT 2024","","METTA-LANG","METTA-LANG",""
"","119","CALL-CLEANUP-TESTS.04","","Fri Nov 15 23:08:11 GMT 2024","failed","Fri Nov 15 23:08:11 GMT 2024","","HYPERON-METTALOG-SANITY","HYPERON-METTALOG-SANITY",""
"","2","SPACE-INTERSECTION-TESTS.01","","Fri Nov 15 23:08:11 GMT 2024","passed","Fri Nov 15 23:08:11 GMT 2024","","HYPERON-METTALOG-SANITY","HYPERON-METTALOG-SANITY",""
"","8000","metta_lang.Handling_nondeterministic_results___MeTTa_Language8","","Fri Nov 15 22:59:53 GMT 2024","passed","Fri Nov 15 23:00:01 GMT 2024","","WHOLE-TESTS","WHOLE-TESTS",""
"","2","D2-HIGHERFUNC.25","","Fri Nov 15 23:04:54 GMT 2024","passed","Fri Nov 15 23:04:54 GMT 2024","","HYPERON-EXPERIMENTAL-SCRIPTS","HYPERON-EXPERIMENTAL-SCRIPTS",""
"","2","B3-DIRECT.02","","Fri Nov 15 23:04:54 GMT 2024","passed","Fri Nov 15 23:04:54 GMT 2024","","HYPERON-EXPERIMENTAL-SCRIPTS","HYPERON-EXPERIMENTAL-SCRIPTS",""
"","5","WORKING-WITH-SPACES---METTA-LANGUAGE11.01","","Fri Nov 15 23:18:33 GMT 2024","passed","Fri Nov 15 23:18:33 GMT 2024","","METTA-LANG","METTA-LANG",""
"","3","HANDLING-NONDETERMINISTIC-RESULTS---METTA-LANGUAGE8.07","","Fri Nov 15 23:18:33 GMT 2024","passed","Fri Nov 15 23:18:33 GMT 2024","","METTA-LANG","METTA-LANG",""
"","1","B2-BACKCHAIN.04","","Fri Nov 15 23:04:54 GMT 2024","passed","Fri Nov 15 23:04:54 GMT 2024","","HYPERON-EXPERIMENTAL-SCRIPTS","HYPERON-EXPERIMENTAL-SCRIPTS",""
"","11","METATYPES---METTA-LANGUAGE2.06","","Fri Nov 15 23:18:33 GMT 2024","failed","Fri Nov 15 23:18:33 GMT 2024","","METTA-LANG","METTA-LANG",""
"","3","XOR-TEST.02","","Fri Nov 15 23:08:11 GMT 2024","passed","Fri Nov 15 23:08:11 GMT 2024","","HYPERON-METTALOG-SANITY","HYPERON-METTALOG-SANITY",""
"","8000","metta_lang.Free_variables_and_nondeterminism_again,_recursively___MeTTa_Language3","","Fri Nov 15 22:59:53 GMT 2024","passed","Fri Nov 15 23:00:01 GMT 2024","","WHOLE-TESTS","WHOLE-TESTS",""
"","2","B4-NONDETERM.07","","Fri Nov 15 23:04:54 GMT 2024","passed","Fri Nov 15 23:04:54 GMT 2024","","HYPERON-EXPERIMENTAL-SCRIPTS","HYPERON-EXPERIMENTAL-SCRIPTS",""
"","1","BASE-TEST-REPR-PARSE-INTERSECTION.04","","Fri Nov 15 23:08:11 GMT 2024","passed","Fri Nov 15 23:08:11 GMT 2024","","HYPERON-METTALOG-SANITY","HYPERON-METTALOG-SANITY",""
"","2","B1-EQUAL-CHAIN.03","","Fri Nov 15 23:04:54 GMT 2024","passed","Fri Nov 15 23:04:54 GMT 2024","","HYPERON-EXPERIMENTAL-SCRIPTS","HYPERON-EXPERIMENTAL-SCRIPTS",""
"","1","INTERSECTION-TESTS.13","","Fri Nov 15 23:08:11 GMT 2024","passed","Fri Nov 15 23:08:11 GMT 2024","","HYPERON-METTALOG-SANITY","HYPERON-METTALOG-SANITY",""
"","2","A1-SYMBOLS.03","","Fri Nov 15 23:04:54 GMT 2024","passed","Fri Nov 15 23:04:54 GMT 2024","","HYPERON-EXPERIMENTAL-SCRIPTS","HYPERON-EXPERIMENTAL-SCRIPTS",""
"","5","METATYPES---METTA-LANGUAGE8.01","","Fri Nov 15 23:18:33 GMT 2024","passed","Fri Nov 15 23:18:33 GMT 2024","","METTA-LANG","METTA-LANG",""
"","4","D4-TYPE-PROP.01","","Fri Nov 15 23:43:33 GMT 2024","passed","Fri Nov 15 23:43:33 GMT 2024","","QUICK","QUICK",""
"","2","INTERSECTION-TESTS.16","","Fri Nov 15 23:08:11 GMT 2024","passed","Fri Nov 15 23:08:11 GMT 2024","","HYPERON-METTALOG-SANITY","HYPERON-METTALOG-SANITY",""
"","13","RECURSIVE-AND-PARAMETRIC-TYPES---METTA-LANGUAGE6.02","","Fri Nov 15 23:18:33 GMT 2024","failed","Fri Nov 15 23:18:33 GMT 2024","","METTA-LANG","METTA-LANG",""
"","1","D4-TYPE-PROP.07","","Fri Nov 15 23:04:54 GMT 2024","passed","Fri Nov 15 23:04:54 GMT 2024","","HYPERON-EXPERIMENTAL-SCRIPTS","HYPERON-EXPERIMENTAL-SCRIPTS",""
