"DESCRIPTION","DURATION IN MS","NAME","PARENT SUITE","START TIME","STATUS","STOP TIME","SUB SUITE","SUITE","TEST CLASS","TEST METHOD"
"","2","RUST-02.01","","Fri Nov 15 22:35:41 GMT 2024","passed","Fri Nov 15 22:35:41 GMT 2024","","BASELINE-COMPAT","BASELINE-COMPAT",""
"","2","STRING-TESTS.10","","Fri Nov 15 22:01:48 GMT 2024","passed","Fri Nov 15 22:01:48 GMT 2024","","HYPERON-METTALOG-SANITY","HYPERON-METTALOG-SANITY",""
"","127","B5-TYPES-PRELIM.08","","Fri Nov 15 21:58:41 GMT 2024","failed","Fri Nov 15 21:58:41 GMT 2024","","HYPERON-EXPERIMENTAL-SCRIPTS","HYPERON-EXPERIMENTAL-SCRIPTS",""
"","1","FLIP-TEST.02","","Fri Nov 15 22:01:48 GMT 2024","passed","Fri Nov 15 22:01:48 GMT 2024","","HYPERON-METTALOG-SANITY","HYPERON-METTALOG-SANITY",""
"","1","B4-NONDETERM.08","","Fri Nov 15 21:58:41 GMT 2024","passed","Fri Nov 15 21:58:41 GMT 2024","","HYPERON-EXPERIMENTAL-SCRIPTS","HYPERON-EXPERIMENTAL-SCRIPTS",""
"","8000","metta_lang.Working_with_spaces___MeTTa_Language11","","Fri Nov 15 21:53:31 GMT 2024","passed","Fri Nov 15 21:53:39 GMT 2024","","WHOLE-TESTS","WHOLE-TESTS",""
"","2","SUBTRACTION-TEST.02","","Fri Nov 15 22:01:48 GMT 2024","passed","Fri Nov 15 22:01:48 GMT 2024","","HYPERON-METTALOG-SANITY","HYPERON-METTALOG-SANITY",""
"","2","D4-TYPE-PROP.19","","Fri Nov 15 21:58:41 GMT 2024","passed","Fri Nov 15 21:58:41 GMT 2024","","HYPERON-EXPERIMENTAL-SCRIPTS","HYPERON-EXPERIMENTAL-SCRIPTS",""
"","2","CATCH-THROW-TESTS.05","","Fri Nov 15 22:01:48 GMT 2024","passed","Fri Nov 15 22:01:48 GMT 2024","","HYPERON-METTALOG-SANITY","HYPERON-METTALOG-SANITY",""
"","118","CONCRETE-TYPES---METTA-LANGUAGE13.03","","Fri Nov 15 22:11:40 GMT 2024","failed","Fri Nov 15 22:11:40 GMT 2024","","METTA-LANG","METTA-LANG",""
"","9000","hyperon-mettalog_sanity.intersection_tests","","Fri Nov 15 21:53:31 GMT 2024","passed","Fri Nov 15 21:53:40 GMT 2024","","WHOLE-TESTS","WHOLE-TESTS",""
"","2","CONSOLE-OUTPUT-AND-DEBUGGING---METTA-LANGUAGE5.01","","Fri Nov 15 22:11:40 GMT 2024","passed","Fri Nov 15 22:11:40 GMT 2024","","METTA-LANG","METTA-LANG",""
"","9","D2-HIGHERFUNC.21","","Fri Nov 15 22:34:53 GMT 2024","passed","Fri Nov 15 22:34:53 GMT 2024","","QUICK","QUICK",""
"","3","SUPERPOSE-NESTED.04","","Fri Nov 15 22:31:07 GMT 2024","passed","Fri Nov 15 22:31:07 GMT 2024","","METTA-MORPH-TESTS","METTA-MORPH-TESTS",""
"","2","F1-IMPORTS.02","","Fri Nov 15 21:53:23 GMT 2024","passed","Fri Nov 15 21:53:23 GMT 2024","","MODULE-SYSTEM","MODULE-SYSTEM",""
"","5","A2-OPENCOGGY.01","","Fri Nov 15 21:58:41 GMT 2024","passed","Fri Nov 15 21:58:41 GMT 2024","","HYPERON-EXPERIMENTAL-SCRIPTS","HYPERON-EXPERIMENTAL-SCRIPTS",""
"","3","B1-EQUAL-CHAIN.01","","Fri Nov 15 21:58:41 GMT 2024","passed","Fri Nov 15 21:58:41 GMT 2024","","HYPERON-EXPERIMENTAL-SCRIPTS","HYPERON-EXPERIMENTAL-SCRIPTS",""
"","2","SUBTRACTION-TEST.05","","Fri Nov 15 22:01:48 GMT 2024","passed","Fri Nov 15 22:01:48 GMT 2024","","HYPERON-METTALOG-SANITY","HYPERON-METTALOG-SANITY",""
"","3","RECURSIVE-AND-PARAMETRIC-TYPES---METTA-LANGUAGE1.01","","Fri Nov 15 22:11:40 GMT 2024","passed","Fri Nov 15 22:11:40 GMT 2024","","METTA-LANG","METTA-LANG",""
"","2","OUTPUT-LOAD-TESTS.09","","Fri Nov 15 22:01:48 GMT 2024","passed","Fri Nov 15 22:01:48 GMT 2024","","HYPERON-METTALOG-SANITY","HYPERON-METTALOG-SANITY",""
"","115","OPERATIONS-OVER-ATOMS---METTA-LANGUAGE2.02","","Fri Nov 15 22:11:40 GMT 2024","failed","Fri Nov 15 22:11:40 GMT 2024","","METTA-LANG","METTA-LANG",""
"","8000","hyperon-experimental_scripts.e2_states","","Fri Nov 15 21:53:31 GMT 2024","passed","Fri Nov 15 21:53:39 GMT 2024","","WHOLE-TESTS","WHOLE-TESTS",""
"","2","OPERATIONS-OVER-ATOMS---METTA-LANGUAGE8.01","","Fri Nov 15 22:11:40 GMT 2024","passed","Fri Nov 15 22:11:40 GMT 2024","","METTA-LANG","METTA-LANG",""
"","2","RECURSIVE-AND-PARAMETRIC-TYPES---METTA-LANGUAGE2.04","","Fri Nov 15 22:11:40 GMT 2024","passed","Fri Nov 15 22:11:40 GMT 2024","","METTA-LANG","METTA-LANG",""
"","7000","metta_lang.Operations_over_atoms___MeTTa_Language6","","Fri Nov 15 21:53:31 GMT 2024","passed","Fri Nov 15 21:53:38 GMT 2024","","WHOLE-TESTS","WHOLE-TESTS",""
"","2","CONTROLLING-PATTERN-MATCHING---METTA-LANGUAGE2.01","","Fri Nov 15 22:11:40 GMT 2024","passed","Fri Nov 15 22:11:40 GMT 2024","","METTA-LANG","METTA-LANG",""
"","2","C1-GROUNDED-BASIC.17","","Fri Nov 15 21:58:41 GMT 2024","passed","Fri Nov 15 21:58:41 GMT 2024","","HYPERON-EXPERIMENTAL-SCRIPTS","HYPERON-EXPERIMENTAL-SCRIPTS",""
"","2","CONTROL-FLOW---METTA-LANGUAGE16.05","","Fri Nov 15 22:11:40 GMT 2024","passed","Fri Nov 15 22:11:40 GMT 2024","","METTA-LANG","METTA-LANG",""
"","6","SEALED-TEST.07","","Fri Nov 15 22:01:48 GMT 2024","passed","Fri Nov 15 22:01:48 GMT 2024","","HYPERON-METTALOG-SANITY","HYPERON-METTALOG-SANITY",""
"","8000","metta_lang.Metatypes___MeTTa_Language1","","Fri Nov 15 21:53:31 GMT 2024","passed","Fri Nov 15 21:53:39 GMT 2024","","WHOLE-TESTS","WHOLE-TESTS",""
"","2","SUBTRACTION-TEST.10","","Fri Nov 15 22:01:48 GMT 2024","passed","Fri Nov 15 22:01:48 GMT 2024","","HYPERON-METTALOG-SANITY","HYPERON-METTALOG-SANITY",""
"","8000","hyperon-mettalog_sanity.sequential_tests","","Fri Nov 15 21:53:31 GMT 2024","passed","Fri Nov 15 21:53:39 GMT 2024","","WHOLE-TESTS","WHOLE-TESTS",""
"","2","INTERSECTION-TESTS.13","","Fri Nov 15 22:01:48 GMT 2024","passed","Fri Nov 15 22:01:48 GMT 2024","","HYPERON-METTALOG-SANITY","HYPERON-METTALOG-SANITY",""
"","2","UNIQUE-TEST.06","","Fri Nov 15 22:01:48 GMT 2024","passed","Fri Nov 15 22:01:48 GMT 2024","","HYPERON-METTALOG-SANITY","HYPERON-METTALOG-SANITY",""
"","2","A3-TWOSIDE.04","","Fri Nov 15 21:58:41 GMT 2024","passed","Fri Nov 15 21:58:41 GMT 2024","","HYPERON-EXPERIMENTAL-SCRIPTS","HYPERON-EXPERIMENTAL-SCRIPTS",""
"","2","METATYPES---METTA-LANGUAGE1.02","","Fri Nov 15 22:11:40 GMT 2024","passed","Fri Nov 15 22:11:40 GMT 2024","","METTA-LANG","METTA-LANG",""
"","203","TIME-SYNTHESIZE.01","","Fri Nov 15 22:08:53 GMT 2024","failed","Fri Nov 15 22:08:53 GMT 2024","","SYNTH-BUFFER","SYNTH-BUFFER",""
"","5","MATCH-FEVAL.01","","Fri Nov 15 22:31:07 GMT 2024","passed","Fri Nov 15 22:31:07 GMT 2024","","METTA-MORPH-TESTS","METTA-MORPH-TESTS",""
"","118","EVAL-FOR-TESTS.04","","Fri Nov 15 22:01:48 GMT 2024","failed","Fri Nov 15 22:01:48 GMT 2024","","HYPERON-METTALOG-SANITY","HYPERON-METTALOG-SANITY",""
"","2","D4-TYPE-PROP.10","","Fri Nov 15 22:34:53 GMT 2024","passed","Fri Nov 15 22:34:53 GMT 2024","","QUICK","QUICK",""
"","2","BASIC-GROUNDED-FUNCTIONS---METTA-LANGUAGE4.03","","Fri Nov 15 22:11:40 GMT 2024","passed","Fri Nov 15 22:11:40 GMT 2024","","METTA-LANG","METTA-LANG",""
"","4","C1-GROUNDED-BASIC.08","","Fri Nov 15 21:58:41 GMT 2024","passed","Fri Nov 15 21:58:41 GMT 2024","","HYPERON-EXPERIMENTAL-SCRIPTS","HYPERON-EXPERIMENTAL-SCRIPTS",""
"","10","CALL-TESTS.02","","Fri Nov 15 22:01:48 GMT 2024","passed","Fri Nov 15 22:01:48 GMT 2024","","HYPERON-METTALOG-SANITY","HYPERON-METTALOG-SANITY",""
"","2","D2-HIGHERFUNC.03","","Fri Nov 15 21:58:41 GMT 2024","passed","Fri Nov 15 21:58:41 GMT 2024","","HYPERON-EXPERIMENTAL-SCRIPTS","HYPERON-EXPERIMENTAL-SCRIPTS",""
"","2","WORKING-WITH-SPACES---METTA-LANGUAGE9.03","","Fri Nov 15 22:11:40 GMT 2024","passed","Fri Nov 15 22:11:40 GMT 2024","","METTA-LANG","METTA-LANG",""
"","3","E3-MATCH-STATES.01","","Fri Nov 15 21:58:41 GMT 2024","passed","Fri Nov 15 21:58:41 GMT 2024","","HYPERON-EXPERIMENTAL-SCRIPTS","HYPERON-EXPERIMENTAL-SCRIPTS",""
"","163","NALIFIER.01","","Fri Nov 15 22:31:07 GMT 2024","passed","Fri Nov 15 22:31:07 GMT 2024","","METTA-MORPH-TESTS","METTA-MORPH-TESTS",""
"","8000","metta_lang.Recursion_and_control___MeTTa_Language5","","Fri Nov 15 21:53:31 GMT 2024","passed","Fri Nov 15 21:53:39 GMT 2024","","WHOLE-TESTS","WHOLE-TESTS",""
"","2","CATCH-THROW-TESTS.09","","Fri Nov 15 22:01:48 GMT 2024","passed","Fri Nov 15 22:01:48 GMT 2024","","HYPERON-METTALOG-SANITY","HYPERON-METTALOG-SANITY",""
"","3","QUERYING-SPACE-CONTENT---METTA-LANGUAGE5.01","","Fri Nov 15 22:11:40 GMT 2024","passed","Fri Nov 15 22:11:40 GMT 2024","","METTA-LANG","METTA-LANG",""
"","2","C1-GROUNDED-BASIC.17","","Fri Nov 15 22:34:53 GMT 2024","passed","Fri Nov 15 22:34:53 GMT 2024","","QUICK","QUICK",""
"","2","D2-HIGHERFUNC.02","","Fri Nov 15 21:58:41 GMT 2024","passed","Fri Nov 15 21:58:41 GMT 2024","","HYPERON-EXPERIMENTAL-SCRIPTS","HYPERON-EXPERIMENTAL-SCRIPTS",""
"","128","C1-GROUNDED-BASIC.14","","Fri Nov 15 22:34:53 GMT 2024","failed","Fri Nov 15 22:34:53 GMT 2024","","QUICK","QUICK",""
"","6","CONTROL-FLOW---METTA-LANGUAGE4.01","","Fri Nov 15 22:11:40 GMT 2024","passed","Fri Nov 15 22:11:40 GMT 2024","","METTA-LANG","METTA-LANG",""
"","8000","metta_lang.Metatypes___MeTTa_Language4","","Fri Nov 15 21:53:31 GMT 2024","passed","Fri Nov 15 21:53:39 GMT 2024","","WHOLE-TESTS","WHOLE-TESTS",""
"","3","C2-SPACES.05","","Fri Nov 15 21:53:23 GMT 2024","passed","Fri Nov 15 21:53:23 GMT 2024","","MODULE-SYSTEM","MODULE-SYSTEM",""
"","8000","metta_lang.Basic_grounded_functions___MeTTa_Language6","","Fri Nov 15 21:53:31 GMT 2024","passed","Fri Nov 15 21:53:39 GMT 2024","","WHOLE-TESTS","WHOLE-TESTS",""
"","1","B4-NONDETERM.04","","Fri Nov 15 21:58:41 GMT 2024","passed","Fri Nov 15 21:58:41 GMT 2024","","HYPERON-EXPERIMENTAL-SCRIPTS","HYPERON-EXPERIMENTAL-SCRIPTS",""
"","16","WORKING-WITH-SPACES---METTA-LANGUAGE2.06","","Fri Nov 15 22:11:40 GMT 2024","failed","Fri Nov 15 22:11:40 GMT 2024","","METTA-LANG","METTA-LANG",""
"","3","F1-MODULEA.05","","Fri Nov 15 22:34:53 GMT 2024","passed","Fri Nov 15 22:34:53 GMT 2024","","QUICK","QUICK",""
"","2","INTERSECTION-TESTS.14","","Fri Nov 15 22:01:48 GMT 2024","passed","Fri Nov 15 22:01:48 GMT 2024","","HYPERON-METTALOG-SANITY","HYPERON-METTALOG-SANITY",""
"","2","D1-GADT.06","","Fri Nov 15 22:34:53 GMT 2024","passed","Fri Nov 15 22:34:53 GMT 2024","","QUICK","QUICK",""
"","8000","hyperon-experimental_scripts.e3_match_states","","Fri Nov 15 21:53:31 GMT 2024","passed","Fri Nov 15 21:53:39 GMT 2024","","WHOLE-TESTS","WHOLE-TESTS",""
"","91","INTERSECTION-TESTS.29","","Fri Nov 15 22:01:48 GMT 2024","failed","Fri Nov 15 22:01:48 GMT 2024","","HYPERON-METTALOG-SANITY","HYPERON-METTALOG-SANITY",""
"","3","F1-MODULEA.08","","Fri Nov 15 22:34:53 GMT 2024","passed","Fri Nov 15 22:34:53 GMT 2024","","QUICK","QUICK",""
"","2","C1-GROUNDED-BASIC.07","","Fri Nov 15 21:58:41 GMT 2024","passed","Fri Nov 15 21:58:41 GMT 2024","","HYPERON-EXPERIMENTAL-SCRIPTS","HYPERON-EXPERIMENTAL-SCRIPTS",""
"","75","EVAL-FOR-TESTS.02","","Fri Nov 15 22:01:48 GMT 2024","failed","Fri Nov 15 22:01:48 GMT 2024","","HYPERON-METTALOG-SANITY","HYPERON-METTALOG-SANITY",""
"","8000","quick.c1_grounded_basic","","Fri Nov 15 21:53:31 GMT 2024","passed","Fri Nov 15 21:53:39 GMT 2024","","WHOLE-TESTS","WHOLE-TESTS",""
"","2","HANDLING-NONDETERMINISTIC-RESULTS---METTA-LANGUAGE8.05","","Fri Nov 15 22:11:40 GMT 2024","passed","Fri Nov 15 22:11:40 GMT 2024","","METTA-LANG","METTA-LANG",""
"","3","MINNARS.01","","Fri Nov 15 22:31:07 GMT 2024","passed","Fri Nov 15 22:31:07 GMT 2024","","METTA-MORPH-TESTS","METTA-MORPH-TESTS",""
"","61","SPACE-INTERSECTION-TESTS.12","","Fri Nov 15 22:01:48 GMT 2024","failed","Fri Nov 15 22:01:48 GMT 2024","","HYPERON-METTALOG-SANITY","HYPERON-METTALOG-SANITY",""
"","2","WHAT-EVALS-OR-NOT.03","","Fri Nov 15 22:01:48 GMT 2024","passed","Fri Nov 15 22:01:48 GMT 2024","","HYPERON-METTALOG-SANITY","HYPERON-METTALOG-SANITY",""
"","9","MATCH-VOID.04","","Fri Nov 15 22:31:07 GMT 2024","passed","Fri Nov 15 22:31:07 GMT 2024","","METTA-MORPH-TESTS","METTA-MORPH-TESTS",""
"","48","BCHAIN-COMP.02","","Fri Nov 15 21:53:39 GMT 2024","failed","Fri Nov 15 21:53:39 GMT 2024","","ANTI-REGRESSION","ANTI-REGRESSION",""
"","1","STATES-SPACES.05","","Fri Nov 15 22:31:07 GMT 2024","passed","Fri Nov 15 22:31:07 GMT 2024","","METTA-MORPH-TESTS","METTA-MORPH-TESTS",""
"","53","CONSOLE-OUTPUT-AND-DEBUGGING---METTA-LANGUAGE10.02","","Fri Nov 15 22:11:40 GMT 2024","failed","Fri Nov 15 22:11:40 GMT 2024","","METTA-LANG","METTA-LANG",""
"","2","CONTROLLING-PATTERN-MATCHING---METTA-LANGUAGE12.07","","Fri Nov 15 22:11:40 GMT 2024","passed","Fri Nov 15 22:11:40 GMT 2024","","METTA-LANG","METTA-LANG",""
"","3","D2-HIGHERFUNC.16","","Fri Nov 15 22:34:53 GMT 2024","passed","Fri Nov 15 22:34:53 GMT 2024","","QUICK","QUICK",""
"","5","BASIC-EVALUATION---METTA-LANGUAGE8.01","","Fri Nov 15 22:11:40 GMT 2024","passed","Fri Nov 15 22:11:40 GMT 2024","","METTA-LANG","METTA-LANG",""
"","2","XOR-TEST.09","","Fri Nov 15 22:01:48 GMT 2024","passed","Fri Nov 15 22:01:48 GMT 2024","","HYPERON-METTALOG-SANITY","HYPERON-METTALOG-SANITY",""
"","2","TEST-IF-CLOSED.11","","Fri Nov 15 21:53:39 GMT 2024","passed","Fri Nov 15 21:53:39 GMT 2024","","ANTI-REGRESSION","ANTI-REGRESSION",""
"","8000","metta_lang.Control_flow___MeTTa_Language2","","Fri Nov 15 21:53:31 GMT 2024","passed","Fri Nov 15 21:53:39 GMT 2024","","WHOLE-TESTS","WHOLE-TESTS",""
"","3","WORKING-WITH-SPACES---METTA-LANGUAGE8.03","","Fri Nov 15 22:11:40 GMT 2024","passed","Fri Nov 15 22:11:40 GMT 2024","","METTA-LANG","METTA-LANG",""
"","3","F1-IMPORTS.01","","Fri Nov 15 22:34:53 GMT 2024","passed","Fri Nov 15 22:34:53 GMT 2024","","QUICK","QUICK",""
"","5","C1-GROUNDED-BASIC.01","","Fri Nov 15 22:34:53 GMT 2024","passed","Fri Nov 15 22:34:53 GMT 2024","","QUICK","QUICK",""
"","2","CATCH-THROW-TESTS.07","","Fri Nov 15 22:01:48 GMT 2024","passed","Fri Nov 15 22:01:48 GMT 2024","","HYPERON-METTALOG-SANITY","HYPERON-METTALOG-SANITY",""
"","3","WORKING-WITH-SPACES---METTA-LANGUAGE13.01","","Fri Nov 15 22:11:40 GMT 2024","passed","Fri Nov 15 22:11:40 GMT 2024","","METTA-LANG","METTA-LANG",""
"","2","INTERSECTION-TESTS.18","","Fri Nov 15 22:01:48 GMT 2024","passed","Fri Nov 15 22:01:48 GMT 2024","","HYPERON-METTALOG-SANITY","HYPERON-METTALOG-SANITY",""
"","1","D4-TYPE-PROP.15","","Fri Nov 15 22:34:53 GMT 2024","passed","Fri Nov 15 22:34:53 GMT 2024","","QUICK","QUICK",""
"","2","C1-GROUNDED-BASIC.12","","Fri Nov 15 21:58:41 GMT 2024","passed","Fri Nov 15 21:58:41 GMT 2024","","HYPERON-EXPERIMENTAL-SCRIPTS","HYPERON-EXPERIMENTAL-SCRIPTS",""
"","2","SPACE-SUBTRACTION-TESTS.02","","Fri Nov 15 22:01:48 GMT 2024","passed","Fri Nov 15 22:01:48 GMT 2024","","HYPERON-METTALOG-SANITY","HYPERON-METTALOG-SANITY",""
"","3","INTERSECTION-TESTS.20","","Fri Nov 15 22:01:48 GMT 2024","passed","Fri Nov 15 22:01:48 GMT 2024","","HYPERON-METTALOG-SANITY","HYPERON-METTALOG-SANITY",""
"","1","RECURSIVE-AND-PARAMETRIC-TYPES---METTA-LANGUAGE5.02","","Fri Nov 15 22:11:40 GMT 2024","passed","Fri Nov 15 22:11:40 GMT 2024","","METTA-LANG","METTA-LANG",""
"","8000","hyperon-mettalog_sanity.is_space","","Fri Nov 15 21:53:31 GMT 2024","passed","Fri Nov 15 21:53:39 GMT 2024","","WHOLE-TESTS","WHOLE-TESTS",""
"","2","FREE-VARIABLES-AND-NONDETERMINISM-AGAIN,-RECURSIVELY---METTA-LANGUAGE1.03","","Fri Nov 15 22:11:40 GMT 2024","passed","Fri Nov 15 22:11:40 GMT 2024","","METTA-LANG","METTA-LANG",""
"","2","TEST-IF-CLOSED.03","","Fri Nov 15 21:53:39 GMT 2024","passed","Fri Nov 15 21:53:39 GMT 2024","","ANTI-REGRESSION","ANTI-REGRESSION",""
"","3","06-MATCH-IN-SPACE.05","","Fri Nov 15 22:01:48 GMT 2024","passed","Fri Nov 15 22:01:48 GMT 2024","","HYPERON-METTALOG-SANITY","HYPERON-METTALOG-SANITY",""
"","2","QUERYING-SPACE-CONTENT---METTA-LANGUAGE5.02","","Fri Nov 15 22:11:40 GMT 2024","passed","Fri Nov 15 22:11:40 GMT 2024","","METTA-LANG","METTA-LANG",""
"","2","METTALOGTESTCURRIED2.02","","Fri Nov 15 21:53:39 GMT 2024","passed","Fri Nov 15 21:53:39 GMT 2024","","ANTI-REGRESSION","ANTI-REGRESSION",""
"","8000","metta-morph_tests.if","","Fri Nov 15 21:53:31 GMT 2024","passed","Fri Nov 15 21:53:39 GMT 2024","","WHOLE-TESTS","WHOLE-TESTS",""
"","2","HANDLING-NONDETERMINISTIC-RESULTS---METTA-LANGUAGE8.04","","Fri Nov 15 22:11:40 GMT 2024","passed","Fri Nov 15 22:11:40 GMT 2024","","METTA-LANG","METTA-LANG",""
"","155","OUTPUT-LOAD-TESTS.11","","Fri Nov 15 22:01:48 GMT 2024","failed","Fri Nov 15 22:01:48 GMT 2024","","HYPERON-METTALOG-SANITY","HYPERON-METTALOG-SANITY",""
"","8000","metta-morph_tests.states_spaces","","Fri Nov 15 21:53:31 GMT 2024","passed","Fri Nov 15 21:53:39 GMT 2024","","WHOLE-TESTS","WHOLE-TESTS",""
"","1","D4-TYPE-PROP.07","","Fri Nov 15 22:34:53 GMT 2024","passed","Fri Nov 15 22:34:53 GMT 2024","","QUICK","QUICK",""
"","2","LIMIT-TESTS.11","","Fri Nov 15 22:01:48 GMT 2024","passed","Fri Nov 15 22:01:48 GMT 2024","","HYPERON-METTALOG-SANITY","HYPERON-METTALOG-SANITY",""
"","8000","metta_lang.Handling_nondeterministic_results___MeTTa_Language2","","Fri Nov 15 21:53:31 GMT 2024","passed","Fri Nov 15 21:53:39 GMT 2024","","WHOLE-TESTS","WHOLE-TESTS",""
"","68","METATYPES---METTA-LANGUAGE8.04","","Fri Nov 15 22:11:40 GMT 2024","failed","Fri Nov 15 22:11:40 GMT 2024","","METTA-LANG","METTA-LANG",""
"","4","BASIC-EVALUATION---METTA-LANGUAGE15.01","","Fri Nov 15 22:11:40 GMT 2024","passed","Fri Nov 15 22:11:40 GMT 2024","","METTA-LANG","METTA-LANG",""
"","4","MAX-TIME-TESTS.02","","Fri Nov 15 22:01:48 GMT 2024","passed","Fri Nov 15 22:01:48 GMT 2024","","HYPERON-METTALOG-SANITY","HYPERON-METTALOG-SANITY",""
"","2","F1-IMPORTS.13","","Fri Nov 15 21:58:41 GMT 2024","passed","Fri Nov 15 21:58:41 GMT 2024","","HYPERON-EXPERIMENTAL-SCRIPTS","HYPERON-EXPERIMENTAL-SCRIPTS",""
"","1","C1-GROUNDED-BASIC.04","","Fri Nov 15 21:58:41 GMT 2024","passed","Fri Nov 15 21:58:41 GMT 2024","","HYPERON-EXPERIMENTAL-SCRIPTS","HYPERON-EXPERIMENTAL-SCRIPTS",""
"","31000","synth_buffer.time_synthesize","","Fri Nov 15 21:53:31 GMT 2024","passed","Fri Nov 15 21:54:02 GMT 2024","","WHOLE-TESTS","WHOLE-TESTS",""
"","1","B5-TYPES-PRELIM.17","","Fri Nov 15 21:58:41 GMT 2024","passed","Fri Nov 15 21:58:41 GMT 2024","","HYPERON-EXPERIMENTAL-SCRIPTS","HYPERON-EXPERIMENTAL-SCRIPTS",""
"","89","MINIMAL-METTA-TESTS.34","","Fri Nov 15 22:01:48 GMT 2024","failed","Fri Nov 15 22:01:48 GMT 2024","","HYPERON-METTALOG-SANITY","HYPERON-METTALOG-SANITY",""
"","3","NESTED-QUERIES-AND-RECURSIVE-GRAPH-TRAVERSAL---METTA-LANGUAGE2.01","","Fri Nov 15 22:11:40 GMT 2024","passed","Fri Nov 15 22:11:40 GMT 2024","","METTA-LANG","METTA-LANG",""
"","9000","synth_buffer.time_synthesize_short","","Fri Nov 15 21:53:31 GMT 2024","passed","Fri Nov 15 21:53:40 GMT 2024","","WHOLE-TESTS","WHOLE-TESTS",""
"","1","METATYPES---METTA-LANGUAGE7.02","","Fri Nov 15 22:11:40 GMT 2024","passed","Fri Nov 15 22:11:40 GMT 2024","","METTA-LANG","METTA-LANG",""
"","2","SEALED-TEST.06","","Fri Nov 15 22:01:48 GMT 2024","passed","Fri Nov 15 22:01:48 GMT 2024","","HYPERON-METTALOG-SANITY","HYPERON-METTALOG-SANITY",""
"","2","INTERSECTION-TESTS.10","","Fri Nov 15 22:01:48 GMT 2024","passed","Fri Nov 15 22:01:48 GMT 2024","","HYPERON-METTALOG-SANITY","HYPERON-METTALOG-SANITY",""
"","2","FUNCTIONS-AND-UNIFICATION---METTA-LANGUAGE7.06","","Fri Nov 15 22:11:40 GMT 2024","passed","Fri Nov 15 22:11:40 GMT 2024","","METTA-LANG","METTA-LANG",""
"","3","C1-GROUNDED-BASIC.05","","Fri Nov 15 22:34:53 GMT 2024","passed","Fri Nov 15 22:34:53 GMT 2024","","QUICK","QUICK",""
"","2","RECURSIVE-AND-PARAMETRIC-TYPES---METTA-LANGUAGE3.02","","Fri Nov 15 22:11:40 GMT 2024","passed","Fri Nov 15 22:11:40 GMT 2024","","METTA-LANG","METTA-LANG",""
"","65","D5-AUTO-TYPES.01","","Fri Nov 15 21:58:41 GMT 2024","failed","Fri Nov 15 21:58:41 GMT 2024","","HYPERON-EXPERIMENTAL-SCRIPTS","HYPERON-EXPERIMENTAL-SCRIPTS",""
"","4","IDENTITY.01","","Fri Nov 15 22:31:07 GMT 2024","passed","Fri Nov 15 22:31:07 GMT 2024","","METTA-MORPH-TESTS","METTA-MORPH-TESTS",""
"","2","MATCH-SUPERPOSED-SPACES.05","","Fri Nov 15 22:31:07 GMT 2024","passed","Fri Nov 15 22:31:07 GMT 2024","","METTA-MORPH-TESTS","METTA-MORPH-TESTS",""
"","34","BC-COMP.04","","Fri Nov 15 21:53:39 GMT 2024","passed","Fri Nov 15 21:53:39 GMT 2024","","ANTI-REGRESSION","ANTI-REGRESSION",""
"","1","SPACE-INTERSECTION-TESTS.04","","Fri Nov 15 22:01:48 GMT 2024","passed","Fri Nov 15 22:01:48 GMT 2024","","HYPERON-METTALOG-SANITY","HYPERON-METTALOG-SANITY",""
"","2","D1-GADT.02","","Fri Nov 15 21:58:41 GMT 2024","passed","Fri Nov 15 21:58:41 GMT 2024","","HYPERON-EXPERIMENTAL-SCRIPTS","HYPERON-EXPERIMENTAL-SCRIPTS",""
"","1","TMPMATCH1.04","","Fri Nov 15 21:53:39 GMT 2024","passed","Fri Nov 15 21:53:39 GMT 2024","","ANTI-REGRESSION","ANTI-REGRESSION",""
"","3","FREE-VARIABLES-AND-NONDETERMINISM-AGAIN,-RECURSIVELY---METTA-LANGUAGE4.01","","Fri Nov 15 22:11:40 GMT 2024","passed","Fri Nov 15 22:11:40 GMT 2024","","METTA-LANG","METTA-LANG",""
"","3","D4-TYPE-PROP.14","","Fri Nov 15 21:58:41 GMT 2024","passed","Fri Nov 15 21:58:41 GMT 2024","","HYPERON-EXPERIMENTAL-SCRIPTS","HYPERON-EXPERIMENTAL-SCRIPTS",""
"","2","FUNCTIONS-AND-UNIFICATION---METTA-LANGUAGE4.04","","Fri Nov 15 22:11:40 GMT 2024","passed","Fri Nov 15 22:11:40 GMT 2024","","METTA-LANG","METTA-LANG",""
"","1","D4-TYPE-PROP.19","","Fri Nov 15 22:34:53 GMT 2024","passed","Fri Nov 15 22:34:53 GMT 2024","","QUICK","QUICK",""
"","8000","metta_lang.Handling_nondeterministic_results___MeTTa_Language7","","Fri Nov 15 21:53:31 GMT 2024","passed","Fri Nov 15 21:53:39 GMT 2024","","WHOLE-TESTS","WHOLE-TESTS",""
"","8000","hyperon-mettalog_sanity.xor_test","","Fri Nov 15 21:53:31 GMT 2024","passed","Fri Nov 15 21:53:39 GMT 2024","","WHOLE-TESTS","WHOLE-TESTS",""
"","2","F1-IMPORTS.09","","Fri Nov 15 22:34:53 GMT 2024","passed","Fri Nov 15 22:34:53 GMT 2024","","QUICK","QUICK",""
"","8000","metta-morph_tests.match_feval","","Fri Nov 15 21:53:31 GMT 2024","passed","Fri Nov 15 21:53:39 GMT 2024","","WHOLE-TESTS","WHOLE-TESTS",""
"","3","A1-SYMBOLS.02","","Fri Nov 15 21:58:41 GMT 2024","passed","Fri Nov 15 21:58:41 GMT 2024","","HYPERON-EXPERIMENTAL-SCRIPTS","HYPERON-EXPERIMENTAL-SCRIPTS",""
"","5","OPERATIONS-OVER-ATOMS---METTA-LANGUAGE2.01","","Fri Nov 15 22:11:40 GMT 2024","passed","Fri Nov 15 22:11:40 GMT 2024","","METTA-LANG","METTA-LANG",""
"","6","UNIQUE-TEST.12","","Fri Nov 15 22:01:48 GMT 2024","passed","Fri Nov 15 22:01:48 GMT 2024","","HYPERON-METTALOG-SANITY","HYPERON-METTALOG-SANITY",""
"","8000","anti-regression.bchain","","Fri Nov 15 21:53:31 GMT 2024","passed","Fri Nov 15 21:53:39 GMT 2024","","WHOLE-TESTS","WHOLE-TESTS",""
"","7000","metta_lang.Working_with_spaces___MeTTa_Language6","","Fri Nov 15 21:53:31 GMT 2024","passed","Fri Nov 15 21:53:38 GMT 2024","","WHOLE-TESTS","WHOLE-TESTS",""
"","8000","metta_lang.Console_output_and_debugging___MeTTa_Language2","","Fri Nov 15 21:53:31 GMT 2024","passed","Fri Nov 15 21:53:39 GMT 2024","","WHOLE-TESTS","WHOLE-TESTS",""
"","1","CONCRETE-TYPES---METTA-LANGUAGE1.04","","Fri Nov 15 22:11:40 GMT 2024","passed","Fri Nov 15 22:11:40 GMT 2024","","METTA-LANG","METTA-LANG",""
"","8000","metta_lang.Control_flow___MeTTa_Language7","","Fri Nov 15 21:53:31 GMT 2024","passed","Fri Nov 15 21:53:39 GMT 2024","","WHOLE-TESTS","WHOLE-TESTS",""
"","4","SEALED-TEST.04","","Fri Nov 15 22:01:48 GMT 2024","passed","Fri Nov 15 22:01:48 GMT 2024","","HYPERON-METTALOG-SANITY","HYPERON-METTALOG-SANITY",""
"","2","D3-DEPTYPES.03","","Fri Nov 15 21:58:41 GMT 2024","passed","Fri Nov 15 21:58:41 GMT 2024","","HYPERON-EXPERIMENTAL-SCRIPTS","HYPERON-EXPERIMENTAL-SCRIPTS",""
"","2","F1-MODULEA.02","","Fri Nov 15 22:34:53 GMT 2024","passed","Fri Nov 15 22:34:53 GMT 2024","","QUICK","QUICK",""
"","1","TYPES2.04","","Fri Nov 15 22:31:07 GMT 2024","passed","Fri Nov 15 22:31:07 GMT 2024","","METTA-MORPH-TESTS","METTA-MORPH-TESTS",""
"","8000","hyperon-mettalog_sanity.find_all_tests","","Fri Nov 15 21:53:31 GMT 2024","passed","Fri Nov 15 21:53:39 GMT 2024","","WHOLE-TESTS","WHOLE-TESTS",""
"","2","SUPERPOSE-NESTED.02","","Fri Nov 15 22:31:07 GMT 2024","passed","Fri Nov 15 22:31:07 GMT 2024","","METTA-MORPH-TESTS","METTA-MORPH-TESTS",""
"","2","METATYPES---METTA-LANGUAGE4.02","","Fri Nov 15 22:11:40 GMT 2024","passed","Fri Nov 15 22:11:40 GMT 2024","","METTA-LANG","METTA-LANG",""
"","4","MATCH-SUPERPOSED-SPACES.01","","Fri Nov 15 22:31:07 GMT 2024","passed","Fri Nov 15 22:31:07 GMT 2024","","METTA-MORPH-TESTS","METTA-MORPH-TESTS",""
"","8000","metta_lang.Basic_evaluation___MeTTa_Language7","","Fri Nov 15 21:53:31 GMT 2024","passed","Fri Nov 15 21:53:39 GMT 2024","","WHOLE-TESTS","WHOLE-TESTS",""
"","3","FUNCTIONS-AND-UNIFICATION---METTA-LANGUAGE3.03","","Fri Nov 15 22:11:40 GMT 2024","passed","Fri Nov 15 22:11:40 GMT 2024","","METTA-LANG","METTA-LANG",""
"","3","OPERATIONS-OVER-ATOMS---METTA-LANGUAGE7.02","","Fri Nov 15 22:11:40 GMT 2024","passed","Fri Nov 15 22:11:40 GMT 2024","","METTA-LANG","METTA-LANG",""
"","2","OR-TEST.12","","Fri Nov 15 22:01:48 GMT 2024","passed","Fri Nov 15 22:01:48 GMT 2024","","HYPERON-METTALOG-SANITY","HYPERON-METTALOG-SANITY",""
"","46000","synth_buffer.time_synthesize_long","","Fri Nov 15 21:53:31 GMT 2024","failed","Fri Nov 15 21:54:17 GMT 2024","","WHOLE-TESTS","WHOLE-TESTS",""
"","2","INTERSECTION-TESTS.05","","Fri Nov 15 22:01:48 GMT 2024","passed","Fri Nov 15 22:01:48 GMT 2024","","HYPERON-METTALOG-SANITY","HYPERON-METTALOG-SANITY",""
"","8000","metta_lang.Basic_evaluation___MeTTa_Language10","","Fri Nov 15 21:53:31 GMT 2024","passed","Fri Nov 15 21:53:39 GMT 2024","","WHOLE-TESTS","WHOLE-TESTS",""
"","886","WORKING-WITH-SPACES---METTA-LANGUAGE13.02","","Fri Nov 15 22:11:40 GMT 2024","failed","Fri Nov 15 22:11:40 GMT 2024","","METTA-LANG","METTA-LANG",""
"","1","TYPES2.03","","Fri Nov 15 22:31:07 GMT 2024","passed","Fri Nov 15 22:31:07 GMT 2024","","METTA-MORPH-TESTS","METTA-MORPH-TESTS",""
"","8000","metta_lang.Concrete_types___MeTTa_Language2","","Fri Nov 15 21:53:31 GMT 2024","passed","Fri Nov 15 21:53:39 GMT 2024","","WHOLE-TESTS","WHOLE-TESTS",""
"","3","E2-STATES.05","","Fri Nov 15 21:58:41 GMT 2024","passed","Fri Nov 15 21:58:41 GMT 2024","","HYPERON-EXPERIMENTAL-SCRIPTS","HYPERON-EXPERIMENTAL-SCRIPTS",""
"","1","WORKING-WITH-SPACES---METTA-LANGUAGE10.02","","Fri Nov 15 22:11:40 GMT 2024","passed","Fri Nov 15 22:11:40 GMT 2024","","METTA-LANG","METTA-LANG",""
"","1","SUBTRACTION-TEST.09","","Fri Nov 15 22:01:48 GMT 2024","passed","Fri Nov 15 22:01:48 GMT 2024","","HYPERON-METTALOG-SANITY","HYPERON-METTALOG-SANITY",""
"","55","CONTROL-FLOW---METTA-LANGUAGE2.01","","Fri Nov 15 22:11:40 GMT 2024","failed","Fri Nov 15 22:11:40 GMT 2024","","METTA-LANG","METTA-LANG",""
"","3","OUTPUT-LOAD-TESTS.08","","Fri Nov 15 22:01:48 GMT 2024","passed","Fri Nov 15 22:01:48 GMT 2024","","HYPERON-METTALOG-SANITY","HYPERON-METTALOG-SANITY",""
"","1","SEQUENTIAL-NESTED.07","","Fri Nov 15 22:31:07 GMT 2024","passed","Fri Nov 15 22:31:07 GMT 2024","","METTA-MORPH-TESTS","METTA-MORPH-TESTS",""
"","1","F1-IMPORTS.03","","Fri Nov 15 22:34:53 GMT 2024","passed","Fri Nov 15 22:34:53 GMT 2024","","QUICK","QUICK",""
"","2","CONSOLE-OUTPUT-AND-DEBUGGING---METTA-LANGUAGE2.05","","Fri Nov 15 22:11:40 GMT 2024","passed","Fri Nov 15 22:11:40 GMT 2024","","METTA-LANG","METTA-LANG",""
"","1","CALL-TESTS.11","","Fri Nov 15 22:01:48 GMT 2024","passed","Fri Nov 15 22:01:48 GMT 2024","","HYPERON-METTALOG-SANITY","HYPERON-METTALOG-SANITY",""
"","2","SUPERCOLLAPSE.07","","Fri Nov 15 22:31:07 GMT 2024","passed","Fri Nov 15 22:31:07 GMT 2024","","METTA-MORPH-TESTS","METTA-MORPH-TESTS",""
"","77","WHAT-EVALS-OR-NOT.09","","Fri Nov 15 22:01:48 GMT 2024","failed","Fri Nov 15 22:01:48 GMT 2024","","HYPERON-METTALOG-SANITY","HYPERON-METTALOG-SANITY",""
"","8000","metta-morph_tests.match_superposed_spaces","","Fri Nov 15 21:53:31 GMT 2024","passed","Fri Nov 15 21:53:39 GMT 2024","","WHOLE-TESTS","WHOLE-TESTS",""
"","3","WORKING-WITH-SPACES---METTA-LANGUAGE16.01","","Fri Nov 15 22:11:40 GMT 2024","passed","Fri Nov 15 22:11:40 GMT 2024","","METTA-LANG","METTA-LANG",""
"","4","B3-DIRECT.01","","Fri Nov 15 21:58:41 GMT 2024","passed","Fri Nov 15 21:58:41 GMT 2024","","HYPERON-EXPERIMENTAL-SCRIPTS","HYPERON-EXPERIMENTAL-SCRIPTS",""
"","8000","hyperon-mettalog_sanity.eval_for_tests","","Fri Nov 15 21:53:31 GMT 2024","passed","Fri Nov 15 21:53:39 GMT 2024","","WHOLE-TESTS","WHOLE-TESTS",""
"","3","BASIC-GROUNDED-FUNCTIONS---METTA-LANGUAGE6.02","","Fri Nov 15 22:11:40 GMT 2024","passed","Fri Nov 15 22:11:40 GMT 2024","","METTA-LANG","METTA-LANG",""
"","2","WORKING-WITH-SPACES---METTA-LANGUAGE1.06","","Fri Nov 15 22:11:40 GMT 2024","passed","Fri Nov 15 22:11:40 GMT 2024","","METTA-LANG","METTA-LANG",""
"","1","CONCRETE-TYPES---METTA-LANGUAGE12.04","","Fri Nov 15 22:11:40 GMT 2024","passed","Fri Nov 15 22:11:40 GMT 2024","","METTA-LANG","METTA-LANG",""
"","4","TYPES.01","","Fri Nov 15 22:31:07 GMT 2024","passed","Fri Nov 15 22:31:07 GMT 2024","","METTA-MORPH-TESTS","METTA-MORPH-TESTS",""
"","1","C1-GROUNDED-BASIC.19","","Fri Nov 15 22:34:53 GMT 2024","passed","Fri Nov 15 22:34:53 GMT 2024","","QUICK","QUICK",""
"","3","STRING-TESTS.13","","Fri Nov 15 22:01:48 GMT 2024","passed","Fri Nov 15 22:01:48 GMT 2024","","HYPERON-METTALOG-SANITY","HYPERON-METTALOG-SANITY",""
"","41000","metta_lang.Nested_queries_and_recursive_graph_traversal___MeTTa_Language3","","Fri Nov 15 21:53:31 GMT 2024","failed","Fri Nov 15 21:54:12 GMT 2024","","WHOLE-TESTS","WHOLE-TESTS",""
"","4","RECURSIVE-AND-PARAMETRIC-TYPES---METTA-LANGUAGE2.01","","Fri Nov 15 22:11:40 GMT 2024","passed","Fri Nov 15 22:11:40 GMT 2024","","METTA-LANG","METTA-LANG",""
"","41000","hyperon-mettalog_sanity.output_load_tests","","Fri Nov 15 21:53:31 GMT 2024","failed","Fri Nov 15 21:54:12 GMT 2024","","WHOLE-TESTS","WHOLE-TESTS",""
"","12","CONCRETE-TYPES---METTA-LANGUAGE13.02","","Fri Nov 15 22:11:40 GMT 2024","failed","Fri Nov 15 22:11:40 GMT 2024","","METTA-LANG","METTA-LANG",""
"","1","OR-TEST.16","","Fri Nov 15 22:01:48 GMT 2024","passed","Fri Nov 15 22:01:48 GMT 2024","","HYPERON-METTALOG-SANITY","HYPERON-METTALOG-SANITY",""
"","8000","metta_lang.Basic_evaluation___MeTTa_Language2","","Fri Nov 15 21:53:31 GMT 2024","passed","Fri Nov 15 21:53:39 GMT 2024","","WHOLE-TESTS","WHOLE-TESTS",""
"","365","TMPMATCH1.05","","Fri Nov 15 21:53:39 GMT 2024","failed","Fri Nov 15 21:53:39 GMT 2024","","ANTI-REGRESSION","ANTI-REGRESSION",""
"","1","00-LANG-CASE.10","","Fri Nov 15 22:01:48 GMT 2024","passed","Fri Nov 15 22:01:48 GMT 2024","","HYPERON-METTALOG-SANITY","HYPERON-METTALOG-SANITY",""
"","8000","hyperon-experimental_scripts.d5_auto_types","","Fri Nov 15 21:53:31 GMT 2024","passed","Fri Nov 15 21:53:39 GMT 2024","","WHOLE-TESTS","WHOLE-TESTS",""
"","8000","hyperon-mettalog_sanity.flip_test","","Fri Nov 15 21:53:31 GMT 2024","passed","Fri Nov 15 21:53:39 GMT 2024","","WHOLE-TESTS","WHOLE-TESTS",""
"","2","CONCRETE-TYPES---METTA-LANGUAGE1.02","","Fri Nov 15 22:11:40 GMT 2024","passed","Fri Nov 15 22:11:40 GMT 2024","","METTA-LANG","METTA-LANG",""
"","4","CONTROL-FLOW---METTA-LANGUAGE12.01","","Fri Nov 15 22:11:40 GMT 2024","passed","Fri Nov 15 22:11:40 GMT 2024","","METTA-LANG","METTA-LANG",""
"","2","CONCRETE-TYPES---METTA-LANGUAGE8.01","","Fri Nov 15 22:11:40 GMT 2024","passed","Fri Nov 15 22:11:40 GMT 2024","","METTA-LANG","METTA-LANG",""
"","7000","metta_lang.Working_with_spaces___MeTTa_Language4","","Fri Nov 15 21:53:31 GMT 2024","passed","Fri Nov 15 21:53:38 GMT 2024","","WHOLE-TESTS","WHOLE-TESTS",""
"","3","CALL-CLEANUP-TESTS.02","","Fri Nov 15 22:01:48 GMT 2024","passed","Fri Nov 15 22:01:48 GMT 2024","","HYPERON-METTALOG-SANITY","HYPERON-METTALOG-SANITY",""
"","2","BASIC-EVALUATION---METTA-LANGUAGE11.01","","Fri Nov 15 22:11:40 GMT 2024","passed","Fri Nov 15 22:11:40 GMT 2024","","METTA-LANG","METTA-LANG",""
"","2","B5-TYPES-PRELIM.16","","Fri Nov 15 21:58:41 GMT 2024","passed","Fri Nov 15 21:58:41 GMT 2024","","HYPERON-EXPERIMENTAL-SCRIPTS","HYPERON-EXPERIMENTAL-SCRIPTS",""
"","8000","hyperon-mettalog_sanity.minimal_metta_tests","","Fri Nov 15 21:53:31 GMT 2024","passed","Fri Nov 15 21:53:39 GMT 2024","","WHOLE-TESTS","WHOLE-TESTS",""
"","3","PY-TYPES.02","","Fri Nov 15 22:01:48 GMT 2024","passed","Fri Nov 15 22:01:48 GMT 2024","","HYPERON-METTALOG-SANITY","HYPERON-METTALOG-SANITY",""
"","4","TEST-SPO-1000.01","","Fri Nov 15 21:54:54 GMT 2024","passed","Fri Nov 15 21:54:54 GMT 2024","","METTA-WAM-ISSUE-116","METTA-WAM-ISSUE-116",""
"","1","C1-GROUNDED-BASIC.03","","Fri Nov 15 21:58:41 GMT 2024","passed","Fri Nov 15 21:58:41 GMT 2024","","HYPERON-EXPERIMENTAL-SCRIPTS","HYPERON-EXPERIMENTAL-SCRIPTS",""
"","385","TESTS0.06","","Fri Nov 15 22:31:07 GMT 2024","passed","Fri Nov 15 22:31:07 GMT 2024","","METTA-MORPH-TESTS","METTA-MORPH-TESTS",""
"","19","CONCRETE-TYPES---METTA-LANGUAGE2.01","","Fri Nov 15 22:11:40 GMT 2024","failed","Fri Nov 15 22:11:40 GMT 2024","","METTA-LANG","METTA-LANG",""
"","2","CONTROL-FLOW---METTA-LANGUAGE10.04","","Fri Nov 15 22:11:40 GMT 2024","passed","Fri Nov 15 22:11:40 GMT 2024","","METTA-LANG","METTA-LANG",""
"","9000","metta-wam-issue-116.test_spo_5000","","Fri Nov 15 21:53:31 GMT 2024","passed","Fri Nov 15 21:53:40 GMT 2024","","WHOLE-TESTS","WHOLE-TESTS",""
"","2","D4-TYPE-PROP.14","","Fri Nov 15 22:34:53 GMT 2024","passed","Fri Nov 15 22:34:53 GMT 2024","","QUICK","QUICK",""
"","3","METATYPES---METTA-LANGUAGE2.02","","Fri Nov 15 22:11:40 GMT 2024","passed","Fri Nov 15 22:11:40 GMT 2024","","METTA-LANG","METTA-LANG",""
"","10000","anti-regression.bc_comp","","Fri Nov 15 21:53:31 GMT 2024","passed","Fri Nov 15 21:53:41 GMT 2024","","WHOLE-TESTS","WHOLE-TESTS",""
"","8000","hyperon-experimental_scripts.b4_nondeterm","","Fri Nov 15 21:53:31 GMT 2024","passed","Fri Nov 15 21:53:39 GMT 2024","","WHOLE-TESTS","WHOLE-TESTS",""
"","8000","metta_lang.Recursion_and_control___MeTTa_Language9","","Fri Nov 15 21:53:31 GMT 2024","passed","Fri Nov 15 21:53:39 GMT 2024","","WHOLE-TESTS","WHOLE-TESTS",""
"","2","SUBTRACTION-TEST.08","","Fri Nov 15 22:01:48 GMT 2024","passed","Fri Nov 15 22:01:48 GMT 2024","","HYPERON-METTALOG-SANITY","HYPERON-METTALOG-SANITY",""
"","3","OUTPUT-LOAD-TESTS.05","","Fri Nov 15 22:01:48 GMT 2024","passed","Fri Nov 15 22:01:48 GMT 2024","","HYPERON-METTALOG-SANITY","HYPERON-METTALOG-SANITY",""
"","8000","quick.d2_higherfunc","","Fri Nov 15 21:53:31 GMT 2024","passed","Fri Nov 15 21:53:39 GMT 2024","","WHOLE-TESTS","WHOLE-TESTS",""
"","4","CONTROL-FLOW---METTA-LANGUAGE8.01","","Fri Nov 15 22:11:40 GMT 2024","passed","Fri Nov 15 22:11:40 GMT 2024","","METTA-LANG","METTA-LANG",""
"","8000","metta_lang.Recursion_and_control___MeTTa_Language6","","Fri Nov 15 21:53:31 GMT 2024","passed","Fri Nov 15 21:53:39 GMT 2024","","WHOLE-TESTS","WHOLE-TESTS",""
"","122","MINIMAL-METTA-TESTS.38","","Fri Nov 15 22:01:48 GMT 2024","failed","Fri Nov 15 22:01:48 GMT 2024","","HYPERON-METTALOG-SANITY","HYPERON-METTALOG-SANITY",""
"","2","EVAL-FOR-TESTS.06","","Fri Nov 15 22:01:48 GMT 2024","passed","Fri Nov 15 22:01:48 GMT 2024","","HYPERON-METTALOG-SANITY","HYPERON-METTALOG-SANITY",""
"","2","D4-TYPE-PROP.05","","Fri Nov 15 21:58:41 GMT 2024","passed","Fri Nov 15 21:58:41 GMT 2024","","HYPERON-EXPERIMENTAL-SCRIPTS","HYPERON-EXPERIMENTAL-SCRIPTS",""
"","3","D2-HIGHERFUNC.10","","Fri Nov 15 22:34:53 GMT 2024","passed","Fri Nov 15 22:34:53 GMT 2024","","QUICK","QUICK",""
"","2","WORKING-WITH-SPACES---METTA-LANGUAGE1.05","","Fri Nov 15 22:11:40 GMT 2024","passed","Fri Nov 15 22:11:40 GMT 2024","","METTA-LANG","METTA-LANG",""
"","2","RECURSION-AND-CONTROL---METTA-LANGUAGE9.02","","Fri Nov 15 22:11:40 GMT 2024","passed","Fri Nov 15 22:11:40 GMT 2024","","METTA-LANG","METTA-LANG",""
"","2","C1-GROUNDED-BASIC.11","","Fri Nov 15 22:34:53 GMT 2024","passed","Fri Nov 15 22:34:53 GMT 2024","","QUICK","QUICK",""
"","3","BASIC-GROUNDED-FUNCTIONS---METTA-LANGUAGE2.02","","Fri Nov 15 22:11:40 GMT 2024","passed","Fri Nov 15 22:11:40 GMT 2024","","METTA-LANG","METTA-LANG",""
"","104","EVAL-FOR-TESTS.13","","Fri Nov 15 22:01:48 GMT 2024","failed","Fri Nov 15 22:01:48 GMT 2024","","HYPERON-METTALOG-SANITY","HYPERON-METTALOG-SANITY",""
"","3","OUTPUT-LOAD-TESTS.13","","Fri Nov 15 22:01:48 GMT 2024","passed","Fri Nov 15 22:01:48 GMT 2024","","HYPERON-METTALOG-SANITY","HYPERON-METTALOG-SANITY",""
"","19","STRING-TESTS.18","","Fri Nov 15 22:01:48 GMT 2024","passed","Fri Nov 15 22:01:48 GMT 2024","","HYPERON-METTALOG-SANITY","HYPERON-METTALOG-SANITY",""
"","5","RECURSIVE-AND-PARAMETRIC-TYPES---METTA-LANGUAGE4.01","","Fri Nov 15 22:11:40 GMT 2024","passed","Fri Nov 15 22:11:40 GMT 2024","","METTA-LANG","METTA-LANG",""
"","63","RECURSIVE-AND-PARAMETRIC-TYPES---METTA-LANGUAGE4.02","","Fri Nov 15 22:11:40 GMT 2024","failed","Fri Nov 15 22:11:40 GMT 2024","","METTA-LANG","METTA-LANG",""
"","3","CATCH-THROW-TESTS.08","","Fri Nov 15 22:01:48 GMT 2024","passed","Fri Nov 15 22:01:48 GMT 2024","","HYPERON-METTALOG-SANITY","HYPERON-METTALOG-SANITY",""
"","4","E2-STATES.01","","Fri Nov 15 21:58:41 GMT 2024","passed","Fri Nov 15 21:58:41 GMT 2024","","HYPERON-EXPERIMENTAL-SCRIPTS","HYPERON-EXPERIMENTAL-SCRIPTS",""
"","156","SPACE-INTERSECTION-TESTS.07","","Fri Nov 15 22:01:48 GMT 2024","failed","Fri Nov 15 22:01:48 GMT 2024","","HYPERON-METTALOG-SANITY","HYPERON-METTALOG-SANITY",""
"","2","CONCRETE-TYPES---METTA-LANGUAGE5.03","","Fri Nov 15 22:11:40 GMT 2024","passed","Fri Nov 15 22:11:40 GMT 2024","","METTA-LANG","METTA-LANG",""
"","2","FLIP-TEST.01","","Fri Nov 15 22:01:48 GMT 2024","passed","Fri Nov 15 22:01:48 GMT 2024","","HYPERON-METTALOG-SANITY","HYPERON-METTALOG-SANITY",""
"","2","QUERYING-SPACE-CONTENT---METTA-LANGUAGE2.03","","Fri Nov 15 22:11:40 GMT 2024","passed","Fri Nov 15 22:11:40 GMT 2024","","METTA-LANG","METTA-LANG",""
"","2","B5-TYPES-PRELIM.04","","Fri Nov 15 21:58:41 GMT 2024","passed","Fri Nov 15 21:58:41 GMT 2024","","HYPERON-EXPERIMENTAL-SCRIPTS","HYPERON-EXPERIMENTAL-SCRIPTS",""
"","2","CONTROL-FLOW---METTA-LANGUAGE11.04","","Fri Nov 15 22:11:40 GMT 2024","passed","Fri Nov 15 22:11:40 GMT 2024","","METTA-LANG","METTA-LANG",""
"","2","OR-TEST.18","","Fri Nov 15 22:01:48 GMT 2024","passed","Fri Nov 15 22:01:48 GMT 2024","","HYPERON-METTALOG-SANITY","HYPERON-METTALOG-SANITY",""
"","7000","hyperon-mettalog_sanity.subtraction_test","","Fri Nov 15 21:53:31 GMT 2024","passed","Fri Nov 15 21:53:38 GMT 2024","","WHOLE-TESTS","WHOLE-TESTS",""
"","1","00-LANG-CASE.18","","Fri Nov 15 22:01:48 GMT 2024","passed","Fri Nov 15 22:01:48 GMT 2024","","HYPERON-METTALOG-SANITY","HYPERON-METTALOG-SANITY",""
"","8000","metta_lang.Concrete_types___MeTTa_Language7","","Fri Nov 15 21:53:31 GMT 2024","passed","Fri Nov 15 21:53:39 GMT 2024","","WHOLE-TESTS","WHOLE-TESTS",""
"","1","METATYPES---METTA-LANGUAGE1.04","","Fri Nov 15 22:11:40 GMT 2024","passed","Fri Nov 15 22:11:40 GMT 2024","","METTA-LANG","METTA-LANG",""
"","3","WORKING-WITH-SPACES---METTA-LANGUAGE2.05","","Fri Nov 15 22:11:40 GMT 2024","passed","Fri Nov 15 22:11:40 GMT 2024","","METTA-LANG","METTA-LANG",""
"","130","BASIC-EVALUATION---METTA-LANGUAGE4.01","","Fri Nov 15 22:11:40 GMT 2024","failed","Fri Nov 15 22:11:40 GMT 2024","","METTA-LANG","METTA-LANG",""
"","4","OR-TEST.11","","Fri Nov 15 22:01:48 GMT 2024","passed","Fri Nov 15 22:01:48 GMT 2024","","HYPERON-METTALOG-SANITY","HYPERON-METTALOG-SANITY",""
"","6","SEALED-TEST.05","","Fri Nov 15 22:01:48 GMT 2024","passed","Fri Nov 15 22:01:48 GMT 2024","","HYPERON-METTALOG-SANITY","HYPERON-METTALOG-SANITY",""
"","3","WORKING-WITH-SPACES---METTA-LANGUAGE4.02","","Fri Nov 15 22:11:40 GMT 2024","passed","Fri Nov 15 22:11:40 GMT 2024","","METTA-LANG","METTA-LANG",""
"","2","WORKING-WITH-SPACES---METTA-LANGUAGE3.04","","Fri Nov 15 22:11:40 GMT 2024","passed","Fri Nov 15 22:11:40 GMT 2024","","METTA-LANG","METTA-LANG",""
"","89","INTERSECTION-TESTS.31","","Fri Nov 15 22:01:48 GMT 2024","failed","Fri Nov 15 22:01:48 GMT 2024","","HYPERON-METTALOG-SANITY","HYPERON-METTALOG-SANITY",""
"","3","BASIC-GROUNDED-FUNCTIONS---METTA-LANGUAGE1.03","","Fri Nov 15 22:11:40 GMT 2024","passed","Fri Nov 15 22:11:40 GMT 2024","","METTA-LANG","METTA-LANG",""
"","3","WORKING-WITH-SPACES---METTA-LANGUAGE12.01","","Fri Nov 15 22:11:40 GMT 2024","passed","Fri Nov 15 22:11:40 GMT 2024","","METTA-LANG","METTA-LANG",""
"","5","D4-TYPE-PROP.01","","Fri Nov 15 22:34:53 GMT 2024","passed","Fri Nov 15 22:34:53 GMT 2024","","QUICK","QUICK",""
"","2","CONTROLLING-PATTERN-MATCHING---METTA-LANGUAGE4.03","","Fri Nov 15 22:11:40 GMT 2024","passed","Fri Nov 15 22:11:40 GMT 2024","","METTA-LANG","METTA-LANG",""
"","2","C1-GROUNDED-BASIC.16","","Fri Nov 15 21:58:41 GMT 2024","passed","Fri Nov 15 21:58:41 GMT 2024","","HYPERON-EXPERIMENTAL-SCRIPTS","HYPERON-EXPERIMENTAL-SCRIPTS",""
"","2","BASIC-EVALUATION---METTA-LANGUAGE1.02","","Fri Nov 15 22:11:40 GMT 2024","passed","Fri Nov 15 22:11:40 GMT 2024","","METTA-LANG","METTA-LANG",""
"","3","MAX-TIME-TESTS.01","","Fri Nov 15 22:01:48 GMT 2024","passed","Fri Nov 15 22:01:48 GMT 2024","","HYPERON-METTALOG-SANITY","HYPERON-METTALOG-SANITY",""
"","7000","hyperon-mettalog_sanity.call_tests","","Fri Nov 15 21:53:31 GMT 2024","passed","Fri Nov 15 21:53:38 GMT 2024","","WHOLE-TESTS","WHOLE-TESTS",""
"","3","CONCRETE-TYPES---METTA-LANGUAGE5.05","","Fri Nov 15 22:11:40 GMT 2024","passed","Fri Nov 15 22:11:40 GMT 2024","","METTA-LANG","METTA-LANG",""
"","3","FUNCTIONS-AND-UNIFICATION---METTA-LANGUAGE3.01","","Fri Nov 15 22:11:40 GMT 2024","passed","Fri Nov 15 22:11:40 GMT 2024","","METTA-LANG","METTA-LANG",""
"","3","06-MATCH-IN-SPACE.04","","Fri Nov 15 22:01:48 GMT 2024","passed","Fri Nov 15 22:01:48 GMT 2024","","HYPERON-METTALOG-SANITY","HYPERON-METTALOG-SANITY",""
"","2","CONCRETE-TYPES---METTA-LANGUAGE12.03","","Fri Nov 15 22:11:40 GMT 2024","passed","Fri Nov 15 22:11:40 GMT 2024","","METTA-LANG","METTA-LANG",""
"","7000","hyperon-experimental_scripts.b2_backchain","","Fri Nov 15 21:53:31 GMT 2024","passed","Fri Nov 15 21:53:38 GMT 2024","","WHOLE-TESTS","WHOLE-TESTS",""
"","2","INTERSECTION-TESTS.30","","Fri Nov 15 22:01:48 GMT 2024","passed","Fri Nov 15 22:01:48 GMT 2024","","HYPERON-METTALOG-SANITY","HYPERON-METTALOG-SANITY",""
"","4","CONTROLLING-PATTERN-MATCHING---METTA-LANGUAGE11.02","","Fri Nov 15 22:11:40 GMT 2024","passed","Fri Nov 15 22:11:40 GMT 2024","","METTA-LANG","METTA-LANG",""
"","1","MATCH-VOID.08","","Fri Nov 15 22:31:07 GMT 2024","passed","Fri Nov 15 22:31:07 GMT 2024","","METTA-MORPH-TESTS","METTA-MORPH-TESTS",""
"","8000","metta_lang.Metatypes___MeTTa_Language3","","Fri Nov 15 21:53:31 GMT 2024","passed","Fri Nov 15 21:53:39 GMT 2024","","WHOLE-TESTS","WHOLE-TESTS",""
"","2","STRING-TESTS.08","","Fri Nov 15 22:01:48 GMT 2024","passed","Fri Nov 15 22:01:48 GMT 2024","","HYPERON-METTALOG-SANITY","HYPERON-METTALOG-SANITY",""
"","8000","metta_lang.Basic_evaluation___MeTTa_Language14","","Fri Nov 15 21:53:31 GMT 2024","passed","Fri Nov 15 21:53:39 GMT 2024","","WHOLE-TESTS","WHOLE-TESTS",""
"","3","CONCRETE-TYPES---METTA-LANGUAGE7.04","","Fri Nov 15 22:11:40 GMT 2024","passed","Fri Nov 15 22:11:40 GMT 2024","","METTA-LANG","METTA-LANG",""
"","11","MINIMAL-METTA-TESTS.02","","Fri Nov 15 22:01:48 GMT 2024","failed","Fri Nov 15 22:01:48 GMT 2024","","HYPERON-METTALOG-SANITY","HYPERON-METTALOG-SANITY",""
"","130","MINIMAL-METTA-TESTS.26","","Fri Nov 15 22:01:48 GMT 2024","failed","Fri Nov 15 22:01:48 GMT 2024","","HYPERON-METTALOG-SANITY","HYPERON-METTALOG-SANITY",""
"","3","TEST-IF-CLOSED.02","","Fri Nov 15 21:53:39 GMT 2024","passed","Fri Nov 15 21:53:39 GMT 2024","","ANTI-REGRESSION","ANTI-REGRESSION",""
"","8000","metta_lang.Basic_evaluation___MeTTa_Language4","","Fri Nov 15 21:53:31 GMT 2024","passed","Fri Nov 15 21:53:39 GMT 2024","","WHOLE-TESTS","WHOLE-TESTS",""
"","8000","metta-morph_tests.multifunction","","Fri Nov 15 21:53:31 GMT 2024","passed","Fri Nov 15 21:53:39 GMT 2024","","WHOLE-TESTS","WHOLE-TESTS",""
"","8000","metta_lang.Control_flow___MeTTa_Language12","","Fri Nov 15 21:53:31 GMT 2024","passed","Fri Nov 15 21:53:39 GMT 2024","","WHOLE-TESTS","WHOLE-TESTS",""
"","8000","metta-morph_tests.types","","Fri Nov 15 21:53:31 GMT 2024","passed","Fri Nov 15 21:53:39 GMT 2024","","WHOLE-TESTS","WHOLE-TESTS",""
"","8000","metta_lang.Metatypes___MeTTa_Language6","","Fri Nov 15 21:53:31 GMT 2024","passed","Fri Nov 15 21:53:39 GMT 2024","","WHOLE-TESTS","WHOLE-TESTS",""
"","2","00-LANG-CASE.14","","Fri Nov 15 22:01:48 GMT 2024","passed","Fri Nov 15 22:01:48 GMT 2024","","HYPERON-METTALOG-SANITY","HYPERON-METTALOG-SANITY",""
"","2","D2-HIGHERFUNC.16","","Fri Nov 15 21:58:41 GMT 2024","passed","Fri Nov 15 21:58:41 GMT 2024","","HYPERON-EXPERIMENTAL-SCRIPTS","HYPERON-EXPERIMENTAL-SCRIPTS",""
"","8000","metta_lang.Recursive_and_parametric_types___MeTTa_Language9","","Fri Nov 15 21:53:31 GMT 2024","passed","Fri Nov 15 21:53:39 GMT 2024","","WHOLE-TESTS","WHOLE-TESTS",""
"","8000","metta_lang.Controlling_pattern_matching___MeTTa_Language8","","Fri Nov 15 21:53:31 GMT 2024","passed","Fri Nov 15 21:53:39 GMT 2024","","WHOLE-TESTS","WHOLE-TESTS",""
"","3","COMMA-IS-NOT-SPECIAL.01","","Fri Nov 15 21:53:39 GMT 2024","passed","Fri Nov 15 21:53:39 GMT 2024","","ANTI-REGRESSION","ANTI-REGRESSION",""
"","8000","anti-regression.tmpMatch2","","Fri Nov 15 21:53:31 GMT 2024","passed","Fri Nov 15 21:53:39 GMT 2024","","WHOLE-TESTS","WHOLE-TESTS",""
"","8000","metta_lang.Functions_and_unification___MeTTa_Language4","","Fri Nov 15 21:53:31 GMT 2024","passed","Fri Nov 15 21:53:39 GMT 2024","","WHOLE-TESTS","WHOLE-TESTS",""
"","5","CONTROLLING-PATTERN-MATCHING---METTA-LANGUAGE3.01","","Fri Nov 15 22:11:40 GMT 2024","passed","Fri Nov 15 22:11:40 GMT 2024","","METTA-LANG","METTA-LANG",""
"","2","A3-TWOSIDE.03","","Fri Nov 15 21:58:41 GMT 2024","passed","Fri Nov 15 21:58:41 GMT 2024","","HYPERON-EXPERIMENTAL-SCRIPTS","HYPERON-EXPERIMENTAL-SCRIPTS",""
"","5","FUNCTIONS-AND-UNIFICATION---METTA-LANGUAGE1.01","","Fri Nov 15 22:11:40 GMT 2024","passed","Fri Nov 15 22:11:40 GMT 2024","","METTA-LANG","METTA-LANG",""
"","2","B3-DIRECT.02","","Fri Nov 15 21:58:41 GMT 2024","passed","Fri Nov 15 21:58:41 GMT 2024","","HYPERON-EXPERIMENTAL-SCRIPTS","HYPERON-EXPERIMENTAL-SCRIPTS",""
"","109","OUTPUT-LOAD-TESTS.15","","Fri Nov 15 22:01:48 GMT 2024","failed","Fri Nov 15 22:01:48 GMT 2024","","HYPERON-METTALOG-SANITY","HYPERON-METTALOG-SANITY",""
"","313","SPACE-SUBTRACTION-TESTS.07","","Fri Nov 15 22:01:48 GMT 2024","passed","Fri Nov 15 22:01:48 GMT 2024","","HYPERON-METTALOG-SANITY","HYPERON-METTALOG-SANITY",""
"","3","CONSOLE-OUTPUT-AND-DEBUGGING---METTA-LANGUAGE2.04","","Fri Nov 15 22:11:40 GMT 2024","passed","Fri Nov 15 22:11:40 GMT 2024","","METTA-LANG","METTA-LANG",""
"","3","06-MATCH-IN-SPACE.03","","Fri Nov 15 22:01:48 GMT 2024","passed","Fri Nov 15 22:01:48 GMT 2024","","HYPERON-METTALOG-SANITY","HYPERON-METTALOG-SANITY",""
"","3","RECURSIVE-AND-PARAMETRIC-TYPES---METTA-LANGUAGE5.07","","Fri Nov 15 22:11:40 GMT 2024","passed","Fri Nov 15 22:11:40 GMT 2024","","METTA-LANG","METTA-LANG",""
"","58","WORKING-WITH-SPACES---METTA-LANGUAGE12.05","","Fri Nov 15 22:11:40 GMT 2024","failed","Fri Nov 15 22:11:40 GMT 2024","","METTA-LANG","METTA-LANG",""
"","3","RECURSION-AND-CONTROL---METTA-LANGUAGE7.01","","Fri Nov 15 22:11:40 GMT 2024","passed","Fri Nov 15 22:11:40 GMT 2024","","METTA-LANG","METTA-LANG",""
"","8000","metta_lang.Functions_and_unification___MeTTa_Language1","","Fri Nov 15 21:53:31 GMT 2024","passed","Fri Nov 15 21:53:39 GMT 2024","","WHOLE-TESTS","WHOLE-TESTS",""
"","5","RECURSION-AND-CONTROL---METTA-LANGUAGE3.06","","Fri Nov 15 22:11:40 GMT 2024","passed","Fri Nov 15 22:11:40 GMT 2024","","METTA-LANG","METTA-LANG",""
"","3","OUTPUT-LOAD-TESTS.06","","Fri Nov 15 22:01:48 GMT 2024","passed","Fri Nov 15 22:01:48 GMT 2024","","HYPERON-METTALOG-SANITY","HYPERON-METTALOG-SANITY",""
"","3","E2-STATES.12","","Fri Nov 15 21:58:41 GMT 2024","passed","Fri Nov 15 21:58:41 GMT 2024","","HYPERON-EXPERIMENTAL-SCRIPTS","HYPERON-EXPERIMENTAL-SCRIPTS",""
"","3","CONSOLE-OUTPUT-AND-DEBUGGING---METTA-LANGUAGE2.03","","Fri Nov 15 22:11:40 GMT 2024","passed","Fri Nov 15 22:11:40 GMT 2024","","METTA-LANG","METTA-LANG",""
"","3","FUNCTIONS-AND-UNIFICATION---METTA-LANGUAGE2.01","","Fri Nov 15 22:11:40 GMT 2024","passed","Fri Nov 15 22:11:40 GMT 2024","","METTA-LANG","METTA-LANG",""
"","3","F1-MODULEA.01","","Fri Nov 15 21:53:23 GMT 2024","passed","Fri Nov 15 21:53:23 GMT 2024","","MODULE-SYSTEM","MODULE-SYSTEM",""
"","3","TESTS0.04","","Fri Nov 15 22:31:07 GMT 2024","passed","Fri Nov 15 22:31:07 GMT 2024","","METTA-MORPH-TESTS","METTA-MORPH-TESTS",""
"","2","INTERSECTION-TESTS.03","","Fri Nov 15 22:01:48 GMT 2024","passed","Fri Nov 15 22:01:48 GMT 2024","","HYPERON-METTALOG-SANITY","HYPERON-METTALOG-SANITY",""
"","2","CONTROL-FLOW---METTA-LANGUAGE10.02","","Fri Nov 15 22:11:40 GMT 2024","passed","Fri Nov 15 22:11:40 GMT 2024","","METTA-LANG","METTA-LANG",""
"","2","A1-SYMBOLS.03","","Fri Nov 15 21:58:41 GMT 2024","passed","Fri Nov 15 21:58:41 GMT 2024","","HYPERON-EXPERIMENTAL-SCRIPTS","HYPERON-EXPERIMENTAL-SCRIPTS",""
"","1","D4-TYPE-PROP.12","","Fri Nov 15 22:34:53 GMT 2024","passed","Fri Nov 15 22:34:53 GMT 2024","","QUICK","QUICK",""
"","8000","hyperon-mettalog_sanity.00_lang_case","","Fri Nov 15 21:53:31 GMT 2024","passed","Fri Nov 15 21:53:39 GMT 2024","","WHOLE-TESTS","WHOLE-TESTS",""
"","8000","metta_lang.Basic_evaluation___MeTTa_Language3","","Fri Nov 15 21:53:31 GMT 2024","passed","Fri Nov 15 21:53:39 GMT 2024","","WHOLE-TESTS","WHOLE-TESTS",""
"","13","MATCH-VOID.11","","Fri Nov 15 22:31:07 GMT 2024","passed","Fri Nov 15 22:31:07 GMT 2024","","METTA-MORPH-TESTS","METTA-MORPH-TESTS",""
"","2","CONTROL-FLOW---METTA-LANGUAGE15.06","","Fri Nov 15 22:11:40 GMT 2024","passed","Fri Nov 15 22:11:40 GMT 2024","","METTA-LANG","METTA-LANG",""
"","8000","metta_lang.Recursive_and_parametric_types___MeTTa_Language4","","Fri Nov 15 21:53:31 GMT 2024","passed","Fri Nov 15 21:53:39 GMT 2024","","WHOLE-TESTS","WHOLE-TESTS",""
"","2","D2-HIGHERFUNC.01","","Fri Nov 15 21:58:41 GMT 2024","passed","Fri Nov 15 21:58:41 GMT 2024","","HYPERON-EXPERIMENTAL-SCRIPTS","HYPERON-EXPERIMENTAL-SCRIPTS",""
"","9","D2-HIGHERFUNC.22","","Fri Nov 15 21:58:41 GMT 2024","passed","Fri Nov 15 21:58:41 GMT 2024","","HYPERON-EXPERIMENTAL-SCRIPTS","HYPERON-EXPERIMENTAL-SCRIPTS",""
"","45","BASIC-GROUNDED-FUNCTIONS---METTA-LANGUAGE1.04","","Fri Nov 15 22:11:40 GMT 2024","passed","Fri Nov 15 22:11:40 GMT 2024","","METTA-LANG","METTA-LANG",""
"","7000","metta_lang.Working_with_spaces___MeTTa_Language5","","Fri Nov 15 21:53:31 GMT 2024","passed","Fri Nov 15 21:53:38 GMT 2024","","WHOLE-TESTS","WHOLE-TESTS",""
"","1","D1-GADT.07","","Fri Nov 15 21:58:41 GMT 2024","passed","Fri Nov 15 21:58:41 GMT 2024","","HYPERON-EXPERIMENTAL-SCRIPTS","HYPERON-EXPERIMENTAL-SCRIPTS",""
"","2","FUNCTIONAL-PROGRAMMING-TESTS.02","","Fri Nov 15 22:01:48 GMT 2024","passed","Fri Nov 15 22:01:48 GMT 2024","","HYPERON-METTALOG-SANITY","HYPERON-METTALOG-SANITY",""
"","2","D2-HIGHERFUNC.23","","Fri Nov 15 22:34:53 GMT 2024","passed","Fri Nov 15 22:34:53 GMT 2024","","QUICK","QUICK",""
"","25","WORKING-WITH-SPACES---METTA-LANGUAGE17.02","","Fri Nov 15 22:11:40 GMT 2024","failed","Fri Nov 15 22:11:40 GMT 2024","","METTA-LANG","METTA-LANG",""
"","3","STRING-TESTS.02","","Fri Nov 15 22:01:48 GMT 2024","passed","Fri Nov 15 22:01:48 GMT 2024","","HYPERON-METTALOG-SANITY","HYPERON-METTALOG-SANITY",""
"","208","TIME-SYNTHESIZE-LONG.03","","Fri Nov 15 22:08:53 GMT 2024","failed","Fri Nov 15 22:08:53 GMT 2024","","SYNTH-BUFFER","SYNTH-BUFFER",""
"","2","QUERYING-SPACE-CONTENT---METTA-LANGUAGE5.03","","Fri Nov 15 22:11:40 GMT 2024","passed","Fri Nov 15 22:11:40 GMT 2024","","METTA-LANG","METTA-LANG",""
"","8000","metta_lang.Querying_space_content___MeTTa_Language5","","Fri Nov 15 21:53:31 GMT 2024","passed","Fri Nov 15 21:53:39 GMT 2024","","WHOLE-TESTS","WHOLE-TESTS",""
"","640","TESTS0.07","","Fri Nov 15 22:31:07 GMT 2024","passed","Fri Nov 15 22:31:07 GMT 2024","","METTA-MORPH-TESTS","METTA-MORPH-TESTS",""
"","165","CONTROLLING-PATTERN-MATCHING---METTA-LANGUAGE10.07","","Fri Nov 15 22:11:40 GMT 2024","failed","Fri Nov 15 22:11:40 GMT 2024","","METTA-LANG","METTA-LANG",""
"","8000","hyperon-experimental_scripts.b3_direct","","Fri Nov 15 21:53:31 GMT 2024","passed","Fri Nov 15 21:53:39 GMT 2024","","WHOLE-TESTS","WHOLE-TESTS",""
"","3","RECURSIVE-AND-PARAMETRIC-TYPES---METTA-LANGUAGE8.01","","Fri Nov 15 22:11:40 GMT 2024","passed","Fri Nov 15 22:11:40 GMT 2024","","METTA-LANG","METTA-LANG",""
"","1","BASIC-GROUNDED-FUNCTIONS---METTA-LANGUAGE6.04","","Fri Nov 15 22:11:40 GMT 2024","passed","Fri Nov 15 22:11:40 GMT 2024","","METTA-LANG","METTA-LANG",""
"","2","OPERATIONS-OVER-ATOMS---METTA-LANGUAGE2.04","","Fri Nov 15 22:11:40 GMT 2024","passed","Fri Nov 15 22:11:40 GMT 2024","","METTA-LANG","METTA-LANG",""
"","2","CONTROLLING-PATTERN-MATCHING---METTA-LANGUAGE12.12","","Fri Nov 15 22:11:40 GMT 2024","passed","Fri Nov 15 22:11:40 GMT 2024","","METTA-LANG","METTA-LANG",""
"","23764","TIME-SYNTHESIZE-SHORT.02","","Fri Nov 15 22:08:53 GMT 2024","passed","Fri Nov 15 22:09:16 GMT 2024","","SYNTH-BUFFER","SYNTH-BUFFER",""
"","8000","metta_lang.Basic_evaluation___MeTTa_Language11","","Fri Nov 15 21:53:31 GMT 2024","passed","Fri Nov 15 21:53:39 GMT 2024","","WHOLE-TESTS","WHOLE-TESTS",""
"","2","CALL-CLEANUP-TESTS.08","","Fri Nov 15 22:01:48 GMT 2024","passed","Fri Nov 15 22:01:48 GMT 2024","","HYPERON-METTALOG-SANITY","HYPERON-METTALOG-SANITY",""
"","15","D1-GADT.04","","Fri Nov 15 22:34:53 GMT 2024","passed","Fri Nov 15 22:34:53 GMT 2024","","QUICK","QUICK",""
"","3","METATYPES---METTA-LANGUAGE7.03","","Fri Nov 15 22:11:40 GMT 2024","passed","Fri Nov 15 22:11:40 GMT 2024","","METTA-LANG","METTA-LANG",""
"","3","OPERATIONS-OVER-ATOMS---METTA-LANGUAGE3.03","","Fri Nov 15 22:11:40 GMT 2024","passed","Fri Nov 15 22:11:40 GMT 2024","","METTA-LANG","METTA-LANG",""
"","4","01-LANG-INC.01","","Fri Nov 15 22:01:48 GMT 2024","passed","Fri Nov 15 22:01:48 GMT 2024","","HYPERON-METTALOG-SANITY","HYPERON-METTALOG-SANITY",""
"","8000","metta_lang.Operations_over_atoms___MeTTa_Language3","","Fri Nov 15 21:53:31 GMT 2024","passed","Fri Nov 15 21:53:39 GMT 2024","","WHOLE-TESTS","WHOLE-TESTS",""
"","11","CONCRETE-TYPES---METTA-LANGUAGE9.01","","Fri Nov 15 22:11:40 GMT 2024","passed","Fri Nov 15 22:11:40 GMT 2024","","METTA-LANG","METTA-LANG",""
"","13","D5-AUTO-TYPES.06","","Fri Nov 15 21:58:41 GMT 2024","passed","Fri Nov 15 21:58:41 GMT 2024","","HYPERON-EXPERIMENTAL-SCRIPTS","HYPERON-EXPERIMENTAL-SCRIPTS",""
"","3","C1-GROUNDED-BASIC.03","","Fri Nov 15 22:34:53 GMT 2024","passed","Fri Nov 15 22:34:53 GMT 2024","","QUICK","QUICK",""
"","2","ARITY-TESTS.05","","Fri Nov 15 22:01:48 GMT 2024","passed","Fri Nov 15 22:01:48 GMT 2024","","HYPERON-METTALOG-SANITY","HYPERON-METTALOG-SANITY",""
"","63","BC-COMP.01","","Fri Nov 15 21:53:39 GMT 2024","failed","Fri Nov 15 21:53:39 GMT 2024","","ANTI-REGRESSION","ANTI-REGRESSION",""
"","8000","hyperon-mettalog_sanity.first_answer_long","","Fri Nov 15 21:53:31 GMT 2024","passed","Fri Nov 15 21:53:39 GMT 2024","","WHOLE-TESTS","WHOLE-TESTS",""
"","8000","hyperon-mettalog_sanity.unique_test","","Fri Nov 15 21:53:31 GMT 2024","passed","Fri Nov 15 21:53:39 GMT 2024","","WHOLE-TESTS","WHOLE-TESTS",""
"","2","D4-TYPE-PROP.09","","Fri Nov 15 22:34:53 GMT 2024","passed","Fri Nov 15 22:34:53 GMT 2024","","QUICK","QUICK",""
"","8000","metta_lang.Handling_nondeterministic_results___MeTTa_Language3","","Fri Nov 15 21:53:31 GMT 2024","passed","Fri Nov 15 21:53:39 GMT 2024","","WHOLE-TESTS","WHOLE-TESTS",""
"","2","LIMIT-TESTS.17","","Fri Nov 15 22:01:48 GMT 2024","passed","Fri Nov 15 22:01:48 GMT 2024","","HYPERON-METTALOG-SANITY","HYPERON-METTALOG-SANITY",""
"","6","SPACE-SUBTRACTION-TESTS.10","","Fri Nov 15 22:01:48 GMT 2024","passed","Fri Nov 15 22:01:48 GMT 2024","","HYPERON-METTALOG-SANITY","HYPERON-METTALOG-SANITY",""
"","2","QUERYING-SPACE-CONTENT---METTA-LANGUAGE2.04","","Fri Nov 15 22:11:40 GMT 2024","passed","Fri Nov 15 22:11:40 GMT 2024","","METTA-LANG","METTA-LANG",""
"","2","C1-GROUNDED-BASIC.16","","Fri Nov 15 22:34:53 GMT 2024","passed","Fri Nov 15 22:34:53 GMT 2024","","QUICK","QUICK",""
"","2","CONCRETE-TYPES---METTA-LANGUAGE1.03","","Fri Nov 15 22:11:40 GMT 2024","passed","Fri Nov 15 22:11:40 GMT 2024","","METTA-LANG","METTA-LANG",""
"","58","RECURSIVE-AND-PARAMETRIC-TYPES---METTA-LANGUAGE3.04","","Fri Nov 15 22:11:40 GMT 2024","failed","Fri Nov 15 22:11:40 GMT 2024","","METTA-LANG","METTA-LANG",""
"","2","STRING-TESTS.15","","Fri Nov 15 22:01:48 GMT 2024","passed","Fri Nov 15 22:01:48 GMT 2024","","HYPERON-METTALOG-SANITY","HYPERON-METTALOG-SANITY",""
"","5","RECURSIVE-AND-PARAMETRIC-TYPES---METTA-LANGUAGE5.01","","Fri Nov 15 22:11:40 GMT 2024","passed","Fri Nov 15 22:11:40 GMT 2024","","METTA-LANG","METTA-LANG",""
"","3","STRING-TESTS.12","","Fri Nov 15 22:01:48 GMT 2024","passed","Fri Nov 15 22:01:48 GMT 2024","","HYPERON-METTALOG-SANITY","HYPERON-METTALOG-SANITY",""
"","18","CONCRETE-TYPES---METTA-LANGUAGE13.01","","Fri Nov 15 22:11:40 GMT 2024","passed","Fri Nov 15 22:11:40 GMT 2024","","METTA-LANG","METTA-LANG",""
"","3","RECURSIVE-AND-PARAMETRIC-TYPES---METTA-LANGUAGE7.07","","Fri Nov 15 22:11:40 GMT 2024","passed","Fri Nov 15 22:11:40 GMT 2024","","METTA-LANG","METTA-LANG",""
"","2","UNIQUE-TEST.10","","Fri Nov 15 22:01:48 GMT 2024","passed","Fri Nov 15 22:01:48 GMT 2024","","HYPERON-METTALOG-SANITY","HYPERON-METTALOG-SANITY",""
"","8000","hyperon-mettalog_sanity.base_test_repr_parse_intersection","","Fri Nov 15 21:53:31 GMT 2024","passed","Fri Nov 15 21:53:39 GMT 2024","","WHOLE-TESTS","WHOLE-TESTS",""
"","10000","hyperon-mettalog_sanity.functional_programming_tests","","Fri Nov 15 21:53:31 GMT 2024","passed","Fri Nov 15 21:53:41 GMT 2024","","WHOLE-TESTS","WHOLE-TESTS",""
"","16","ARITY-TESTS.02","","Fri Nov 15 22:01:48 GMT 2024","failed","Fri Nov 15 22:01:48 GMT 2024","","HYPERON-METTALOG-SANITY","HYPERON-METTALOG-SANITY",""
"","1","D2-HIGHERFUNC.11","","Fri Nov 15 22:34:53 GMT 2024","passed","Fri Nov 15 22:34:53 GMT 2024","","QUICK","QUICK",""
"","30","CONTROLLING-PATTERN-MATCHING---METTA-LANGUAGE9.03","","Fri Nov 15 22:11:40 GMT 2024","failed","Fri Nov 15 22:11:40 GMT 2024","","METTA-LANG","METTA-LANG",""
"","2","MATCH-SUPERPOSED-SPACES.02","","Fri Nov 15 22:31:07 GMT 2024","passed","Fri Nov 15 22:31:07 GMT 2024","","METTA-MORPH-TESTS","METTA-MORPH-TESTS",""
"","8000","metta_lang.Control_flow___MeTTa_Language9","","Fri Nov 15 21:53:31 GMT 2024","passed","Fri Nov 15 21:53:39 GMT 2024","","WHOLE-TESTS","WHOLE-TESTS",""
"","2","SPACE-INTERSECTION-TESTS.06","","Fri Nov 15 22:01:48 GMT 2024","passed","Fri Nov 15 22:01:48 GMT 2024","","HYPERON-METTALOG-SANITY","HYPERON-METTALOG-SANITY",""
"","7000","metta_lang.Controlling_pattern_matching___MeTTa_Language2","","Fri Nov 15 21:53:31 GMT 2024","passed","Fri Nov 15 21:53:38 GMT 2024","","WHOLE-TESTS","WHOLE-TESTS",""
"","3","FUNCTIONS-AND-UNIFICATION---METTA-LANGUAGE2.03","","Fri Nov 15 22:11:40 GMT 2024","passed","Fri Nov 15 22:11:40 GMT 2024","","METTA-LANG","METTA-LANG",""
"","2","METATYPES---METTA-LANGUAGE1.05","","Fri Nov 15 22:11:40 GMT 2024","passed","Fri Nov 15 22:11:40 GMT 2024","","METTA-LANG","METTA-LANG",""
"","4","CONCRETE-TYPES---METTA-LANGUAGE14.01","","Fri Nov 15 22:11:40 GMT 2024","passed","Fri Nov 15 22:11:40 GMT 2024","","METTA-LANG","METTA-LANG",""
"","202","BASIC-EVALUATION---METTA-LANGUAGE15.02","","Fri Nov 15 22:11:40 GMT 2024","passed","Fri Nov 15 22:11:40 GMT 2024","","METTA-LANG","METTA-LANG",""
"","3","D4-TYPE-PROP.18","","Fri Nov 15 21:58:41 GMT 2024","passed","Fri Nov 15 21:58:41 GMT 2024","","HYPERON-EXPERIMENTAL-SCRIPTS","HYPERON-EXPERIMENTAL-SCRIPTS",""
"","11","MINIMAL-METTA-TESTS.10","","Fri Nov 15 22:01:48 GMT 2024","failed","Fri Nov 15 22:01:48 GMT 2024","","HYPERON-METTALOG-SANITY","HYPERON-METTALOG-SANITY",""
"","2","SUBTRACTION-TEST.04","","Fri Nov 15 22:01:48 GMT 2024","passed","Fri Nov 15 22:01:48 GMT 2024","","HYPERON-METTALOG-SANITY","HYPERON-METTALOG-SANITY",""
"","2","SUPERCOLLAPSE.03","","Fri Nov 15 22:31:07 GMT 2024","passed","Fri Nov 15 22:31:07 GMT 2024","","METTA-MORPH-TESTS","METTA-MORPH-TESTS",""
"","1","B2-BACKCHAIN.03","","Fri Nov 15 21:58:41 GMT 2024","passed","Fri Nov 15 21:58:41 GMT 2024","","HYPERON-EXPERIMENTAL-SCRIPTS","HYPERON-EXPERIMENTAL-SCRIPTS",""
"","9","CONSOLE-OUTPUT-AND-DEBUGGING---METTA-LANGUAGE1.01","","Fri Nov 15 22:11:40 GMT 2024","failed","Fri Nov 15 22:11:40 GMT 2024","","METTA-LANG","METTA-LANG",""
"","8000","module-system.f1_imports","","Fri Nov 15 21:53:31 GMT 2024","passed","Fri Nov 15 21:53:39 GMT 2024","","WHOLE-TESTS","WHOLE-TESTS",""
"","2","BASIC-GROUNDED-FUNCTIONS---METTA-LANGUAGE1.05","","Fri Nov 15 22:11:40 GMT 2024","passed","Fri Nov 15 22:11:40 GMT 2024","","METTA-LANG","METTA-LANG",""
"","3","BCHAIN.01","","Fri Nov 15 21:53:39 GMT 2024","passed","Fri Nov 15 21:53:39 GMT 2024","","ANTI-REGRESSION","ANTI-REGRESSION",""
"","1","00-LANG-CASE.05","","Fri Nov 15 22:01:48 GMT 2024","passed","Fri Nov 15 22:01:48 GMT 2024","","HYPERON-METTALOG-SANITY","HYPERON-METTALOG-SANITY",""
"","4","LET-SUPERPOSE-IF-CASE.01","","Fri Nov 15 22:31:07 GMT 2024","passed","Fri Nov 15 22:31:07 GMT 2024","","METTA-MORPH-TESTS","METTA-MORPH-TESTS",""
"","2","MATCH-VOID.10","","Fri Nov 15 22:31:07 GMT 2024","passed","Fri Nov 15 22:31:07 GMT 2024","","METTA-MORPH-TESTS","METTA-MORPH-TESTS",""
"","1","CALL-CLEANUP-TESTS.05","","Fri Nov 15 22:01:48 GMT 2024","passed","Fri Nov 15 22:01:48 GMT 2024","","HYPERON-METTALOG-SANITY","HYPERON-METTALOG-SANITY",""
"","2","D1-GADT.12","","Fri Nov 15 21:58:41 GMT 2024","passed","Fri Nov 15 21:58:41 GMT 2024","","HYPERON-EXPERIMENTAL-SCRIPTS","HYPERON-EXPERIMENTAL-SCRIPTS",""
"","2","D4-TYPE-PROP.13","","Fri Nov 15 22:34:53 GMT 2024","passed","Fri Nov 15 22:34:53 GMT 2024","","QUICK","QUICK",""
"","8000","metta-morph_tests.tests0","","Fri Nov 15 21:53:31 GMT 2024","passed","Fri Nov 15 21:53:39 GMT 2024","","WHOLE-TESTS","WHOLE-TESTS",""
"","3","UNIQUE-TEST.01","","Fri Nov 15 22:01:48 GMT 2024","passed","Fri Nov 15 22:01:48 GMT 2024","","HYPERON-METTALOG-SANITY","HYPERON-METTALOG-SANITY",""
"","4","HANDLING-NONDETERMINISTIC-RESULTS---METTA-LANGUAGE6.01","","Fri Nov 15 22:11:40 GMT 2024","passed","Fri Nov 15 22:11:40 GMT 2024","","METTA-LANG","METTA-LANG",""
"","2","SPACE-INTERSECTION-TESTS.15","","Fri Nov 15 22:01:48 GMT 2024","passed","Fri Nov 15 22:01:48 GMT 2024","","HYPERON-METTALOG-SANITY","HYPERON-METTALOG-SANITY",""
"","8000","metta_lang.Control_flow___MeTTa_Language6","","Fri Nov 15 21:53:31 GMT 2024","passed","Fri Nov 15 21:53:39 GMT 2024","","WHOLE-TESTS","WHOLE-TESTS",""
"","1","CONSOLE-OUTPUT-AND-DEBUGGING---METTA-LANGUAGE3.06","","Fri Nov 15 22:11:40 GMT 2024","passed","Fri Nov 15 22:11:40 GMT 2024","","METTA-LANG","METTA-LANG",""
"","4","STRING-TESTS.01","","Fri Nov 15 22:01:48 GMT 2024","passed","Fri Nov 15 22:01:48 GMT 2024","","HYPERON-METTALOG-SANITY","HYPERON-METTALOG-SANITY",""
"","8000","metta-morph_tests.let_superpose_if_case","","Fri Nov 15 21:53:31 GMT 2024","passed","Fri Nov 15 21:53:39 GMT 2024","","WHOLE-TESTS","WHOLE-TESTS",""
"","9","00-LANG-CASE.12","","Fri Nov 15 22:01:48 GMT 2024","passed","Fri Nov 15 22:01:48 GMT 2024","","HYPERON-METTALOG-SANITY","HYPERON-METTALOG-SANITY",""
"","3","METATYPES---METTA-LANGUAGE2.07","","Fri Nov 15 22:11:40 GMT 2024","passed","Fri Nov 15 22:11:40 GMT 2024","","METTA-LANG","METTA-LANG",""
"","3","C1-GROUNDED-BASIC.04","","Fri Nov 15 22:34:53 GMT 2024","passed","Fri Nov 15 22:34:53 GMT 2024","","QUICK","QUICK",""
"","3","COLLAPSE.01","","Fri Nov 15 22:31:07 GMT 2024","passed","Fri Nov 15 22:31:07 GMT 2024","","METTA-MORPH-TESTS","METTA-MORPH-TESTS",""
"","2","TEST-IF-CLOSED.04","","Fri Nov 15 21:53:39 GMT 2024","passed","Fri Nov 15 21:53:39 GMT 2024","","ANTI-REGRESSION","ANTI-REGRESSION",""
"","2","SPACE-INTERSECTION-TESTS.05","","Fri Nov 15 22:01:48 GMT 2024","passed","Fri Nov 15 22:01:48 GMT 2024","","HYPERON-METTALOG-SANITY","HYPERON-METTALOG-SANITY",""
"","50","D5-AUTO-TYPES.05","","Fri Nov 15 21:58:41 GMT 2024","failed","Fri Nov 15 21:58:41 GMT 2024","","HYPERON-EXPERIMENTAL-SCRIPTS","HYPERON-EXPERIMENTAL-SCRIPTS",""
"","3","METATYPES---METTA-LANGUAGE3.01","","Fri Nov 15 22:11:40 GMT 2024","passed","Fri Nov 15 22:11:40 GMT 2024","","METTA-LANG","METTA-LANG",""
"","4","SPACE-SUBTRACTION-TESTS.09","","Fri Nov 15 22:01:48 GMT 2024","passed","Fri Nov 15 22:01:48 GMT 2024","","HYPERON-METTALOG-SANITY","HYPERON-METTALOG-SANITY",""
"","4","QUERYING-SPACE-CONTENT---METTA-LANGUAGE2.01","","Fri Nov 15 22:11:40 GMT 2024","passed","Fri Nov 15 22:11:40 GMT 2024","","METTA-LANG","METTA-LANG",""
"","82","CONSOLE-OUTPUT-AND-DEBUGGING---METTA-LANGUAGE4.02","","Fri Nov 15 22:11:40 GMT 2024","passed","Fri Nov 15 22:11:40 GMT 2024","","METTA-LANG","METTA-LANG",""
"","2","CATCH-THROW-TESTS.04","","Fri Nov 15 22:01:48 GMT 2024","passed","Fri Nov 15 22:01:48 GMT 2024","","HYPERON-METTALOG-SANITY","HYPERON-METTALOG-SANITY",""
"","2","METATYPES---METTA-LANGUAGE9.01","","Fri Nov 15 22:11:40 GMT 2024","passed","Fri Nov 15 22:11:40 GMT 2024","","METTA-LANG","METTA-LANG",""
"","8000","metta_lang.Basic_evaluation___MeTTa_Language9","","Fri Nov 15 21:53:31 GMT 2024","passed","Fri Nov 15 21:53:39 GMT 2024","","WHOLE-TESTS","WHOLE-TESTS",""
"","2","C2-SPACES.02","","Fri Nov 15 21:58:41 GMT 2024","passed","Fri Nov 15 21:58:41 GMT 2024","","HYPERON-EXPERIMENTAL-SCRIPTS","HYPERON-EXPERIMENTAL-SCRIPTS",""
"","2","00-LANG-CASE.13","","Fri Nov 15 22:01:48 GMT 2024","passed","Fri Nov 15 22:01:48 GMT 2024","","HYPERON-METTALOG-SANITY","HYPERON-METTALOG-SANITY",""
"","2","FREE-VARIABLES-AND-NONDETERMINISM-AGAIN,-RECURSIVELY---METTA-LANGUAGE1.04","","Fri Nov 15 22:11:40 GMT 2024","passed","Fri Nov 15 22:11:40 GMT 2024","","METTA-LANG","METTA-LANG",""
"","9000","hyperon-mettalog_sanity.space_intersection_tests","","Fri Nov 15 21:53:31 GMT 2024","passed","Fri Nov 15 21:53:40 GMT 2024","","WHOLE-TESTS","WHOLE-TESTS",""
"","78","MINIMAL-METTA-TESTS.19","","Fri Nov 15 22:01:48 GMT 2024","failed","Fri Nov 15 22:01:48 GMT 2024","","HYPERON-METTALOG-SANITY","HYPERON-METTALOG-SANITY",""
"","2","MINIMAL-METTA-TESTS.43","","Fri Nov 15 22:01:48 GMT 2024","passed","Fri Nov 15 22:01:48 GMT 2024","","HYPERON-METTALOG-SANITY","HYPERON-METTALOG-SANITY",""
"","4","WORKING-WITH-SPACES---METTA-LANGUAGE5.01","","Fri Nov 15 22:11:40 GMT 2024","passed","Fri Nov 15 22:11:40 GMT 2024","","METTA-LANG","METTA-LANG",""
"","1","CONTROL-FLOW---METTA-LANGUAGE16.04","","Fri Nov 15 22:11:40 GMT 2024","passed","Fri Nov 15 22:11:40 GMT 2024","","METTA-LANG","METTA-LANG",""
"","2","C2-SPACES.05","","Fri Nov 15 21:58:41 GMT 2024","passed","Fri Nov 15 21:58:41 GMT 2024","","HYPERON-EXPERIMENTAL-SCRIPTS","HYPERON-EXPERIMENTAL-SCRIPTS",""
"","134","MINIMAL-METTA-TESTS.25","","Fri Nov 15 22:01:48 GMT 2024","failed","Fri Nov 15 22:01:48 GMT 2024","","HYPERON-METTALOG-SANITY","HYPERON-METTALOG-SANITY",""
"","1","F1-MODULEA.07","","Fri Nov 15 21:58:41 GMT 2024","passed","Fri Nov 15 21:58:41 GMT 2024","","HYPERON-EXPERIMENTAL-SCRIPTS","HYPERON-EXPERIMENTAL-SCRIPTS",""
"","2","D2-HIGHERFUNC.23","","Fri Nov 15 21:58:41 GMT 2024","passed","Fri Nov 15 21:58:41 GMT 2024","","HYPERON-EXPERIMENTAL-SCRIPTS","HYPERON-EXPERIMENTAL-SCRIPTS",""
"","41000","anti-regression.debug_mettalogTestCurried","","Fri Nov 15 21:53:31 GMT 2024","failed","Fri Nov 15 21:54:12 GMT 2024","","WHOLE-TESTS","WHOLE-TESTS",""
"","2","HANDLING-NONDETERMINISTIC-RESULTS---METTA-LANGUAGE1.03","","Fri Nov 15 22:11:40 GMT 2024","passed","Fri Nov 15 22:11:40 GMT 2024","","METTA-LANG","METTA-LANG",""
"","7000","metta_lang.Controlling_pattern_matching___MeTTa_Language1","","Fri Nov 15 21:53:31 GMT 2024","passed","Fri Nov 15 21:53:38 GMT 2024","","WHOLE-TESTS","WHOLE-TESTS",""
"","2","CONTROL-FLOW---METTA-LANGUAGE16.03","","Fri Nov 15 22:11:40 GMT 2024","passed","Fri Nov 15 22:11:40 GMT 2024","","METTA-LANG","METTA-LANG",""
"","43","METATYPES---METTA-LANGUAGE1.06","","Fri Nov 15 22:11:40 GMT 2024","failed","Fri Nov 15 22:11:40 GMT 2024","","METTA-LANG","METTA-LANG",""
"","8000","metta_lang.Recursive_and_parametric_types___MeTTa_Language7","","Fri Nov 15 21:53:31 GMT 2024","passed","Fri Nov 15 21:53:39 GMT 2024","","WHOLE-TESTS","WHOLE-TESTS",""
"","3","HYPERPOSE.10","","Fri Nov 15 22:31:07 GMT 2024","passed","Fri Nov 15 22:31:07 GMT 2024","","METTA-MORPH-TESTS","METTA-MORPH-TESTS",""
"","2","FUNCTIONS-AND-UNIFICATION---METTA-LANGUAGE1.04","","Fri Nov 15 22:11:40 GMT 2024","passed","Fri Nov 15 22:11:40 GMT 2024","","METTA-LANG","METTA-LANG",""
"","7000","metta_lang.Working_with_spaces___MeTTa_Language9","","Fri Nov 15 21:53:31 GMT 2024","passed","Fri Nov 15 21:53:38 GMT 2024","","WHOLE-TESTS","WHOLE-TESTS",""
"","2","00-LANG-CASE.03","","Fri Nov 15 22:01:48 GMT 2024","passed","Fri Nov 15 22:01:48 GMT 2024","","HYPERON-METTALOG-SANITY","HYPERON-METTALOG-SANITY",""
"","3","WORKING-WITH-SPACES---METTA-LANGUAGE3.02","","Fri Nov 15 22:11:40 GMT 2024","passed","Fri Nov 15 22:11:40 GMT 2024","","METTA-LANG","METTA-LANG",""
"","11","METATYPES---METTA-LANGUAGE2.06","","Fri Nov 15 22:11:40 GMT 2024","failed","Fri Nov 15 22:11:40 GMT 2024","","METTA-LANG","METTA-LANG",""
"","13","D2-HIGHERFUNC.20","","Fri Nov 15 21:58:41 GMT 2024","passed","Fri Nov 15 21:58:41 GMT 2024","","HYPERON-EXPERIMENTAL-SCRIPTS","HYPERON-EXPERIMENTAL-SCRIPTS",""
"","4","CONSOLE-OUTPUT-AND-DEBUGGING---METTA-LANGUAGE3.01","","Fri Nov 15 22:11:40 GMT 2024","passed","Fri Nov 15 22:11:40 GMT 2024","","METTA-LANG","METTA-LANG",""
"","18","D4-TYPE-PROP.03","","Fri Nov 15 21:58:41 GMT 2024","passed","Fri Nov 15 21:58:41 GMT 2024","","HYPERON-EXPERIMENTAL-SCRIPTS","HYPERON-EXPERIMENTAL-SCRIPTS",""
"","2","MAX-TIME-TESTS.05","","Fri Nov 15 22:01:48 GMT 2024","passed","Fri Nov 15 22:01:48 GMT 2024","","HYPERON-METTALOG-SANITY","HYPERON-METTALOG-SANITY",""
"","2","PY-TYPES-2.02","","Fri Nov 15 22:01:48 GMT 2024","passed","Fri Nov 15 22:01:48 GMT 2024","","HYPERON-METTALOG-SANITY","HYPERON-METTALOG-SANITY",""
"","123","PY-TYPES.04","","Fri Nov 15 22:01:48 GMT 2024","passed","Fri Nov 15 22:01:48 GMT 2024","","HYPERON-METTALOG-SANITY","HYPERON-METTALOG-SANITY",""
"","1","F1-IMPORTS.12","","Fri Nov 15 21:53:23 GMT 2024","passed","Fri Nov 15 21:53:23 GMT 2024","","MODULE-SYSTEM","MODULE-SYSTEM",""
"","3","CONTROL-FLOW---METTA-LANGUAGE11.03","","Fri Nov 15 22:11:40 GMT 2024","passed","Fri Nov 15 22:11:40 GMT 2024","","METTA-LANG","METTA-LANG",""
"","2","D4-TYPE-PROP.06","","Fri Nov 15 22:34:53 GMT 2024","passed","Fri Nov 15 22:34:53 GMT 2024","","QUICK","QUICK",""
"","2","FACTORIAL.02","","Fri Nov 15 22:31:07 GMT 2024","passed","Fri Nov 15 22:31:07 GMT 2024","","METTA-MORPH-TESTS","METTA-MORPH-TESTS",""
"","4","TEST-IF-CLOSED.01","","Fri Nov 15 21:53:39 GMT 2024","passed","Fri Nov 15 21:53:39 GMT 2024","","ANTI-REGRESSION","ANTI-REGRESSION",""
"","9","MATCH-VOID.05","","Fri Nov 15 22:31:07 GMT 2024","passed","Fri Nov 15 22:31:07 GMT 2024","","METTA-MORPH-TESTS","METTA-MORPH-TESTS",""
"","3","F1-MODULEA.02","","Fri Nov 15 21:58:41 GMT 2024","passed","Fri Nov 15 21:58:41 GMT 2024","","HYPERON-EXPERIMENTAL-SCRIPTS","HYPERON-EXPERIMENTAL-SCRIPTS",""
"","3","WORKING-WITH-SPACES---METTA-LANGUAGE12.06","","Fri Nov 15 22:11:40 GMT 2024","passed","Fri Nov 15 22:11:40 GMT 2024","","METTA-LANG","METTA-LANG",""
"","7000","metta_lang.Working_with_spaces___MeTTa_Language8","","Fri Nov 15 21:53:31 GMT 2024","passed","Fri Nov 15 21:53:38 GMT 2024","","WHOLE-TESTS","WHOLE-TESTS",""
"","3","D1-GADT.10","","Fri Nov 15 22:34:53 GMT 2024","passed","Fri Nov 15 22:34:53 GMT 2024","","QUICK","QUICK",""
"","3","OPERATIONS-OVER-ATOMS---METTA-LANGUAGE7.01","","Fri Nov 15 22:11:40 GMT 2024","passed","Fri Nov 15 22:11:40 GMT 2024","","METTA-LANG","METTA-LANG",""
"","2","03-SORING-VIA-INSERT.02","","Fri Nov 15 22:01:48 GMT 2024","passed","Fri Nov 15 22:01:48 GMT 2024","","HYPERON-METTALOG-SANITY","HYPERON-METTALOG-SANITY",""
"","54","METATYPES---METTA-LANGUAGE2.04","","Fri Nov 15 22:11:40 GMT 2024","failed","Fri Nov 15 22:11:40 GMT 2024","","METTA-LANG","METTA-LANG",""
"","62","FUNCTIONAL-PROGRAMMING-TESTS.06","","Fri Nov 15 22:01:48 GMT 2024","failed","Fri Nov 15 22:01:48 GMT 2024","","HYPERON-METTALOG-SANITY","HYPERON-METTALOG-SANITY",""
"","2","F1-IMPORTS.18","","Fri Nov 15 21:58:41 GMT 2024","passed","Fri Nov 15 21:58:41 GMT 2024","","HYPERON-EXPERIMENTAL-SCRIPTS","HYPERON-EXPERIMENTAL-SCRIPTS",""
"","2","OPERATIONS-OVER-ATOMS---METTA-LANGUAGE1.05","","Fri Nov 15 22:11:40 GMT 2024","passed","Fri Nov 15 22:11:40 GMT 2024","","METTA-LANG","METTA-LANG",""
"","3","WORKING-WITH-SPACES---METTA-LANGUAGE10.01","","Fri Nov 15 22:11:40 GMT 2024","passed","Fri Nov 15 22:11:40 GMT 2024","","METTA-LANG","METTA-LANG",""
"","7000","metta_lang.Metatypes___MeTTa_Language8","","Fri Nov 15 21:53:31 GMT 2024","passed","Fri Nov 15 21:53:38 GMT 2024","","WHOLE-TESTS","WHOLE-TESTS",""
"","2","D4-TYPE-PROP.08","","Fri Nov 15 22:34:53 GMT 2024","passed","Fri Nov 15 22:34:53 GMT 2024","","QUICK","QUICK",""
"","3","STRING-TESTS.20","","Fri Nov 15 22:01:48 GMT 2024","passed","Fri Nov 15 22:01:48 GMT 2024","","HYPERON-METTALOG-SANITY","HYPERON-METTALOG-SANITY",""
"","2","SPACE-INTERSECTION-TESTS.18","","Fri Nov 15 22:01:48 GMT 2024","passed","Fri Nov 15 22:01:48 GMT 2024","","HYPERON-METTALOG-SANITY","HYPERON-METTALOG-SANITY",""
"","5","FREE-VARIABLES-AND-NONDETERMINISM-AGAIN-RECURSIVELY---METTA-LANGUAGE5.01","","Fri Nov 15 22:11:40 GMT 2024","passed","Fri Nov 15 22:11:40 GMT 2024","","METTA-LANG","METTA-LANG",""
"","1","D4-TYPE-PROP.05","","Fri Nov 15 22:34:53 GMT 2024","passed","Fri Nov 15 22:34:53 GMT 2024","","QUICK","QUICK",""
"","3","C1-GROUNDED-BASIC.06","","Fri Nov 15 22:34:53 GMT 2024","passed","Fri Nov 15 22:34:53 GMT 2024","","QUICK","QUICK",""
"","77","MINIMAL-METTA-TESTS.20","","Fri Nov 15 22:01:48 GMT 2024","failed","Fri Nov 15 22:01:48 GMT 2024","","HYPERON-METTALOG-SANITY","HYPERON-METTALOG-SANITY",""
"","8000","metta_lang.Control_flow___MeTTa_Language5","","Fri Nov 15 21:53:31 GMT 2024","passed","Fri Nov 15 21:53:39 GMT 2024","","WHOLE-TESTS","WHOLE-TESTS",""
"","4","METATYPES---METTA-LANGUAGE2.01","","Fri Nov 15 22:11:40 GMT 2024","passed","Fri Nov 15 22:11:40 GMT 2024","","METTA-LANG","METTA-LANG",""
"","16","CONCRETE-TYPES---METTA-LANGUAGE5.04","","Fri Nov 15 22:11:40 GMT 2024","failed","Fri Nov 15 22:11:40 GMT 2024","","METTA-LANG","METTA-LANG",""
"","2","D2-HIGHERFUNC.12","","Fri Nov 15 22:34:53 GMT 2024","passed","Fri Nov 15 22:34:53 GMT 2024","","QUICK","QUICK",""
"","1","CONTROLLING-PATTERN-MATCHING---METTA-LANGUAGE12.05","","Fri Nov 15 22:11:40 GMT 2024","passed","Fri Nov 15 22:11:40 GMT 2024","","METTA-LANG","METTA-LANG",""
"","2","CONTROL-FLOW---METTA-LANGUAGE16.07","","Fri Nov 15 22:11:40 GMT 2024","passed","Fri Nov 15 22:11:40 GMT 2024","","METTA-LANG","METTA-LANG",""
"","1","F1-IMPORTS.12","","Fri Nov 15 21:58:41 GMT 2024","passed","Fri Nov 15 21:58:41 GMT 2024","","HYPERON-EXPERIMENTAL-SCRIPTS","HYPERON-EXPERIMENTAL-SCRIPTS",""
"","9","CONTROLLING-PATTERN-MATCHING---METTA-LANGUAGE6.01","","Fri Nov 15 22:11:40 GMT 2024","failed","Fri Nov 15 22:11:40 GMT 2024","","METTA-LANG","METTA-LANG",""
"","3","METATYPES---METTA-LANGUAGE2.05","","Fri Nov 15 22:11:40 GMT 2024","passed","Fri Nov 15 22:11:40 GMT 2024","","METTA-LANG","METTA-LANG",""
"","14","D1-GADT.09","","Fri Nov 15 21:58:41 GMT 2024","passed","Fri Nov 15 21:58:41 GMT 2024","","HYPERON-EXPERIMENTAL-SCRIPTS","HYPERON-EXPERIMENTAL-SCRIPTS",""
"","2","F1-IMPORTS.09","","Fri Nov 15 21:53:23 GMT 2024","passed","Fri Nov 15 21:53:23 GMT 2024","","MODULE-SYSTEM","MODULE-SYSTEM",""
"","5","CATCH-THROW-TESTS.01","","Fri Nov 15 22:01:48 GMT 2024","passed","Fri Nov 15 22:01:48 GMT 2024","","HYPERON-METTALOG-SANITY","HYPERON-METTALOG-SANITY",""
"","3","WORKING-WITH-SPACES---METTA-LANGUAGE1.03","","Fri Nov 15 22:11:40 GMT 2024","passed","Fri Nov 15 22:11:40 GMT 2024","","METTA-LANG","METTA-LANG",""
"","1","WORKING-WITH-SPACES---METTA-LANGUAGE12.07","","Fri Nov 15 22:11:40 GMT 2024","passed","Fri Nov 15 22:11:40 GMT 2024","","METTA-LANG","METTA-LANG",""
"","3","STRING-TESTS.16","","Fri Nov 15 22:01:48 GMT 2024","passed","Fri Nov 15 22:01:48 GMT 2024","","HYPERON-METTALOG-SANITY","HYPERON-METTALOG-SANITY",""
"","4","BASIC-GROUNDED-FUNCTIONS---METTA-LANGUAGE2.01","","Fri Nov 15 22:11:40 GMT 2024","passed","Fri Nov 15 22:11:40 GMT 2024","","METTA-LANG","METTA-LANG",""
"","2","TEST-IF-CLOSED.09","","Fri Nov 15 21:53:39 GMT 2024","passed","Fri Nov 15 21:53:39 GMT 2024","","ANTI-REGRESSION","ANTI-REGRESSION",""
"","1","LIMIT-TESTS.10","","Fri Nov 15 22:01:48 GMT 2024","passed","Fri Nov 15 22:01:48 GMT 2024","","HYPERON-METTALOG-SANITY","HYPERON-METTALOG-SANITY",""
"","16","CONTROL-FLOW---METTA-LANGUAGE14.02","","Fri Nov 15 22:11:40 GMT 2024","failed","Fri Nov 15 22:11:40 GMT 2024","","METTA-LANG","METTA-LANG",""
"","2","EVAL-FOR-TESTS.03","","Fri Nov 15 22:01:48 GMT 2024","passed","Fri Nov 15 22:01:48 GMT 2024","","HYPERON-METTALOG-SANITY","HYPERON-METTALOG-SANITY",""
"","2","D2-HIGHERFUNC.24","","Fri Nov 15 22:34:53 GMT 2024","passed","Fri Nov 15 22:34:53 GMT 2024","","QUICK","QUICK",""
"","2","06-MATCH-IN-SPACE.02","","Fri Nov 15 22:01:48 GMT 2024","passed","Fri Nov 15 22:01:48 GMT 2024","","HYPERON-METTALOG-SANITY","HYPERON-METTALOG-SANITY",""
"","2","RECURSION-AND-CONTROL---METTA-LANGUAGE6.03","","Fri Nov 15 22:11:40 GMT 2024","passed","Fri Nov 15 22:11:40 GMT 2024","","METTA-LANG","METTA-LANG",""
"","2","D3-DEPTYPES.05","","Fri Nov 15 21:58:41 GMT 2024","passed","Fri Nov 15 21:58:41 GMT 2024","","HYPERON-EXPERIMENTAL-SCRIPTS","HYPERON-EXPERIMENTAL-SCRIPTS",""
"","1","HANDLING-NONDETERMINISTIC-RESULTS---METTA-LANGUAGE5.04","","Fri Nov 15 22:11:40 GMT 2024","passed","Fri Nov 15 22:11:40 GMT 2024","","METTA-LANG","METTA-LANG",""
"","2","STRING-TESTS.03","","Fri Nov 15 22:01:48 GMT 2024","passed","Fri Nov 15 22:01:48 GMT 2024","","HYPERON-METTALOG-SANITY","HYPERON-METTALOG-SANITY",""
"","2","B3-DIRECT.03","","Fri Nov 15 21:58:41 GMT 2024","passed","Fri Nov 15 21:58:41 GMT 2024","","HYPERON-EXPERIMENTAL-SCRIPTS","HYPERON-EXPERIMENTAL-SCRIPTS",""
"","3","A3-TWOSIDE.02","","Fri Nov 15 21:58:41 GMT 2024","passed","Fri Nov 15 21:58:41 GMT 2024","","HYPERON-EXPERIMENTAL-SCRIPTS","HYPERON-EXPERIMENTAL-SCRIPTS",""
"","8000","hyperon-mettalog_sanity.string-tests","","Fri Nov 15 21:53:31 GMT 2024","passed","Fri Nov 15 21:53:39 GMT 2024","","WHOLE-TESTS","WHOLE-TESTS",""
"","2","SPACE-INTERSECTION-TESTS.20","","Fri Nov 15 22:01:48 GMT 2024","passed","Fri Nov 15 22:01:48 GMT 2024","","HYPERON-METTALOG-SANITY","HYPERON-METTALOG-SANITY",""
"","7000","quick.d4_type_prop","","Fri Nov 15 21:53:31 GMT 2024","passed","Fri Nov 15 21:53:38 GMT 2024","","WHOLE-TESTS","WHOLE-TESTS",""
"","79","MINIMAL-METTA-TESTS.18","","Fri Nov 15 22:01:48 GMT 2024","failed","Fri Nov 15 22:01:48 GMT 2024","","HYPERON-METTALOG-SANITY","HYPERON-METTALOG-SANITY",""
"","1","F1-IMPORTS.10","","Fri Nov 15 21:58:41 GMT 2024","passed","Fri Nov 15 21:58:41 GMT 2024","","HYPERON-EXPERIMENTAL-SCRIPTS","HYPERON-EXPERIMENTAL-SCRIPTS",""
"","3","WORKING-WITH-SPACES---METTA-LANGUAGE1.02","","Fri Nov 15 22:11:40 GMT 2024","passed","Fri Nov 15 22:11:40 GMT 2024","","METTA-LANG","METTA-LANG",""
"","8000","metta_lang.Console_output_and_debugging___MeTTa_Language5","","Fri Nov 15 21:53:31 GMT 2024","passed","Fri Nov 15 21:53:39 GMT 2024","","WHOLE-TESTS","WHOLE-TESTS",""
"","3","CONTROLLING-PATTERN-MATCHING---METTA-LANGUAGE11.05","","Fri Nov 15 22:11:40 GMT 2024","passed","Fri Nov 15 22:11:40 GMT 2024","","METTA-LANG","METTA-LANG",""
"","5","WORKING-WITH-SPACES---METTA-LANGUAGE4.01","","Fri Nov 15 22:11:40 GMT 2024","passed","Fri Nov 15 22:11:40 GMT 2024","","METTA-LANG","METTA-LANG",""
"","3","RECURSIVE-AND-PARAMETRIC-TYPES---METTA-LANGUAGE6.01","","Fri Nov 15 22:11:40 GMT 2024","passed","Fri Nov 15 22:11:40 GMT 2024","","METTA-LANG","METTA-LANG",""
"","4","OPERATIONS-OVER-ATOMS---METTA-LANGUAGE1.01","","Fri Nov 15 22:11:40 GMT 2024","passed","Fri Nov 15 22:11:40 GMT 2024","","METTA-LANG","METTA-LANG",""
"","17","RECURSIVE-AND-PARAMETRIC-TYPES---METTA-LANGUAGE1.05","","Fri Nov 15 22:11:40 GMT 2024","failed","Fri Nov 15 22:11:40 GMT 2024","","METTA-LANG","METTA-LANG",""
"","3","STRING-TESTS.21","","Fri Nov 15 22:01:48 GMT 2024","passed","Fri Nov 15 22:01:48 GMT 2024","","HYPERON-METTALOG-SANITY","HYPERON-METTALOG-SANITY",""
"","110","INTERSECTION-TESTS.28","","Fri Nov 15 22:01:48 GMT 2024","failed","Fri Nov 15 22:01:48 GMT 2024","","HYPERON-METTALOG-SANITY","HYPERON-METTALOG-SANITY",""
"","8000","metta_lang.Basic_grounded_functions___MeTTa_Language3","","Fri Nov 15 21:53:31 GMT 2024","passed","Fri Nov 15 21:53:39 GMT 2024","","WHOLE-TESTS","WHOLE-TESTS",""
"","3","CONTROL-FLOW---METTA-LANGUAGE15.05","","Fri Nov 15 22:11:40 GMT 2024","passed","Fri Nov 15 22:11:40 GMT 2024","","METTA-LANG","METTA-LANG",""
"","3","D2-HIGHERFUNC.17","","Fri Nov 15 22:34:53 GMT 2024","passed","Fri Nov 15 22:34:53 GMT 2024","","QUICK","QUICK",""
"","1","SEQUENTIAL-NESTED.09","","Fri Nov 15 22:31:07 GMT 2024","passed","Fri Nov 15 22:31:07 GMT 2024","","METTA-MORPH-TESTS","METTA-MORPH-TESTS",""
"","1","LIMIT-TESTS.07","","Fri Nov 15 22:01:48 GMT 2024","passed","Fri Nov 15 22:01:48 GMT 2024","","HYPERON-METTALOG-SANITY","HYPERON-METTALOG-SANITY",""
"","8000","metta_lang.Concrete_types___MeTTa_Language4","","Fri Nov 15 21:53:31 GMT 2024","passed","Fri Nov 15 21:53:39 GMT 2024","","WHOLE-TESTS","WHOLE-TESTS",""
"","8000","metta_lang.Handling_nondeterministic_results___MeTTa_Language5","","Fri Nov 15 21:53:31 GMT 2024","passed","Fri Nov 15 21:53:39 GMT 2024","","WHOLE-TESTS","WHOLE-TESTS",""
"","3","CONCRETE-TYPES---METTA-LANGUAGE7.06","","Fri Nov 15 22:11:40 GMT 2024","passed","Fri Nov 15 22:11:40 GMT 2024","","METTA-LANG","METTA-LANG",""
"","3","REPRESENT-AND-PARSE-TESTS.02","","Fri Nov 15 22:01:48 GMT 2024","passed","Fri Nov 15 22:01:48 GMT 2024","","HYPERON-METTALOG-SANITY","HYPERON-METTALOG-SANITY",""
"","1","D4-TYPE-PROP.09","","Fri Nov 15 21:58:41 GMT 2024","passed","Fri Nov 15 21:58:41 GMT 2024","","HYPERON-EXPERIMENTAL-SCRIPTS","HYPERON-EXPERIMENTAL-SCRIPTS",""
"","2","B5-TYPES-PRELIM.10","","Fri Nov 15 21:58:41 GMT 2024","passed","Fri Nov 15 21:58:41 GMT 2024","","HYPERON-EXPERIMENTAL-SCRIPTS","HYPERON-EXPERIMENTAL-SCRIPTS",""
"","2","UNIQUE-TEST.04","","Fri Nov 15 22:01:48 GMT 2024","passed","Fri Nov 15 22:01:48 GMT 2024","","HYPERON-METTALOG-SANITY","HYPERON-METTALOG-SANITY",""
"","2","C1-GROUNDED-BASIC.20","","Fri Nov 15 22:34:53 GMT 2024","passed","Fri Nov 15 22:34:53 GMT 2024","","QUICK","QUICK",""
"","2","03-SORING-VIA-INSERT.03","","Fri Nov 15 22:01:48 GMT 2024","passed","Fri Nov 15 22:01:48 GMT 2024","","HYPERON-METTALOG-SANITY","HYPERON-METTALOG-SANITY",""
"","3","D1-GADT.03","","Fri Nov 15 22:34:53 GMT 2024","passed","Fri Nov 15 22:34:53 GMT 2024","","QUICK","QUICK",""
"","2","BASIC-EVALUATION---METTA-LANGUAGE2.02","","Fri Nov 15 22:11:40 GMT 2024","passed","Fri Nov 15 22:11:40 GMT 2024","","METTA-LANG","METTA-LANG",""
"","2","UNIQUE-TEST.09","","Fri Nov 15 22:01:48 GMT 2024","passed","Fri Nov 15 22:01:48 GMT 2024","","HYPERON-METTALOG-SANITY","HYPERON-METTALOG-SANITY",""
"","3","TMPMATCH1.01","","Fri Nov 15 21:53:39 GMT 2024","passed","Fri Nov 15 21:53:39 GMT 2024","","ANTI-REGRESSION","ANTI-REGRESSION",""
"","2","IF.01","","Fri Nov 15 22:31:07 GMT 2024","passed","Fri Nov 15 22:31:07 GMT 2024","","METTA-MORPH-TESTS","METTA-MORPH-TESTS",""
"","3","METATYPES---METTA-LANGUAGE2.08","","Fri Nov 15 22:11:40 GMT 2024","passed","Fri Nov 15 22:11:40 GMT 2024","","METTA-LANG","METTA-LANG",""
"","2","C1-GROUNDED-BASIC.12","","Fri Nov 15 22:34:53 GMT 2024","passed","Fri Nov 15 22:34:53 GMT 2024","","QUICK","QUICK",""
"","8000","hyperon-experimental_scripts.d1_gadt","","Fri Nov 15 21:53:31 GMT 2024","passed","Fri Nov 15 21:53:39 GMT 2024","","WHOLE-TESTS","WHOLE-TESTS",""
"","8000","metta-morph_tests.types2","","Fri Nov 15 21:53:31 GMT 2024","passed","Fri Nov 15 21:53:39 GMT 2024","","WHOLE-TESTS","WHOLE-TESTS",""
"","5","CONTROL-FLOW---METTA-LANGUAGE13.01","","Fri Nov 15 22:11:40 GMT 2024","passed","Fri Nov 15 22:11:40 GMT 2024","","METTA-LANG","METTA-LANG",""
"","5","OPERATIONS-OVER-ATOMS---METTA-LANGUAGE5.01","","Fri Nov 15 22:11:40 GMT 2024","passed","Fri Nov 15 22:11:40 GMT 2024","","METTA-LANG","METTA-LANG",""
"","2","HYPERPOSE-TESTS.02","","Fri Nov 15 22:01:48 GMT 2024","passed","Fri Nov 15 22:01:48 GMT 2024","","HYPERON-METTALOG-SANITY","HYPERON-METTALOG-SANITY",""
"","67","BASIC-EVALUATION---METTA-LANGUAGE13.01","","Fri Nov 15 22:11:40 GMT 2024","failed","Fri Nov 15 22:11:40 GMT 2024","","METTA-LANG","METTA-LANG",""
"","2","HANDLING-NONDETERMINISTIC-RESULTS---METTA-LANGUAGE8.02","","Fri Nov 15 22:11:40 GMT 2024","passed","Fri Nov 15 22:11:40 GMT 2024","","METTA-LANG","METTA-LANG",""
"","2","WORKING-WITH-SPACES---METTA-LANGUAGE12.02","","Fri Nov 15 22:11:40 GMT 2024","passed","Fri Nov 15 22:11:40 GMT 2024","","METTA-LANG","METTA-LANG",""
"","3","B5-TYPES-PRELIM.06","","Fri Nov 15 21:58:41 GMT 2024","passed","Fri Nov 15 21:58:41 GMT 2024","","HYPERON-EXPERIMENTAL-SCRIPTS","HYPERON-EXPERIMENTAL-SCRIPTS",""
"","3","BCHAIN.04","","Fri Nov 15 21:53:39 GMT 2024","passed","Fri Nov 15 21:53:39 GMT 2024","","ANTI-REGRESSION","ANTI-REGRESSION",""
"","43","CONTROLLING-PATTERN-MATCHING---METTA-LANGUAGE9.02","","Fri Nov 15 22:11:40 GMT 2024","failed","Fri Nov 15 22:11:40 GMT 2024","","METTA-LANG","METTA-LANG",""
"","2","XOR-TEST.11","","Fri Nov 15 22:01:48 GMT 2024","passed","Fri Nov 15 22:01:48 GMT 2024","","HYPERON-METTALOG-SANITY","HYPERON-METTALOG-SANITY",""
"","2","CONTROL-FLOW---METTA-LANGUAGE11.02","","Fri Nov 15 22:11:40 GMT 2024","passed","Fri Nov 15 22:11:40 GMT 2024","","METTA-LANG","METTA-LANG",""
"","8000","synth_buffer.synthesize","","Fri Nov 15 21:53:31 GMT 2024","passed","Fri Nov 15 21:53:39 GMT 2024","","WHOLE-TESTS","WHOLE-TESTS",""
"","8000","hyperon-experimental_scripts.a3_twoside","","Fri Nov 15 21:53:31 GMT 2024","passed","Fri Nov 15 21:53:39 GMT 2024","","WHOLE-TESTS","WHOLE-TESTS",""
"","3","RECURSIVE-AND-PARAMETRIC-TYPES---METTA-LANGUAGE9.01","","Fri Nov 15 22:11:40 GMT 2024","passed","Fri Nov 15 22:11:40 GMT 2024","","METTA-LANG","METTA-LANG",""
"","3","WORKING-WITH-SPACES---METTA-LANGUAGE1.09","","Fri Nov 15 22:11:40 GMT 2024","passed","Fri Nov 15 22:11:40 GMT 2024","","METTA-LANG","METTA-LANG",""
"","2","SPACE-SUBTRACTION-TESTS.03","","Fri Nov 15 22:01:48 GMT 2024","passed","Fri Nov 15 22:01:48 GMT 2024","","HYPERON-METTALOG-SANITY","HYPERON-METTALOG-SANITY",""
"","78","MINIMAL-METTA-TESTS.21","","Fri Nov 15 22:01:48 GMT 2024","failed","Fri Nov 15 22:01:48 GMT 2024","","HYPERON-METTALOG-SANITY","HYPERON-METTALOG-SANITY",""
"","121","MINIMAL-METTA-TESTS.33","","Fri Nov 15 22:01:48 GMT 2024","failed","Fri Nov 15 22:01:48 GMT 2024","","HYPERON-METTALOG-SANITY","HYPERON-METTALOG-SANITY",""
"","1","B5-TYPES-PRELIM.21","","Fri Nov 15 21:58:41 GMT 2024","passed","Fri Nov 15 21:58:41 GMT 2024","","HYPERON-EXPERIMENTAL-SCRIPTS","HYPERON-EXPERIMENTAL-SCRIPTS",""
"","2","CALL-TESTS.03","","Fri Nov 15 22:01:48 GMT 2024","passed","Fri Nov 15 22:01:48 GMT 2024","","HYPERON-METTALOG-SANITY","HYPERON-METTALOG-SANITY",""
"","3","MATCH-VOID.01","","Fri Nov 15 22:31:07 GMT 2024","passed","Fri Nov 15 22:31:07 GMT 2024","","METTA-MORPH-TESTS","METTA-MORPH-TESTS",""
"","2","D2-HIGHERFUNC.05","","Fri Nov 15 21:58:41 GMT 2024","passed","Fri Nov 15 21:58:41 GMT 2024","","HYPERON-EXPERIMENTAL-SCRIPTS","HYPERON-EXPERIMENTAL-SCRIPTS",""
"","7000","metta_lang.Metatypes___MeTTa_Language9","","Fri Nov 15 21:53:31 GMT 2024","passed","Fri Nov 15 21:53:38 GMT 2024","","WHOLE-TESTS","WHOLE-TESTS",""
"","8000","metta_lang.Concrete_types___MeTTa_Language8","","Fri Nov 15 21:53:31 GMT 2024","passed","Fri Nov 15 21:53:39 GMT 2024","","WHOLE-TESTS","WHOLE-TESTS",""
"","105","HANDLING-NONDETERMINISTIC-RESULTS---METTA-LANGUAGE3.01","","Fri Nov 15 22:11:40 GMT 2024","passed","Fri Nov 15 22:11:40 GMT 2024","","METTA-LANG","METTA-LANG",""
"","2","RECURSION-AND-CONTROL---METTA-LANGUAGE8.03","","Fri Nov 15 22:11:40 GMT 2024","passed","Fri Nov 15 22:11:40 GMT 2024","","METTA-LANG","METTA-LANG",""
"","50","WORKING-WITH-SPACES---METTA-LANGUAGE2.04","","Fri Nov 15 22:11:40 GMT 2024","failed","Fri Nov 15 22:11:40 GMT 2024","","METTA-LANG","METTA-LANG",""
"","61","OUTPUT-LOAD-TESTS.12","","Fri Nov 15 22:01:48 GMT 2024","failed","Fri Nov 15 22:01:48 GMT 2024","","HYPERON-METTALOG-SANITY","HYPERON-METTALOG-SANITY",""
"","5","SEALED-TEST.10","","Fri Nov 15 22:01:48 GMT 2024","passed","Fri Nov 15 22:01:48 GMT 2024","","HYPERON-METTALOG-SANITY","HYPERON-METTALOG-SANITY",""
"","2","INTERSECTION-TESTS.25","","Fri Nov 15 22:01:48 GMT 2024","passed","Fri Nov 15 22:01:48 GMT 2024","","HYPERON-METTALOG-SANITY","HYPERON-METTALOG-SANITY",""
"","4","CONTROL-FLOW---METTA-LANGUAGE9.01","","Fri Nov 15 22:11:40 GMT 2024","passed","Fri Nov 15 22:11:40 GMT 2024","","METTA-LANG","METTA-LANG",""
"","3","F1-MODULEA.07","","Fri Nov 15 22:34:53 GMT 2024","passed","Fri Nov 15 22:34:53 GMT 2024","","QUICK","QUICK",""
"","13","CONCRETE-TYPES---METTA-LANGUAGE7.03","","Fri Nov 15 22:11:40 GMT 2024","passed","Fri Nov 15 22:11:40 GMT 2024","","METTA-LANG","METTA-LANG",""
"","3","COMPILE-TESTS.01","","Fri Nov 15 22:01:48 GMT 2024","passed","Fri Nov 15 22:01:48 GMT 2024","","HYPERON-METTALOG-SANITY","HYPERON-METTALOG-SANITY",""
"","2","MINIMAL-METTA-TESTS.04","","Fri Nov 15 22:01:48 GMT 2024","passed","Fri Nov 15 22:01:48 GMT 2024","","HYPERON-METTALOG-SANITY","HYPERON-METTALOG-SANITY",""
"","8000","hyperon-mettalog_sanity.hyperpose_tests","","Fri Nov 15 21:53:31 GMT 2024","passed","Fri Nov 15 21:53:39 GMT 2024","","WHOLE-TESTS","WHOLE-TESTS",""
"","2","RECURSIVE-AND-PARAMETRIC-TYPES---METTA-LANGUAGE5.04","","Fri Nov 15 22:11:40 GMT 2024","passed","Fri Nov 15 22:11:40 GMT 2024","","METTA-LANG","METTA-LANG",""
"","8000","metta_lang.Controlling_pattern_matching___MeTTa_Language11","","Fri Nov 15 21:53:31 GMT 2024","passed","Fri Nov 15 21:53:39 GMT 2024","","WHOLE-TESTS","WHOLE-TESTS",""
"","2","D1-GADT.06","","Fri Nov 15 21:58:41 GMT 2024","passed","Fri Nov 15 21:58:41 GMT 2024","","HYPERON-EXPERIMENTAL-SCRIPTS","HYPERON-EXPERIMENTAL-SCRIPTS",""
"","15","D3-DEPTYPES.04","","Fri Nov 15 21:58:41 GMT 2024","passed","Fri Nov 15 21:58:41 GMT 2024","","HYPERON-EXPERIMENTAL-SCRIPTS","HYPERON-EXPERIMENTAL-SCRIPTS",""
"","30","G1-DOCS.05","","Fri Nov 15 21:58:41 GMT 2024","failed","Fri Nov 15 21:58:41 GMT 2024","","HYPERON-EXPERIMENTAL-SCRIPTS","HYPERON-EXPERIMENTAL-SCRIPTS",""
"","3","METATYPES---METTA-LANGUAGE8.03","","Fri Nov 15 22:11:40 GMT 2024","passed","Fri Nov 15 22:11:40 GMT 2024","","METTA-LANG","METTA-LANG",""
"","2","SPACE-INTERSECTION-TESTS.13","","Fri Nov 15 22:01:48 GMT 2024","passed","Fri Nov 15 22:01:48 GMT 2024","","HYPERON-METTALOG-SANITY","HYPERON-METTALOG-SANITY",""
"","3","WORKING-WITH-SPACES---METTA-LANGUAGE9.01","","Fri Nov 15 22:11:40 GMT 2024","passed","Fri Nov 15 22:11:40 GMT 2024","","METTA-LANG","METTA-LANG",""
"","2","STRING-TESTS.17","","Fri Nov 15 22:01:48 GMT 2024","passed","Fri Nov 15 22:01:48 GMT 2024","","HYPERON-METTALOG-SANITY","HYPERON-METTALOG-SANITY",""
"","2","INTERSECTION-TESTS.16","","Fri Nov 15 22:01:48 GMT 2024","passed","Fri Nov 15 22:01:48 GMT 2024","","HYPERON-METTALOG-SANITY","HYPERON-METTALOG-SANITY",""
"","3","ARITY-TESTS.01","","Fri Nov 15 22:01:48 GMT 2024","passed","Fri Nov 15 22:01:48 GMT 2024","","HYPERON-METTALOG-SANITY","HYPERON-METTALOG-SANITY",""
"","3","D2-HIGHERFUNC.25","","Fri Nov 15 22:34:53 GMT 2024","passed","Fri Nov 15 22:34:53 GMT 2024","","QUICK","QUICK",""
"","3","CONCRETE-TYPES---METTA-LANGUAGE12.01","","Fri Nov 15 22:11:40 GMT 2024","passed","Fri Nov 15 22:11:40 GMT 2024","","METTA-LANG","METTA-LANG",""
"","1","INTERSECTION-TESTS.17","","Fri Nov 15 22:01:48 GMT 2024","passed","Fri Nov 15 22:01:48 GMT 2024","","HYPERON-METTALOG-SANITY","HYPERON-METTALOG-SANITY",""
"","2","INTERSECTION-TESTS.08","","Fri Nov 15 22:01:48 GMT 2024","passed","Fri Nov 15 22:01:48 GMT 2024","","HYPERON-METTALOG-SANITY","HYPERON-METTALOG-SANITY",""
"","3","FIND-ALL-TESTS.06","","Fri Nov 15 22:01:48 GMT 2024","passed","Fri Nov 15 22:01:48 GMT 2024","","HYPERON-METTALOG-SANITY","HYPERON-METTALOG-SANITY",""
"","3","WORKING-WITH-SPACES---METTA-LANGUAGE7.01","","Fri Nov 15 22:11:40 GMT 2024","passed","Fri Nov 15 22:11:40 GMT 2024","","METTA-LANG","METTA-LANG",""
"","2","METTALOGTESTCURRIED2.04","","Fri Nov 15 21:53:39 GMT 2024","passed","Fri Nov 15 21:53:39 GMT 2024","","ANTI-REGRESSION","ANTI-REGRESSION",""
"","4","D1-GADT.01","","Fri Nov 15 22:34:53 GMT 2024","passed","Fri Nov 15 22:34:53 GMT 2024","","QUICK","QUICK",""
"","5","OR-TEST.01","","Fri Nov 15 22:01:48 GMT 2024","passed","Fri Nov 15 22:01:48 GMT 2024","","HYPERON-METTALOG-SANITY","HYPERON-METTALOG-SANITY",""
"","2","D2-HIGHERFUNC.11","","Fri Nov 15 21:58:41 GMT 2024","passed","Fri Nov 15 21:58:41 GMT 2024","","HYPERON-EXPERIMENTAL-SCRIPTS","HYPERON-EXPERIMENTAL-SCRIPTS",""
"","2","BASIC-EVALUATION---METTA-LANGUAGE15.06","","Fri Nov 15 22:11:40 GMT 2024","passed","Fri Nov 15 22:11:40 GMT 2024","","METTA-LANG","METTA-LANG",""
"","69","MINIMAL-METTA-TESTS.08","","Fri Nov 15 22:01:48 GMT 2024","failed","Fri Nov 15 22:01:48 GMT 2024","","HYPERON-METTALOG-SANITY","HYPERON-METTALOG-SANITY",""
"","8000","quick.f1_imports","","Fri Nov 15 21:53:31 GMT 2024","passed","Fri Nov 15 21:53:39 GMT 2024","","WHOLE-TESTS","WHOLE-TESTS",""
"","3","FREE-VARIABLES-AND-NONDETERMINISM-AGAIN,-RECURSIVELY---METTA-LANGUAGE1.01","","Fri Nov 15 22:11:40 GMT 2024","passed","Fri Nov 15 22:11:40 GMT 2024","","METTA-LANG","METTA-LANG",""
"","66","BCHAIN-COMP.01","","Fri Nov 15 21:53:39 GMT 2024","failed","Fri Nov 15 21:53:39 GMT 2024","","ANTI-REGRESSION","ANTI-REGRESSION",""
"","2","TESTS0.03","","Fri Nov 15 22:31:07 GMT 2024","passed","Fri Nov 15 22:31:07 GMT 2024","","METTA-MORPH-TESTS","METTA-MORPH-TESTS",""
"","4","C1-GROUNDED-BASIC.23","","Fri Nov 15 22:34:53 GMT 2024","passed","Fri Nov 15 22:34:53 GMT 2024","","QUICK","QUICK",""
"","2","RECURSION-AND-CONTROL---METTA-LANGUAGE7.02","","Fri Nov 15 22:11:40 GMT 2024","passed","Fri Nov 15 22:11:40 GMT 2024","","METTA-LANG","METTA-LANG",""
"","5","FUNCTIONS-AND-UNIFICATION---METTA-LANGUAGE7.01","","Fri Nov 15 22:11:40 GMT 2024","passed","Fri Nov 15 22:11:40 GMT 2024","","METTA-LANG","METTA-LANG",""
"","2","STRING-TESTS.04","","Fri Nov 15 22:01:48 GMT 2024","passed","Fri Nov 15 22:01:48 GMT 2024","","HYPERON-METTALOG-SANITY","HYPERON-METTALOG-SANITY",""
"","1","F1-IMPORTS.06","","Fri Nov 15 21:58:41 GMT 2024","passed","Fri Nov 15 21:58:41 GMT 2024","","HYPERON-EXPERIMENTAL-SCRIPTS","HYPERON-EXPERIMENTAL-SCRIPTS",""
"","6","FUNCTIONS-AND-UNIFICATION---METTA-LANGUAGE6.01","","Fri Nov 15 22:11:40 GMT 2024","passed","Fri Nov 15 22:11:40 GMT 2024","","METTA-LANG","METTA-LANG",""
"","97","SPACE-INTERSECTION-TESTS.10","","Fri Nov 15 22:01:48 GMT 2024","failed","Fri Nov 15 22:01:48 GMT 2024","","HYPERON-METTALOG-SANITY","HYPERON-METTALOG-SANITY",""
"","1","METTALOGTESTCURRIED2.03","","Fri Nov 15 21:53:39 GMT 2024","passed","Fri Nov 15 21:53:39 GMT 2024","","ANTI-REGRESSION","ANTI-REGRESSION",""
"","3","XOR-TEST.07","","Fri Nov 15 22:01:48 GMT 2024","passed","Fri Nov 15 22:01:48 GMT 2024","","HYPERON-METTALOG-SANITY","HYPERON-METTALOG-SANITY",""
"","15","CONTROLLING-PATTERN-MATCHING---METTA-LANGUAGE10.08","","Fri Nov 15 22:11:40 GMT 2024","passed","Fri Nov 15 22:11:40 GMT 2024","","METTA-LANG","METTA-LANG",""
"","8000","hyperon-experimental_scripts.f1_imports","","Fri Nov 15 21:53:31 GMT 2024","passed","Fri Nov 15 21:53:39 GMT 2024","","WHOLE-TESTS","WHOLE-TESTS",""
"","5","OR-TEST.07","","Fri Nov 15 22:01:48 GMT 2024","passed","Fri Nov 15 22:01:48 GMT 2024","","HYPERON-METTALOG-SANITY","HYPERON-METTALOG-SANITY",""
"","15","D4-TYPE-PROP.03","","Fri Nov 15 22:34:53 GMT 2024","passed","Fri Nov 15 22:34:53 GMT 2024","","QUICK","QUICK",""
"","3","LETLET.01","","Fri Nov 15 22:31:07 GMT 2024","passed","Fri Nov 15 22:31:07 GMT 2024","","METTA-MORPH-TESTS","METTA-MORPH-TESTS",""
"","4","SEALED-TEST.02","","Fri Nov 15 22:01:48 GMT 2024","passed","Fri Nov 15 22:01:48 GMT 2024","","HYPERON-METTALOG-SANITY","HYPERON-METTALOG-SANITY",""
"","5","SEQUENTIAL-TESTS.01","","Fri Nov 15 22:01:48 GMT 2024","passed","Fri Nov 15 22:01:48 GMT 2024","","HYPERON-METTALOG-SANITY","HYPERON-METTALOG-SANITY",""
"","63","EVAL-FOR-TESTS.15","","Fri Nov 15 22:01:48 GMT 2024","failed","Fri Nov 15 22:01:48 GMT 2024","","HYPERON-METTALOG-SANITY","HYPERON-METTALOG-SANITY",""
"","1","B1-EQUAL-CHAIN.02","","Fri Nov 15 21:58:41 GMT 2024","passed","Fri Nov 15 21:58:41 GMT 2024","","HYPERON-EXPERIMENTAL-SCRIPTS","HYPERON-EXPERIMENTAL-SCRIPTS",""
"","3","OR-TEST.17","","Fri Nov 15 22:01:48 GMT 2024","passed","Fri Nov 15 22:01:48 GMT 2024","","HYPERON-METTALOG-SANITY","HYPERON-METTALOG-SANITY",""
"","3","TMPMATCH2.03","","Fri Nov 15 21:53:39 GMT 2024","passed","Fri Nov 15 21:53:39 GMT 2024","","ANTI-REGRESSION","ANTI-REGRESSION",""
"","2","CONCRETE-TYPES---METTA-LANGUAGE8.02","","Fri Nov 15 22:11:40 GMT 2024","passed","Fri Nov 15 22:11:40 GMT 2024","","METTA-LANG","METTA-LANG",""
"","8000","metta_lang.Concrete_types___MeTTa_Language5","","Fri Nov 15 21:53:31 GMT 2024","passed","Fri Nov 15 21:53:39 GMT 2024","","WHOLE-TESTS","WHOLE-TESTS",""
"","3","BASIC-EVALUATION---METTA-LANGUAGE12.01","","Fri Nov 15 22:11:40 GMT 2024","passed","Fri Nov 15 22:11:40 GMT 2024","","METTA-LANG","METTA-LANG",""
"","7000","metta-morph_tests.and_or","","Fri Nov 15 21:53:31 GMT 2024","passed","Fri Nov 15 21:53:38 GMT 2024","","WHOLE-TESTS","WHOLE-TESTS",""
"","1","D4-TYPE-PROP.18","","Fri Nov 15 22:34:53 GMT 2024","passed","Fri Nov 15 22:34:53 GMT 2024","","QUICK","QUICK",""
"","3","ARITY-TESTS.03","","Fri Nov 15 22:01:48 GMT 2024","passed","Fri Nov 15 22:01:48 GMT 2024","","HYPERON-METTALOG-SANITY","HYPERON-METTALOG-SANITY",""
"","92","F1-IMPORTS.13","","Fri Nov 15 21:53:23 GMT 2024","passed","Fri Nov 15 21:53:23 GMT 2024","","MODULE-SYSTEM","MODULE-SYSTEM",""
"","59","EVAL-FOR-TESTS.05","","Fri Nov 15 22:01:48 GMT 2024","failed","Fri Nov 15 22:01:48 GMT 2024","","HYPERON-METTALOG-SANITY","HYPERON-METTALOG-SANITY",""
"","2","D4-TYPE-PROP.17","","Fri Nov 15 22:34:53 GMT 2024","passed","Fri Nov 15 22:34:53 GMT 2024","","QUICK","QUICK",""
"","2","BASIC-GROUNDED-FUNCTIONS---METTA-LANGUAGE7.02","","Fri Nov 15 22:11:40 GMT 2024","passed","Fri Nov 15 22:11:40 GMT 2024","","METTA-LANG","METTA-LANG",""
"","8000","hyperon-mettalog_sanity.or_test","","Fri Nov 15 21:53:31 GMT 2024","passed","Fri Nov 15 21:53:39 GMT 2024","","WHOLE-TESTS","WHOLE-TESTS",""
"","4","SPACE-INTERSECTION-TESTS.01","","Fri Nov 15 22:01:48 GMT 2024","passed","Fri Nov 15 22:01:48 GMT 2024","","HYPERON-METTALOG-SANITY","HYPERON-METTALOG-SANITY",""
"","6","SEALED-TEST.08","","Fri Nov 15 22:01:48 GMT 2024","passed","Fri Nov 15 22:01:48 GMT 2024","","HYPERON-METTALOG-SANITY","HYPERON-METTALOG-SANITY",""
"","4","CONTROLLING-PATTERN-MATCHING---METTA-LANGUAGE9.01","","Fri Nov 15 22:11:40 GMT 2024","passed","Fri Nov 15 22:11:40 GMT 2024","","METTA-LANG","METTA-LANG",""
"","2","METTALOGTESTCURRIED2.05","","Fri Nov 15 21:53:39 GMT 2024","passed","Fri Nov 15 21:53:39 GMT 2024","","ANTI-REGRESSION","ANTI-REGRESSION",""
"","7000","metta_lang.Operations_over_atoms___MeTTa_Language5","","Fri Nov 15 21:53:31 GMT 2024","passed","Fri Nov 15 21:53:38 GMT 2024","","WHOLE-TESTS","WHOLE-TESTS",""
"","3","BASIC-EVALUATION---METTA-LANGUAGE9.01","","Fri Nov 15 22:11:40 GMT 2024","passed","Fri Nov 15 22:11:40 GMT 2024","","METTA-LANG","METTA-LANG",""
"","4","B5-TYPES-PRELIM.01","","Fri Nov 15 21:58:41 GMT 2024","passed","Fri Nov 15 21:58:41 GMT 2024","","HYPERON-EXPERIMENTAL-SCRIPTS","HYPERON-EXPERIMENTAL-SCRIPTS",""
"","314","QUERYING-SPACE-CONTENT---METTA-LANGUAGE5.04","","Fri Nov 15 22:11:40 GMT 2024","failed","Fri Nov 15 22:11:40 GMT 2024","","METTA-LANG","METTA-LANG",""
"","60","E2-STATES.08","","Fri Nov 15 21:58:41 GMT 2024","failed","Fri Nov 15 21:58:41 GMT 2024","","HYPERON-EXPERIMENTAL-SCRIPTS","HYPERON-EXPERIMENTAL-SCRIPTS",""
"","2","RECURSION-AND-CONTROL---METTA-LANGUAGE2.03","","Fri Nov 15 22:11:40 GMT 2024","passed","Fri Nov 15 22:11:40 GMT 2024","","METTA-LANG","METTA-LANG",""
"","9","CONCRETE-TYPES---METTA-LANGUAGE9.02","","Fri Nov 15 22:11:40 GMT 2024","failed","Fri Nov 15 22:11:40 GMT 2024","","METTA-LANG","METTA-LANG",""
"","53","METATYPES---METTA-LANGUAGE7.04","","Fri Nov 15 22:11:40 GMT 2024","failed","Fri Nov 15 22:11:40 GMT 2024","","METTA-LANG","METTA-LANG",""
"","1","CALL-TESTS.08","","Fri Nov 15 22:01:48 GMT 2024","passed","Fri Nov 15 22:01:48 GMT 2024","","HYPERON-METTALOG-SANITY","HYPERON-METTALOG-SANITY",""
"","2","D2-HIGHERFUNC.12","","Fri Nov 15 21:58:41 GMT 2024","passed","Fri Nov 15 21:58:41 GMT 2024","","HYPERON-EXPERIMENTAL-SCRIPTS","HYPERON-EXPERIMENTAL-SCRIPTS",""
"","107","WORKING-WITH-SPACES---METTA-LANGUAGE8.02","","Fri Nov 15 22:11:40 GMT 2024","failed","Fri Nov 15 22:11:40 GMT 2024","","METTA-LANG","METTA-LANG",""
"","49","D5-AUTO-TYPES.03","","Fri Nov 15 21:58:41 GMT 2024","failed","Fri Nov 15 21:58:41 GMT 2024","","HYPERON-EXPERIMENTAL-SCRIPTS","HYPERON-EXPERIMENTAL-SCRIPTS",""
"","2","COMPILE-TESTS.02","","Fri Nov 15 22:01:48 GMT 2024","passed","Fri Nov 15 22:01:48 GMT 2024","","HYPERON-METTALOG-SANITY","HYPERON-METTALOG-SANITY",""
"","1","SUBTRACTION-TEST.06","","Fri Nov 15 22:01:48 GMT 2024","passed","Fri Nov 15 22:01:48 GMT 2024","","HYPERON-METTALOG-SANITY","HYPERON-METTALOG-SANITY",""
"","3","SEQUENTIAL-TESTS.02","","Fri Nov 15 22:01:48 GMT 2024","passed","Fri Nov 15 22:01:48 GMT 2024","","HYPERON-METTALOG-SANITY","HYPERON-METTALOG-SANITY",""
"","9","D2-HIGHERFUNC.20","","Fri Nov 15 22:34:53 GMT 2024","passed","Fri Nov 15 22:34:53 GMT 2024","","QUICK","QUICK",""
"","2","D1-GADT.03","","Fri Nov 15 21:58:41 GMT 2024","passed","Fri Nov 15 21:58:41 GMT 2024","","HYPERON-EXPERIMENTAL-SCRIPTS","HYPERON-EXPERIMENTAL-SCRIPTS",""
"","18","CONCRETE-TYPES---METTA-LANGUAGE6.02","","Fri Nov 15 22:11:40 GMT 2024","failed","Fri Nov 15 22:11:40 GMT 2024","","METTA-LANG","METTA-LANG",""
"","8000","metta_lang.Functions_and_unification___MeTTa_Language3","","Fri Nov 15 21:53:31 GMT 2024","passed","Fri Nov 15 21:53:39 GMT 2024","","WHOLE-TESTS","WHOLE-TESTS",""
"","2","FUNCTIONS-AND-UNIFICATION---METTA-LANGUAGE2.02","","Fri Nov 15 22:11:40 GMT 2024","passed","Fri Nov 15 22:11:40 GMT 2024","","METTA-LANG","METTA-LANG",""
"","46000","hyperon-mettalog_sanity.py_types","","Fri Nov 15 21:53:31 GMT 2024","failed","Fri Nov 15 21:54:17 GMT 2024","","WHOLE-TESTS","WHOLE-TESTS",""
"","4","CONCRETE-TYPES---METTA-LANGUAGE5.01","","Fri Nov 15 22:11:40 GMT 2024","passed","Fri Nov 15 22:11:40 GMT 2024","","METTA-LANG","METTA-LANG",""
"","97","B5-TYPES-PRELIM.11","","Fri Nov 15 21:58:41 GMT 2024","failed","Fri Nov 15 21:58:41 GMT 2024","","HYPERON-EXPERIMENTAL-SCRIPTS","HYPERON-EXPERIMENTAL-SCRIPTS",""
"","3","06-MATCH-IN-SPACE.06","","Fri Nov 15 22:01:48 GMT 2024","passed","Fri Nov 15 22:01:48 GMT 2024","","HYPERON-METTALOG-SANITY","HYPERON-METTALOG-SANITY",""
"","9000","hyperon-experimental_scripts.g1_docs","","Fri Nov 15 21:53:31 GMT 2024","passed","Fri Nov 15 21:53:40 GMT 2024","","WHOLE-TESTS","WHOLE-TESTS",""
"","2","HYPERPOSE.07","","Fri Nov 15 22:31:07 GMT 2024","passed","Fri Nov 15 22:31:07 GMT 2024","","METTA-MORPH-TESTS","METTA-MORPH-TESTS",""
"","1","B5-TYPES-PRELIM.05","","Fri Nov 15 21:58:41 GMT 2024","passed","Fri Nov 15 21:58:41 GMT 2024","","HYPERON-EXPERIMENTAL-SCRIPTS","HYPERON-EXPERIMENTAL-SCRIPTS",""
"","3","XOR-TEST.04","","Fri Nov 15 22:01:48 GMT 2024","passed","Fri Nov 15 22:01:48 GMT 2024","","HYPERON-METTALOG-SANITY","HYPERON-METTALOG-SANITY",""
"","1","HANDLING-NONDETERMINISTIC-RESULTS---METTA-LANGUAGE1.02","","Fri Nov 15 22:11:40 GMT 2024","passed","Fri Nov 15 22:11:40 GMT 2024","","METTA-LANG","METTA-LANG",""
"","105","MINIMAL-METTA-TESTS.24","","Fri Nov 15 22:01:48 GMT 2024","failed","Fri Nov 15 22:01:48 GMT 2024","","HYPERON-METTALOG-SANITY","HYPERON-METTALOG-SANITY",""
"","3","INTERSECTION-TESTS.11","","Fri Nov 15 22:01:48 GMT 2024","passed","Fri Nov 15 22:01:48 GMT 2024","","HYPERON-METTALOG-SANITY","HYPERON-METTALOG-SANITY",""
"","8000","metta_lang.Recursion_and_control___MeTTa_Language2","","Fri Nov 15 21:53:31 GMT 2024","passed","Fri Nov 15 21:53:39 GMT 2024","","WHOLE-TESTS","WHOLE-TESTS",""
"","94","MINIMAL-METTA-TESTS.16","","Fri Nov 15 22:01:48 GMT 2024","failed","Fri Nov 15 22:01:48 GMT 2024","","HYPERON-METTALOG-SANITY","HYPERON-METTALOG-SANITY",""
"","3","RECURSION-AND-CONTROL---METTA-LANGUAGE2.05","","Fri Nov 15 22:11:40 GMT 2024","passed","Fri Nov 15 22:11:40 GMT 2024","","METTA-LANG","METTA-LANG",""
"","2","HANDLING-NONDETERMINISTIC-RESULTS---METTA-LANGUAGE5.03","","Fri Nov 15 22:11:40 GMT 2024","passed","Fri Nov 15 22:11:40 GMT 2024","","METTA-LANG","METTA-LANG",""
"","3","RECURSION-AND-CONTROL---METTA-LANGUAGE9.04","","Fri Nov 15 22:11:40 GMT 2024","passed","Fri Nov 15 22:11:40 GMT 2024","","METTA-LANG","METTA-LANG",""
"","4","CONSOLE-OUTPUT-AND-DEBUGGING---METTA-LANGUAGE10.01","","Fri Nov 15 22:11:40 GMT 2024","passed","Fri Nov 15 22:11:40 GMT 2024","","METTA-LANG","METTA-LANG",""
"","2","LIMIT-TESTS.13","","Fri Nov 15 22:01:48 GMT 2024","passed","Fri Nov 15 22:01:48 GMT 2024","","HYPERON-METTALOG-SANITY","HYPERON-METTALOG-SANITY",""
"","3","CALL-TESTS.04","","Fri Nov 15 22:01:48 GMT 2024","passed","Fri Nov 15 22:01:48 GMT 2024","","HYPERON-METTALOG-SANITY","HYPERON-METTALOG-SANITY",""
"","5","F1-IMPORTS.02","","Fri Nov 15 21:58:41 GMT 2024","passed","Fri Nov 15 21:58:41 GMT 2024","","HYPERON-EXPERIMENTAL-SCRIPTS","HYPERON-EXPERIMENTAL-SCRIPTS",""
"","34","B5-TYPES-PRELIM.15","","Fri Nov 15 21:58:41 GMT 2024","failed","Fri Nov 15 21:58:41 GMT 2024","","HYPERON-EXPERIMENTAL-SCRIPTS","HYPERON-EXPERIMENTAL-SCRIPTS",""
"","2","C1-GROUNDED-BASIC.07","","Fri Nov 15 22:34:53 GMT 2024","passed","Fri Nov 15 22:34:53 GMT 2024","","QUICK","QUICK",""
"","4","F1-IMPORTS.14","","Fri Nov 15 22:34:53 GMT 2024","passed","Fri Nov 15 22:34:53 GMT 2024","","QUICK","QUICK",""
"","7000","metta_lang.Controlling_pattern_matching___MeTTa_Language3","","Fri Nov 15 21:53:31 GMT 2024","passed","Fri Nov 15 21:53:38 GMT 2024","","WHOLE-TESTS","WHOLE-TESTS",""
"","2","C1-GROUNDED-BASIC.13","","Fri Nov 15 21:58:41 GMT 2024","passed","Fri Nov 15 21:58:41 GMT 2024","","HYPERON-EXPERIMENTAL-SCRIPTS","HYPERON-EXPERIMENTAL-SCRIPTS",""
"","3","CONTROLLING-PATTERN-MATCHING---METTA-LANGUAGE10.03","","Fri Nov 15 22:11:40 GMT 2024","passed","Fri Nov 15 22:11:40 GMT 2024","","METTA-LANG","METTA-LANG",""
"","7000","hyperon-mettalog_sanity.06_match_in_space","","Fri Nov 15 21:53:31 GMT 2024","passed","Fri Nov 15 21:53:38 GMT 2024","","WHOLE-TESTS","WHOLE-TESTS",""
"","2","CONTROL-FLOW---METTA-LANGUAGE15.02","","Fri Nov 15 22:11:40 GMT 2024","passed","Fri Nov 15 22:11:40 GMT 2024","","METTA-LANG","METTA-LANG",""
"","2","STRING-TESTS.14","","Fri Nov 15 22:01:48 GMT 2024","passed","Fri Nov 15 22:01:48 GMT 2024","","HYPERON-METTALOG-SANITY","HYPERON-METTALOG-SANITY",""
"","3","ZEROARGS.01","","Fri Nov 15 22:31:07 GMT 2024","passed","Fri Nov 15 22:31:07 GMT 2024","","METTA-MORPH-TESTS","METTA-MORPH-TESTS",""
"","80","WHAT-EVALS-OR-NOT.07","","Fri Nov 15 22:01:48 GMT 2024","failed","Fri Nov 15 22:01:48 GMT 2024","","HYPERON-METTALOG-SANITY","HYPERON-METTALOG-SANITY",""
"","5","ADD-ATOM-MATCH.01","","Fri Nov 15 22:31:07 GMT 2024","passed","Fri Nov 15 22:31:07 GMT 2024","","METTA-MORPH-TESTS","METTA-MORPH-TESTS",""
"","144","WORKING-WITH-SPACES---METTA-LANGUAGE10.03","","Fri Nov 15 22:11:40 GMT 2024","failed","Fri Nov 15 22:11:40 GMT 2024","","METTA-LANG","METTA-LANG",""
"","3","CONTROL-FLOW---METTA-LANGUAGE16.08","","Fri Nov 15 22:11:40 GMT 2024","passed","Fri Nov 15 22:11:40 GMT 2024","","METTA-LANG","METTA-LANG",""
"","1","C1-GROUNDED-BASIC.21","","Fri Nov 15 22:34:53 GMT 2024","passed","Fri Nov 15 22:34:53 GMT 2024","","QUICK","QUICK",""
"","3","FIND-ALL-TESTS.03","","Fri Nov 15 22:01:48 GMT 2024","passed","Fri Nov 15 22:01:48 GMT 2024","","HYPERON-METTALOG-SANITY","HYPERON-METTALOG-SANITY",""
"","2","C3-PLN-STV.05","","Fri Nov 15 21:58:41 GMT 2024","passed","Fri Nov 15 21:58:41 GMT 2024","","HYPERON-EXPERIMENTAL-SCRIPTS","HYPERON-EXPERIMENTAL-SCRIPTS",""
"","2","B5-TYPES-PRELIM.13","","Fri Nov 15 21:58:41 GMT 2024","passed","Fri Nov 15 21:58:41 GMT 2024","","HYPERON-EXPERIMENTAL-SCRIPTS","HYPERON-EXPERIMENTAL-SCRIPTS",""
"","3","EVAL-FOR-TESTS.10","","Fri Nov 15 22:01:48 GMT 2024","passed","Fri Nov 15 22:01:48 GMT 2024","","HYPERON-METTALOG-SANITY","HYPERON-METTALOG-SANITY",""
"","2","B5-TYPES-PRELIM.26","","Fri Nov 15 21:58:41 GMT 2024","passed","Fri Nov 15 21:58:41 GMT 2024","","HYPERON-EXPERIMENTAL-SCRIPTS","HYPERON-EXPERIMENTAL-SCRIPTS",""
"","8000","quick.d1_gadt","","Fri Nov 15 21:53:31 GMT 2024","passed","Fri Nov 15 21:53:39 GMT 2024","","WHOLE-TESTS","WHOLE-TESTS",""
"","8000","metta_lang.Basic_evaluation___MeTTa_Language13","","Fri Nov 15 21:53:31 GMT 2024","passed","Fri Nov 15 21:53:39 GMT 2024","","WHOLE-TESTS","WHOLE-TESTS",""
"","2","00-LANG-CASE.02","","Fri Nov 15 22:01:48 GMT 2024","passed","Fri Nov 15 22:01:48 GMT 2024","","HYPERON-METTALOG-SANITY","HYPERON-METTALOG-SANITY",""
"","5","F1-IMPORTS.01","","Fri Nov 15 21:53:23 GMT 2024","passed","Fri Nov 15 21:53:23 GMT 2024","","MODULE-SYSTEM","MODULE-SYSTEM",""
"","8000","metta-morph_tests.supercollapse","","Fri Nov 15 21:53:31 GMT 2024","passed","Fri Nov 15 21:53:39 GMT 2024","","WHOLE-TESTS","WHOLE-TESTS",""
"","3","B1-EQUAL-CHAIN.05","","Fri Nov 15 21:58:41 GMT 2024","passed","Fri Nov 15 21:58:41 GMT 2024","","HYPERON-EXPERIMENTAL-SCRIPTS","HYPERON-EXPERIMENTAL-SCRIPTS",""
"","1","SPACE-INTERSECTION-TESTS.02","","Fri Nov 15 22:01:48 GMT 2024","passed","Fri Nov 15 22:01:48 GMT 2024","","HYPERON-METTALOG-SANITY","HYPERON-METTALOG-SANITY",""
"","9","E3-MATCH-STATES.06","","Fri Nov 15 21:58:41 GMT 2024","failed","Fri Nov 15 21:58:41 GMT 2024","","HYPERON-EXPERIMENTAL-SCRIPTS","HYPERON-EXPERIMENTAL-SCRIPTS",""
"","2","CONTROLLING-PATTERN-MATCHING---METTA-LANGUAGE12.16","","Fri Nov 15 22:11:40 GMT 2024","passed","Fri Nov 15 22:11:40 GMT 2024","","METTA-LANG","METTA-LANG",""
"","2","RECURSIVE-AND-PARAMETRIC-TYPES---METTA-LANGUAGE3.03","","Fri Nov 15 22:11:40 GMT 2024","passed","Fri Nov 15 22:11:40 GMT 2024","","METTA-LANG","METTA-LANG",""
"","1","BASIC-GROUNDED-FUNCTIONS---METTA-LANGUAGE8.03","","Fri Nov 15 22:11:40 GMT 2024","passed","Fri Nov 15 22:11:40 GMT 2024","","METTA-LANG","METTA-LANG",""
"","2","SPACE-INTERSECTION-TESTS.14","","Fri Nov 15 22:01:48 GMT 2024","passed","Fri Nov 15 22:01:48 GMT 2024","","HYPERON-METTALOG-SANITY","HYPERON-METTALOG-SANITY",""
"","2","PRINT-GRAPH.02","","Fri Nov 15 21:56:39 GMT 2024","passed","Fri Nov 15 21:56:39 GMT 2024","","METTA-WAM-ISSUE-145","METTA-WAM-ISSUE-145",""
"","5","HANDLING-NONDETERMINISTIC-RESULTS---METTA-LANGUAGE7.01","","Fri Nov 15 22:11:40 GMT 2024","passed","Fri Nov 15 22:11:40 GMT 2024","","METTA-LANG","METTA-LANG",""
"","2","HANDLING-NONDETERMINISTIC-RESULTS---METTA-LANGUAGE1.04","","Fri Nov 15 22:11:40 GMT 2024","passed","Fri Nov 15 22:11:40 GMT 2024","","METTA-LANG","METTA-LANG",""
"","165","SPACE-SUBTRACTION-TESTS.08","","Fri Nov 15 22:01:48 GMT 2024","passed","Fri Nov 15 22:01:48 GMT 2024","","HYPERON-METTALOG-SANITY","HYPERON-METTALOG-SANITY",""
"","7000","metta_lang.Metatypes___MeTTa_Language7","","Fri Nov 15 21:53:31 GMT 2024","passed","Fri Nov 15 21:53:38 GMT 2024","","WHOLE-TESTS","WHOLE-TESTS",""
"","1","00-LANG-CASE.04","","Fri Nov 15 22:01:48 GMT 2024","passed","Fri Nov 15 22:01:48 GMT 2024","","HYPERON-METTALOG-SANITY","HYPERON-METTALOG-SANITY",""
"","2","FIND-ALL-TESTS.05","","Fri Nov 15 22:01:48 GMT 2024","passed","Fri Nov 15 22:01:48 GMT 2024","","HYPERON-METTALOG-SANITY","HYPERON-METTALOG-SANITY",""
"","2","D2-HIGHERFUNC.04","","Fri Nov 15 22:34:53 GMT 2024","passed","Fri Nov 15 22:34:53 GMT 2024","","QUICK","QUICK",""
"","576","TMPMATCH2.05","","Fri Nov 15 21:53:39 GMT 2024","passed","Fri Nov 15 21:53:39 GMT 2024","","ANTI-REGRESSION","ANTI-REGRESSION",""
"","2","SEQUENTIAL-NESTED.03","","Fri Nov 15 22:31:07 GMT 2024","passed","Fri Nov 15 22:31:07 GMT 2024","","METTA-MORPH-TESTS","METTA-MORPH-TESTS",""
"","2","NESTED-QUERIES-AND-RECURSIVE-GRAPH-TRAVERSAL---METTA-LANGUAGE2.02","","Fri Nov 15 22:11:40 GMT 2024","passed","Fri Nov 15 22:11:40 GMT 2024","","METTA-LANG","METTA-LANG",""
"","2","WORKING-WITH-SPACES---METTA-LANGUAGE9.04","","Fri Nov 15 22:11:40 GMT 2024","passed","Fri Nov 15 22:11:40 GMT 2024","","METTA-LANG","METTA-LANG",""
"","2","BASIC-EVALUATION---METTA-LANGUAGE14.03","","Fri Nov 15 22:11:40 GMT 2024","passed","Fri Nov 15 22:11:40 GMT 2024","","METTA-LANG","METTA-LANG",""
"","5","WORKING-WITH-SPACES---METTA-LANGUAGE1.01","","Fri Nov 15 22:11:40 GMT 2024","passed","Fri Nov 15 22:11:40 GMT 2024","","METTA-LANG","METTA-LANG",""
"","1","D2-HIGHERFUNC.10","","Fri Nov 15 21:58:41 GMT 2024","passed","Fri Nov 15 21:58:41 GMT 2024","","HYPERON-EXPERIMENTAL-SCRIPTS","HYPERON-EXPERIMENTAL-SCRIPTS",""
"","2","F1-MODULEA.06","","Fri Nov 15 21:53:23 GMT 2024","passed","Fri Nov 15 21:53:23 GMT 2024","","MODULE-SYSTEM","MODULE-SYSTEM",""
"","2","INTERSECTION-TESTS.12","","Fri Nov 15 22:01:48 GMT 2024","passed","Fri Nov 15 22:01:48 GMT 2024","","HYPERON-METTALOG-SANITY","HYPERON-METTALOG-SANITY",""
"","51","MINIMAL-METTA-TESTS.09","","Fri Nov 15 22:01:48 GMT 2024","passed","Fri Nov 15 22:01:48 GMT 2024","","HYPERON-METTALOG-SANITY","HYPERON-METTALOG-SANITY",""
"","25","WORKING-WITH-SPACES---METTA-LANGUAGE16.02","","Fri Nov 15 22:11:40 GMT 2024","failed","Fri Nov 15 22:11:40 GMT 2024","","METTA-LANG","METTA-LANG",""
"","2","D2-HIGHERFUNC.15","","Fri Nov 15 21:58:41 GMT 2024","passed","Fri Nov 15 21:58:41 GMT 2024","","HYPERON-EXPERIMENTAL-SCRIPTS","HYPERON-EXPERIMENTAL-SCRIPTS",""
"","8000","metta_lang.Querying_space_content___MeTTa_Language2","","Fri Nov 15 21:53:31 GMT 2024","passed","Fri Nov 15 21:53:39 GMT 2024","","WHOLE-TESTS","WHOLE-TESTS",""
"","1","CONTROLLING-PATTERN-MATCHING---METTA-LANGUAGE12.04","","Fri Nov 15 22:11:40 GMT 2024","passed","Fri Nov 15 22:11:40 GMT 2024","","METTA-LANG","METTA-LANG",""
"","1","D1-GADT.14","","Fri Nov 15 21:58:41 GMT 2024","passed","Fri Nov 15 21:58:41 GMT 2024","","HYPERON-EXPERIMENTAL-SCRIPTS","HYPERON-EXPERIMENTAL-SCRIPTS",""
"","1","D2-HIGHERFUNC.04","","Fri Nov 15 21:58:41 GMT 2024","passed","Fri Nov 15 21:58:41 GMT 2024","","HYPERON-EXPERIMENTAL-SCRIPTS","HYPERON-EXPERIMENTAL-SCRIPTS",""
"","60","MINIMAL-METTA-TESTS.11","","Fri Nov 15 22:01:48 GMT 2024","passed","Fri Nov 15 22:01:48 GMT 2024","","HYPERON-METTALOG-SANITY","HYPERON-METTALOG-SANITY",""
"","2","RECURSION-AND-CONTROL---METTA-LANGUAGE6.04","","Fri Nov 15 22:11:40 GMT 2024","passed","Fri Nov 15 22:11:40 GMT 2024","","METTA-LANG","METTA-LANG",""
"","10","CONSOLE-OUTPUT-AND-DEBUGGING---METTA-LANGUAGE1.02","","Fri Nov 15 22:11:40 GMT 2024","failed","Fri Nov 15 22:11:40 GMT 2024","","METTA-LANG","METTA-LANG",""
"","1","B5-TYPES-PRELIM.03","","Fri Nov 15 21:58:41 GMT 2024","passed","Fri Nov 15 21:58:41 GMT 2024","","HYPERON-EXPERIMENTAL-SCRIPTS","HYPERON-EXPERIMENTAL-SCRIPTS",""
"","5","HYPERPOSE.01","","Fri Nov 15 22:31:07 GMT 2024","passed","Fri Nov 15 22:31:07 GMT 2024","","METTA-MORPH-TESTS","METTA-MORPH-TESTS",""
"","2","HANDLING-NONDETERMINISTIC-RESULTS---METTA-LANGUAGE6.02","","Fri Nov 15 22:11:40 GMT 2024","passed","Fri Nov 15 22:11:40 GMT 2024","","METTA-LANG","METTA-LANG",""
"","7000","metta_lang.Working_with_spaces___MeTTa_Language3","","Fri Nov 15 21:53:31 GMT 2024","passed","Fri Nov 15 21:53:38 GMT 2024","","WHOLE-TESTS","WHOLE-TESTS",""
"","2","B4-NONDETERM.07","","Fri Nov 15 21:58:41 GMT 2024","passed","Fri Nov 15 21:58:41 GMT 2024","","HYPERON-EXPERIMENTAL-SCRIPTS","HYPERON-EXPERIMENTAL-SCRIPTS",""
"","9","00-LANG-CASE.11","","Fri Nov 15 22:01:48 GMT 2024","passed","Fri Nov 15 22:01:48 GMT 2024","","HYPERON-METTALOG-SANITY","HYPERON-METTALOG-SANITY",""
"","2","D2-HIGHERFUNC.27","","Fri Nov 15 21:58:41 GMT 2024","passed","Fri Nov 15 21:58:41 GMT 2024","","HYPERON-EXPERIMENTAL-SCRIPTS","HYPERON-EXPERIMENTAL-SCRIPTS",""
"","3","C2-SPACES.01","","Fri Nov 15 21:58:41 GMT 2024","passed","Fri Nov 15 21:58:41 GMT 2024","","HYPERON-EXPERIMENTAL-SCRIPTS","HYPERON-EXPERIMENTAL-SCRIPTS",""
"","1","LIMIT-TESTS.15","","Fri Nov 15 22:01:48 GMT 2024","passed","Fri Nov 15 22:01:48 GMT 2024","","HYPERON-METTALOG-SANITY","HYPERON-METTALOG-SANITY",""
"","2","D2-HIGHERFUNC.18","","Fri Nov 15 21:58:41 GMT 2024","passed","Fri Nov 15 21:58:41 GMT 2024","","HYPERON-EXPERIMENTAL-SCRIPTS","HYPERON-EXPERIMENTAL-SCRIPTS",""
"","55","E3-MATCH-STATES.03","","Fri Nov 15 21:58:41 GMT 2024","failed","Fri Nov 15 21:58:41 GMT 2024","","HYPERON-EXPERIMENTAL-SCRIPTS","HYPERON-EXPERIMENTAL-SCRIPTS",""
"","3","03-SORING-VIA-INSERT.01","","Fri Nov 15 22:01:48 GMT 2024","passed","Fri Nov 15 22:01:48 GMT 2024","","HYPERON-METTALOG-SANITY","HYPERON-METTALOG-SANITY",""
"","7000","metta-morph_tests.add_atom_match","","Fri Nov 15 21:53:31 GMT 2024","passed","Fri Nov 15 21:53:38 GMT 2024","","WHOLE-TESTS","WHOLE-TESTS",""
"","2","EVAL-FOR-TESTS.07","","Fri Nov 15 22:01:48 GMT 2024","passed","Fri Nov 15 22:01:48 GMT 2024","","HYPERON-METTALOG-SANITY","HYPERON-METTALOG-SANITY",""
"","8000","metta_lang.Concrete_types___MeTTa_Language9","","Fri Nov 15 21:53:31 GMT 2024","passed","Fri Nov 15 21:53:39 GMT 2024","","WHOLE-TESTS","WHOLE-TESTS",""
"","8000","metta_lang.Basic_evaluation___MeTTa_Language15","","Fri Nov 15 21:53:31 GMT 2024","passed","Fri Nov 15 21:53:39 GMT 2024","","WHOLE-TESTS","WHOLE-TESTS",""
"","2","OUTPUT-LOAD-TESTS.03","","Fri Nov 15 22:01:48 GMT 2024","passed","Fri Nov 15 22:01:48 GMT 2024","","HYPERON-METTALOG-SANITY","HYPERON-METTALOG-SANITY",""
"","62","RECURSIVE-AND-PARAMETRIC-TYPES---METTA-LANGUAGE5.06","","Fri Nov 15 22:11:40 GMT 2024","failed","Fri Nov 15 22:11:40 GMT 2024","","METTA-LANG","METTA-LANG",""
"","4","BASIC-EVALUATION---METTA-LANGUAGE1.01","","Fri Nov 15 22:11:40 GMT 2024","passed","Fri Nov 15 22:11:40 GMT 2024","","METTA-LANG","METTA-LANG",""
"","2","D2-HIGHERFUNC.03","","Fri Nov 15 22:34:53 GMT 2024","passed","Fri Nov 15 22:34:53 GMT 2024","","QUICK","QUICK",""
"","3","D2-HIGHERFUNC.26","","Fri Nov 15 21:58:41 GMT 2024","passed","Fri Nov 15 21:58:41 GMT 2024","","HYPERON-EXPERIMENTAL-SCRIPTS","HYPERON-EXPERIMENTAL-SCRIPTS",""
"","3","B0-CHAINING-PRELIM.04","","Fri Nov 15 21:58:41 GMT 2024","passed","Fri Nov 15 21:58:41 GMT 2024","","HYPERON-EXPERIMENTAL-SCRIPTS","HYPERON-EXPERIMENTAL-SCRIPTS",""
"","3","SPACE-INTERSECTION-TESTS.19","","Fri Nov 15 22:01:48 GMT 2024","passed","Fri Nov 15 22:01:48 GMT 2024","","HYPERON-METTALOG-SANITY","HYPERON-METTALOG-SANITY",""
"","2","F1-IMPORTS.08","","Fri Nov 15 21:53:23 GMT 2024","passed","Fri Nov 15 21:53:23 GMT 2024","","MODULE-SYSTEM","MODULE-SYSTEM",""
"","2","B2-BACKCHAIN.04","","Fri Nov 15 21:58:41 GMT 2024","passed","Fri Nov 15 21:58:41 GMT 2024","","HYPERON-EXPERIMENTAL-SCRIPTS","HYPERON-EXPERIMENTAL-SCRIPTS",""
"","2","WORKING-WITH-SPACES---METTA-LANGUAGE8.07","","Fri Nov 15 22:11:40 GMT 2024","passed","Fri Nov 15 22:11:40 GMT 2024","","METTA-LANG","METTA-LANG",""
"","5","FIND-ALL-TESTS.01","","Fri Nov 15 22:01:48 GMT 2024","passed","Fri Nov 15 22:01:48 GMT 2024","","HYPERON-METTALOG-SANITY","HYPERON-METTALOG-SANITY",""
"","7000","metta_lang.Working_with_spaces___MeTTa_Language2","","Fri Nov 15 21:53:31 GMT 2024","passed","Fri Nov 15 21:53:38 GMT 2024","","WHOLE-TESTS","WHOLE-TESTS",""
"","3","CONTROLLING-PATTERN-MATCHING---METTA-LANGUAGE10.01","","Fri Nov 15 22:11:40 GMT 2024","passed","Fri Nov 15 22:11:40 GMT 2024","","METTA-LANG","METTA-LANG",""
"","3","BASIC-GROUNDED-FUNCTIONS---METTA-LANGUAGE5.02","","Fri Nov 15 22:11:40 GMT 2024","passed","Fri Nov 15 22:11:40 GMT 2024","","METTA-LANG","METTA-LANG",""
"","4","CONTROLLING-PATTERN-MATCHING---METTA-LANGUAGE11.01","","Fri Nov 15 22:11:40 GMT 2024","passed","Fri Nov 15 22:11:40 GMT 2024","","METTA-LANG","METTA-LANG",""
"","1","F1-IMPORTS.07","","Fri Nov 15 21:53:23 GMT 2024","passed","Fri Nov 15 21:53:23 GMT 2024","","MODULE-SYSTEM","MODULE-SYSTEM",""
"","2","IS-SPACE.02","","Fri Nov 15 22:01:48 GMT 2024","passed","Fri Nov 15 22:01:48 GMT 2024","","HYPERON-METTALOG-SANITY","HYPERON-METTALOG-SANITY",""
"","8000","anti-regression.tmpMatch1","","Fri Nov 15 21:53:31 GMT 2024","passed","Fri Nov 15 21:53:39 GMT 2024","","WHOLE-TESTS","WHOLE-TESTS",""
"","8000","metta_lang.Control_flow___MeTTa_Language11","","Fri Nov 15 21:53:31 GMT 2024","passed","Fri Nov 15 21:53:39 GMT 2024","","WHOLE-TESTS","WHOLE-TESTS",""
"","3","D2-HIGHERFUNC.08","","Fri Nov 15 22:34:53 GMT 2024","passed","Fri Nov 15 22:34:53 GMT 2024","","QUICK","QUICK",""
"","78","E2-STATES.07","","Fri Nov 15 21:58:41 GMT 2024","failed","Fri Nov 15 21:58:41 GMT 2024","","HYPERON-EXPERIMENTAL-SCRIPTS","HYPERON-EXPERIMENTAL-SCRIPTS",""
"","8000","metta_lang.Free_variables_and_nondeterminism_again,_recursively___MeTTa_Language4","","Fri Nov 15 21:53:31 GMT 2024","passed","Fri Nov 15 21:53:39 GMT 2024","","WHOLE-TESTS","WHOLE-TESTS",""
"","99","B4-NONDETERM.11","","Fri Nov 15 21:58:41 GMT 2024","passed","Fri Nov 15 21:58:41 GMT 2024","","HYPERON-EXPERIMENTAL-SCRIPTS","HYPERON-EXPERIMENTAL-SCRIPTS",""
"","27","G1-DOCS.04","","Fri Nov 15 21:58:41 GMT 2024","failed","Fri Nov 15 21:58:41 GMT 2024","","HYPERON-EXPERIMENTAL-SCRIPTS","HYPERON-EXPERIMENTAL-SCRIPTS",""
"","2","CONTROL-FLOW---METTA-LANGUAGE10.03","","Fri Nov 15 22:11:40 GMT 2024","passed","Fri Nov 15 22:11:40 GMT 2024","","METTA-LANG","METTA-LANG",""
"","8000","metta_lang.Control_flow___MeTTa_Language14","","Fri Nov 15 21:53:31 GMT 2024","passed","Fri Nov 15 21:53:39 GMT 2024","","WHOLE-TESTS","WHOLE-TESTS",""
"","2","TMPMATCH2.02","","Fri Nov 15 21:53:39 GMT 2024","passed","Fri Nov 15 21:53:39 GMT 2024","","ANTI-REGRESSION","ANTI-REGRESSION",""
"","8000","metta_lang.Recursive_and_parametric_types___MeTTa_Language2","","Fri Nov 15 21:53:31 GMT 2024","passed","Fri Nov 15 21:53:39 GMT 2024","","WHOLE-TESTS","WHOLE-TESTS",""
"","9","D2-HIGHERFUNC.22","","Fri Nov 15 22:34:53 GMT 2024","passed","Fri Nov 15 22:34:53 GMT 2024","","QUICK","QUICK",""
"","134","MINIMAL-METTA-TESTS.29","","Fri Nov 15 22:01:48 GMT 2024","failed","Fri Nov 15 22:01:48 GMT 2024","","HYPERON-METTALOG-SANITY","HYPERON-METTALOG-SANITY",""
"","8000","metta-morph_tests.hyperpose","","Fri Nov 15 21:53:31 GMT 2024","passed","Fri Nov 15 21:53:39 GMT 2024","","WHOLE-TESTS","WHOLE-TESTS",""
"","1","C2-SPACES.03","","Fri Nov 15 21:53:23 GMT 2024","passed","Fri Nov 15 21:53:23 GMT 2024","","MODULE-SYSTEM","MODULE-SYSTEM",""
"","2","FUNCTIONAL-PROGRAMMING-TESTS.05","","Fri Nov 15 22:01:48 GMT 2024","passed","Fri Nov 15 22:01:48 GMT 2024","","HYPERON-METTALOG-SANITY","HYPERON-METTALOG-SANITY",""
"","19","HANDLING-NONDETERMINISTIC-RESULTS---METTA-LANGUAGE4.01","","Fri Nov 15 22:11:40 GMT 2024","failed","Fri Nov 15 22:11:40 GMT 2024","","METTA-LANG","METTA-LANG",""
"","95","PY-TYPES.03","","Fri Nov 15 22:01:48 GMT 2024","passed","Fri Nov 15 22:01:48 GMT 2024","","HYPERON-METTALOG-SANITY","HYPERON-METTALOG-SANITY",""
"","32","F1-IMPORTS.15","","Fri Nov 15 22:34:53 GMT 2024","passed","Fri Nov 15 22:34:53 GMT 2024","","QUICK","QUICK",""
"","2","D4-TYPE-PROP.13","","Fri Nov 15 21:58:41 GMT 2024","passed","Fri Nov 15 21:58:41 GMT 2024","","HYPERON-EXPERIMENTAL-SCRIPTS","HYPERON-EXPERIMENTAL-SCRIPTS",""
"","2","SEQUENTIAL-NESTED.05","","Fri Nov 15 22:31:07 GMT 2024","passed","Fri Nov 15 22:31:07 GMT 2024","","METTA-MORPH-TESTS","METTA-MORPH-TESTS",""
"","2","CONTROLLING-PATTERN-MATCHING---METTA-LANGUAGE12.02","","Fri Nov 15 22:11:40 GMT 2024","passed","Fri Nov 15 22:11:40 GMT 2024","","METTA-LANG","METTA-LANG",""
"","8000","metta_lang.Concrete_types___MeTTa_Language14","","Fri Nov 15 21:53:31 GMT 2024","passed","Fri Nov 15 21:53:39 GMT 2024","","WHOLE-TESTS","WHOLE-TESTS",""
"","140","MINIMAL-METTA-TESTS.39","","Fri Nov 15 22:01:48 GMT 2024","failed","Fri Nov 15 22:01:48 GMT 2024","","HYPERON-METTALOG-SANITY","HYPERON-METTALOG-SANITY",""
"","2","OR-TEST.13","","Fri Nov 15 22:01:48 GMT 2024","passed","Fri Nov 15 22:01:48 GMT 2024","","HYPERON-METTALOG-SANITY","HYPERON-METTALOG-SANITY",""
"","2","C1-GROUNDED-BASIC.09","","Fri Nov 15 22:34:53 GMT 2024","passed","Fri Nov 15 22:34:53 GMT 2024","","QUICK","QUICK",""
"","3","FUNCTIONAL-PROGRAMMING-TESTS.01","","Fri Nov 15 22:01:48 GMT 2024","passed","Fri Nov 15 22:01:48 GMT 2024","","HYPERON-METTALOG-SANITY","HYPERON-METTALOG-SANITY",""
"","4","CONTROL-FLOW---METTA-LANGUAGE6.01","","Fri Nov 15 22:11:40 GMT 2024","passed","Fri Nov 15 22:11:40 GMT 2024","","METTA-LANG","METTA-LANG",""
"","3","FACTORIAL.01","","Fri Nov 15 22:31:07 GMT 2024","passed","Fri Nov 15 22:31:07 GMT 2024","","METTA-MORPH-TESTS","METTA-MORPH-TESTS",""
"","2","STRING-TESTS.19","","Fri Nov 15 22:01:48 GMT 2024","passed","Fri Nov 15 22:01:48 GMT 2024","","HYPERON-METTALOG-SANITY","HYPERON-METTALOG-SANITY",""
"","3","BASIC-GROUNDED-FUNCTIONS---METTA-LANGUAGE8.01","","Fri Nov 15 22:11:40 GMT 2024","passed","Fri Nov 15 22:11:40 GMT 2024","","METTA-LANG","METTA-LANG",""
"","15","RECURSIVE-AND-PARAMETRIC-TYPES---METTA-LANGUAGE6.02","","Fri Nov 15 22:11:40 GMT 2024","failed","Fri Nov 15 22:11:40 GMT 2024","","METTA-LANG","METTA-LANG",""
"","5","WORKING-WITH-SPACES---METTA-LANGUAGE8.01","","Fri Nov 15 22:11:40 GMT 2024","passed","Fri Nov 15 22:11:40 GMT 2024","","METTA-LANG","METTA-LANG",""
"","1","SEQUENTIAL-NESTED.08","","Fri Nov 15 22:31:07 GMT 2024","passed","Fri Nov 15 22:31:07 GMT 2024","","METTA-MORPH-TESTS","METTA-MORPH-TESTS",""
"","2","FUNCTIONAL-PROGRAMMING-TESTS.03","","Fri Nov 15 22:01:48 GMT 2024","passed","Fri Nov 15 22:01:48 GMT 2024","","HYPERON-METTALOG-SANITY","HYPERON-METTALOG-SANITY",""
"","116","WORKING-WITH-SPACES---METTA-LANGUAGE9.05","","Fri Nov 15 22:11:40 GMT 2024","failed","Fri Nov 15 22:11:40 GMT 2024","","METTA-LANG","METTA-LANG",""
"","2","01-LANG-INC.02","","Fri Nov 15 22:01:48 GMT 2024","passed","Fri Nov 15 22:01:48 GMT 2024","","HYPERON-METTALOG-SANITY","HYPERON-METTALOG-SANITY",""
"","2","D1-GADT.14","","Fri Nov 15 22:34:53 GMT 2024","passed","Fri Nov 15 22:34:53 GMT 2024","","QUICK","QUICK",""
"","4","CALL-TESTS.01","","Fri Nov 15 22:01:48 GMT 2024","passed","Fri Nov 15 22:01:48 GMT 2024","","HYPERON-METTALOG-SANITY","HYPERON-METTALOG-SANITY",""
"","3","RECURSION-AND-CONTROL---METTA-LANGUAGE2.01","","Fri Nov 15 22:11:40 GMT 2024","passed","Fri Nov 15 22:11:40 GMT 2024","","METTA-LANG","METTA-LANG",""
"","2","D2-HIGHERFUNC.18","","Fri Nov 15 22:34:53 GMT 2024","passed","Fri Nov 15 22:34:53 GMT 2024","","QUICK","QUICK",""
"","1","D4-TYPE-PROP.10","","Fri Nov 15 21:58:41 GMT 2024","passed","Fri Nov 15 21:58:41 GMT 2024","","HYPERON-EXPERIMENTAL-SCRIPTS","HYPERON-EXPERIMENTAL-SCRIPTS",""
"","2","OR-TEST.19","","Fri Nov 15 22:01:48 GMT 2024","passed","Fri Nov 15 22:01:48 GMT 2024","","HYPERON-METTALOG-SANITY","HYPERON-METTALOG-SANITY",""
"","2","METATYPES---METTA-LANGUAGE1.03","","Fri Nov 15 22:11:40 GMT 2024","passed","Fri Nov 15 22:11:40 GMT 2024","","METTA-LANG","METTA-LANG",""
"","3","A1-SYMBOLS.01","","Fri Nov 15 21:58:41 GMT 2024","passed","Fri Nov 15 21:58:41 GMT 2024","","HYPERON-EXPERIMENTAL-SCRIPTS","HYPERON-EXPERIMENTAL-SCRIPTS",""
"","2","03-SORING-VIA-INSERT.05","","Fri Nov 15 22:01:48 GMT 2024","passed","Fri Nov 15 22:01:48 GMT 2024","","HYPERON-METTALOG-SANITY","HYPERON-METTALOG-SANITY",""
"","2","STRING-TESTS.09","","Fri Nov 15 22:01:48 GMT 2024","passed","Fri Nov 15 22:01:48 GMT 2024","","HYPERON-METTALOG-SANITY","HYPERON-METTALOG-SANITY",""
"","15","MINIMAL-METTA-TESTS.44","","Fri Nov 15 22:01:48 GMT 2024","failed","Fri Nov 15 22:01:48 GMT 2024","","HYPERON-METTALOG-SANITY","HYPERON-METTALOG-SANITY",""
"","8000","metta_lang.Control_flow___MeTTa_Language10","","Fri Nov 15 21:53:31 GMT 2024","passed","Fri Nov 15 21:53:39 GMT 2024","","WHOLE-TESTS","WHOLE-TESTS",""
"","2","RECURSION-AND-CONTROL---METTA-LANGUAGE9.03","","Fri Nov 15 22:11:40 GMT 2024","passed","Fri Nov 15 22:11:40 GMT 2024","","METTA-LANG","METTA-LANG",""
"","2","A1-SYMBOLS.05","","Fri Nov 15 21:58:41 GMT 2024","passed","Fri Nov 15 21:58:41 GMT 2024","","HYPERON-EXPERIMENTAL-SCRIPTS","HYPERON-EXPERIMENTAL-SCRIPTS",""
"","93","WHAT-EVALS-OR-NOT.02","","Fri Nov 15 22:01:48 GMT 2024","failed","Fri Nov 15 22:01:48 GMT 2024","","HYPERON-METTALOG-SANITY","HYPERON-METTALOG-SANITY",""
"","2","D1-GADT.10","","Fri Nov 15 21:58:41 GMT 2024","passed","Fri Nov 15 21:58:41 GMT 2024","","HYPERON-EXPERIMENTAL-SCRIPTS","HYPERON-EXPERIMENTAL-SCRIPTS",""
"","11777","TIME-SYNTHESIZE.02","","Fri Nov 15 22:08:53 GMT 2024","failed","Fri Nov 15 22:09:04 GMT 2024","","SYNTH-BUFFER","SYNTH-BUFFER",""
"","3","HYPERPOSE.04","","Fri Nov 15 22:31:07 GMT 2024","passed","Fri Nov 15 22:31:07 GMT 2024","","METTA-MORPH-TESTS","METTA-MORPH-TESTS",""
"","10000","metta-morph_tests.nalifier","","Fri Nov 15 21:53:31 GMT 2024","passed","Fri Nov 15 21:53:41 GMT 2024","","WHOLE-TESTS","WHOLE-TESTS",""
"","81","WORKING-WITH-SPACES---METTA-LANGUAGE11.03","","Fri Nov 15 22:11:40 GMT 2024","failed","Fri Nov 15 22:11:40 GMT 2024","","METTA-LANG","METTA-LANG",""
"","88","MINIMAL-METTA-TESTS.31","","Fri Nov 15 22:01:48 GMT 2024","failed","Fri Nov 15 22:01:48 GMT 2024","","HYPERON-METTALOG-SANITY","HYPERON-METTALOG-SANITY",""
"","2","XOR-TEST.03","","Fri Nov 15 22:01:48 GMT 2024","passed","Fri Nov 15 22:01:48 GMT 2024","","HYPERON-METTALOG-SANITY","HYPERON-METTALOG-SANITY",""
"","3","METATYPES---METTA-LANGUAGE1.07","","Fri Nov 15 22:11:40 GMT 2024","passed","Fri Nov 15 22:11:40 GMT 2024","","METTA-LANG","METTA-LANG",""
"","2","METATYPES---METTA-LANGUAGE8.02","","Fri Nov 15 22:11:40 GMT 2024","passed","Fri Nov 15 22:11:40 GMT 2024","","METTA-LANG","METTA-LANG",""
"","8000","metta_lang.Basic_grounded_functions___MeTTa_Language8","","Fri Nov 15 21:53:31 GMT 2024","passed","Fri Nov 15 21:53:39 GMT 2024","","WHOLE-TESTS","WHOLE-TESTS",""
"","5","TEST-SPO-100.01","","Fri Nov 15 21:54:54 GMT 2024","passed","Fri Nov 15 21:54:54 GMT 2024","","METTA-WAM-ISSUE-116","METTA-WAM-ISSUE-116",""
"","8","ARITY-TESTS.04","","Fri Nov 15 22:01:48 GMT 2024","failed","Fri Nov 15 22:01:48 GMT 2024","","HYPERON-METTALOG-SANITY","HYPERON-METTALOG-SANITY",""
"","8000","metta_lang.Control_flow___MeTTa_Language13","","Fri Nov 15 21:53:31 GMT 2024","passed","Fri Nov 15 21:53:39 GMT 2024","","WHOLE-TESTS","WHOLE-TESTS",""
"","117","INTERSECTION-TESTS.21","","Fri Nov 15 22:01:48 GMT 2024","passed","Fri Nov 15 22:01:48 GMT 2024","","HYPERON-METTALOG-SANITY","HYPERON-METTALOG-SANITY",""
"","2","MULTIFUNCTION.01","","Fri Nov 15 22:31:07 GMT 2024","passed","Fri Nov 15 22:31:07 GMT 2024","","METTA-MORPH-TESTS","METTA-MORPH-TESTS",""
"","8000","metta-morph_tests.letlet","","Fri Nov 15 21:53:31 GMT 2024","passed","Fri Nov 15 21:53:39 GMT 2024","","WHOLE-TESTS","WHOLE-TESTS",""
"","2","OR-TEST.03","","Fri Nov 15 22:01:48 GMT 2024","passed","Fri Nov 15 22:01:48 GMT 2024","","HYPERON-METTALOG-SANITY","HYPERON-METTALOG-SANITY",""
"","2","D2-HIGHERFUNC.09","","Fri Nov 15 21:58:41 GMT 2024","passed","Fri Nov 15 21:58:41 GMT 2024","","HYPERON-EXPERIMENTAL-SCRIPTS","HYPERON-EXPERIMENTAL-SCRIPTS",""
"","3","BASIC-EVALUATION---METTA-LANGUAGE15.05","","Fri Nov 15 22:11:40 GMT 2024","passed","Fri Nov 15 22:11:40 GMT 2024","","METTA-LANG","METTA-LANG",""
"","2","F1-IMPORTS.01","","Fri Nov 15 21:58:41 GMT 2024","passed","Fri Nov 15 21:58:41 GMT 2024","","HYPERON-EXPERIMENTAL-SCRIPTS","HYPERON-EXPERIMENTAL-SCRIPTS",""
"","2","F1-MODULEA.04","","Fri Nov 15 21:58:41 GMT 2024","passed","Fri Nov 15 21:58:41 GMT 2024","","HYPERON-EXPERIMENTAL-SCRIPTS","HYPERON-EXPERIMENTAL-SCRIPTS",""
"","8000","metta_lang.Recursion_and_control___MeTTa_Language4","","Fri Nov 15 21:53:31 GMT 2024","passed","Fri Nov 15 21:53:39 GMT 2024","","WHOLE-TESTS","WHOLE-TESTS",""
"","1","E3-MATCH-STATES.04","","Fri Nov 15 21:58:41 GMT 2024","passed","Fri Nov 15 21:58:41 GMT 2024","","HYPERON-EXPERIMENTAL-SCRIPTS","HYPERON-EXPERIMENTAL-SCRIPTS",""
"","3","CONSOLE-OUTPUT-AND-DEBUGGING---METTA-LANGUAGE3.04","","Fri Nov 15 22:11:40 GMT 2024","passed","Fri Nov 15 22:11:40 GMT 2024","","METTA-LANG","METTA-LANG",""
"","2","SEQUENTIAL-NESTED.10","","Fri Nov 15 22:31:07 GMT 2024","passed","Fri Nov 15 22:31:07 GMT 2024","","METTA-MORPH-TESTS","METTA-MORPH-TESTS",""
"","2","CONTROL-FLOW---METTA-LANGUAGE16.06","","Fri Nov 15 22:11:40 GMT 2024","passed","Fri Nov 15 22:11:40 GMT 2024","","METTA-LANG","METTA-LANG",""
"","1","C2-SPACES.02","","Fri Nov 15 21:53:23 GMT 2024","passed","Fri Nov 15 21:53:23 GMT 2024","","MODULE-SYSTEM","MODULE-SYSTEM",""
"","3","RECURSIVE-AND-PARAMETRIC-TYPES---METTA-LANGUAGE5.03","","Fri Nov 15 22:11:40 GMT 2024","passed","Fri Nov 15 22:11:40 GMT 2024","","METTA-LANG","METTA-LANG",""
"","3","OUTPUT-LOAD-TESTS.16","","Fri Nov 15 22:01:48 GMT 2024","passed","Fri Nov 15 22:01:48 GMT 2024","","HYPERON-METTALOG-SANITY","HYPERON-METTALOG-SANITY",""
"","3","RECURSION-AND-CONTROL---METTA-LANGUAGE9.01","","Fri Nov 15 22:11:40 GMT 2024","passed","Fri Nov 15 22:11:40 GMT 2024","","METTA-LANG","METTA-LANG",""
"","3","EVAL-FOR-TESTS.11","","Fri Nov 15 22:01:48 GMT 2024","passed","Fri Nov 15 22:01:48 GMT 2024","","HYPERON-METTALOG-SANITY","HYPERON-METTALOG-SANITY",""
"","8000","metta_lang.Working_with_spaces___MeTTa_Language17","","Fri Nov 15 21:53:31 GMT 2024","passed","Fri Nov 15 21:53:39 GMT 2024","","WHOLE-TESTS","WHOLE-TESTS",""
"","3","CONTROLLING-PATTERN-MATCHING---METTA-LANGUAGE12.03","","Fri Nov 15 22:11:40 GMT 2024","passed","Fri Nov 15 22:11:40 GMT 2024","","METTA-LANG","METTA-LANG",""
"","3","G1-DOCS.02","","Fri Nov 15 21:58:41 GMT 2024","passed","Fri Nov 15 21:58:41 GMT 2024","","HYPERON-EXPERIMENTAL-SCRIPTS","HYPERON-EXPERIMENTAL-SCRIPTS",""
"","119","C1-GROUNDED-BASIC.14","","Fri Nov 15 21:58:41 GMT 2024","failed","Fri Nov 15 21:58:41 GMT 2024","","HYPERON-EXPERIMENTAL-SCRIPTS","HYPERON-EXPERIMENTAL-SCRIPTS",""
"","1","LIMIT-TESTS.02","","Fri Nov 15 22:01:48 GMT 2024","passed","Fri Nov 15 22:01:48 GMT 2024","","HYPERON-METTALOG-SANITY","HYPERON-METTALOG-SANITY",""
"","8000","metta_lang.Recursive_and_parametric_types___MeTTa_Language1","","Fri Nov 15 21:53:31 GMT 2024","passed","Fri Nov 15 21:53:39 GMT 2024","","WHOLE-TESTS","WHOLE-TESTS",""
"","3","B0-CHAINING-PRELIM.05","","Fri Nov 15 21:58:41 GMT 2024","passed","Fri Nov 15 21:58:41 GMT 2024","","HYPERON-EXPERIMENTAL-SCRIPTS","HYPERON-EXPERIMENTAL-SCRIPTS",""
"","7000","metta_lang.Nested_queries_and_recursive_graph_traversal___MeTTa_Language2","","Fri Nov 15 21:53:31 GMT 2024","passed","Fri Nov 15 21:53:38 GMT 2024","","WHOLE-TESTS","WHOLE-TESTS",""
"","2","UNIQUE-TEST.08","","Fri Nov 15 22:01:48 GMT 2024","passed","Fri Nov 15 22:01:48 GMT 2024","","HYPERON-METTALOG-SANITY","HYPERON-METTALOG-SANITY",""
"","3","F1-MODULEA.04","","Fri Nov 15 22:34:53 GMT 2024","passed","Fri Nov 15 22:34:53 GMT 2024","","QUICK","QUICK",""
"","8000","metta_lang.Working_with_spaces___MeTTa_Language13","","Fri Nov 15 21:53:31 GMT 2024","passed","Fri Nov 15 21:53:39 GMT 2024","","WHOLE-TESTS","WHOLE-TESTS",""
"","3","TESTS0.02","","Fri Nov 15 22:31:07 GMT 2024","passed","Fri Nov 15 22:31:07 GMT 2024","","METTA-MORPH-TESTS","METTA-MORPH-TESTS",""
"","8000","hyperon-experimental_scripts.a2_opencoggy","","Fri Nov 15 21:53:31 GMT 2024","passed","Fri Nov 15 21:53:39 GMT 2024","","WHOLE-TESTS","WHOLE-TESTS",""
"","2","CONTROL-FLOW---METTA-LANGUAGE15.03","","Fri Nov 15 22:11:40 GMT 2024","passed","Fri Nov 15 22:11:40 GMT 2024","","METTA-LANG","METTA-LANG",""
"","3","OR-TEST.15","","Fri Nov 15 22:01:48 GMT 2024","passed","Fri Nov 15 22:01:48 GMT 2024","","HYPERON-METTALOG-SANITY","HYPERON-METTALOG-SANITY",""
"","77","WHAT-EVALS-OR-NOT.08","","Fri Nov 15 22:01:48 GMT 2024","failed","Fri Nov 15 22:01:48 GMT 2024","","HYPERON-METTALOG-SANITY","HYPERON-METTALOG-SANITY",""
"","2","FUNCTIONS-AND-UNIFICATION---METTA-LANGUAGE2.05","","Fri Nov 15 22:11:40 GMT 2024","passed","Fri Nov 15 22:11:40 GMT 2024","","METTA-LANG","METTA-LANG",""
"","2","XOR-TEST.05","","Fri Nov 15 22:01:48 GMT 2024","passed","Fri Nov 15 22:01:48 GMT 2024","","HYPERON-METTALOG-SANITY","HYPERON-METTALOG-SANITY",""
"","190","TIME-SYNTHESIZE-LONG.01","","Fri Nov 15 22:08:53 GMT 2024","failed","Fri Nov 15 22:08:53 GMT 2024","","SYNTH-BUFFER","SYNTH-BUFFER",""
"","2","CALL-TESTS.10","","Fri Nov 15 22:01:48 GMT 2024","passed","Fri Nov 15 22:01:48 GMT 2024","","HYPERON-METTALOG-SANITY","HYPERON-METTALOG-SANITY",""
"","4","FUNCTIONS-AND-UNIFICATION---METTA-LANGUAGE5.01","","Fri Nov 15 22:11:40 GMT 2024","passed","Fri Nov 15 22:11:40 GMT 2024","","METTA-LANG","METTA-LANG",""
"","5","UNIQUE-TEST.13","","Fri Nov 15 22:01:48 GMT 2024","passed","Fri Nov 15 22:01:48 GMT 2024","","HYPERON-METTALOG-SANITY","HYPERON-METTALOG-SANITY",""
"","66","F1-IMPORTS.16","","Fri Nov 15 21:53:23 GMT 2024","passed","Fri Nov 15 21:53:23 GMT 2024","","MODULE-SYSTEM","MODULE-SYSTEM",""
"","3","C1-GROUNDED-BASIC.02","","Fri Nov 15 22:34:53 GMT 2024","passed","Fri Nov 15 22:34:53 GMT 2024","","QUICK","QUICK",""
"","122","CONTROLLING-PATTERN-MATCHING---METTA-LANGUAGE6.03","","Fri Nov 15 22:11:40 GMT 2024","failed","Fri Nov 15 22:11:40 GMT 2024","","METTA-LANG","METTA-LANG",""
"","23872","SYNTHESIZE.01","","Fri Nov 15 22:08:53 GMT 2024","passed","Fri Nov 15 22:09:16 GMT 2024","","SYNTH-BUFFER","SYNTH-BUFFER",""
"","2","IS-SPACE.03","","Fri Nov 15 22:01:48 GMT 2024","passed","Fri Nov 15 22:01:48 GMT 2024","","HYPERON-METTALOG-SANITY","HYPERON-METTALOG-SANITY",""
"","55","WORKING-WITH-SPACES---METTA-LANGUAGE11.04","","Fri Nov 15 22:11:40 GMT 2024","failed","Fri Nov 15 22:11:40 GMT 2024","","METTA-LANG","METTA-LANG",""
"","3","WORKING-WITH-SPACES---METTA-LANGUAGE11.01","","Fri Nov 15 22:11:40 GMT 2024","passed","Fri Nov 15 22:11:40 GMT 2024","","METTA-LANG","METTA-LANG",""
"","2","FUNCTIONS-AND-UNIFICATION---METTA-LANGUAGE1.05","","Fri Nov 15 22:11:40 GMT 2024","passed","Fri Nov 15 22:11:40 GMT 2024","","METTA-LANG","METTA-LANG",""
"","8000","metta_lang.Console_output_and_debugging___MeTTa_Language10","","Fri Nov 15 21:53:31 GMT 2024","passed","Fri Nov 15 21:53:39 GMT 2024","","WHOLE-TESTS","WHOLE-TESTS",""
"","1","CALL-TESTS.06","","Fri Nov 15 22:01:48 GMT 2024","passed","Fri Nov 15 22:01:48 GMT 2024","","HYPERON-METTALOG-SANITY","HYPERON-METTALOG-SANITY",""
"","3","B5-TYPES-PRELIM.07","","Fri Nov 15 21:58:41 GMT 2024","passed","Fri Nov 15 21:58:41 GMT 2024","","HYPERON-EXPERIMENTAL-SCRIPTS","HYPERON-EXPERIMENTAL-SCRIPTS",""
"","1","C1-GROUNDED-BASIC.19","","Fri Nov 15 21:58:41 GMT 2024","passed","Fri Nov 15 21:58:41 GMT 2024","","HYPERON-EXPERIMENTAL-SCRIPTS","HYPERON-EXPERIMENTAL-SCRIPTS",""
"","116","WHAT-EVALS-OR-NOT.01","","Fri Nov 15 22:01:48 GMT 2024","failed","Fri Nov 15 22:01:48 GMT 2024","","HYPERON-METTALOG-SANITY","HYPERON-METTALOG-SANITY",""
"","3","F1-IMPORTS.10","","Fri Nov 15 21:53:23 GMT 2024","passed","Fri Nov 15 21:53:23 GMT 2024","","MODULE-SYSTEM","MODULE-SYSTEM",""
"","3","RECURSION-AND-CONTROL---METTA-LANGUAGE2.06","","Fri Nov 15 22:11:40 GMT 2024","passed","Fri Nov 15 22:11:40 GMT 2024","","METTA-LANG","METTA-LANG",""
"","3","CONSOLE-OUTPUT-AND-DEBUGGING---METTA-LANGUAGE4.01","","Fri Nov 15 22:11:40 GMT 2024","passed","Fri Nov 15 22:11:40 GMT 2024","","METTA-LANG","METTA-LANG",""
"","2","C1-GROUNDED-BASIC.10","","Fri Nov 15 22:34:53 GMT 2024","passed","Fri Nov 15 22:34:53 GMT 2024","","QUICK","QUICK",""
"","7","CONTROLLING-PATTERN-MATCHING---METTA-LANGUAGE6.02","","Fri Nov 15 22:11:40 GMT 2024","failed","Fri Nov 15 22:11:40 GMT 2024","","METTA-LANG","METTA-LANG",""
"","8000","module-system.c2_spaces","","Fri Nov 15 21:53:31 GMT 2024","passed","Fri Nov 15 21:53:39 GMT 2024","","WHOLE-TESTS","WHOLE-TESTS",""
"","8000","metta_lang.Operations_over_atoms___MeTTa_Language8","","Fri Nov 15 21:53:31 GMT 2024","passed","Fri Nov 15 21:53:39 GMT 2024","","WHOLE-TESTS","WHOLE-TESTS",""
"","8000","hyperon-mettalog_sanity.space_subtraction_tests","","Fri Nov 15 21:53:31 GMT 2024","passed","Fri Nov 15 21:53:39 GMT 2024","","WHOLE-TESTS","WHOLE-TESTS",""
"","5","CONTROL-FLOW---METTA-LANGUAGE10.01","","Fri Nov 15 22:11:40 GMT 2024","passed","Fri Nov 15 22:11:40 GMT 2024","","METTA-LANG","METTA-LANG",""
"","2","FUNCTIONS-AND-UNIFICATION---METTA-LANGUAGE7.05","","Fri Nov 15 22:11:40 GMT 2024","passed","Fri Nov 15 22:11:40 GMT 2024","","METTA-LANG","METTA-LANG",""
"","1","WORKING-WITH-SPACES---METTA-LANGUAGE3.06","","Fri Nov 15 22:11:40 GMT 2024","passed","Fri Nov 15 22:11:40 GMT 2024","","METTA-LANG","METTA-LANG",""
"","3","RECURSION-AND-CONTROL---METTA-LANGUAGE7.04","","Fri Nov 15 22:11:40 GMT 2024","passed","Fri Nov 15 22:11:40 GMT 2024","","METTA-LANG","METTA-LANG",""
"","948","FREE-VARIABLES-AND-NONDETERMINISM-AGAIN,-RECURSIVELY---METTA-LANGUAGE3.02","","Fri Nov 15 22:11:40 GMT 2024","passed","Fri Nov 15 22:11:40 GMT 2024","","METTA-LANG","METTA-LANG",""
"","2","B1-EQUAL-CHAIN.06","","Fri Nov 15 21:58:41 GMT 2024","passed","Fri Nov 15 21:58:41 GMT 2024","","HYPERON-EXPERIMENTAL-SCRIPTS","HYPERON-EXPERIMENTAL-SCRIPTS",""
"","2","PRINT-GRAPH.03","","Fri Nov 15 21:56:39 GMT 2024","passed","Fri Nov 15 21:56:39 GMT 2024","","METTA-WAM-ISSUE-145","METTA-WAM-ISSUE-145",""
"","1","CONSOLE-OUTPUT-AND-DEBUGGING---METTA-LANGUAGE3.02","","Fri Nov 15 22:11:40 GMT 2024","passed","Fri Nov 15 22:11:40 GMT 2024","","METTA-LANG","METTA-LANG",""
"","41000","anti-regression.system_proofTestCurried","","Fri Nov 15 21:53:31 GMT 2024","failed","Fri Nov 15 21:54:12 GMT 2024","","WHOLE-TESTS","WHOLE-TESTS",""
"","2","FUNCTIONS-AND-UNIFICATION---METTA-LANGUAGE2.04","","Fri Nov 15 22:11:40 GMT 2024","passed","Fri Nov 15 22:11:40 GMT 2024","","METTA-LANG","METTA-LANG",""
"","21","CONTROLLING-PATTERN-MATCHING---METTA-LANGUAGE1.01","","Fri Nov 15 22:11:40 GMT 2024","passed","Fri Nov 15 22:11:40 GMT 2024","","METTA-LANG","METTA-LANG",""
"","7000","metta_lang.Operations_over_atoms___MeTTa_Language4","","Fri Nov 15 21:53:31 GMT 2024","passed","Fri Nov 15 21:53:38 GMT 2024","","WHOLE-TESTS","WHOLE-TESTS",""
"","50","C1-GROUNDED-BASIC.15","","Fri Nov 15 22:34:53 GMT 2024","failed","Fri Nov 15 22:34:53 GMT 2024","","QUICK","QUICK",""
"","2","OPERATIONS-OVER-ATOMS---METTA-LANGUAGE3.04","","Fri Nov 15 22:11:40 GMT 2024","passed","Fri Nov 15 22:11:40 GMT 2024","","METTA-LANG","METTA-LANG",""
"","1","HANDLING-NONDETERMINISTIC-RESULTS---METTA-LANGUAGE8.06","","Fri Nov 15 22:11:40 GMT 2024","passed","Fri Nov 15 22:11:40 GMT 2024","","METTA-LANG","METTA-LANG",""
"","2","A1-SYMBOLS.06","","Fri Nov 15 21:58:41 GMT 2024","passed","Fri Nov 15 21:58:41 GMT 2024","","HYPERON-EXPERIMENTAL-SCRIPTS","HYPERON-EXPERIMENTAL-SCRIPTS",""
"","2","STRING-TESTS.05","","Fri Nov 15 22:01:48 GMT 2024","passed","Fri Nov 15 22:01:48 GMT 2024","","HYPERON-METTALOG-SANITY","HYPERON-METTALOG-SANITY",""
"","8000","baseline_compat.rust_02","","Fri Nov 15 21:53:31 GMT 2024","passed","Fri Nov 15 21:53:39 GMT 2024","","WHOLE-TESTS","WHOLE-TESTS",""
"","112","MINIMAL-METTA-TESTS.37","","Fri Nov 15 22:01:48 GMT 2024","failed","Fri Nov 15 22:01:48 GMT 2024","","HYPERON-METTALOG-SANITY","HYPERON-METTALOG-SANITY",""
"","3","TIME-SYNTHESIZE-SHORT.03","","Fri Nov 15 22:08:53 GMT 2024","passed","Fri Nov 15 22:08:53 GMT 2024","","SYNTH-BUFFER","SYNTH-BUFFER",""
"","2","00-LANG-CASE.08","","Fri Nov 15 22:01:48 GMT 2024","passed","Fri Nov 15 22:01:48 GMT 2024","","HYPERON-METTALOG-SANITY","HYPERON-METTALOG-SANITY",""
"","3","00-LANG-CASE.01","","Fri Nov 15 22:01:48 GMT 2024","passed","Fri Nov 15 22:01:48 GMT 2024","","HYPERON-METTALOG-SANITY","HYPERON-METTALOG-SANITY",""
"","4","WORKING-WITH-SPACES---METTA-LANGUAGE2.02","","Fri Nov 15 22:11:40 GMT 2024","passed","Fri Nov 15 22:11:40 GMT 2024","","METTA-LANG","METTA-LANG",""
"","5","LET-SUPERPOSE-LIST.01","","Fri Nov 15 22:31:07 GMT 2024","passed","Fri Nov 15 22:31:07 GMT 2024","","METTA-MORPH-TESTS","METTA-MORPH-TESTS",""
"","6","SEALED-TEST.01","","Fri Nov 15 22:01:48 GMT 2024","passed","Fri Nov 15 22:01:48 GMT 2024","","HYPERON-METTALOG-SANITY","HYPERON-METTALOG-SANITY",""
"","18","MINIMAL-METTA-TESTS.13","","Fri Nov 15 22:01:48 GMT 2024","failed","Fri Nov 15 22:01:48 GMT 2024","","HYPERON-METTALOG-SANITY","HYPERON-METTALOG-SANITY",""
"","1","F1-IMPORTS.15","","Fri Nov 15 21:58:41 GMT 2024","passed","Fri Nov 15 21:58:41 GMT 2024","","HYPERON-EXPERIMENTAL-SCRIPTS","HYPERON-EXPERIMENTAL-SCRIPTS",""
"","4","SPACE-SUBTRACTION-TESTS.04","","Fri Nov 15 22:01:48 GMT 2024","passed","Fri Nov 15 22:01:48 GMT 2024","","HYPERON-METTALOG-SANITY","HYPERON-METTALOG-SANITY",""
"","2","C2-SPACES.04","","Fri Nov 15 21:58:41 GMT 2024","passed","Fri Nov 15 21:58:41 GMT 2024","","HYPERON-EXPERIMENTAL-SCRIPTS","HYPERON-EXPERIMENTAL-SCRIPTS",""
"","2","LIMIT-TESTS.08","","Fri Nov 15 22:01:48 GMT 2024","passed","Fri Nov 15 22:01:48 GMT 2024","","HYPERON-METTALOG-SANITY","HYPERON-METTALOG-SANITY",""
"","8000","metta_lang.Concrete_types___MeTTa_Language10","","Fri Nov 15 21:53:31 GMT 2024","passed","Fri Nov 15 21:53:39 GMT 2024","","WHOLE-TESTS","WHOLE-TESTS",""
"","126","B4-NONDETERM.01","","Fri Nov 15 21:58:41 GMT 2024","passed","Fri Nov 15 21:58:41 GMT 2024","","HYPERON-EXPERIMENTAL-SCRIPTS","HYPERON-EXPERIMENTAL-SCRIPTS",""
"","1","C1-GROUNDED-BASIC.18","","Fri Nov 15 21:58:41 GMT 2024","passed","Fri Nov 15 21:58:41 GMT 2024","","HYPERON-EXPERIMENTAL-SCRIPTS","HYPERON-EXPERIMENTAL-SCRIPTS",""
"","2","CONSOLE-OUTPUT-AND-DEBUGGING---METTA-LANGUAGE5.07","","Fri Nov 15 22:11:40 GMT 2024","passed","Fri Nov 15 22:11:40 GMT 2024","","METTA-LANG","METTA-LANG",""
"","2","TEST-IF-CLOSED.10","","Fri Nov 15 21:53:39 GMT 2024","passed","Fri Nov 15 21:53:39 GMT 2024","","ANTI-REGRESSION","ANTI-REGRESSION",""
"","47","RECURSIVE-AND-PARAMETRIC-TYPES---METTA-LANGUAGE5.08","","Fri Nov 15 22:11:40 GMT 2024","failed","Fri Nov 15 22:11:40 GMT 2024","","METTA-LANG","METTA-LANG",""
"","1","SEQUENTIAL-NESTED.12","","Fri Nov 15 22:31:07 GMT 2024","passed","Fri Nov 15 22:31:07 GMT 2024","","METTA-MORPH-TESTS","METTA-MORPH-TESTS",""
"","807","REPRESENT-AND-PARSE-TESTS.01","","Fri Nov 15 22:01:48 GMT 2024","failed","Fri Nov 15 22:01:48 GMT 2024","","HYPERON-METTALOG-SANITY","HYPERON-METTALOG-SANITY",""
"","2","BASIC-EVALUATION---METTA-LANGUAGE6.03","","Fri Nov 15 22:11:40 GMT 2024","passed","Fri Nov 15 22:11:40 GMT 2024","","METTA-LANG","METTA-LANG",""
"","8000","hyperon-mettalog_sanity.catch_throw_tests","","Fri Nov 15 21:53:31 GMT 2024","passed","Fri Nov 15 21:53:39 GMT 2024","","WHOLE-TESTS","WHOLE-TESTS",""
"","8000","metta-morph_tests.sequential_nested","","Fri Nov 15 21:53:31 GMT 2024","passed","Fri Nov 15 21:53:39 GMT 2024","","WHOLE-TESTS","WHOLE-TESTS",""
"","2","BASE-TEST-REPR-PARSE-INTERSECTION.03","","Fri Nov 15 22:01:48 GMT 2024","passed","Fri Nov 15 22:01:48 GMT 2024","","HYPERON-METTALOG-SANITY","HYPERON-METTALOG-SANITY",""
"","1","B5-TYPES-PRELIM.20","","Fri Nov 15 21:58:41 GMT 2024","passed","Fri Nov 15 21:58:41 GMT 2024","","HYPERON-EXPERIMENTAL-SCRIPTS","HYPERON-EXPERIMENTAL-SCRIPTS",""
"","2","XOR-TEST.02","","Fri Nov 15 22:01:48 GMT 2024","passed","Fri Nov 15 22:01:48 GMT 2024","","HYPERON-METTALOG-SANITY","HYPERON-METTALOG-SANITY",""
"","8000","metta_lang.Controlling_pattern_matching___MeTTa_Language7","","Fri Nov 15 21:53:31 GMT 2024","passed","Fri Nov 15 21:53:39 GMT 2024","","WHOLE-TESTS","WHOLE-TESTS",""
"","2","CALL-TESTS.09","","Fri Nov 15 22:01:48 GMT 2024","passed","Fri Nov 15 22:01:48 GMT 2024","","HYPERON-METTALOG-SANITY","HYPERON-METTALOG-SANITY",""
"","2","OUTPUT-LOAD-TESTS.14","","Fri Nov 15 22:01:48 GMT 2024","passed","Fri Nov 15 22:01:48 GMT 2024","","HYPERON-METTALOG-SANITY","HYPERON-METTALOG-SANITY",""
"","3","CALL-CLEANUP-TESTS.01","","Fri Nov 15 22:01:48 GMT 2024","passed","Fri Nov 15 22:01:48 GMT 2024","","HYPERON-METTALOG-SANITY","HYPERON-METTALOG-SANITY",""
"","2","D2-HIGHERFUNC.06","","Fri Nov 15 22:34:53 GMT 2024","passed","Fri Nov 15 22:34:53 GMT 2024","","QUICK","QUICK",""
"","13","RECURSIVE-AND-PARAMETRIC-TYPES---METTA-LANGUAGE6.03","","Fri Nov 15 22:11:40 GMT 2024","passed","Fri Nov 15 22:11:40 GMT 2024","","METTA-LANG","METTA-LANG",""
"","36","WORKING-WITH-SPACES---METTA-LANGUAGE9.06","","Fri Nov 15 22:11:40 GMT 2024","failed","Fri Nov 15 22:11:40 GMT 2024","","METTA-LANG","METTA-LANG",""
"","8000","hyperon-experimental_scripts.d4_type_prop","","Fri Nov 15 21:53:31 GMT 2024","passed","Fri Nov 15 21:53:39 GMT 2024","","WHOLE-TESTS","WHOLE-TESTS",""
"","2","SUPERPOSE-NESTED.03","","Fri Nov 15 22:31:07 GMT 2024","passed","Fri Nov 15 22:31:07 GMT 2024","","METTA-MORPH-TESTS","METTA-MORPH-TESTS",""
"","2","PRINT-GRAPH.04","","Fri Nov 15 21:56:39 GMT 2024","passed","Fri Nov 15 21:56:39 GMT 2024","","METTA-WAM-ISSUE-145","METTA-WAM-ISSUE-145",""
"","2","SUPERCOLLAPSE.05","","Fri Nov 15 22:31:07 GMT 2024","passed","Fri Nov 15 22:31:07 GMT 2024","","METTA-MORPH-TESTS","METTA-MORPH-TESTS",""
"","134","TESTS0.01","","Fri Nov 15 22:31:07 GMT 2024","passed","Fri Nov 15 22:31:07 GMT 2024","","METTA-MORPH-TESTS","METTA-MORPH-TESTS",""
"","2","QUERYING-SPACE-CONTENT---METTA-LANGUAGE4.02","","Fri Nov 15 22:11:40 GMT 2024","passed","Fri Nov 15 22:11:40 GMT 2024","","METTA-LANG","METTA-LANG",""
"","8000","metta_lang.Console_output_and_debugging___MeTTa_Language3","","Fri Nov 15 21:53:31 GMT 2024","passed","Fri Nov 15 21:53:39 GMT 2024","","WHOLE-TESTS","WHOLE-TESTS",""
"","3","E2-STATES.04","","Fri Nov 15 21:58:41 GMT 2024","passed","Fri Nov 15 21:58:41 GMT 2024","","HYPERON-EXPERIMENTAL-SCRIPTS","HYPERON-EXPERIMENTAL-SCRIPTS",""
"","125","PY-TYPES.06","","Fri Nov 15 22:01:48 GMT 2024","passed","Fri Nov 15 22:01:48 GMT 2024","","HYPERON-METTALOG-SANITY","HYPERON-METTALOG-SANITY",""
"","2","F1-IMPORTS.03","","Fri Nov 15 21:58:41 GMT 2024","passed","Fri Nov 15 21:58:41 GMT 2024","","HYPERON-EXPERIMENTAL-SCRIPTS","HYPERON-EXPERIMENTAL-SCRIPTS",""
"","2","D4-TYPE-PROP.01","","Fri Nov 15 21:58:41 GMT 2024","passed","Fri Nov 15 21:58:41 GMT 2024","","HYPERON-EXPERIMENTAL-SCRIPTS","HYPERON-EXPERIMENTAL-SCRIPTS",""
"","2","B5-TYPES-PRELIM.09","","Fri Nov 15 21:58:41 GMT 2024","passed","Fri Nov 15 21:58:41 GMT 2024","","HYPERON-EXPERIMENTAL-SCRIPTS","HYPERON-EXPERIMENTAL-SCRIPTS",""
"","128","RECURSIVE-AND-PARAMETRIC-TYPES---METTA-LANGUAGE1.02","","Fri Nov 15 22:11:40 GMT 2024","failed","Fri Nov 15 22:11:40 GMT 2024","","METTA-LANG","METTA-LANG",""
"","5","RECURSIVE-AND-PARAMETRIC-TYPES---METTA-LANGUAGE3.01","","Fri Nov 15 22:11:40 GMT 2024","passed","Fri Nov 15 22:11:40 GMT 2024","","METTA-LANG","METTA-LANG",""
"","3","METATYPES---METTA-LANGUAGE8.01","","Fri Nov 15 22:11:40 GMT 2024","passed","Fri Nov 15 22:11:40 GMT 2024","","METTA-LANG","METTA-LANG",""
"","5","SPACE-INTERSECTION-TESTS.03","","Fri Nov 15 22:01:48 GMT 2024","passed","Fri Nov 15 22:01:48 GMT 2024","","HYPERON-METTALOG-SANITY","HYPERON-METTALOG-SANITY",""
"","1","CONSOLE-OUTPUT-AND-DEBUGGING---METTA-LANGUAGE2.06","","Fri Nov 15 22:11:40 GMT 2024","passed","Fri Nov 15 22:11:40 GMT 2024","","METTA-LANG","METTA-LANG",""
"","2","STRING-TESTS.06","","Fri Nov 15 22:01:48 GMT 2024","passed","Fri Nov 15 22:01:48 GMT 2024","","HYPERON-METTALOG-SANITY","HYPERON-METTALOG-SANITY",""
"","2","HYPERPOSE.03","","Fri Nov 15 22:31:07 GMT 2024","passed","Fri Nov 15 22:31:07 GMT 2024","","METTA-MORPH-TESTS","METTA-MORPH-TESTS",""
"","3","D4-TYPE-PROP.12","","Fri Nov 15 21:58:41 GMT 2024","passed","Fri Nov 15 21:58:41 GMT 2024","","HYPERON-EXPERIMENTAL-SCRIPTS","HYPERON-EXPERIMENTAL-SCRIPTS",""
"","2","OUTPUT-LOAD-TESTS.01","","Fri Nov 15 22:01:48 GMT 2024","passed","Fri Nov 15 22:01:48 GMT 2024","","HYPERON-METTALOG-SANITY","HYPERON-METTALOG-SANITY",""
"","2","STRING-TESTS.07","","Fri Nov 15 22:01:48 GMT 2024","passed","Fri Nov 15 22:01:48 GMT 2024","","HYPERON-METTALOG-SANITY","HYPERON-METTALOG-SANITY",""
"","8000","metta_lang.Working_with_spaces___MeTTa_Language10","","Fri Nov 15 21:53:31 GMT 2024","passed","Fri Nov 15 21:53:39 GMT 2024","","WHOLE-TESTS","WHOLE-TESTS",""
"","1","E3-MATCH-STATES.02","","Fri Nov 15 21:58:41 GMT 2024","passed","Fri Nov 15 21:58:41 GMT 2024","","HYPERON-EXPERIMENTAL-SCRIPTS","HYPERON-EXPERIMENTAL-SCRIPTS",""
"","2","F1-IMPORTS.17","","Fri Nov 15 21:58:41 GMT 2024","passed","Fri Nov 15 21:58:41 GMT 2024","","HYPERON-EXPERIMENTAL-SCRIPTS","HYPERON-EXPERIMENTAL-SCRIPTS",""
"","1","F1-IMPORTS.15","","Fri Nov 15 21:53:23 GMT 2024","passed","Fri Nov 15 21:53:23 GMT 2024","","MODULE-SYSTEM","MODULE-SYSTEM",""
"","2","LET-SUPERPOSE-IF-CASE.02","","Fri Nov 15 22:31:07 GMT 2024","passed","Fri Nov 15 22:31:07 GMT 2024","","METTA-MORPH-TESTS","METTA-MORPH-TESTS",""
"","1","F1-IMPORTS.09","","Fri Nov 15 21:58:41 GMT 2024","passed","Fri Nov 15 21:58:41 GMT 2024","","HYPERON-EXPERIMENTAL-SCRIPTS","HYPERON-EXPERIMENTAL-SCRIPTS",""
"","2","HANDLING-NONDETERMINISTIC-RESULTS---METTA-LANGUAGE5.02","","Fri Nov 15 22:11:40 GMT 2024","passed","Fri Nov 15 22:11:40 GMT 2024","","METTA-LANG","METTA-LANG",""
"","82","MINIMAL-METTA-TESTS.35","","Fri Nov 15 22:01:48 GMT 2024","failed","Fri Nov 15 22:01:48 GMT 2024","","HYPERON-METTALOG-SANITY","HYPERON-METTALOG-SANITY",""
"","2","OPERATIONS-OVER-ATOMS---METTA-LANGUAGE3.02","","Fri Nov 15 22:11:40 GMT 2024","passed","Fri Nov 15 22:11:40 GMT 2024","","METTA-LANG","METTA-LANG",""
"","2","FUNCTIONS-AND-UNIFICATION---METTA-LANGUAGE1.06","","Fri Nov 15 22:11:40 GMT 2024","passed","Fri Nov 15 22:11:40 GMT 2024","","METTA-LANG","METTA-LANG",""
"","2","00-LANG-CASE.07","","Fri Nov 15 22:01:48 GMT 2024","passed","Fri Nov 15 22:01:48 GMT 2024","","HYPERON-METTALOG-SANITY","HYPERON-METTALOG-SANITY",""
"","15","CONCRETE-TYPES---METTA-LANGUAGE10.02","","Fri Nov 15 22:11:40 GMT 2024","passed","Fri Nov 15 22:11:40 GMT 2024","","METTA-LANG","METTA-LANG",""
"","3","BASIC-EVALUATION---METTA-LANGUAGE2.01","","Fri Nov 15 22:11:40 GMT 2024","passed","Fri Nov 15 22:11:40 GMT 2024","","METTA-LANG","METTA-LANG",""
"","2","TEST-IF-CLOSED.07","","Fri Nov 15 21:53:39 GMT 2024","passed","Fri Nov 15 21:53:39 GMT 2024","","ANTI-REGRESSION","ANTI-REGRESSION",""
"","33","STRUCTURE-TESTS.01","","Fri Nov 15 22:01:48 GMT 2024","passed","Fri Nov 15 22:01:48 GMT 2024","","HYPERON-METTALOG-SANITY","HYPERON-METTALOG-SANITY",""
"","7000","metta_lang.Controlling_pattern_matching___MeTTa_Language4","","Fri Nov 15 21:53:31 GMT 2024","passed","Fri Nov 15 21:53:38 GMT 2024","","WHOLE-TESTS","WHOLE-TESTS",""
"","3","INTERSECTION-TESTS.07","","Fri Nov 15 22:01:48 GMT 2024","passed","Fri Nov 15 22:01:48 GMT 2024","","HYPERON-METTALOG-SANITY","HYPERON-METTALOG-SANITY",""
"","2","TEST-IF-CLOSED.08","","Fri Nov 15 21:53:39 GMT 2024","passed","Fri Nov 15 21:53:39 GMT 2024","","ANTI-REGRESSION","ANTI-REGRESSION",""
"","2","CALL-CLEANUP-TESTS.03","","Fri Nov 15 22:01:48 GMT 2024","passed","Fri Nov 15 22:01:48 GMT 2024","","HYPERON-METTALOG-SANITY","HYPERON-METTALOG-SANITY",""
"","3","INTERSECTION-TESTS.01","","Fri Nov 15 22:01:48 GMT 2024","passed","Fri Nov 15 22:01:48 GMT 2024","","HYPERON-METTALOG-SANITY","HYPERON-METTALOG-SANITY",""
"","7000","hyperon-mettalog_sanity.arity_tests","","Fri Nov 15 21:53:31 GMT 2024","passed","Fri Nov 15 21:53:38 GMT 2024","","WHOLE-TESTS","WHOLE-TESTS",""
"","8000","metta_lang.Controlling_pattern_matching___MeTTa_Language9","","Fri Nov 15 21:53:31 GMT 2024","passed","Fri Nov 15 21:53:39 GMT 2024","","WHOLE-TESTS","WHOLE-TESTS",""
"","3","CONSOLE-OUTPUT-AND-DEBUGGING---METTA-LANGUAGE2.09","","Fri Nov 15 22:11:40 GMT 2024","passed","Fri Nov 15 22:11:40 GMT 2024","","METTA-LANG","METTA-LANG",""
"","2","SUPERCOLLAPSE.08","","Fri Nov 15 22:31:07 GMT 2024","passed","Fri Nov 15 22:31:07 GMT 2024","","METTA-MORPH-TESTS","METTA-MORPH-TESTS",""
"","3","SUBTRACTION-TEST.01","","Fri Nov 15 22:01:48 GMT 2024","passed","Fri Nov 15 22:01:48 GMT 2024","","HYPERON-METTALOG-SANITY","HYPERON-METTALOG-SANITY",""
"","8000","hyperon-experimental_scripts.e1_kb_write","","Fri Nov 15 21:53:31 GMT 2024","passed","Fri Nov 15 21:53:39 GMT 2024","","WHOLE-TESTS","WHOLE-TESTS",""
"","1","D4-TYPE-PROP.08","","Fri Nov 15 21:58:41 GMT 2024","passed","Fri Nov 15 21:58:41 GMT 2024","","HYPERON-EXPERIMENTAL-SCRIPTS","HYPERON-EXPERIMENTAL-SCRIPTS",""
"","4","IS-SPACE.01","","Fri Nov 15 22:01:48 GMT 2024","passed","Fri Nov 15 22:01:48 GMT 2024","","HYPERON-METTALOG-SANITY","HYPERON-METTALOG-SANITY",""
"","3","RECURSIVE-AND-PARAMETRIC-TYPES---METTA-LANGUAGE7.04","","Fri Nov 15 22:11:40 GMT 2024","passed","Fri Nov 15 22:11:40 GMT 2024","","METTA-LANG","METTA-LANG",""
"","2","FUNCTIONS-AND-UNIFICATION---METTA-LANGUAGE4.03","","Fri Nov 15 22:11:40 GMT 2024","passed","Fri Nov 15 22:11:40 GMT 2024","","METTA-LANG","METTA-LANG",""
"","2","RECURSION-AND-CONTROL---METTA-LANGUAGE2.02","","Fri Nov 15 22:11:40 GMT 2024","passed","Fri Nov 15 22:11:40 GMT 2024","","METTA-LANG","METTA-LANG",""
"","2","B2-BACKCHAIN.02","","Fri Nov 15 21:58:41 GMT 2024","passed","Fri Nov 15 21:58:41 GMT 2024","","HYPERON-EXPERIMENTAL-SCRIPTS","HYPERON-EXPERIMENTAL-SCRIPTS",""
"","21","BC-COMP.05","","Fri Nov 15 21:53:39 GMT 2024","passed","Fri Nov 15 21:53:39 GMT 2024","","ANTI-REGRESSION","ANTI-REGRESSION",""
"","142","BASIC-EVALUATION---METTA-LANGUAGE11.02","","Fri Nov 15 22:11:40 GMT 2024","passed","Fri Nov 15 22:11:40 GMT 2024","","METTA-LANG","METTA-LANG",""
"","2","C3-PLN-STV.04","","Fri Nov 15 21:58:41 GMT 2024","passed","Fri Nov 15 21:58:41 GMT 2024","","HYPERON-EXPERIMENTAL-SCRIPTS","HYPERON-EXPERIMENTAL-SCRIPTS",""
"","5","D2-HIGHERFUNC.01","","Fri Nov 15 22:34:53 GMT 2024","passed","Fri Nov 15 22:34:53 GMT 2024","","QUICK","QUICK",""
"","1","LIMIT-TESTS.05","","Fri Nov 15 22:01:48 GMT 2024","passed","Fri Nov 15 22:01:48 GMT 2024","","HYPERON-METTALOG-SANITY","HYPERON-METTALOG-SANITY",""
"","8000","metta_lang.Working_with_spaces___MeTTa_Language16","","Fri Nov 15 21:53:31 GMT 2024","passed","Fri Nov 15 21:53:39 GMT 2024","","WHOLE-TESTS","WHOLE-TESTS",""
"","3","CONSOLE-OUTPUT-AND-DEBUGGING---METTA-LANGUAGE2.02","","Fri Nov 15 22:11:40 GMT 2024","passed","Fri Nov 15 22:11:40 GMT 2024","","METTA-LANG","METTA-LANG",""
"","2","CONTROLLING-PATTERN-MATCHING---METTA-LANGUAGE12.14","","Fri Nov 15 22:11:40 GMT 2024","passed","Fri Nov 15 22:11:40 GMT 2024","","METTA-LANG","METTA-LANG",""
"","46","BC-COMP.02","","Fri Nov 15 21:53:39 GMT 2024","failed","Fri Nov 15 21:53:39 GMT 2024","","ANTI-REGRESSION","ANTI-REGRESSION",""
"","3","RECURSION-AND-CONTROL---METTA-LANGUAGE8.04","","Fri Nov 15 22:11:40 GMT 2024","passed","Fri Nov 15 22:11:40 GMT 2024","","METTA-LANG","METTA-LANG",""
"","40","OUTPUT-LOAD-TESTS.17","","Fri Nov 15 22:01:48 GMT 2024","failed","Fri Nov 15 22:01:48 GMT 2024","","HYPERON-METTALOG-SANITY","HYPERON-METTALOG-SANITY",""
"","8000","baseline_compat.rust_01","","Fri Nov 15 21:53:31 GMT 2024","passed","Fri Nov 15 21:53:39 GMT 2024","","WHOLE-TESTS","WHOLE-TESTS",""
"","80","MINIMAL-METTA-TESTS.17","","Fri Nov 15 22:01:48 GMT 2024","failed","Fri Nov 15 22:01:48 GMT 2024","","HYPERON-METTALOG-SANITY","HYPERON-METTALOG-SANITY",""
"","3","A3-TWOSIDE.01","","Fri Nov 15 21:58:41 GMT 2024","passed","Fri Nov 15 21:58:41 GMT 2024","","HYPERON-EXPERIMENTAL-SCRIPTS","HYPERON-EXPERIMENTAL-SCRIPTS",""
"","2","BASIC-GROUNDED-FUNCTIONS---METTA-LANGUAGE6.03","","Fri Nov 15 22:11:40 GMT 2024","passed","Fri Nov 15 22:11:40 GMT 2024","","METTA-LANG","METTA-LANG",""
"","2","RECURSIVE-AND-PARAMETRIC-TYPES---METTA-LANGUAGE1.04","","Fri Nov 15 22:11:40 GMT 2024","passed","Fri Nov 15 22:11:40 GMT 2024","","METTA-LANG","METTA-LANG",""
"","1","C1-GROUNDED-BASIC.10","","Fri Nov 15 21:58:41 GMT 2024","passed","Fri Nov 15 21:58:41 GMT 2024","","HYPERON-EXPERIMENTAL-SCRIPTS","HYPERON-EXPERIMENTAL-SCRIPTS",""
"","60","OR-TEST.02","","Fri Nov 15 22:01:48 GMT 2024","failed","Fri Nov 15 22:01:48 GMT 2024","","HYPERON-METTALOG-SANITY","HYPERON-METTALOG-SANITY",""
"","7000","metta_lang.Working_with_spaces___MeTTa_Language7","","Fri Nov 15 21:53:31 GMT 2024","passed","Fri Nov 15 21:53:38 GMT 2024","","WHOLE-TESTS","WHOLE-TESTS",""
"","8000","metta_lang.Controlling_pattern_matching___MeTTa_Language5","","Fri Nov 15 21:53:31 GMT 2024","passed","Fri Nov 15 21:53:39 GMT 2024","","WHOLE-TESTS","WHOLE-TESTS",""
"","3","MINIMAL-METTA-TESTS.06","","Fri Nov 15 22:01:48 GMT 2024","passed","Fri Nov 15 22:01:48 GMT 2024","","HYPERON-METTALOG-SANITY","HYPERON-METTALOG-SANITY",""
"","1","D4-TYPE-PROP.17","","Fri Nov 15 21:58:41 GMT 2024","passed","Fri Nov 15 21:58:41 GMT 2024","","HYPERON-EXPERIMENTAL-SCRIPTS","HYPERON-EXPERIMENTAL-SCRIPTS",""
"","2","RECURSION-AND-CONTROL---METTA-LANGUAGE1.01","","Fri Nov 15 22:11:40 GMT 2024","passed","Fri Nov 15 22:11:40 GMT 2024","","METTA-LANG","METTA-LANG",""
"","4","02-CURRIED-PLUS.01","","Fri Nov 15 22:01:48 GMT 2024","passed","Fri Nov 15 22:01:48 GMT 2024","","HYPERON-METTALOG-SANITY","HYPERON-METTALOG-SANITY",""
"","2","RECURSION-AND-CONTROL---METTA-LANGUAGE3.02","","Fri Nov 15 22:11:40 GMT 2024","passed","Fri Nov 15 22:11:40 GMT 2024","","METTA-LANG","METTA-LANG",""
"","63","F1-IMPORTS.11","","Fri Nov 15 21:58:41 GMT 2024","failed","Fri Nov 15 21:58:41 GMT 2024","","HYPERON-EXPERIMENTAL-SCRIPTS","HYPERON-EXPERIMENTAL-SCRIPTS",""
"","3","F1-MODULEA.01","","Fri Nov 15 21:58:41 GMT 2024","passed","Fri Nov 15 21:58:41 GMT 2024","","HYPERON-EXPERIMENTAL-SCRIPTS","HYPERON-EXPERIMENTAL-SCRIPTS",""
"","2","LET-SUPERPOSE-LIST.02","","Fri Nov 15 22:31:07 GMT 2024","passed","Fri Nov 15 22:31:07 GMT 2024","","METTA-MORPH-TESTS","METTA-MORPH-TESTS",""
"","47556","TEST-SPO-116378.01","","Fri Nov 15 21:54:54 GMT 2024","passed","Fri Nov 15 21:55:41 GMT 2024","","METTA-WAM-ISSUE-116","METTA-WAM-ISSUE-116",""
"","8000","hyperon-mettalog_sanity.structure-tests","","Fri Nov 15 21:53:31 GMT 2024","passed","Fri Nov 15 21:53:39 GMT 2024","","WHOLE-TESTS","WHOLE-TESTS",""
"","14","D1-GADT.05","","Fri Nov 15 22:34:53 GMT 2024","passed","Fri Nov 15 22:34:53 GMT 2024","","QUICK","QUICK",""
"","3","B5-TYPES-PRELIM.19","","Fri Nov 15 21:58:41 GMT 2024","passed","Fri Nov 15 21:58:41 GMT 2024","","HYPERON-EXPERIMENTAL-SCRIPTS","HYPERON-EXPERIMENTAL-SCRIPTS",""
"","3","BASIC-EVALUATION---METTA-LANGUAGE14.02","","Fri Nov 15 22:11:40 GMT 2024","passed","Fri Nov 15 22:11:40 GMT 2024","","METTA-LANG","METTA-LANG",""
"","2","RECURSION-AND-CONTROL---METTA-LANGUAGE4.02","","Fri Nov 15 22:11:40 GMT 2024","passed","Fri Nov 15 22:11:40 GMT 2024","","METTA-LANG","METTA-LANG",""
"","3","TYPES2.01","","Fri Nov 15 22:31:07 GMT 2024","passed","Fri Nov 15 22:31:07 GMT 2024","","METTA-MORPH-TESTS","METTA-MORPH-TESTS",""
"","2","D3-DEPTYPES.01","","Fri Nov 15 21:58:41 GMT 2024","passed","Fri Nov 15 21:58:41 GMT 2024","","HYPERON-EXPERIMENTAL-SCRIPTS","HYPERON-EXPERIMENTAL-SCRIPTS",""
"","62","F1-IMPORTS.19","","Fri Nov 15 21:58:41 GMT 2024","passed","Fri Nov 15 21:58:41 GMT 2024","","HYPERON-EXPERIMENTAL-SCRIPTS","HYPERON-EXPERIMENTAL-SCRIPTS",""
"","4","RECURSION-AND-CONTROL---METTA-LANGUAGE4.01","","Fri Nov 15 22:11:40 GMT 2024","passed","Fri Nov 15 22:11:40 GMT 2024","","METTA-LANG","METTA-LANG",""
"","2","E2-STATES.10","","Fri Nov 15 21:58:41 GMT 2024","passed","Fri Nov 15 21:58:41 GMT 2024","","HYPERON-EXPERIMENTAL-SCRIPTS","HYPERON-EXPERIMENTAL-SCRIPTS",""
"","123","MINIMAL-METTA-TESTS.36","","Fri Nov 15 22:01:48 GMT 2024","failed","Fri Nov 15 22:01:48 GMT 2024","","HYPERON-METTALOG-SANITY","HYPERON-METTALOG-SANITY",""
"","2","RECURSION-AND-CONTROL---METTA-LANGUAGE5.02","","Fri Nov 15 22:11:40 GMT 2024","passed","Fri Nov 15 22:11:40 GMT 2024","","METTA-LANG","METTA-LANG",""
"","55","B5-TYPES-PRELIM.24","","Fri Nov 15 21:58:41 GMT 2024","failed","Fri Nov 15 21:58:41 GMT 2024","","HYPERON-EXPERIMENTAL-SCRIPTS","HYPERON-EXPERIMENTAL-SCRIPTS",""
"","9","D1-GADT.04","","Fri Nov 15 21:58:41 GMT 2024","passed","Fri Nov 15 21:58:41 GMT 2024","","HYPERON-EXPERIMENTAL-SCRIPTS","HYPERON-EXPERIMENTAL-SCRIPTS",""
"","8000","metta_lang.Recursive_and_parametric_types___MeTTa_Language3","","Fri Nov 15 21:53:31 GMT 2024","passed","Fri Nov 15 21:53:39 GMT 2024","","WHOLE-TESTS","WHOLE-TESTS",""
"","1","STATES-SPACES.03","","Fri Nov 15 22:31:07 GMT 2024","passed","Fri Nov 15 22:31:07 GMT 2024","","METTA-MORPH-TESTS","METTA-MORPH-TESTS",""
"","96","MINIMAL-METTA-TESTS.32","","Fri Nov 15 22:01:48 GMT 2024","failed","Fri Nov 15 22:01:48 GMT 2024","","HYPERON-METTALOG-SANITY","HYPERON-METTALOG-SANITY",""
"","12","WORKING-WITH-SPACES---METTA-LANGUAGE11.02","","Fri Nov 15 22:11:40 GMT 2024","failed","Fri Nov 15 22:11:40 GMT 2024","","METTA-LANG","METTA-LANG",""
"","2","WORKING-WITH-SPACES---METTA-LANGUAGE3.05","","Fri Nov 15 22:11:40 GMT 2024","passed","Fri Nov 15 22:11:40 GMT 2024","","METTA-LANG","METTA-LANG",""
"","1","WORKING-WITH-SPACES---METTA-LANGUAGE8.04","","Fri Nov 15 22:11:40 GMT 2024","passed","Fri Nov 15 22:11:40 GMT 2024","","METTA-LANG","METTA-LANG",""
"","4","BASIC-GROUNDED-FUNCTIONS---METTA-LANGUAGE1.01","","Fri Nov 15 22:11:40 GMT 2024","passed","Fri Nov 15 22:11:40 GMT 2024","","METTA-LANG","METTA-LANG",""
"","2","OUTPUT-LOAD-TESTS.07","","Fri Nov 15 22:01:48 GMT 2024","passed","Fri Nov 15 22:01:48 GMT 2024","","HYPERON-METTALOG-SANITY","HYPERON-METTALOG-SANITY",""
"","1","00-LANG-CASE.09","","Fri Nov 15 22:01:48 GMT 2024","passed","Fri Nov 15 22:01:48 GMT 2024","","HYPERON-METTALOG-SANITY","HYPERON-METTALOG-SANITY",""
"","2","RECURSION-AND-CONTROL---METTA-LANGUAGE3.04","","Fri Nov 15 22:11:40 GMT 2024","passed","Fri Nov 15 22:11:40 GMT 2024","","METTA-LANG","METTA-LANG",""
"","2","SEQUENTIAL-NESTED.04","","Fri Nov 15 22:31:07 GMT 2024","passed","Fri Nov 15 22:31:07 GMT 2024","","METTA-MORPH-TESTS","METTA-MORPH-TESTS",""
"","2","TEST-IF-CLOSED.06","","Fri Nov 15 21:53:39 GMT 2024","passed","Fri Nov 15 21:53:39 GMT 2024","","ANTI-REGRESSION","ANTI-REGRESSION",""
"","2","D2-HIGHERFUNC.13","","Fri Nov 15 22:34:53 GMT 2024","passed","Fri Nov 15 22:34:53 GMT 2024","","QUICK","QUICK",""
"","2","00-LANG-CASE.15","","Fri Nov 15 22:01:48 GMT 2024","passed","Fri Nov 15 22:01:48 GMT 2024","","HYPERON-METTALOG-SANITY","HYPERON-METTALOG-SANITY",""
"","3","F1-MODULEA.03","","Fri Nov 15 21:53:23 GMT 2024","passed","Fri Nov 15 21:53:23 GMT 2024","","MODULE-SYSTEM","MODULE-SYSTEM",""
"","3","FUNCTIONAL-PROGRAMMING-TESTS.04","","Fri Nov 15 22:01:48 GMT 2024","passed","Fri Nov 15 22:01:48 GMT 2024","","HYPERON-METTALOG-SANITY","HYPERON-METTALOG-SANITY",""
"","82","MINIMAL-METTA-TESTS.22","","Fri Nov 15 22:01:48 GMT 2024","failed","Fri Nov 15 22:01:48 GMT 2024","","HYPERON-METTALOG-SANITY","HYPERON-METTALOG-SANITY",""
"","3","A1-SYMBOLS.04","","Fri Nov 15 21:58:41 GMT 2024","passed","Fri Nov 15 21:58:41 GMT 2024","","HYPERON-EXPERIMENTAL-SCRIPTS","HYPERON-EXPERIMENTAL-SCRIPTS",""
"","2","HANDLING-NONDETERMINISTIC-RESULTS---METTA-LANGUAGE8.08","","Fri Nov 15 22:11:40 GMT 2024","passed","Fri Nov 15 22:11:40 GMT 2024","","METTA-LANG","METTA-LANG",""
"","2","AND-OR.01","","Fri Nov 15 22:31:07 GMT 2024","passed","Fri Nov 15 22:31:07 GMT 2024","","METTA-MORPH-TESTS","METTA-MORPH-TESTS",""
"","135","D5-AUTO-TYPES.04","","Fri Nov 15 21:58:41 GMT 2024","failed","Fri Nov 15 21:58:41 GMT 2024","","HYPERON-EXPERIMENTAL-SCRIPTS","HYPERON-EXPERIMENTAL-SCRIPTS",""
"","44","BCHAIN-COMP.03","","Fri Nov 15 21:53:39 GMT 2024","failed","Fri Nov 15 21:53:39 GMT 2024","","ANTI-REGRESSION","ANTI-REGRESSION",""
"","3","CONTROLLING-PATTERN-MATCHING---METTA-LANGUAGE11.06","","Fri Nov 15 22:11:40 GMT 2024","passed","Fri Nov 15 22:11:40 GMT 2024","","METTA-LANG","METTA-LANG",""
"","6","F1-IMPORTS.02","","Fri Nov 15 22:34:53 GMT 2024","passed","Fri Nov 15 22:34:53 GMT 2024","","QUICK","QUICK",""
"","2","CONTROL-FLOW---METTA-LANGUAGE3.01","","Fri Nov 15 22:11:40 GMT 2024","passed","Fri Nov 15 22:11:40 GMT 2024","","METTA-LANG","METTA-LANG",""
"","3","CONTROLLING-PATTERN-MATCHING---METTA-LANGUAGE10.02","","Fri Nov 15 22:11:40 GMT 2024","passed","Fri Nov 15 22:11:40 GMT 2024","","METTA-LANG","METTA-LANG",""
"","8000","metta_lang.Basic_grounded_functions___MeTTa_Language5","","Fri Nov 15 21:53:31 GMT 2024","passed","Fri Nov 15 21:53:39 GMT 2024","","WHOLE-TESTS","WHOLE-TESTS",""
"","8000","metta-wam-issue-145.print_graph","","Fri Nov 15 21:53:31 GMT 2024","passed","Fri Nov 15 21:53:39 GMT 2024","","WHOLE-TESTS","WHOLE-TESTS",""
"","3","F1-IMPORTS.11","","Fri Nov 15 21:53:23 GMT 2024","passed","Fri Nov 15 21:53:23 GMT 2024","","MODULE-SYSTEM","MODULE-SYSTEM",""
"","4","RECURSION-AND-CONTROL---METTA-LANGUAGE5.01","","Fri Nov 15 22:11:40 GMT 2024","passed","Fri Nov 15 22:11:40 GMT 2024","","METTA-LANG","METTA-LANG",""
"","3","INTERSECTION-TESTS.22","","Fri Nov 15 22:01:48 GMT 2024","passed","Fri Nov 15 22:01:48 GMT 2024","","HYPERON-METTALOG-SANITY","HYPERON-METTALOG-SANITY",""
"","2","B5-TYPES-PRELIM.18","","Fri Nov 15 21:58:41 GMT 2024","passed","Fri Nov 15 21:58:41 GMT 2024","","HYPERON-EXPERIMENTAL-SCRIPTS","HYPERON-EXPERIMENTAL-SCRIPTS",""
"","1","C1-GROUNDED-BASIC.20","","Fri Nov 15 21:58:41 GMT 2024","passed","Fri Nov 15 21:58:41 GMT 2024","","HYPERON-EXPERIMENTAL-SCRIPTS","HYPERON-EXPERIMENTAL-SCRIPTS",""
"","3","OPERATIONS-OVER-ATOMS---METTA-LANGUAGE4.02","","Fri Nov 15 22:11:40 GMT 2024","passed","Fri Nov 15 22:11:40 GMT 2024","","METTA-LANG","METTA-LANG",""
"","8000","hyperon-mettalog_sanity.max_time_tests","","Fri Nov 15 21:53:31 GMT 2024","passed","Fri Nov 15 21:53:39 GMT 2024","","WHOLE-TESTS","WHOLE-TESTS",""
"","61","B5-TYPES-PRELIM.02","","Fri Nov 15 21:58:41 GMT 2024","failed","Fri Nov 15 21:58:41 GMT 2024","","HYPERON-EXPERIMENTAL-SCRIPTS","HYPERON-EXPERIMENTAL-SCRIPTS",""
"","1","MATCH-VOID.02","","Fri Nov 15 22:31:07 GMT 2024","passed","Fri Nov 15 22:31:07 GMT 2024","","METTA-MORPH-TESTS","METTA-MORPH-TESTS",""
"","1","WORKING-WITH-SPACES---METTA-LANGUAGE6.04","","Fri Nov 15 22:11:40 GMT 2024","passed","Fri Nov 15 22:11:40 GMT 2024","","METTA-LANG","METTA-LANG",""
"","3","B5-TYPES-PRELIM.12","","Fri Nov 15 21:58:41 GMT 2024","passed","Fri Nov 15 21:58:41 GMT 2024","","HYPERON-EXPERIMENTAL-SCRIPTS","HYPERON-EXPERIMENTAL-SCRIPTS",""
"","3","WORKING-WITH-SPACES---METTA-LANGUAGE6.01","","Fri Nov 15 22:11:40 GMT 2024","passed","Fri Nov 15 22:11:40 GMT 2024","","METTA-LANG","METTA-LANG",""
"","9","D1-GADT.13","","Fri Nov 15 21:58:41 GMT 2024","passed","Fri Nov 15 21:58:41 GMT 2024","","HYPERON-EXPERIMENTAL-SCRIPTS","HYPERON-EXPERIMENTAL-SCRIPTS",""
"","55","BASIC-GROUNDED-FUNCTIONS---METTA-LANGUAGE4.04","","Fri Nov 15 22:11:40 GMT 2024","failed","Fri Nov 15 22:11:40 GMT 2024","","METTA-LANG","METTA-LANG",""
"","2","CONCRETE-TYPES---METTA-LANGUAGE12.02","","Fri Nov 15 22:11:40 GMT 2024","passed","Fri Nov 15 22:11:40 GMT 2024","","METTA-LANG","METTA-LANG",""
"","8000","hyperon-mettalog_sanity.what_evals_or_not","","Fri Nov 15 21:53:31 GMT 2024","passed","Fri Nov 15 21:53:39 GMT 2024","","WHOLE-TESTS","WHOLE-TESTS",""
"","3","WORKING-WITH-SPACES---METTA-LANGUAGE6.03","","Fri Nov 15 22:11:40 GMT 2024","passed","Fri Nov 15 22:11:40 GMT 2024","","METTA-LANG","METTA-LANG",""
"","2","TMPMATCH1.02","","Fri Nov 15 21:53:39 GMT 2024","passed","Fri Nov 15 21:53:39 GMT 2024","","ANTI-REGRESSION","ANTI-REGRESSION",""
"","2","F1-MODULEA.05","","Fri Nov 15 21:58:41 GMT 2024","passed","Fri Nov 15 21:58:41 GMT 2024","","HYPERON-EXPERIMENTAL-SCRIPTS","HYPERON-EXPERIMENTAL-SCRIPTS",""
"","4","BASIC-GROUNDED-FUNCTIONS---METTA-LANGUAGE6.01","","Fri Nov 15 22:11:40 GMT 2024","passed","Fri Nov 15 22:11:40 GMT 2024","","METTA-LANG","METTA-LANG",""
"","8000","hyperon-experimental_scripts.c3_pln_stv","","Fri Nov 15 21:53:31 GMT 2024","passed","Fri Nov 15 21:53:39 GMT 2024","","WHOLE-TESTS","WHOLE-TESTS",""
"","8000","metta_lang.Concrete_types___MeTTa_Language13","","Fri Nov 15 21:53:31 GMT 2024","passed","Fri Nov 15 21:53:39 GMT 2024","","WHOLE-TESTS","WHOLE-TESTS",""
"","8000","metta_lang.Basic_grounded_functions___MeTTa_Language1","","Fri Nov 15 21:53:31 GMT 2024","passed","Fri Nov 15 21:53:39 GMT 2024","","WHOLE-TESTS","WHOLE-TESTS",""
"","39","B5-TYPES-PRELIM.14","","Fri Nov 15 21:58:41 GMT 2024","failed","Fri Nov 15 21:58:41 GMT 2024","","HYPERON-EXPERIMENTAL-SCRIPTS","HYPERON-EXPERIMENTAL-SCRIPTS",""
"","5","C3-PLN-STV.01","","Fri Nov 15 21:58:41 GMT 2024","passed","Fri Nov 15 21:58:41 GMT 2024","","HYPERON-EXPERIMENTAL-SCRIPTS","HYPERON-EXPERIMENTAL-SCRIPTS",""
"","17","FUNCTIONS-AND-UNIFICATION---METTA-LANGUAGE5.02","","Fri Nov 15 22:11:40 GMT 2024","failed","Fri Nov 15 22:11:40 GMT 2024","","METTA-LANG","METTA-LANG",""
"","14","RECURSIVE-AND-PARAMETRIC-TYPES---METTA-LANGUAGE7.08","","Fri Nov 15 22:11:40 GMT 2024","passed","Fri Nov 15 22:11:40 GMT 2024","","METTA-LANG","METTA-LANG",""
"","12288","TIME-SYNTHESIZE-LONG.02","","Fri Nov 15 22:08:53 GMT 2024","failed","Fri Nov 15 22:09:05 GMT 2024","","SYNTH-BUFFER","SYNTH-BUFFER",""
"","3","OPERATIONS-OVER-ATOMS---METTA-LANGUAGE9.02","","Fri Nov 15 22:11:40 GMT 2024","passed","Fri Nov 15 22:11:40 GMT 2024","","METTA-LANG","METTA-LANG",""
"","8000","metta-morph_tests.collapse","","Fri Nov 15 21:53:31 GMT 2024","passed","Fri Nov 15 21:53:39 GMT 2024","","WHOLE-TESTS","WHOLE-TESTS",""
"","3","PRINT-GRAPH.01","","Fri Nov 15 21:56:39 GMT 2024","passed","Fri Nov 15 21:56:39 GMT 2024","","METTA-WAM-ISSUE-145","METTA-WAM-ISSUE-145",""
"","2","OR-TEST.06","","Fri Nov 15 22:01:48 GMT 2024","passed","Fri Nov 15 22:01:48 GMT 2024","","HYPERON-METTALOG-SANITY","HYPERON-METTALOG-SANITY",""
"","2","F1-IMPORTS.05","","Fri Nov 15 21:53:23 GMT 2024","passed","Fri Nov 15 21:53:23 GMT 2024","","MODULE-SYSTEM","MODULE-SYSTEM",""
"","2","CONTROL-FLOW---METTA-LANGUAGE7.01","","Fri Nov 15 22:11:40 GMT 2024","passed","Fri Nov 15 22:11:40 GMT 2024","","METTA-LANG","METTA-LANG",""
"","2","METATYPES---METTA-LANGUAGE1.08","","Fri Nov 15 22:11:40 GMT 2024","passed","Fri Nov 15 22:11:40 GMT 2024","","METTA-LANG","METTA-LANG",""
"","1","TMPMATCH2.04","","Fri Nov 15 21:53:39 GMT 2024","passed","Fri Nov 15 21:53:39 GMT 2024","","ANTI-REGRESSION","ANTI-REGRESSION",""
"","2","WHAT-EVALS-OR-NOT.04","","Fri Nov 15 22:01:48 GMT 2024","passed","Fri Nov 15 22:01:48 GMT 2024","","HYPERON-METTALOG-SANITY","HYPERON-METTALOG-SANITY",""
"","5","OR-TEST.14","","Fri Nov 15 22:01:48 GMT 2024","passed","Fri Nov 15 22:01:48 GMT 2024","","HYPERON-METTALOG-SANITY","HYPERON-METTALOG-SANITY",""
"","3","D1-GADT.11","","Fri Nov 15 21:58:41 GMT 2024","passed","Fri Nov 15 21:58:41 GMT 2024","","HYPERON-EXPERIMENTAL-SCRIPTS","HYPERON-EXPERIMENTAL-SCRIPTS",""
"","1","UNIQUE-TEST.05","","Fri Nov 15 22:01:48 GMT 2024","passed","Fri Nov 15 22:01:48 GMT 2024","","HYPERON-METTALOG-SANITY","HYPERON-METTALOG-SANITY",""
"","3","METTALOGTESTCURRIED2.01","","Fri Nov 15 21:53:39 GMT 2024","passed","Fri Nov 15 21:53:39 GMT 2024","","ANTI-REGRESSION","ANTI-REGRESSION",""
"","59","EVAL-FOR-TESTS.14","","Fri Nov 15 22:01:48 GMT 2024","failed","Fri Nov 15 22:01:48 GMT 2024","","HYPERON-METTALOG-SANITY","HYPERON-METTALOG-SANITY",""
"","2","CONSOLE-OUTPUT-AND-DEBUGGING---METTA-LANGUAGE5.04","","Fri Nov 15 22:11:40 GMT 2024","passed","Fri Nov 15 22:11:40 GMT 2024","","METTA-LANG","METTA-LANG",""
"","2","WORKING-WITH-SPACES---METTA-LANGUAGE3.07","","Fri Nov 15 22:11:40 GMT 2024","passed","Fri Nov 15 22:11:40 GMT 2024","","METTA-LANG","METTA-LANG",""
"","2","CONTROL-FLOW---METTA-LANGUAGE3.02","","Fri Nov 15 22:11:40 GMT 2024","passed","Fri Nov 15 22:11:40 GMT 2024","","METTA-LANG","METTA-LANG",""
"","2","C1-GROUNDED-BASIC.22","","Fri Nov 15 22:34:53 GMT 2024","passed","Fri Nov 15 22:34:53 GMT 2024","","QUICK","QUICK",""
"","8000","metta-morph_tests.peano","","Fri Nov 15 21:53:31 GMT 2024","passed","Fri Nov 15 21:53:39 GMT 2024","","WHOLE-TESTS","WHOLE-TESTS",""
"","8000","metta_lang.Functions_and_unification___MeTTa_Language7","","Fri Nov 15 21:53:31 GMT 2024","passed","Fri Nov 15 21:53:39 GMT 2024","","WHOLE-TESTS","WHOLE-TESTS",""
"","8000","metta_lang.Concrete_types___MeTTa_Language12","","Fri Nov 15 21:53:31 GMT 2024","passed","Fri Nov 15 21:53:39 GMT 2024","","WHOLE-TESTS","WHOLE-TESTS",""
"","3","CALL-CLEANUP-TESTS.09","","Fri Nov 15 22:01:48 GMT 2024","passed","Fri Nov 15 22:01:48 GMT 2024","","HYPERON-METTALOG-SANITY","HYPERON-METTALOG-SANITY",""
"","2","BASIC-EVALUATION---METTA-LANGUAGE10.02","","Fri Nov 15 22:11:40 GMT 2024","passed","Fri Nov 15 22:11:40 GMT 2024","","METTA-LANG","METTA-LANG",""
"","4","CONTROL-FLOW---METTA-LANGUAGE16.01","","Fri Nov 15 22:11:40 GMT 2024","passed","Fri Nov 15 22:11:40 GMT 2024","","METTA-LANG","METTA-LANG",""
"","4","E1-KB-WRITE.01","","Fri Nov 15 21:58:41 GMT 2024","passed","Fri Nov 15 21:58:41 GMT 2024","","HYPERON-EXPERIMENTAL-SCRIPTS","HYPERON-EXPERIMENTAL-SCRIPTS",""
"","12","BCHAIN-COMP.05","","Fri Nov 15 21:53:39 GMT 2024","passed","Fri Nov 15 21:53:39 GMT 2024","","ANTI-REGRESSION","ANTI-REGRESSION",""
"","8000","hyperon-experimental_scripts.f1_moduleA","","Fri Nov 15 21:53:31 GMT 2024","passed","Fri Nov 15 21:53:39 GMT 2024","","WHOLE-TESTS","WHOLE-TESTS",""
"","2","TMPMATCH2.01","","Fri Nov 15 21:53:39 GMT 2024","passed","Fri Nov 15 21:53:39 GMT 2024","","ANTI-REGRESSION","ANTI-REGRESSION",""
"","71","SEQUENTIAL-NESTED.11","","Fri Nov 15 22:31:07 GMT 2024","passed","Fri Nov 15 22:31:07 GMT 2024","","METTA-MORPH-TESTS","METTA-MORPH-TESTS",""
"","2","D2-HIGHERFUNC.17","","Fri Nov 15 21:58:41 GMT 2024","passed","Fri Nov 15 21:58:41 GMT 2024","","HYPERON-EXPERIMENTAL-SCRIPTS","HYPERON-EXPERIMENTAL-SCRIPTS",""
"","2","MATCH-VOID.09","","Fri Nov 15 22:31:07 GMT 2024","passed","Fri Nov 15 22:31:07 GMT 2024","","METTA-MORPH-TESTS","METTA-MORPH-TESTS",""
"","3","CONTROL-FLOW---METTA-LANGUAGE15.01","","Fri Nov 15 22:11:40 GMT 2024","passed","Fri Nov 15 22:11:40 GMT 2024","","METTA-LANG","METTA-LANG",""
"","4","SUPERCOLLAPSE.01","","Fri Nov 15 22:31:07 GMT 2024","passed","Fri Nov 15 22:31:07 GMT 2024","","METTA-MORPH-TESTS","METTA-MORPH-TESTS",""
"","2","CONTROLLING-PATTERN-MATCHING---METTA-LANGUAGE12.11","","Fri Nov 15 22:11:40 GMT 2024","passed","Fri Nov 15 22:11:40 GMT 2024","","METTA-LANG","METTA-LANG",""
"","157","TEST-SPO-5000.01","","Fri Nov 15 21:54:54 GMT 2024","passed","Fri Nov 15 21:54:54 GMT 2024","","METTA-WAM-ISSUE-116","METTA-WAM-ISSUE-116",""
"","2","D2-HIGHERFUNC.19","","Fri Nov 15 21:58:41 GMT 2024","passed","Fri Nov 15 21:58:41 GMT 2024","","HYPERON-EXPERIMENTAL-SCRIPTS","HYPERON-EXPERIMENTAL-SCRIPTS",""
"","1","RECURSIVE-AND-PARAMETRIC-TYPES---METTA-LANGUAGE2.02","","Fri Nov 15 22:11:40 GMT 2024","passed","Fri Nov 15 22:11:40 GMT 2024","","METTA-LANG","METTA-LANG",""
"","4","BCHAIN.06","","Fri Nov 15 21:53:39 GMT 2024","passed","Fri Nov 15 21:53:39 GMT 2024","","ANTI-REGRESSION","ANTI-REGRESSION",""
"","2","OPERATIONS-OVER-ATOMS---METTA-LANGUAGE8.02","","Fri Nov 15 22:11:40 GMT 2024","passed","Fri Nov 15 22:11:40 GMT 2024","","METTA-LANG","METTA-LANG",""
"","2","B4-NONDETERM.09","","Fri Nov 15 21:58:41 GMT 2024","passed","Fri Nov 15 21:58:41 GMT 2024","","HYPERON-EXPERIMENTAL-SCRIPTS","HYPERON-EXPERIMENTAL-SCRIPTS",""
"","3","CONSOLE-OUTPUT-AND-DEBUGGING---METTA-LANGUAGE3.05","","Fri Nov 15 22:11:40 GMT 2024","passed","Fri Nov 15 22:11:40 GMT 2024","","METTA-LANG","METTA-LANG",""
"","8000","metta_lang.Recursion_and_control___MeTTa_Language8","","Fri Nov 15 21:53:31 GMT 2024","passed","Fri Nov 15 21:53:39 GMT 2024","","WHOLE-TESTS","WHOLE-TESTS",""
"","2","TYPES3.01","","Fri Nov 15 22:31:07 GMT 2024","passed","Fri Nov 15 22:31:07 GMT 2024","","METTA-MORPH-TESTS","METTA-MORPH-TESTS",""
"","2","E2-STATES.02","","Fri Nov 15 21:58:41 GMT 2024","passed","Fri Nov 15 21:58:41 GMT 2024","","HYPERON-EXPERIMENTAL-SCRIPTS","HYPERON-EXPERIMENTAL-SCRIPTS",""
"","46","D5-AUTO-TYPES.02","","Fri Nov 15 21:58:41 GMT 2024","failed","Fri Nov 15 21:58:41 GMT 2024","","HYPERON-EXPERIMENTAL-SCRIPTS","HYPERON-EXPERIMENTAL-SCRIPTS",""
"","2","QUERYING-SPACE-CONTENT---METTA-LANGUAGE2.02","","Fri Nov 15 22:11:40 GMT 2024","passed","Fri Nov 15 22:11:40 GMT 2024","","METTA-LANG","METTA-LANG",""
"","3","BCHAIN.05","","Fri Nov 15 21:53:39 GMT 2024","passed","Fri Nov 15 21:53:39 GMT 2024","","ANTI-REGRESSION","ANTI-REGRESSION",""
"","4","SEALED-TEST.03","","Fri Nov 15 22:01:48 GMT 2024","passed","Fri Nov 15 22:01:48 GMT 2024","","HYPERON-METTALOG-SANITY","HYPERON-METTALOG-SANITY",""
"","5","OPERATIONS-OVER-ATOMS---METTA-LANGUAGE6.01","","Fri Nov 15 22:11:40 GMT 2024","passed","Fri Nov 15 22:11:40 GMT 2024","","METTA-LANG","METTA-LANG",""
"","3","E2-STATES.03","","Fri Nov 15 21:58:41 GMT 2024","passed","Fri Nov 15 21:58:41 GMT 2024","","HYPERON-EXPERIMENTAL-SCRIPTS","HYPERON-EXPERIMENTAL-SCRIPTS",""
"","8000","metta_lang.Handling_nondeterministic_results___MeTTa_Language4","","Fri Nov 15 21:53:31 GMT 2024","passed","Fri Nov 15 21:53:39 GMT 2024","","WHOLE-TESTS","WHOLE-TESTS",""
"","12","MINIMAL-METTA-TESTS.05","","Fri Nov 15 22:01:48 GMT 2024","failed","Fri Nov 15 22:01:48 GMT 2024","","HYPERON-METTALOG-SANITY","HYPERON-METTALOG-SANITY",""
"","3","EVAL-FOR-TESTS.08","","Fri Nov 15 22:01:48 GMT 2024","passed","Fri Nov 15 22:01:48 GMT 2024","","HYPERON-METTALOG-SANITY","HYPERON-METTALOG-SANITY",""
"","2","E2-STATES.06","","Fri Nov 15 21:58:41 GMT 2024","passed","Fri Nov 15 21:58:41 GMT 2024","","HYPERON-EXPERIMENTAL-SCRIPTS","HYPERON-EXPERIMENTAL-SCRIPTS",""
"","13","CONCRETE-TYPES---METTA-LANGUAGE11.01","","Fri Nov 15 22:11:40 GMT 2024","passed","Fri Nov 15 22:11:40 GMT 2024","","METTA-LANG","METTA-LANG",""
"","82","CONCRETE-TYPES---METTA-LANGUAGE13.04","","Fri Nov 15 22:11:40 GMT 2024","failed","Fri Nov 15 22:11:40 GMT 2024","","METTA-LANG","METTA-LANG",""
"","116","SPACE-INTERSECTION-TESTS.09","","Fri Nov 15 22:01:48 GMT 2024","failed","Fri Nov 15 22:01:48 GMT 2024","","HYPERON-METTALOG-SANITY","HYPERON-METTALOG-SANITY",""
"","2","TYPES2.05","","Fri Nov 15 22:31:07 GMT 2024","passed","Fri Nov 15 22:31:07 GMT 2024","","METTA-MORPH-TESTS","METTA-MORPH-TESTS",""
"","1","BASIC-GROUNDED-FUNCTIONS---METTA-LANGUAGE8.02","","Fri Nov 15 22:11:40 GMT 2024","passed","Fri Nov 15 22:11:40 GMT 2024","","METTA-LANG","METTA-LANG",""
"","8000","metta_lang.Controlling_pattern_matching___MeTTa_Language10","","Fri Nov 15 21:53:31 GMT 2024","passed","Fri Nov 15 21:53:39 GMT 2024","","WHOLE-TESTS","WHOLE-TESTS",""
"","12","ARITY-TESTS.06","","Fri Nov 15 22:01:48 GMT 2024","failed","Fri Nov 15 22:01:48 GMT 2024","","HYPERON-METTALOG-SANITY","HYPERON-METTALOG-SANITY",""
"","3","FIND-ALL-TESTS.04","","Fri Nov 15 22:01:48 GMT 2024","passed","Fri Nov 15 22:01:48 GMT 2024","","HYPERON-METTALOG-SANITY","HYPERON-METTALOG-SANITY",""
"","1","F1-IMPORTS.12","","Fri Nov 15 22:34:53 GMT 2024","passed","Fri Nov 15 22:34:53 GMT 2024","","QUICK","QUICK",""
"","8000","metta_lang.Control_flow___MeTTa_Language15","","Fri Nov 15 21:53:31 GMT 2024","passed","Fri Nov 15 21:53:39 GMT 2024","","WHOLE-TESTS","WHOLE-TESTS",""
"","2","SUPERCOLLAPSE.06","","Fri Nov 15 22:31:07 GMT 2024","passed","Fri Nov 15 22:31:07 GMT 2024","","METTA-MORPH-TESTS","METTA-MORPH-TESTS",""
"","5","METATYPES---METTA-LANGUAGE7.01","","Fri Nov 15 22:11:40 GMT 2024","passed","Fri Nov 15 22:11:40 GMT 2024","","METTA-LANG","METTA-LANG",""
"","3","XOR-TEST.01","","Fri Nov 15 22:01:48 GMT 2024","passed","Fri Nov 15 22:01:48 GMT 2024","","HYPERON-METTALOG-SANITY","HYPERON-METTALOG-SANITY",""
"","75","BASIC-EVALUATION---METTA-LANGUAGE15.03","","Fri Nov 15 22:11:40 GMT 2024","failed","Fri Nov 15 22:11:40 GMT 2024","","METTA-LANG","METTA-LANG",""
"","8000","hyperon-experimental_scripts.d3_deptypes","","Fri Nov 15 21:53:31 GMT 2024","passed","Fri Nov 15 21:53:39 GMT 2024","","WHOLE-TESTS","WHOLE-TESTS",""
"","2","FUNCTIONS-AND-UNIFICATION---METTA-LANGUAGE2.06","","Fri Nov 15 22:11:40 GMT 2024","passed","Fri Nov 15 22:11:40 GMT 2024","","METTA-LANG","METTA-LANG",""
"","2","CONTROLLING-PATTERN-MATCHING---METTA-LANGUAGE12.13","","Fri Nov 15 22:11:40 GMT 2024","passed","Fri Nov 15 22:11:40 GMT 2024","","METTA-LANG","METTA-LANG",""
"","4","CONCRETE-TYPES---METTA-LANGUAGE7.01","","Fri Nov 15 22:11:40 GMT 2024","passed","Fri Nov 15 22:11:40 GMT 2024","","METTA-LANG","METTA-LANG",""
"","8000","metta_lang.Recursion_and_control___MeTTa_Language1","","Fri Nov 15 21:53:31 GMT 2024","passed","Fri Nov 15 21:53:39 GMT 2024","","WHOLE-TESTS","WHOLE-TESTS",""
"","115","SPACE-INTERSECTION-TESTS.17","","Fri Nov 15 22:01:48 GMT 2024","failed","Fri Nov 15 22:01:48 GMT 2024","","HYPERON-METTALOG-SANITY","HYPERON-METTALOG-SANITY",""
"","67","HANDLING-NONDETERMINISTIC-RESULTS---METTA-LANGUAGE7.04","","Fri Nov 15 22:11:40 GMT 2024","passed","Fri Nov 15 22:11:40 GMT 2024","","METTA-LANG","METTA-LANG",""
"","2","OPERATIONS-OVER-ATOMS---METTA-LANGUAGE1.03","","Fri Nov 15 22:11:40 GMT 2024","passed","Fri Nov 15 22:11:40 GMT 2024","","METTA-LANG","METTA-LANG",""
"","3","RECURSION-AND-CONTROL---METTA-LANGUAGE8.01","","Fri Nov 15 22:11:40 GMT 2024","passed","Fri Nov 15 22:11:40 GMT 2024","","METTA-LANG","METTA-LANG",""
"","8000","hyperon-mettalog_sanity.01_lang_inc","","Fri Nov 15 21:53:31 GMT 2024","passed","Fri Nov 15 21:53:39 GMT 2024","","WHOLE-TESTS","WHOLE-TESTS",""
"","1","D2-HIGHERFUNC.06","","Fri Nov 15 21:58:41 GMT 2024","passed","Fri Nov 15 21:58:41 GMT 2024","","HYPERON-EXPERIMENTAL-SCRIPTS","HYPERON-EXPERIMENTAL-SCRIPTS",""
"","2","HANDLING-NONDETERMINISTIC-RESULTS---METTA-LANGUAGE5.01","","Fri Nov 15 22:11:40 GMT 2024","passed","Fri Nov 15 22:11:40 GMT 2024","","METTA-LANG","METTA-LANG",""
"","113","PY-TYPES.05","","Fri Nov 15 22:01:48 GMT 2024","failed","Fri Nov 15 22:01:48 GMT 2024","","HYPERON-METTALOG-SANITY","HYPERON-METTALOG-SANITY",""
"","5","BASIC-GROUNDED-FUNCTIONS---METTA-LANGUAGE5.01","","Fri Nov 15 22:11:40 GMT 2024","passed","Fri Nov 15 22:11:40 GMT 2024","","METTA-LANG","METTA-LANG",""
"","2","MATCH-VOID.06","","Fri Nov 15 22:31:07 GMT 2024","passed","Fri Nov 15 22:31:07 GMT 2024","","METTA-MORPH-TESTS","METTA-MORPH-TESTS",""
"","14","E3-MATCH-STATES.05","","Fri Nov 15 21:58:41 GMT 2024","failed","Fri Nov 15 21:58:41 GMT 2024","","HYPERON-EXPERIMENTAL-SCRIPTS","HYPERON-EXPERIMENTAL-SCRIPTS",""
"","1","SEQUENTIAL-NESTED.06","","Fri Nov 15 22:31:07 GMT 2024","passed","Fri Nov 15 22:31:07 GMT 2024","","METTA-MORPH-TESTS","METTA-MORPH-TESTS",""
"","4246","PY-TYPES-2.01","","Fri Nov 15 22:01:48 GMT 2024","passed","Fri Nov 15 22:01:52 GMT 2024","","HYPERON-METTALOG-SANITY","HYPERON-METTALOG-SANITY",""
"","2","HYPERPOSE.06","","Fri Nov 15 22:31:07 GMT 2024","passed","Fri Nov 15 22:31:07 GMT 2024","","METTA-MORPH-TESTS","METTA-MORPH-TESTS",""
"","58","MINIMAL-METTA-TESTS.12","","Fri Nov 15 22:01:48 GMT 2024","passed","Fri Nov 15 22:01:48 GMT 2024","","HYPERON-METTALOG-SANITY","HYPERON-METTALOG-SANITY",""
"","8","D1-GADT.05","","Fri Nov 15 21:58:41 GMT 2024","passed","Fri Nov 15 21:58:41 GMT 2024","","HYPERON-EXPERIMENTAL-SCRIPTS","HYPERON-EXPERIMENTAL-SCRIPTS",""
"","2","WORKING-WITH-SPACES---METTA-LANGUAGE1.08","","Fri Nov 15 22:11:40 GMT 2024","passed","Fri Nov 15 22:11:40 GMT 2024","","METTA-LANG","METTA-LANG",""
"","3","D2-HIGHERFUNC.09","","Fri Nov 15 22:34:53 GMT 2024","passed","Fri Nov 15 22:34:53 GMT 2024","","QUICK","QUICK",""
"","146","MINIMAL-METTA-TESTS.30","","Fri Nov 15 22:01:48 GMT 2024","failed","Fri Nov 15 22:01:48 GMT 2024","","HYPERON-METTALOG-SANITY","HYPERON-METTALOG-SANITY",""
"","4","BASIC-GROUNDED-FUNCTIONS---METTA-LANGUAGE4.01","","Fri Nov 15 22:11:40 GMT 2024","passed","Fri Nov 15 22:11:40 GMT 2024","","METTA-LANG","METTA-LANG",""
"","10","MINIMAL-METTA-TESTS.40","","Fri Nov 15 22:01:48 GMT 2024","failed","Fri Nov 15 22:01:48 GMT 2024","","HYPERON-METTALOG-SANITY","HYPERON-METTALOG-SANITY",""
"","2","C1-GROUNDED-BASIC.09","","Fri Nov 15 21:58:41 GMT 2024","passed","Fri Nov 15 21:58:41 GMT 2024","","HYPERON-EXPERIMENTAL-SCRIPTS","HYPERON-EXPERIMENTAL-SCRIPTS",""
"","2","CONSOLE-OUTPUT-AND-DEBUGGING---METTA-LANGUAGE2.08","","Fri Nov 15 22:11:40 GMT 2024","passed","Fri Nov 15 22:11:40 GMT 2024","","METTA-LANG","METTA-LANG",""
"","1","CONTROL-FLOW---METTA-LANGUAGE2.02","","Fri Nov 15 22:11:40 GMT 2024","passed","Fri Nov 15 22:11:40 GMT 2024","","METTA-LANG","METTA-LANG",""
"","8000","hyperon-experimental_scripts.c1_grounded_basic","","Fri Nov 15 21:53:31 GMT 2024","passed","Fri Nov 15 21:53:39 GMT 2024","","WHOLE-TESTS","WHOLE-TESTS",""
"","2","C2-SPACES.04","","Fri Nov 15 21:53:23 GMT 2024","passed","Fri Nov 15 21:53:23 GMT 2024","","MODULE-SYSTEM","MODULE-SYSTEM",""
"","2","OPERATIONS-OVER-ATOMS---METTA-LANGUAGE6.02","","Fri Nov 15 22:11:40 GMT 2024","passed","Fri Nov 15 22:11:40 GMT 2024","","METTA-LANG","METTA-LANG",""
"","2","SUBTRACTION-TEST.03","","Fri Nov 15 22:01:48 GMT 2024","passed","Fri Nov 15 22:01:48 GMT 2024","","HYPERON-METTALOG-SANITY","HYPERON-METTALOG-SANITY",""
"","3","RUST-01.01","","Fri Nov 15 22:35:41 GMT 2024","passed","Fri Nov 15 22:35:41 GMT 2024","","BASELINE-COMPAT","BASELINE-COMPAT",""
"","93","BASE-TEST-REPR-PARSE-INTERSECTION.02","","Fri Nov 15 22:01:48 GMT 2024","passed","Fri Nov 15 22:01:48 GMT 2024","","HYPERON-METTALOG-SANITY","HYPERON-METTALOG-SANITY",""
"","1","WORKING-WITH-SPACES---METTA-LANGUAGE6.02","","Fri Nov 15 22:11:40 GMT 2024","passed","Fri Nov 15 22:11:40 GMT 2024","","METTA-LANG","METTA-LANG",""
"","227","WORKING-WITH-SPACES---METTA-LANGUAGE4.04","","Fri Nov 15 22:11:40 GMT 2024","failed","Fri Nov 15 22:11:40 GMT 2024","","METTA-LANG","METTA-LANG",""
"","2","B4-NONDETERM.05","","Fri Nov 15 21:58:41 GMT 2024","passed","Fri Nov 15 21:58:41 GMT 2024","","HYPERON-EXPERIMENTAL-SCRIPTS","HYPERON-EXPERIMENTAL-SCRIPTS",""
"","8000","metta_lang.Recursive_and_parametric_types___MeTTa_Language8","","Fri Nov 15 21:53:31 GMT 2024","passed","Fri Nov 15 21:53:39 GMT 2024","","WHOLE-TESTS","WHOLE-TESTS",""
"","2","C1-GROUNDED-BASIC.18","","Fri Nov 15 22:34:53 GMT 2024","passed","Fri Nov 15 22:34:53 GMT 2024","","QUICK","QUICK",""
"","1","MATCH-VOID.03","","Fri Nov 15 22:31:07 GMT 2024","passed","Fri Nov 15 22:31:07 GMT 2024","","METTA-MORPH-TESTS","METTA-MORPH-TESTS",""
"","89","MINIMAL-METTA-TESTS.23","","Fri Nov 15 22:01:48 GMT 2024","passed","Fri Nov 15 22:01:48 GMT 2024","","HYPERON-METTALOG-SANITY","HYPERON-METTALOG-SANITY",""
"","3","CONTROLLING-PATTERN-MATCHING---METTA-LANGUAGE5.02","","Fri Nov 15 22:11:40 GMT 2024","passed","Fri Nov 15 22:11:40 GMT 2024","","METTA-LANG","METTA-LANG",""
"","3","D2-HIGHERFUNC.05","","Fri Nov 15 22:34:53 GMT 2024","passed","Fri Nov 15 22:34:53 GMT 2024","","QUICK","QUICK",""
"","199","TIME-SYNTHESIZE.03","","Fri Nov 15 22:08:53 GMT 2024","failed","Fri Nov 15 22:08:53 GMT 2024","","SYNTH-BUFFER","SYNTH-BUFFER",""
"","2","F1-IMPORTS.18","","Fri Nov 15 22:34:53 GMT 2024","passed","Fri Nov 15 22:34:53 GMT 2024","","QUICK","QUICK",""
"","5","C1-GROUNDED-BASIC.06","","Fri Nov 15 21:58:41 GMT 2024","passed","Fri Nov 15 21:58:41 GMT 2024","","HYPERON-EXPERIMENTAL-SCRIPTS","HYPERON-EXPERIMENTAL-SCRIPTS",""
"","2","CONTROL-FLOW---METTA-LANGUAGE11.01","","Fri Nov 15 22:11:40 GMT 2024","passed","Fri Nov 15 22:11:40 GMT 2024","","METTA-LANG","METTA-LANG",""
"","89","MINIMAL-METTA-TESTS.15","","Fri Nov 15 22:01:48 GMT 2024","passed","Fri Nov 15 22:01:48 GMT 2024","","HYPERON-METTALOG-SANITY","HYPERON-METTALOG-SANITY",""
"","64","BASIC-GROUNDED-FUNCTIONS---METTA-LANGUAGE5.03","","Fri Nov 15 22:11:40 GMT 2024","failed","Fri Nov 15 22:11:40 GMT 2024","","METTA-LANG","METTA-LANG",""
"","2","CONTROL-FLOW---METTA-LANGUAGE16.02","","Fri Nov 15 22:11:40 GMT 2024","passed","Fri Nov 15 22:11:40 GMT 2024","","METTA-LANG","METTA-LANG",""
"","84","WORKING-WITH-SPACES---METTA-LANGUAGE5.02","","Fri Nov 15 22:11:40 GMT 2024","passed","Fri Nov 15 22:11:40 GMT 2024","","METTA-LANG","METTA-LANG",""
"","4","RECURSION-AND-CONTROL---METTA-LANGUAGE6.01","","Fri Nov 15 22:11:40 GMT 2024","passed","Fri Nov 15 22:11:40 GMT 2024","","METTA-LANG","METTA-LANG",""
"","3","SEQUENTIAL-NESTED.01","","Fri Nov 15 22:31:07 GMT 2024","passed","Fri Nov 15 22:31:07 GMT 2024","","METTA-MORPH-TESTS","METTA-MORPH-TESTS",""
"","2","CONTROLLING-PATTERN-MATCHING---METTA-LANGUAGE11.04","","Fri Nov 15 22:11:40 GMT 2024","passed","Fri Nov 15 22:11:40 GMT 2024","","METTA-LANG","METTA-LANG",""
"","4","BASIC-GROUNDED-FUNCTIONS---METTA-LANGUAGE7.01","","Fri Nov 15 22:11:40 GMT 2024","passed","Fri Nov 15 22:11:40 GMT 2024","","METTA-LANG","METTA-LANG",""
"","5","RECURSIVE-AND-PARAMETRIC-TYPES---METTA-LANGUAGE7.01","","Fri Nov 15 22:11:40 GMT 2024","passed","Fri Nov 15 22:11:40 GMT 2024","","METTA-LANG","METTA-LANG",""
"","2","D4-TYPE-PROP.02","","Fri Nov 15 22:34:53 GMT 2024","passed","Fri Nov 15 22:34:53 GMT 2024","","QUICK","QUICK",""
"","2","RECURSIVE-AND-PARAMETRIC-TYPES---METTA-LANGUAGE7.06","","Fri Nov 15 22:11:40 GMT 2024","passed","Fri Nov 15 22:11:40 GMT 2024","","METTA-LANG","METTA-LANG",""
"","1","UNIQUE-TEST.03","","Fri Nov 15 22:01:48 GMT 2024","passed","Fri Nov 15 22:01:48 GMT 2024","","HYPERON-METTALOG-SANITY","HYPERON-METTALOG-SANITY",""
"","2","03-SORING-VIA-INSERT.04","","Fri Nov 15 22:01:48 GMT 2024","passed","Fri Nov 15 22:01:48 GMT 2024","","HYPERON-METTALOG-SANITY","HYPERON-METTALOG-SANITY",""
"","3","CONTROLLING-PATTERN-MATCHING---METTA-LANGUAGE4.04","","Fri Nov 15 22:11:40 GMT 2024","passed","Fri Nov 15 22:11:40 GMT 2024","","METTA-LANG","METTA-LANG",""
"","29000","metta-wam-issue-116.test_spo_116378","","Fri Nov 15 21:53:31 GMT 2024","passed","Fri Nov 15 21:54:00 GMT 2024","","WHOLE-TESTS","WHOLE-TESTS",""
"","8000","metta_lang.Operations_over_atoms___MeTTa_Language7","","Fri Nov 15 21:53:31 GMT 2024","passed","Fri Nov 15 21:53:39 GMT 2024","","WHOLE-TESTS","WHOLE-TESTS",""
"","3","HANDLING-NONDETERMINISTIC-RESULTS---METTA-LANGUAGE7.03","","Fri Nov 15 22:11:40 GMT 2024","passed","Fri Nov 15 22:11:40 GMT 2024","","METTA-LANG","METTA-LANG",""
"","3","FUNCTIONAL-PROGRAMMING-TESTS.09","","Fri Nov 15 22:01:48 GMT 2024","passed","Fri Nov 15 22:01:48 GMT 2024","","HYPERON-METTALOG-SANITY","HYPERON-METTALOG-SANITY",""
"","13","CONCRETE-TYPES---METTA-LANGUAGE6.01","","Fri Nov 15 22:11:40 GMT 2024","failed","Fri Nov 15 22:11:40 GMT 2024","","METTA-LANG","METTA-LANG",""
"","4","SUPERPOSE-NESTED.01","","Fri Nov 15 22:31:07 GMT 2024","passed","Fri Nov 15 22:31:07 GMT 2024","","METTA-MORPH-TESTS","METTA-MORPH-TESTS",""
"","2","B5-TYPES-PRELIM.25","","Fri Nov 15 21:58:41 GMT 2024","passed","Fri Nov 15 21:58:41 GMT 2024","","HYPERON-EXPERIMENTAL-SCRIPTS","HYPERON-EXPERIMENTAL-SCRIPTS",""
"","101","RECURSIVE-AND-PARAMETRIC-TYPES---METTA-LANGUAGE1.03","","Fri Nov 15 22:11:40 GMT 2024","failed","Fri Nov 15 22:11:40 GMT 2024","","METTA-LANG","METTA-LANG",""
"","2","B1-EQUAL-CHAIN.03","","Fri Nov 15 21:58:41 GMT 2024","passed","Fri Nov 15 21:58:41 GMT 2024","","HYPERON-EXPERIMENTAL-SCRIPTS","HYPERON-EXPERIMENTAL-SCRIPTS",""
"","2","ZEROARGS.02","","Fri Nov 15 22:31:07 GMT 2024","passed","Fri Nov 15 22:31:07 GMT 2024","","METTA-MORPH-TESTS","METTA-MORPH-TESTS",""
"","8000","metta-morph_tests.zeroargs","","Fri Nov 15 21:53:31 GMT 2024","passed","Fri Nov 15 21:53:39 GMT 2024","","WHOLE-TESTS","WHOLE-TESTS",""
"","2","C2-SPACES.03","","Fri Nov 15 21:58:41 GMT 2024","passed","Fri Nov 15 21:58:41 GMT 2024","","HYPERON-EXPERIMENTAL-SCRIPTS","HYPERON-EXPERIMENTAL-SCRIPTS",""
"","5","SPACE-SUBTRACTION-TESTS.11","","Fri Nov 15 22:01:48 GMT 2024","passed","Fri Nov 15 22:01:48 GMT 2024","","HYPERON-METTALOG-SANITY","HYPERON-METTALOG-SANITY",""
"","2","D2-HIGHERFUNC.15","","Fri Nov 15 22:34:53 GMT 2024","passed","Fri Nov 15 22:34:53 GMT 2024","","QUICK","QUICK",""
"","3","CONSOLE-OUTPUT-AND-DEBUGGING---METTA-LANGUAGE3.03","","Fri Nov 15 22:11:40 GMT 2024","passed","Fri Nov 15 22:11:40 GMT 2024","","METTA-LANG","METTA-LANG",""
"","8000","metta_lang.Control_flow___MeTTa_Language8","","Fri Nov 15 21:53:31 GMT 2024","passed","Fri Nov 15 21:53:39 GMT 2024","","WHOLE-TESTS","WHOLE-TESTS",""
"","2","INTERSECTION-TESTS.15","","Fri Nov 15 22:01:48 GMT 2024","passed","Fri Nov 15 22:01:48 GMT 2024","","HYPERON-METTALOG-SANITY","HYPERON-METTALOG-SANITY",""
"","8000","metta_lang.Free_variables_and_nondeterminism_again,_recursively___MeTTa_Language1","","Fri Nov 15 21:53:31 GMT 2024","passed","Fri Nov 15 21:53:39 GMT 2024","","WHOLE-TESTS","WHOLE-TESTS",""
"","43","BC-COMP.06","","Fri Nov 15 21:53:39 GMT 2024","passed","Fri Nov 15 21:53:39 GMT 2024","","ANTI-REGRESSION","ANTI-REGRESSION",""
"","67","CONSOLE-OUTPUT-AND-DEBUGGING---METTA-LANGUAGE5.02","","Fri Nov 15 22:11:40 GMT 2024","failed","Fri Nov 15 22:11:40 GMT 2024","","METTA-LANG","METTA-LANG",""
"","45","CONSOLE-OUTPUT-AND-DEBUGGING---METTA-LANGUAGE2.07","","Fri Nov 15 22:11:40 GMT 2024","failed","Fri Nov 15 22:11:40 GMT 2024","","METTA-LANG","METTA-LANG",""
"","3","03-SORING-VIA-INSERT.06","","Fri Nov 15 22:01:48 GMT 2024","passed","Fri Nov 15 22:01:48 GMT 2024","","HYPERON-METTALOG-SANITY","HYPERON-METTALOG-SANITY",""
"","4","OPERATIONS-OVER-ATOMS---METTA-LANGUAGE3.01","","Fri Nov 15 22:11:40 GMT 2024","passed","Fri Nov 15 22:11:40 GMT 2024","","METTA-LANG","METTA-LANG",""
"","3","B0-CHAINING-PRELIM.01","","Fri Nov 15 21:58:41 GMT 2024","passed","Fri Nov 15 21:58:41 GMT 2024","","HYPERON-EXPERIMENTAL-SCRIPTS","HYPERON-EXPERIMENTAL-SCRIPTS",""
"","8000","metta_lang.Recursive_and_parametric_types___MeTTa_Language5","","Fri Nov 15 21:53:31 GMT 2024","passed","Fri Nov 15 21:53:39 GMT 2024","","WHOLE-TESTS","WHOLE-TESTS",""
"","2","CONTROLLING-PATTERN-MATCHING---METTA-LANGUAGE12.15","","Fri Nov 15 22:11:40 GMT 2024","passed","Fri Nov 15 22:11:40 GMT 2024","","METTA-LANG","METTA-LANG",""
"","99","EVAL-FOR-TESTS.12","","Fri Nov 15 22:01:48 GMT 2024","failed","Fri Nov 15 22:01:48 GMT 2024","","HYPERON-METTALOG-SANITY","HYPERON-METTALOG-SANITY",""
"","2","C1-GROUNDED-BASIC.22","","Fri Nov 15 21:58:41 GMT 2024","passed","Fri Nov 15 21:58:41 GMT 2024","","HYPERON-EXPERIMENTAL-SCRIPTS","HYPERON-EXPERIMENTAL-SCRIPTS",""
"","3","00-LANG-CASE.17","","Fri Nov 15 22:01:48 GMT 2024","passed","Fri Nov 15 22:01:48 GMT 2024","","HYPERON-METTALOG-SANITY","HYPERON-METTALOG-SANITY",""
"","3","D2-HIGHERFUNC.02","","Fri Nov 15 22:34:53 GMT 2024","passed","Fri Nov 15 22:34:53 GMT 2024","","QUICK","QUICK",""
"","2","CALL-TESTS.12","","Fri Nov 15 22:01:48 GMT 2024","passed","Fri Nov 15 22:01:48 GMT 2024","","HYPERON-METTALOG-SANITY","HYPERON-METTALOG-SANITY",""
"","4","CONCRETE-TYPES---METTA-LANGUAGE1.01","","Fri Nov 15 22:11:40 GMT 2024","passed","Fri Nov 15 22:11:40 GMT 2024","","METTA-LANG","METTA-LANG",""
"","1","TMPMATCH1.03","","Fri Nov 15 21:53:39 GMT 2024","passed","Fri Nov 15 21:53:39 GMT 2024","","ANTI-REGRESSION","ANTI-REGRESSION",""
"","4","F1-MODULEA.01","","Fri Nov 15 22:34:53 GMT 2024","passed","Fri Nov 15 22:34:53 GMT 2024","","QUICK","QUICK",""
"","7000","metta_lang.Recursive_and_parametric_types___MeTTa_Language6","","Fri Nov 15 21:53:31 GMT 2024","passed","Fri Nov 15 21:53:38 GMT 2024","","WHOLE-TESTS","WHOLE-TESTS",""
"","2","CONCRETE-TYPES---METTA-LANGUAGE3.01","","Fri Nov 15 22:11:40 GMT 2024","passed","Fri Nov 15 22:11:40 GMT 2024","","METTA-LANG","METTA-LANG",""
"","8000","metta-morph_tests.factorial","","Fri Nov 15 21:53:31 GMT 2024","passed","Fri Nov 15 21:53:39 GMT 2024","","WHOLE-TESTS","WHOLE-TESTS",""
"","2","OPERATIONS-OVER-ATOMS---METTA-LANGUAGE4.01","","Fri Nov 15 22:11:40 GMT 2024","passed","Fri Nov 15 22:11:40 GMT 2024","","METTA-LANG","METTA-LANG",""
"","2","BASIC-GROUNDED-FUNCTIONS---METTA-LANGUAGE1.02","","Fri Nov 15 22:11:40 GMT 2024","passed","Fri Nov 15 22:11:40 GMT 2024","","METTA-LANG","METTA-LANG",""
"","89","D5-AUTO-TYPES.07","","Fri Nov 15 21:58:41 GMT 2024","failed","Fri Nov 15 21:58:41 GMT 2024","","HYPERON-EXPERIMENTAL-SCRIPTS","HYPERON-EXPERIMENTAL-SCRIPTS",""
"","1","F1-IMPORTS.13","","Fri Nov 15 22:34:53 GMT 2024","passed","Fri Nov 15 22:34:53 GMT 2024","","QUICK","QUICK",""
"","2","CALL-TESTS.05","","Fri Nov 15 22:01:48 GMT 2024","passed","Fri Nov 15 22:01:48 GMT 2024","","HYPERON-METTALOG-SANITY","HYPERON-METTALOG-SANITY",""
"","2","RECURSION-AND-CONTROL---METTA-LANGUAGE3.05","","Fri Nov 15 22:11:40 GMT 2024","passed","Fri Nov 15 22:11:40 GMT 2024","","METTA-LANG","METTA-LANG",""
"","2","C1-GROUNDED-BASIC.02","","Fri Nov 15 21:58:41 GMT 2024","passed","Fri Nov 15 21:58:41 GMT 2024","","HYPERON-EXPERIMENTAL-SCRIPTS","HYPERON-EXPERIMENTAL-SCRIPTS",""
"","1","LIMIT-TESTS.04","","Fri Nov 15 22:01:48 GMT 2024","passed","Fri Nov 15 22:01:48 GMT 2024","","HYPERON-METTALOG-SANITY","HYPERON-METTALOG-SANITY",""
"","2","INTERSECTION-TESTS.04","","Fri Nov 15 22:01:48 GMT 2024","passed","Fri Nov 15 22:01:48 GMT 2024","","HYPERON-METTALOG-SANITY","HYPERON-METTALOG-SANITY",""
"","67","D2-HIGHERFUNC.07","","Fri Nov 15 22:34:53 GMT 2024","failed","Fri Nov 15 22:34:53 GMT 2024","","QUICK","QUICK",""
"","102","BASIC-EVALUATION---METTA-LANGUAGE15.04","","Fri Nov 15 22:11:40 GMT 2024","passed","Fri Nov 15 22:11:40 GMT 2024","","METTA-LANG","METTA-LANG",""
"","5","HANDLING-NONDETERMINISTIC-RESULTS---METTA-LANGUAGE1.01","","Fri Nov 15 22:11:40 GMT 2024","passed","Fri Nov 15 22:11:40 GMT 2024","","METTA-LANG","METTA-LANG",""
"","2","FUNCTIONS-AND-UNIFICATION---METTA-LANGUAGE3.02","","Fri Nov 15 22:11:40 GMT 2024","passed","Fri Nov 15 22:11:40 GMT 2024","","METTA-LANG","METTA-LANG",""
"","2","INTERSECTION-TESTS.24","","Fri Nov 15 22:01:48 GMT 2024","passed","Fri Nov 15 22:01:48 GMT 2024","","HYPERON-METTALOG-SANITY","HYPERON-METTALOG-SANITY",""
"","2","CONTROLLING-PATTERN-MATCHING---METTA-LANGUAGE1.02","","Fri Nov 15 22:11:40 GMT 2024","passed","Fri Nov 15 22:11:40 GMT 2024","","METTA-LANG","METTA-LANG",""
"","2","D1-GADT.11","","Fri Nov 15 22:34:53 GMT 2024","passed","Fri Nov 15 22:34:53 GMT 2024","","QUICK","QUICK",""
"","2","TEST-IF-CLOSED.05","","Fri Nov 15 21:53:39 GMT 2024","passed","Fri Nov 15 21:53:39 GMT 2024","","ANTI-REGRESSION","ANTI-REGRESSION",""
"","76","FUNCTIONAL-PROGRAMMING-TESTS.08","","Fri Nov 15 22:01:48 GMT 2024","failed","Fri Nov 15 22:01:48 GMT 2024","","HYPERON-METTALOG-SANITY","HYPERON-METTALOG-SANITY",""
"","3","F1-IMPORTS.14","","Fri Nov 15 21:53:23 GMT 2024","passed","Fri Nov 15 21:53:23 GMT 2024","","MODULE-SYSTEM","MODULE-SYSTEM",""
"","108","B4-NONDETERM.10","","Fri Nov 15 21:58:41 GMT 2024","passed","Fri Nov 15 21:58:41 GMT 2024","","HYPERON-EXPERIMENTAL-SCRIPTS","HYPERON-EXPERIMENTAL-SCRIPTS",""
"","11000","metta-wam-issue-116.test_spo_1000","","Fri Nov 15 21:53:31 GMT 2024","passed","Fri Nov 15 21:53:42 GMT 2024","","WHOLE-TESTS","WHOLE-TESTS",""
"","1","C1-GROUNDED-BASIC.13","","Fri Nov 15 22:34:53 GMT 2024","passed","Fri Nov 15 22:34:53 GMT 2024","","QUICK","QUICK",""
"","2","OR-TEST.08","","Fri Nov 15 22:01:48 GMT 2024","passed","Fri Nov 15 22:01:48 GMT 2024","","HYPERON-METTALOG-SANITY","HYPERON-METTALOG-SANITY",""
"","8000","metta_lang.Console_output_and_debugging___MeTTa_Language4","","Fri Nov 15 21:53:31 GMT 2024","passed","Fri Nov 15 21:53:39 GMT 2024","","WHOLE-TESTS","WHOLE-TESTS",""
"","1","INTERSECTION-TESTS.09","","Fri Nov 15 22:01:48 GMT 2024","passed","Fri Nov 15 22:01:48 GMT 2024","","HYPERON-METTALOG-SANITY","HYPERON-METTALOG-SANITY",""
"","1","STATES-SPACES.02","","Fri Nov 15 22:31:07 GMT 2024","passed","Fri Nov 15 22:31:07 GMT 2024","","METTA-MORPH-TESTS","METTA-MORPH-TESTS",""
"","1","WORKING-WITH-SPACES---METTA-LANGUAGE9.02","","Fri Nov 15 22:11:40 GMT 2024","passed","Fri Nov 15 22:11:40 GMT 2024","","METTA-LANG","METTA-LANG",""
"","3","MINIMAL-METTA-TESTS.41","","Fri Nov 15 22:01:48 GMT 2024","passed","Fri Nov 15 22:01:48 GMT 2024","","HYPERON-METTALOG-SANITY","HYPERON-METTALOG-SANITY",""
"","7000","hyperon-mettalog_sanity.py_types_2","","Fri Nov 15 21:53:31 GMT 2024","passed","Fri Nov 15 21:53:38 GMT 2024","","WHOLE-TESTS","WHOLE-TESTS",""
"","8000","hyperon-experimental_scripts.b5_types_prelim","","Fri Nov 15 21:53:31 GMT 2024","passed","Fri Nov 15 21:53:39 GMT 2024","","WHOLE-TESTS","WHOLE-TESTS",""
"","1","CATCH-THROW-TESTS.10","","Fri Nov 15 22:01:48 GMT 2024","passed","Fri Nov 15 22:01:48 GMT 2024","","HYPERON-METTALOG-SANITY","HYPERON-METTALOG-SANITY",""
"","5","BASIC-GROUNDED-FUNCTIONS---METTA-LANGUAGE3.01","","Fri Nov 15 22:11:40 GMT 2024","passed","Fri Nov 15 22:11:40 GMT 2024","","METTA-LANG","METTA-LANG",""
"","9","D1-GADT.13","","Fri Nov 15 22:34:53 GMT 2024","passed","Fri Nov 15 22:34:53 GMT 2024","","QUICK","QUICK",""
"","2","CONTROLLING-PATTERN-MATCHING---METTA-LANGUAGE6.04","","Fri Nov 15 22:11:40 GMT 2024","passed","Fri Nov 15 22:11:40 GMT 2024","","METTA-LANG","METTA-LANG",""
"","3","TESTS0.05","","Fri Nov 15 22:31:07 GMT 2024","passed","Fri Nov 15 22:31:07 GMT 2024","","METTA-MORPH-TESTS","METTA-MORPH-TESTS",""
"","4","SPACE-SUBTRACTION-TESTS.05","","Fri Nov 15 22:01:48 GMT 2024","passed","Fri Nov 15 22:01:48 GMT 2024","","HYPERON-METTALOG-SANITY","HYPERON-METTALOG-SANITY",""
"","3","HANDLING-NONDETERMINISTIC-RESULTS---METTA-LANGUAGE8.07","","Fri Nov 15 22:11:40 GMT 2024","passed","Fri Nov 15 22:11:40 GMT 2024","","METTA-LANG","METTA-LANG",""
"","8000","metta-morph_tests.identity","","Fri Nov 15 21:53:31 GMT 2024","passed","Fri Nov 15 21:53:39 GMT 2024","","WHOLE-TESTS","WHOLE-TESTS",""
"","95","FUNCTIONS-AND-UNIFICATION---METTA-LANGUAGE3.04","","Fri Nov 15 22:11:40 GMT 2024","passed","Fri Nov 15 22:11:40 GMT 2024","","METTA-LANG","METTA-LANG",""
"","7000","hyperon-mettalog_sanity.03-soring-via-insert","","Fri Nov 15 21:53:31 GMT 2024","passed","Fri Nov 15 21:53:38 GMT 2024","","WHOLE-TESTS","WHOLE-TESTS",""
"","68","MINIMAL-METTA-TESTS.14","","Fri Nov 15 22:01:48 GMT 2024","passed","Fri Nov 15 22:01:48 GMT 2024","","HYPERON-METTALOG-SANITY","HYPERON-METTALOG-SANITY",""
"","8000","metta_lang.Querying_space_content___MeTTa_Language4","","Fri Nov 15 21:53:31 GMT 2024","passed","Fri Nov 15 21:53:39 GMT 2024","","WHOLE-TESTS","WHOLE-TESTS",""
"","69","B4-NONDETERM.03","","Fri Nov 15 21:58:41 GMT 2024","passed","Fri Nov 15 21:58:41 GMT 2024","","HYPERON-EXPERIMENTAL-SCRIPTS","HYPERON-EXPERIMENTAL-SCRIPTS",""
"","2","FIRST-ANSWER.01","","Fri Nov 15 22:01:48 GMT 2024","passed","Fri Nov 15 22:01:48 GMT 2024","","HYPERON-METTALOG-SANITY","HYPERON-METTALOG-SANITY",""
"","8000","anti-regression.comma_is_not_special","","Fri Nov 15 21:53:31 GMT 2024","passed","Fri Nov 15 21:53:39 GMT 2024","","WHOLE-TESTS","WHOLE-TESTS",""
"","5","BASIC-EVALUATION---METTA-LANGUAGE6.01","","Fri Nov 15 22:11:40 GMT 2024","passed","Fri Nov 15 22:11:40 GMT 2024","","METTA-LANG","METTA-LANG",""
"","3","D3-DEPTYPES.06","","Fri Nov 15 21:58:41 GMT 2024","passed","Fri Nov 15 21:58:41 GMT 2024","","HYPERON-EXPERIMENTAL-SCRIPTS","HYPERON-EXPERIMENTAL-SCRIPTS",""
"","3","00-LANG-CASE.16","","Fri Nov 15 22:01:48 GMT 2024","passed","Fri Nov 15 22:01:48 GMT 2024","","HYPERON-METTALOG-SANITY","HYPERON-METTALOG-SANITY",""
"","2","D3-DEPTYPES.02","","Fri Nov 15 21:58:41 GMT 2024","passed","Fri Nov 15 21:58:41 GMT 2024","","HYPERON-EXPERIMENTAL-SCRIPTS","HYPERON-EXPERIMENTAL-SCRIPTS",""
"","3","RECURSIVE-AND-PARAMETRIC-TYPES---METTA-LANGUAGE9.02","","Fri Nov 15 22:11:40 GMT 2024","passed","Fri Nov 15 22:11:40 GMT 2024","","METTA-LANG","METTA-LANG",""
"","2","C3-PLN-STV.02","","Fri Nov 15 21:58:41 GMT 2024","passed","Fri Nov 15 21:58:41 GMT 2024","","HYPERON-EXPERIMENTAL-SCRIPTS","HYPERON-EXPERIMENTAL-SCRIPTS",""
"","2","OUTPUT-LOAD-TESTS.10","","Fri Nov 15 22:01:48 GMT 2024","passed","Fri Nov 15 22:01:48 GMT 2024","","HYPERON-METTALOG-SANITY","HYPERON-METTALOG-SANITY",""
"","3","OR-TEST.10","","Fri Nov 15 22:01:48 GMT 2024","passed","Fri Nov 15 22:01:48 GMT 2024","","HYPERON-METTALOG-SANITY","HYPERON-METTALOG-SANITY",""
"","8000","metta_lang.Basic_grounded_functions___MeTTa_Language4","","Fri Nov 15 21:53:31 GMT 2024","passed","Fri Nov 15 21:53:39 GMT 2024","","WHOLE-TESTS","WHOLE-TESTS",""
"","1","C1-GROUNDED-BASIC.21","","Fri Nov 15 21:58:41 GMT 2024","passed","Fri Nov 15 21:58:41 GMT 2024","","HYPERON-EXPERIMENTAL-SCRIPTS","HYPERON-EXPERIMENTAL-SCRIPTS",""
"","8000","metta_lang.Recursion_and_control___MeTTa_Language3","","Fri Nov 15 21:53:31 GMT 2024","passed","Fri Nov 15 21:53:39 GMT 2024","","WHOLE-TESTS","WHOLE-TESTS",""
"","2","LIMIT-TESTS.16","","Fri Nov 15 22:01:48 GMT 2024","passed","Fri Nov 15 22:01:48 GMT 2024","","HYPERON-METTALOG-SANITY","HYPERON-METTALOG-SANITY",""
"","3","CONTROL-FLOW---METTA-LANGUAGE14.01","","Fri Nov 15 22:11:40 GMT 2024","passed","Fri Nov 15 22:11:40 GMT 2024","","METTA-LANG","METTA-LANG",""
"","80","HANDLING-NONDETERMINISTIC-RESULTS---METTA-LANGUAGE6.04","","Fri Nov 15 22:11:40 GMT 2024","passed","Fri Nov 15 22:11:40 GMT 2024","","METTA-LANG","METTA-LANG",""
"","2","BCHAIN.02","","Fri Nov 15 21:53:39 GMT 2024","passed","Fri Nov 15 21:53:39 GMT 2024","","ANTI-REGRESSION","ANTI-REGRESSION",""
"","1","D1-GADT.08","","Fri Nov 15 22:34:53 GMT 2024","passed","Fri Nov 15 22:34:53 GMT 2024","","QUICK","QUICK",""
"","2","MATCH-SUPERPOSED-SPACES.04","","Fri Nov 15 22:31:07 GMT 2024","passed","Fri Nov 15 22:31:07 GMT 2024","","METTA-MORPH-TESTS","METTA-MORPH-TESTS",""
"","1","00-LANG-CASE.06","","Fri Nov 15 22:01:48 GMT 2024","passed","Fri Nov 15 22:01:48 GMT 2024","","HYPERON-METTALOG-SANITY","HYPERON-METTALOG-SANITY",""
"","2","FUNCTIONAL-PROGRAMMING-TESTS.07","","Fri Nov 15 22:01:48 GMT 2024","passed","Fri Nov 15 22:01:48 GMT 2024","","HYPERON-METTALOG-SANITY","HYPERON-METTALOG-SANITY",""
"","18","F1-IMPORTS.04","","Fri Nov 15 21:53:23 GMT 2024","failed","Fri Nov 15 21:53:23 GMT 2024","","MODULE-SYSTEM","MODULE-SYSTEM",""
"","8000","metta_lang.Handling_nondeterministic_results___MeTTa_Language8","","Fri Nov 15 21:53:31 GMT 2024","passed","Fri Nov 15 21:53:39 GMT 2024","","WHOLE-TESTS","WHOLE-TESTS",""
"","5","C2-SPACES.01","","Fri Nov 15 21:53:23 GMT 2024","passed","Fri Nov 15 21:53:23 GMT 2024","","MODULE-SYSTEM","MODULE-SYSTEM",""
"","14","D1-GADT.09","","Fri Nov 15 22:34:53 GMT 2024","passed","Fri Nov 15 22:34:53 GMT 2024","","QUICK","QUICK",""
"","124","BASE-TEST-REPR-PARSE-INTERSECTION.01","","Fri Nov 15 22:01:48 GMT 2024","passed","Fri Nov 15 22:01:48 GMT 2024","","HYPERON-METTALOG-SANITY","HYPERON-METTALOG-SANITY",""
"","2","RECURSIVE-AND-PARAMETRIC-TYPES---METTA-LANGUAGE5.05","","Fri Nov 15 22:11:40 GMT 2024","passed","Fri Nov 15 22:11:40 GMT 2024","","METTA-LANG","METTA-LANG",""
"","2","OUTPUT-LOAD-TESTS.02","","Fri Nov 15 22:01:48 GMT 2024","passed","Fri Nov 15 22:01:48 GMT 2024","","HYPERON-METTALOG-SANITY","HYPERON-METTALOG-SANITY",""
"","3","F1-MODULEA.08","","Fri Nov 15 21:58:41 GMT 2024","passed","Fri Nov 15 21:58:41 GMT 2024","","HYPERON-EXPERIMENTAL-SCRIPTS","HYPERON-EXPERIMENTAL-SCRIPTS",""
"","126","WORKING-WITH-SPACES---METTA-LANGUAGE2.01","","Fri Nov 15 22:11:40 GMT 2024","failed","Fri Nov 15 22:11:40 GMT 2024","","METTA-LANG","METTA-LANG",""
"","8000","metta_lang.Functions_and_unification___MeTTa_Language2","","Fri Nov 15 21:53:31 GMT 2024","passed","Fri Nov 15 21:53:39 GMT 2024","","WHOLE-TESTS","WHOLE-TESTS",""
"","101","INTERSECTION-TESTS.06","","Fri Nov 15 22:01:48 GMT 2024","passed","Fri Nov 15 22:01:48 GMT 2024","","HYPERON-METTALOG-SANITY","HYPERON-METTALOG-SANITY",""
"","3","RECURSION-AND-CONTROL---METTA-LANGUAGE2.04","","Fri Nov 15 22:11:40 GMT 2024","passed","Fri Nov 15 22:11:40 GMT 2024","","METTA-LANG","METTA-LANG",""
"","8000","metta_lang.Handling_nondeterministic_results___MeTTa_Language1","","Fri Nov 15 21:53:31 GMT 2024","passed","Fri Nov 15 21:53:39 GMT 2024","","WHOLE-TESTS","WHOLE-TESTS",""
"","118","SPACE-INTERSECTION-TESTS.08","","Fri Nov 15 22:01:48 GMT 2024","failed","Fri Nov 15 22:01:48 GMT 2024","","HYPERON-METTALOG-SANITY","HYPERON-METTALOG-SANITY",""
"","2","WHAT-EVALS-OR-NOT.06","","Fri Nov 15 22:01:48 GMT 2024","passed","Fri Nov 15 22:01:48 GMT 2024","","HYPERON-METTALOG-SANITY","HYPERON-METTALOG-SANITY",""
"","3","OR-TEST.04","","Fri Nov 15 22:01:48 GMT 2024","passed","Fri Nov 15 22:01:48 GMT 2024","","HYPERON-METTALOG-SANITY","HYPERON-METTALOG-SANITY",""
"","4","CONTROLLING-PATTERN-MATCHING---METTA-LANGUAGE4.01","","Fri Nov 15 22:11:40 GMT 2024","passed","Fri Nov 15 22:11:40 GMT 2024","","METTA-LANG","METTA-LANG",""
"","7000","anti-regression.test_if_closed","","Fri Nov 15 21:53:31 GMT 2024","passed","Fri Nov 15 21:53:38 GMT 2024","","WHOLE-TESTS","WHOLE-TESTS",""
"","8000","metta_lang.Control_flow___MeTTa_Language4","","Fri Nov 15 21:53:31 GMT 2024","passed","Fri Nov 15 21:53:39 GMT 2024","","WHOLE-TESTS","WHOLE-TESTS",""
"","3","METATYPES---METTA-LANGUAGE2.03","","Fri Nov 15 22:11:40 GMT 2024","passed","Fri Nov 15 22:11:40 GMT 2024","","METTA-LANG","METTA-LANG",""
"","20","BCHAIN-COMP.04","","Fri Nov 15 21:53:39 GMT 2024","passed","Fri Nov 15 21:53:39 GMT 2024","","ANTI-REGRESSION","ANTI-REGRESSION",""
"","2","CATCH-THROW-TESTS.02","","Fri Nov 15 22:01:48 GMT 2024","passed","Fri Nov 15 22:01:48 GMT 2024","","HYPERON-METTALOG-SANITY","HYPERON-METTALOG-SANITY",""
"","1","CONSOLE-OUTPUT-AND-DEBUGGING---METTA-LANGUAGE5.06","","Fri Nov 15 22:11:40 GMT 2024","passed","Fri Nov 15 22:11:40 GMT 2024","","METTA-LANG","METTA-LANG",""
"","2","B1-EQUAL-CHAIN.04","","Fri Nov 15 21:58:41 GMT 2024","passed","Fri Nov 15 21:58:41 GMT 2024","","HYPERON-EXPERIMENTAL-SCRIPTS","HYPERON-EXPERIMENTAL-SCRIPTS",""
"","1","HYPERPOSE-TESTS.03","","Fri Nov 15 22:01:48 GMT 2024","passed","Fri Nov 15 22:01:48 GMT 2024","","HYPERON-METTALOG-SANITY","HYPERON-METTALOG-SANITY",""
"","64","D2-HIGHERFUNC.07","","Fri Nov 15 21:58:41 GMT 2024","failed","Fri Nov 15 21:58:41 GMT 2024","","HYPERON-EXPERIMENTAL-SCRIPTS","HYPERON-EXPERIMENTAL-SCRIPTS",""
"","3","D4-TYPE-PROP.16","","Fri Nov 15 22:34:53 GMT 2024","passed","Fri Nov 15 22:34:53 GMT 2024","","QUICK","QUICK",""
"","2","D2-HIGHERFUNC.13","","Fri Nov 15 21:58:41 GMT 2024","passed","Fri Nov 15 21:58:41 GMT 2024","","HYPERON-EXPERIMENTAL-SCRIPTS","HYPERON-EXPERIMENTAL-SCRIPTS",""
"","132","MINIMAL-METTA-TESTS.28","","Fri Nov 15 22:01:48 GMT 2024","failed","Fri Nov 15 22:01:48 GMT 2024","","HYPERON-METTALOG-SANITY","HYPERON-METTALOG-SANITY",""
"","2","FUNCTIONS-AND-UNIFICATION---METTA-LANGUAGE4.02","","Fri Nov 15 22:11:40 GMT 2024","passed","Fri Nov 15 22:11:40 GMT 2024","","METTA-LANG","METTA-LANG",""
"","5","NESTED-QUERIES-AND-RECURSIVE-GRAPH-TRAVERSAL---METTA-LANGUAGE3.01","","Fri Nov 15 22:11:40 GMT 2024","passed","Fri Nov 15 22:11:40 GMT 2024","","METTA-LANG","METTA-LANG",""
"","3","D4-TYPE-PROP.04","","Fri Nov 15 21:58:41 GMT 2024","passed","Fri Nov 15 21:58:41 GMT 2024","","HYPERON-EXPERIMENTAL-SCRIPTS","HYPERON-EXPERIMENTAL-SCRIPTS",""
"","100","F1-IMPORTS.16","","Fri Nov 15 21:58:41 GMT 2024","passed","Fri Nov 15 21:58:41 GMT 2024","","HYPERON-EXPERIMENTAL-SCRIPTS","HYPERON-EXPERIMENTAL-SCRIPTS",""
"","2","OPERATIONS-OVER-ATOMS---METTA-LANGUAGE2.03","","Fri Nov 15 22:11:40 GMT 2024","passed","Fri Nov 15 22:11:40 GMT 2024","","METTA-LANG","METTA-LANG",""
"","8000","metta-morph_tests.superpose_nested","","Fri Nov 15 21:53:31 GMT 2024","passed","Fri Nov 15 21:53:39 GMT 2024","","WHOLE-TESTS","WHOLE-TESTS",""
"","8000","hyperon-mettalog_sanity.sealed_test","","Fri Nov 15 21:53:31 GMT 2024","passed","Fri Nov 15 21:53:39 GMT 2024","","WHOLE-TESTS","WHOLE-TESTS",""
"","6","UNIQUE-TEST.11","","Fri Nov 15 22:01:48 GMT 2024","passed","Fri Nov 15 22:01:48 GMT 2024","","HYPERON-METTALOG-SANITY","HYPERON-METTALOG-SANITY",""
"","2","STATES-SPACES.04","","Fri Nov 15 22:31:07 GMT 2024","passed","Fri Nov 15 22:31:07 GMT 2024","","METTA-MORPH-TESTS","METTA-MORPH-TESTS",""
"","2","WORKING-WITH-SPACES---METTA-LANGUAGE1.04","","Fri Nov 15 22:11:40 GMT 2024","passed","Fri Nov 15 22:11:40 GMT 2024","","METTA-LANG","METTA-LANG",""
"","2","OPERATIONS-OVER-ATOMS---METTA-LANGUAGE2.05","","Fri Nov 15 22:11:40 GMT 2024","passed","Fri Nov 15 22:11:40 GMT 2024","","METTA-LANG","METTA-LANG",""
"","3","06-MATCH-IN-SPACE.01","","Fri Nov 15 22:01:48 GMT 2024","passed","Fri Nov 15 22:01:48 GMT 2024","","HYPERON-METTALOG-SANITY","HYPERON-METTALOG-SANITY",""
"","3","B2-BACKCHAIN.01","","Fri Nov 15 21:58:41 GMT 2024","passed","Fri Nov 15 21:58:41 GMT 2024","","HYPERON-EXPERIMENTAL-SCRIPTS","HYPERON-EXPERIMENTAL-SCRIPTS",""
"","3","CONTROL-FLOW---METTA-LANGUAGE15.04","","Fri Nov 15 22:11:40 GMT 2024","passed","Fri Nov 15 22:11:40 GMT 2024","","METTA-LANG","METTA-LANG",""
"","41000","anti-regression.mettalogTestCurried","","Fri Nov 15 21:53:31 GMT 2024","failed","Fri Nov 15 21:54:12 GMT 2024","","WHOLE-TESTS","WHOLE-TESTS",""
"","2","E1-KB-WRITE.02","","Fri Nov 15 21:58:41 GMT 2024","passed","Fri Nov 15 21:58:41 GMT 2024","","HYPERON-EXPERIMENTAL-SCRIPTS","HYPERON-EXPERIMENTAL-SCRIPTS",""
"","5","BASIC-EVALUATION---METTA-LANGUAGE3.01","","Fri Nov 15 22:11:40 GMT 2024","passed","Fri Nov 15 22:11:40 GMT 2024","","METTA-LANG","METTA-LANG",""
"","47","BC-COMP.03","","Fri Nov 15 21:53:39 GMT 2024","failed","Fri Nov 15 21:53:39 GMT 2024","","ANTI-REGRESSION","ANTI-REGRESSION",""
"","4","HYPERPOSE-TESTS.01","","Fri Nov 15 22:01:48 GMT 2024","passed","Fri Nov 15 22:01:48 GMT 2024","","HYPERON-METTALOG-SANITY","HYPERON-METTALOG-SANITY",""
"","3","FREE-VARIABLES-AND-NONDETERMINISM-AGAIN-RECURSIVELY---METTA-LANGUAGE5.02","","Fri Nov 15 22:11:40 GMT 2024","passed","Fri Nov 15 22:11:40 GMT 2024","","METTA-LANG","METTA-LANG",""
"","2","SUPERCOLLAPSE.04","","Fri Nov 15 22:31:07 GMT 2024","passed","Fri Nov 15 22:31:07 GMT 2024","","METTA-MORPH-TESTS","METTA-MORPH-TESTS",""
"","31","CONSOLE-OUTPUT-AND-DEBUGGING---METTA-LANGUAGE5.03","","Fri Nov 15 22:11:40 GMT 2024","failed","Fri Nov 15 22:11:40 GMT 2024","","METTA-LANG","METTA-LANG",""
"","110","EVAL-FOR-TESTS.01","","Fri Nov 15 22:01:48 GMT 2024","failed","Fri Nov 15 22:01:48 GMT 2024","","HYPERON-METTALOG-SANITY","HYPERON-METTALOG-SANITY",""
"","2","CATCH-THROW-TESTS.03","","Fri Nov 15 22:01:48 GMT 2024","passed","Fri Nov 15 22:01:48 GMT 2024","","HYPERON-METTALOG-SANITY","HYPERON-METTALOG-SANITY",""
"","3","UNIQUE-TEST.07","","Fri Nov 15 22:01:48 GMT 2024","passed","Fri Nov 15 22:01:48 GMT 2024","","HYPERON-METTALOG-SANITY","HYPERON-METTALOG-SANITY",""
"","3","BASIC-EVALUATION---METTA-LANGUAGE6.02","","Fri Nov 15 22:11:40 GMT 2024","passed","Fri Nov 15 22:11:40 GMT 2024","","METTA-LANG","METTA-LANG",""
"","138","WORKING-WITH-SPACES---METTA-LANGUAGE1.10","","Fri Nov 15 22:11:40 GMT 2024","failed","Fri Nov 15 22:11:40 GMT 2024","","METTA-LANG","METTA-LANG",""
"","3","D1-GADT.12","","Fri Nov 15 22:34:53 GMT 2024","passed","Fri Nov 15 22:34:53 GMT 2024","","QUICK","QUICK",""
"","2","FUNCTIONS-AND-UNIFICATION---METTA-LANGUAGE4.01","","Fri Nov 15 22:11:40 GMT 2024","passed","Fri Nov 15 22:11:40 GMT 2024","","METTA-LANG","METTA-LANG",""
"","8000","metta_lang.Controlling_pattern_matching___MeTTa_Language12","","Fri Nov 15 21:53:31 GMT 2024","passed","Fri Nov 15 21:53:39 GMT 2024","","WHOLE-TESTS","WHOLE-TESTS",""
"","8000","metta_lang.Functions_and_unification___MeTTa_Language6","","Fri Nov 15 21:53:31 GMT 2024","passed","Fri Nov 15 21:53:39 GMT 2024","","WHOLE-TESTS","WHOLE-TESTS",""
"","3","CONSOLE-OUTPUT-AND-DEBUGGING---METTA-LANGUAGE2.01","","Fri Nov 15 22:11:40 GMT 2024","passed","Fri Nov 15 22:11:40 GMT 2024","","METTA-LANG","METTA-LANG",""
"","3","CONTROLLING-PATTERN-MATCHING---METTA-LANGUAGE10.04","","Fri Nov 15 22:11:40 GMT 2024","passed","Fri Nov 15 22:11:40 GMT 2024","","METTA-LANG","METTA-LANG",""
"","8000","metta_lang.Basic_evaluation___MeTTa_Language12","","Fri Nov 15 21:53:31 GMT 2024","passed","Fri Nov 15 21:53:39 GMT 2024","","WHOLE-TESTS","WHOLE-TESTS",""
"","3","WORKING-WITH-SPACES---METTA-LANGUAGE12.03","","Fri Nov 15 22:11:40 GMT 2024","passed","Fri Nov 15 22:11:40 GMT 2024","","METTA-LANG","METTA-LANG",""
"","2","D4-TYPE-PROP.06","","Fri Nov 15 21:58:41 GMT 2024","passed","Fri Nov 15 21:58:41 GMT 2024","","HYPERON-EXPERIMENTAL-SCRIPTS","HYPERON-EXPERIMENTAL-SCRIPTS",""
"","2","CONCRETE-TYPES---METTA-LANGUAGE7.05","","Fri Nov 15 22:11:40 GMT 2024","passed","Fri Nov 15 22:11:40 GMT 2024","","METTA-LANG","METTA-LANG",""
"","2","D4-TYPE-PROP.11","","Fri Nov 15 21:58:41 GMT 2024","passed","Fri Nov 15 21:58:41 GMT 2024","","HYPERON-EXPERIMENTAL-SCRIPTS","HYPERON-EXPERIMENTAL-SCRIPTS",""
"","2","RECURSIVE-AND-PARAMETRIC-TYPES---METTA-LANGUAGE2.03","","Fri Nov 15 22:11:40 GMT 2024","passed","Fri Nov 15 22:11:40 GMT 2024","","METTA-LANG","METTA-LANG",""
"","2","E2-STATES.09","","Fri Nov 15 21:58:41 GMT 2024","passed","Fri Nov 15 21:58:41 GMT 2024","","HYPERON-EXPERIMENTAL-SCRIPTS","HYPERON-EXPERIMENTAL-SCRIPTS",""
"","2","FIND-ALL-TESTS.02","","Fri Nov 15 22:01:48 GMT 2024","passed","Fri Nov 15 22:01:48 GMT 2024","","HYPERON-METTALOG-SANITY","HYPERON-METTALOG-SANITY",""
"","1","WORKING-WITH-SPACES---METTA-LANGUAGE3.08","","Fri Nov 15 22:11:40 GMT 2024","passed","Fri Nov 15 22:11:40 GMT 2024","","METTA-LANG","METTA-LANG",""
"","3","FUNCTIONS-AND-UNIFICATION---METTA-LANGUAGE7.03","","Fri Nov 15 22:11:40 GMT 2024","passed","Fri Nov 15 22:11:40 GMT 2024","","METTA-LANG","METTA-LANG",""
"","8000","metta_lang.Functions_and_unification___MeTTa_Language5","","Fri Nov 15 21:53:31 GMT 2024","passed","Fri Nov 15 21:53:39 GMT 2024","","WHOLE-TESTS","WHOLE-TESTS",""
"","6","G1-DOCS.01","","Fri Nov 15 21:58:41 GMT 2024","passed","Fri Nov 15 21:58:41 GMT 2024","","HYPERON-EXPERIMENTAL-SCRIPTS","HYPERON-EXPERIMENTAL-SCRIPTS",""
"","8000","metta-morph_tests.match_void","","Fri Nov 15 21:53:31 GMT 2024","passed","Fri Nov 15 21:53:39 GMT 2024","","WHOLE-TESTS","WHOLE-TESTS",""
"","1","D2-HIGHERFUNC.14","","Fri Nov 15 21:58:41 GMT 2024","passed","Fri Nov 15 21:58:41 GMT 2024","","HYPERON-EXPERIMENTAL-SCRIPTS","HYPERON-EXPERIMENTAL-SCRIPTS",""
"","2","MINIMAL-METTA-TESTS.42","","Fri Nov 15 22:01:48 GMT 2024","passed","Fri Nov 15 22:01:48 GMT 2024","","HYPERON-METTALOG-SANITY","HYPERON-METTALOG-SANITY",""
"","8000","metta_lang.Controlling_pattern_matching___MeTTa_Language6","","Fri Nov 15 21:53:31 GMT 2024","passed","Fri Nov 15 21:53:39 GMT 2024","","WHOLE-TESTS","WHOLE-TESTS",""
"","8000","metta_lang.Console_output_and_debugging___MeTTa_Language1","","Fri Nov 15 21:53:31 GMT 2024","passed","Fri Nov 15 21:53:39 GMT 2024","","WHOLE-TESTS","WHOLE-TESTS",""
"","1","B4-NONDETERM.06","","Fri Nov 15 21:58:41 GMT 2024","passed","Fri Nov 15 21:58:41 GMT 2024","","HYPERON-EXPERIMENTAL-SCRIPTS","HYPERON-EXPERIMENTAL-SCRIPTS",""
"","4","CONTROLLING-PATTERN-MATCHING---METTA-LANGUAGE12.01","","Fri Nov 15 22:11:40 GMT 2024","passed","Fri Nov 15 22:11:40 GMT 2024","","METTA-LANG","METTA-LANG",""
"","2","LIMIT-TESTS.06","","Fri Nov 15 22:01:48 GMT 2024","passed","Fri Nov 15 22:01:48 GMT 2024","","HYPERON-METTALOG-SANITY","HYPERON-METTALOG-SANITY",""
"","1","HYPERPOSE.02","","Fri Nov 15 22:31:07 GMT 2024","passed","Fri Nov 15 22:31:07 GMT 2024","","METTA-MORPH-TESTS","METTA-MORPH-TESTS",""
"","5","METATYPES---METTA-LANGUAGE4.01","","Fri Nov 15 22:11:40 GMT 2024","passed","Fri Nov 15 22:11:40 GMT 2024","","METTA-LANG","METTA-LANG",""
"","55","RECURSIVE-AND-PARAMETRIC-TYPES---METTA-LANGUAGE8.02","","Fri Nov 15 22:11:40 GMT 2024","failed","Fri Nov 15 22:11:40 GMT 2024","","METTA-LANG","METTA-LANG",""
"","8000","hyperon-experimental_scripts.d2_higherfunc","","Fri Nov 15 21:53:31 GMT 2024","passed","Fri Nov 15 21:53:39 GMT 2024","","WHOLE-TESTS","WHOLE-TESTS",""
"","4","PEANO.01","","Fri Nov 15 22:31:07 GMT 2024","passed","Fri Nov 15 22:31:07 GMT 2024","","METTA-MORPH-TESTS","METTA-MORPH-TESTS",""
"","8000","metta_lang.Working_with_spaces___MeTTa_Language1","","Fri Nov 15 21:53:31 GMT 2024","passed","Fri Nov 15 21:53:39 GMT 2024","","WHOLE-TESTS","WHOLE-TESTS",""
"","3","FUNCTIONS-AND-UNIFICATION---METTA-LANGUAGE1.03","","Fri Nov 15 22:11:40 GMT 2024","passed","Fri Nov 15 22:11:40 GMT 2024","","METTA-LANG","METTA-LANG",""
"","8000","hyperon-experimental_scripts.c2_spaces","","Fri Nov 15 21:53:31 GMT 2024","passed","Fri Nov 15 21:53:39 GMT 2024","","WHOLE-TESTS","WHOLE-TESTS",""
"","2","C3-PLN-STV.03","","Fri Nov 15 21:58:41 GMT 2024","passed","Fri Nov 15 21:58:41 GMT 2024","","HYPERON-EXPERIMENTAL-SCRIPTS","HYPERON-EXPERIMENTAL-SCRIPTS",""
"","3","RECURSIVE-AND-PARAMETRIC-TYPES---METTA-LANGUAGE7.02","","Fri Nov 15 22:11:40 GMT 2024","passed","Fri Nov 15 22:11:40 GMT 2024","","METTA-LANG","METTA-LANG",""
"","3","RECURSIVE-AND-PARAMETRIC-TYPES---METTA-LANGUAGE7.03","","Fri Nov 15 22:11:40 GMT 2024","passed","Fri Nov 15 22:11:40 GMT 2024","","METTA-LANG","METTA-LANG",""
"","119","CONTROL-FLOW---METTA-LANGUAGE12.02","","Fri Nov 15 22:11:40 GMT 2024","passed","Fri Nov 15 22:11:40 GMT 2024","","METTA-LANG","METTA-LANG",""
"","3","OUTPUT-LOAD-TESTS.04","","Fri Nov 15 22:01:48 GMT 2024","passed","Fri Nov 15 22:01:48 GMT 2024","","HYPERON-METTALOG-SANITY","HYPERON-METTALOG-SANITY",""
"","8000","metta_lang.Operations_over_atoms___MeTTa_Language1","","Fri Nov 15 21:53:31 GMT 2024","passed","Fri Nov 15 21:53:39 GMT 2024","","WHOLE-TESTS","WHOLE-TESTS",""
"","4","SPACE-SUBTRACTION-TESTS.01","","Fri Nov 15 22:01:48 GMT 2024","passed","Fri Nov 15 22:01:48 GMT 2024","","HYPERON-METTALOG-SANITY","HYPERON-METTALOG-SANITY",""
"","94","CONTROLLING-PATTERN-MATCHING---METTA-LANGUAGE4.02","","Fri Nov 15 22:11:40 GMT 2024","passed","Fri Nov 15 22:11:40 GMT 2024","","METTA-LANG","METTA-LANG",""
"","8000","quick.f1_moduleA","","Fri Nov 15 21:53:31 GMT 2024","passed","Fri Nov 15 21:53:39 GMT 2024","","WHOLE-TESTS","WHOLE-TESTS",""
"","2","METATYPES---METTA-LANGUAGE1.01","","Fri Nov 15 22:11:40 GMT 2024","passed","Fri Nov 15 22:11:40 GMT 2024","","METTA-LANG","METTA-LANG",""
"","2","LIMIT-TESTS.09","","Fri Nov 15 22:01:48 GMT 2024","passed","Fri Nov 15 22:01:48 GMT 2024","","HYPERON-METTALOG-SANITY","HYPERON-METTALOG-SANITY",""
"","1","SPACE-INTERSECTION-TESTS.11","","Fri Nov 15 22:01:48 GMT 2024","passed","Fri Nov 15 22:01:48 GMT 2024","","HYPERON-METTALOG-SANITY","HYPERON-METTALOG-SANITY",""
"","3","D4-TYPE-PROP.04","","Fri Nov 15 22:34:53 GMT 2024","passed","Fri Nov 15 22:34:53 GMT 2024","","QUICK","QUICK",""
"","1","HANDLING-NONDETERMINISTIC-RESULTS---METTA-LANGUAGE4.02","","Fri Nov 15 22:11:40 GMT 2024","passed","Fri Nov 15 22:11:40 GMT 2024","","METTA-LANG","METTA-LANG",""
"","5","FREE-VARIABLES-AND-NONDETERMINISM-AGAIN,-RECURSIVELY---METTA-LANGUAGE3.01","","Fri Nov 15 22:11:40 GMT 2024","passed","Fri Nov 15 22:11:40 GMT 2024","","METTA-LANG","METTA-LANG",""
"","3","RECURSION-AND-CONTROL---METTA-LANGUAGE6.02","","Fri Nov 15 22:11:40 GMT 2024","passed","Fri Nov 15 22:11:40 GMT 2024","","METTA-LANG","METTA-LANG",""
"","8000","metta_lang.Metatypes___MeTTa_Language2","","Fri Nov 15 21:53:31 GMT 2024","passed","Fri Nov 15 21:53:39 GMT 2024","","WHOLE-TESTS","WHOLE-TESTS",""
"","2","D2-HIGHERFUNC.27","","Fri Nov 15 22:34:53 GMT 2024","passed","Fri Nov 15 22:34:53 GMT 2024","","QUICK","QUICK",""
"","4073","PY-TYPES.01","","Fri Nov 15 22:01:48 GMT 2024","passed","Fri Nov 15 22:01:52 GMT 2024","","HYPERON-METTALOG-SANITY","HYPERON-METTALOG-SANITY",""
"","2","WORKING-WITH-SPACES---METTA-LANGUAGE8.05","","Fri Nov 15 22:11:40 GMT 2024","passed","Fri Nov 15 22:11:40 GMT 2024","","METTA-LANG","METTA-LANG",""
"","2","RECURSION-AND-CONTROL---METTA-LANGUAGE3.03","","Fri Nov 15 22:11:40 GMT 2024","passed","Fri Nov 15 22:11:40 GMT 2024","","METTA-LANG","METTA-LANG",""
"","2","CATCH-THROW-TESTS.06","","Fri Nov 15 22:01:48 GMT 2024","passed","Fri Nov 15 22:01:48 GMT 2024","","HYPERON-METTALOG-SANITY","HYPERON-METTALOG-SANITY",""
"","8000","metta_lang.Basic_evaluation___MeTTa_Language6","","Fri Nov 15 21:53:31 GMT 2024","passed","Fri Nov 15 21:53:39 GMT 2024","","WHOLE-TESTS","WHOLE-TESTS",""
"","2","F1-IMPORTS.06","","Fri Nov 15 22:34:53 GMT 2024","passed","Fri Nov 15 22:34:53 GMT 2024","","QUICK","QUICK",""
"","3","D2-HIGHERFUNC.24","","Fri Nov 15 21:58:41 GMT 2024","passed","Fri Nov 15 21:58:41 GMT 2024","","HYPERON-EXPERIMENTAL-SCRIPTS","HYPERON-EXPERIMENTAL-SCRIPTS",""
"","2","RECURSION-AND-CONTROL---METTA-LANGUAGE7.03","","Fri Nov 15 22:11:40 GMT 2024","passed","Fri Nov 15 22:11:40 GMT 2024","","METTA-LANG","METTA-LANG",""
"","2","D4-TYPE-PROP.15","","Fri Nov 15 21:58:41 GMT 2024","passed","Fri Nov 15 21:58:41 GMT 2024","","HYPERON-EXPERIMENTAL-SCRIPTS","HYPERON-EXPERIMENTAL-SCRIPTS",""
"","101","HANDLING-NONDETERMINISTIC-RESULTS---METTA-LANGUAGE7.02","","Fri Nov 15 22:11:40 GMT 2024","passed","Fri Nov 15 22:11:40 GMT 2024","","METTA-LANG","METTA-LANG",""
"","2","B0-CHAINING-PRELIM.03","","Fri Nov 15 21:58:41 GMT 2024","passed","Fri Nov 15 21:58:41 GMT 2024","","HYPERON-EXPERIMENTAL-SCRIPTS","HYPERON-EXPERIMENTAL-SCRIPTS",""
"","2","SEQUENTIAL-NESTED.02","","Fri Nov 15 22:31:07 GMT 2024","passed","Fri Nov 15 22:31:07 GMT 2024","","METTA-MORPH-TESTS","METTA-MORPH-TESTS",""
"","11","METTALOGTESTCURRIED2.07","","Fri Nov 15 21:53:39 GMT 2024","passed","Fri Nov 15 21:53:39 GMT 2024","","ANTI-REGRESSION","ANTI-REGRESSION",""
"","8000","hyperon-mettalog_sanity.limit_tests","","Fri Nov 15 21:53:31 GMT 2024","passed","Fri Nov 15 21:53:39 GMT 2024","","WHOLE-TESTS","WHOLE-TESTS",""
"","3","D1-GADT.02","","Fri Nov 15 22:34:53 GMT 2024","passed","Fri Nov 15 22:34:53 GMT 2024","","QUICK","QUICK",""
"","9","D2-HIGHERFUNC.21","","Fri Nov 15 21:58:41 GMT 2024","passed","Fri Nov 15 21:58:41 GMT 2024","","HYPERON-EXPERIMENTAL-SCRIPTS","HYPERON-EXPERIMENTAL-SCRIPTS",""
"","3","F1-IMPORTS.17","","Fri Nov 15 22:34:53 GMT 2024","passed","Fri Nov 15 22:34:53 GMT 2024","","QUICK","QUICK",""
"","8000","module-system.f1_moduleA","","Fri Nov 15 21:53:31 GMT 2024","passed","Fri Nov 15 21:53:39 GMT 2024","","WHOLE-TESTS","WHOLE-TESTS",""
"","8000","hyperon-mettalog_sanity.first_answer","","Fri Nov 15 21:53:31 GMT 2024","passed","Fri Nov 15 21:53:39 GMT 2024","","WHOLE-TESTS","WHOLE-TESTS",""
"","1","MAX-TIME-TESTS.03","","Fri Nov 15 22:01:48 GMT 2024","passed","Fri Nov 15 22:01:48 GMT 2024","","HYPERON-METTALOG-SANITY","HYPERON-METTALOG-SANITY",""
"","3","D1-GADT.08","","Fri Nov 15 21:58:41 GMT 2024","passed","Fri Nov 15 21:58:41 GMT 2024","","HYPERON-EXPERIMENTAL-SCRIPTS","HYPERON-EXPERIMENTAL-SCRIPTS",""
"","2","D2-HIGHERFUNC.08","","Fri Nov 15 21:58:41 GMT 2024","passed","Fri Nov 15 21:58:41 GMT 2024","","HYPERON-EXPERIMENTAL-SCRIPTS","HYPERON-EXPERIMENTAL-SCRIPTS",""
"","121","OPERATIONS-OVER-ATOMS---METTA-LANGUAGE1.02","","Fri Nov 15 22:11:40 GMT 2024","failed","Fri Nov 15 22:11:40 GMT 2024","","METTA-LANG","METTA-LANG",""
"","2","CALL-CLEANUP-TESTS.07","","Fri Nov 15 22:01:48 GMT 2024","passed","Fri Nov 15 22:01:48 GMT 2024","","HYPERON-METTALOG-SANITY","HYPERON-METTALOG-SANITY",""
"","1","MATCH-SUPERPOSED-SPACES.03","","Fri Nov 15 22:31:07 GMT 2024","passed","Fri Nov 15 22:31:07 GMT 2024","","METTA-MORPH-TESTS","METTA-MORPH-TESTS",""
"","2","D3-DEPTYPES.07","","Fri Nov 15 21:58:41 GMT 2024","passed","Fri Nov 15 21:58:41 GMT 2024","","HYPERON-EXPERIMENTAL-SCRIPTS","HYPERON-EXPERIMENTAL-SCRIPTS",""
"","8000","metta_lang.Control_flow___MeTTa_Language3","","Fri Nov 15 21:53:31 GMT 2024","passed","Fri Nov 15 21:53:39 GMT 2024","","WHOLE-TESTS","WHOLE-TESTS",""
"","8000","anti-regression.mettalogTestCurried2","","Fri Nov 15 21:53:31 GMT 2024","passed","Fri Nov 15 21:53:39 GMT 2024","","WHOLE-TESTS","WHOLE-TESTS",""
"","8000","metta-wam-issue-116.test_spo_100","","Fri Nov 15 21:53:31 GMT 2024","passed","Fri Nov 15 21:53:39 GMT 2024","","WHOLE-TESTS","WHOLE-TESTS",""
"","4","SEALED-TEST.09","","Fri Nov 15 22:01:48 GMT 2024","passed","Fri Nov 15 22:01:48 GMT 2024","","HYPERON-METTALOG-SANITY","HYPERON-METTALOG-SANITY",""
"","8000","metta_lang.Basic_grounded_functions___MeTTa_Language7","","Fri Nov 15 21:53:31 GMT 2024","passed","Fri Nov 15 21:53:39 GMT 2024","","WHOLE-TESTS","WHOLE-TESTS",""
"","2","OR-TEST.05","","Fri Nov 15 22:01:48 GMT 2024","passed","Fri Nov 15 22:01:48 GMT 2024","","HYPERON-METTALOG-SANITY","HYPERON-METTALOG-SANITY",""
"","9000","hyperon-mettalog_sanity.call_cleanup_tests","","Fri Nov 15 21:53:31 GMT 2024","passed","Fri Nov 15 21:53:40 GMT 2024","","WHOLE-TESTS","WHOLE-TESTS",""
"","8000","metta_lang.Basic_grounded_functions___MeTTa_Language2","","Fri Nov 15 21:53:31 GMT 2024","passed","Fri Nov 15 21:53:39 GMT 2024","","WHOLE-TESTS","WHOLE-TESTS",""
"","3","NESTED-PARAMETERS.01","","Fri Nov 15 22:31:07 GMT 2024","passed","Fri Nov 15 22:31:07 GMT 2024","","METTA-MORPH-TESTS","METTA-MORPH-TESTS",""
"","2","B2-BACKCHAIN.05","","Fri Nov 15 21:58:41 GMT 2024","passed","Fri Nov 15 21:58:41 GMT 2024","","HYPERON-EXPERIMENTAL-SCRIPTS","HYPERON-EXPERIMENTAL-SCRIPTS",""
"","2","FIND-ALL-TESTS.07","","Fri Nov 15 22:01:48 GMT 2024","passed","Fri Nov 15 22:01:48 GMT 2024","","HYPERON-METTALOG-SANITY","HYPERON-METTALOG-SANITY",""
"","3","D4-TYPE-PROP.11","","Fri Nov 15 22:34:53 GMT 2024","passed","Fri Nov 15 22:34:53 GMT 2024","","QUICK","QUICK",""
"","2","INTERSECTION-TESTS.02","","Fri Nov 15 22:01:48 GMT 2024","passed","Fri Nov 15 22:01:48 GMT 2024","","HYPERON-METTALOG-SANITY","HYPERON-METTALOG-SANITY",""
"","2","HYPERPOSE.09","","Fri Nov 15 22:31:07 GMT 2024","passed","Fri Nov 15 22:31:07 GMT 2024","","METTA-MORPH-TESTS","METTA-MORPH-TESTS",""
"","3","INTERSECTION-TESTS.26","","Fri Nov 15 22:01:48 GMT 2024","passed","Fri Nov 15 22:01:48 GMT 2024","","HYPERON-METTALOG-SANITY","HYPERON-METTALOG-SANITY",""
"","52","WORKING-WITH-SPACES---METTA-LANGUAGE8.06","","Fri Nov 15 22:11:40 GMT 2024","failed","Fri Nov 15 22:11:40 GMT 2024","","METTA-LANG","METTA-LANG",""
"","3","B5-TYPES-PRELIM.22","","Fri Nov 15 21:58:41 GMT 2024","passed","Fri Nov 15 21:58:41 GMT 2024","","HYPERON-EXPERIMENTAL-SCRIPTS","HYPERON-EXPERIMENTAL-SCRIPTS",""
"","3","WORKING-WITH-SPACES---METTA-LANGUAGE3.03","","Fri Nov 15 22:11:40 GMT 2024","passed","Fri Nov 15 22:11:40 GMT 2024","","METTA-LANG","METTA-LANG",""
"","2","METATYPES---METTA-LANGUAGE1.11","","Fri Nov 15 22:11:40 GMT 2024","passed","Fri Nov 15 22:11:40 GMT 2024","","METTA-LANG","METTA-LANG",""
"","3","D4-TYPE-PROP.16","","Fri Nov 15 21:58:41 GMT 2024","passed","Fri Nov 15 21:58:41 GMT 2024","","HYPERON-EXPERIMENTAL-SCRIPTS","HYPERON-EXPERIMENTAL-SCRIPTS",""
"","8000","metta_lang.Concrete_types___MeTTa_Language11","","Fri Nov 15 21:53:31 GMT 2024","passed","Fri Nov 15 21:53:39 GMT 2024","","WHOLE-TESTS","WHOLE-TESTS",""
"","3","OPERATIONS-OVER-ATOMS---METTA-LANGUAGE5.02","","Fri Nov 15 22:11:40 GMT 2024","passed","Fri Nov 15 22:11:40 GMT 2024","","METTA-LANG","METTA-LANG",""
"","15","CONCRETE-TYPES---METTA-LANGUAGE7.02","","Fri Nov 15 22:11:40 GMT 2024","passed","Fri Nov 15 22:11:40 GMT 2024","","METTA-LANG","METTA-LANG",""
"","2","BASIC-EVALUATION---METTA-LANGUAGE3.02","","Fri Nov 15 22:11:40 GMT 2024","passed","Fri Nov 15 22:11:40 GMT 2024","","METTA-LANG","METTA-LANG",""
"","2","MINIMAL-METTA-TESTS.03","","Fri Nov 15 22:01:48 GMT 2024","passed","Fri Nov 15 22:01:48 GMT 2024","","HYPERON-METTALOG-SANITY","HYPERON-METTALOG-SANITY",""
"","2","SUPERCOLLAPSE.02","","Fri Nov 15 22:31:07 GMT 2024","passed","Fri Nov 15 22:31:07 GMT 2024","","METTA-MORPH-TESTS","METTA-MORPH-TESTS",""
"","2","XOR-TEST.08","","Fri Nov 15 22:01:48 GMT 2024","passed","Fri Nov 15 22:01:48 GMT 2024","","HYPERON-METTALOG-SANITY","HYPERON-METTALOG-SANITY",""
"","2","BASIC-GROUNDED-FUNCTIONS---METTA-LANGUAGE4.02","","Fri Nov 15 22:11:40 GMT 2024","passed","Fri Nov 15 22:11:40 GMT 2024","","METTA-LANG","METTA-LANG",""
"","2","HYPERPOSE.08","","Fri Nov 15 22:31:07 GMT 2024","passed","Fri Nov 15 22:31:07 GMT 2024","","METTA-MORPH-TESTS","METTA-MORPH-TESTS",""
"","3","CONCRETE-TYPES---METTA-LANGUAGE4.01","","Fri Nov 15 22:11:40 GMT 2024","passed","Fri Nov 15 22:11:40 GMT 2024","","METTA-LANG","METTA-LANG",""
"","8000","metta_lang.Free_variables_and_nondeterminism_again_recursively___MeTTa_Language5","","Fri Nov 15 21:53:31 GMT 2024","passed","Fri Nov 15 21:53:39 GMT 2024","","WHOLE-TESTS","WHOLE-TESTS",""
"","8000","metta_lang.Control_flow___MeTTa_Language16","","Fri Nov 15 21:53:31 GMT 2024","passed","Fri Nov 15 21:53:39 GMT 2024","","WHOLE-TESTS","WHOLE-TESTS",""
"","1","STATES-SPACES.06","","Fri Nov 15 22:31:07 GMT 2024","passed","Fri Nov 15 22:31:07 GMT 2024","","METTA-MORPH-TESTS","METTA-MORPH-TESTS",""
"","1","TYPES2.02","","Fri Nov 15 22:31:07 GMT 2024","passed","Fri Nov 15 22:31:07 GMT 2024","","METTA-MORPH-TESTS","METTA-MORPH-TESTS",""
"","60","BASIC-EVALUATION---METTA-LANGUAGE10.01","","Fri Nov 15 22:11:40 GMT 2024","failed","Fri Nov 15 22:11:40 GMT 2024","","METTA-LANG","METTA-LANG",""
"","122","FREE-VARIABLES-AND-NONDETERMINISM-AGAIN,-RECURSIVELY---METTA-LANGUAGE1.02","","Fri Nov 15 22:11:40 GMT 2024","failed","Fri Nov 15 22:11:40 GMT 2024","","METTA-LANG","METTA-LANG",""
"","1","SPACE-SUBTRACTION-TESTS.06","","Fri Nov 15 22:01:48 GMT 2024","passed","Fri Nov 15 22:01:48 GMT 2024","","HYPERON-METTALOG-SANITY","HYPERON-METTALOG-SANITY",""
"","15","CONCRETE-TYPES---METTA-LANGUAGE5.02","","Fri Nov 15 22:11:40 GMT 2024","passed","Fri Nov 15 22:11:40 GMT 2024","","METTA-LANG","METTA-LANG",""
"","8000","metta-morph_tests.types3","","Fri Nov 15 21:53:31 GMT 2024","passed","Fri Nov 15 21:53:39 GMT 2024","","WHOLE-TESTS","WHOLE-TESTS",""
"","4","STATES-SPACES.01","","Fri Nov 15 22:31:07 GMT 2024","passed","Fri Nov 15 22:31:07 GMT 2024","","METTA-MORPH-TESTS","METTA-MORPH-TESTS",""
"","8000","metta_lang.Basic_evaluation___MeTTa_Language8","","Fri Nov 15 21:53:31 GMT 2024","passed","Fri Nov 15 21:53:39 GMT 2024","","WHOLE-TESTS","WHOLE-TESTS",""
"","1","D1-GADT.07","","Fri Nov 15 22:34:53 GMT 2024","passed","Fri Nov 15 22:34:53 GMT 2024","","QUICK","QUICK",""
"","2","B4-NONDETERM.02","","Fri Nov 15 21:58:41 GMT 2024","passed","Fri Nov 15 21:58:41 GMT 2024","","HYPERON-EXPERIMENTAL-SCRIPTS","HYPERON-EXPERIMENTAL-SCRIPTS",""
"","4","LIMIT-TESTS.01","","Fri Nov 15 22:01:48 GMT 2024","passed","Fri Nov 15 22:01:48 GMT 2024","","HYPERON-METTALOG-SANITY","HYPERON-METTALOG-SANITY",""
"","2","D1-GADT.01","","Fri Nov 15 21:58:41 GMT 2024","passed","Fri Nov 15 21:58:41 GMT 2024","","HYPERON-EXPERIMENTAL-SCRIPTS","HYPERON-EXPERIMENTAL-SCRIPTS",""
"","8000","metta_lang.Concrete_types___MeTTa_Language6","","Fri Nov 15 21:53:31 GMT 2024","passed","Fri Nov 15 21:53:39 GMT 2024","","WHOLE-TESTS","WHOLE-TESTS",""
"","8000","metta-morph_tests.nested_parameters","","Fri Nov 15 21:53:31 GMT 2024","passed","Fri Nov 15 21:53:39 GMT 2024","","WHOLE-TESTS","WHOLE-TESTS",""
"","3","FUNCTIONS-AND-UNIFICATION---METTA-LANGUAGE6.02","","Fri Nov 15 22:11:40 GMT 2024","passed","Fri Nov 15 22:11:40 GMT 2024","","METTA-LANG","METTA-LANG",""
"","8000","hyperon-mettalog_sanity.represent_and_parse_tests","","Fri Nov 15 21:53:31 GMT 2024","passed","Fri Nov 15 21:53:39 GMT 2024","","WHOLE-TESTS","WHOLE-TESTS",""
"","8000","metta_lang.Basic_evaluation___MeTTa_Language1","","Fri Nov 15 21:53:31 GMT 2024","passed","Fri Nov 15 21:53:39 GMT 2024","","WHOLE-TESTS","WHOLE-TESTS",""
"","8000","anti-regression.bchain_comp","","Fri Nov 15 21:53:31 GMT 2024","passed","Fri Nov 15 21:53:39 GMT 2024","","WHOLE-TESTS","WHOLE-TESTS",""
"","77","CALL-CLEANUP-TESTS.06","","Fri Nov 15 22:01:48 GMT 2024","failed","Fri Nov 15 22:01:48 GMT 2024","","HYPERON-METTALOG-SANITY","HYPERON-METTALOG-SANITY",""
"","8000","hyperon-experimental_scripts.b1_equal_chain","","Fri Nov 15 21:53:31 GMT 2024","passed","Fri Nov 15 21:53:39 GMT 2024","","WHOLE-TESTS","WHOLE-TESTS",""
"","2","F1-IMPORTS.10","","Fri Nov 15 22:34:53 GMT 2024","passed","Fri Nov 15 22:34:53 GMT 2024","","QUICK","QUICK",""
"","3","CONTROLLING-PATTERN-MATCHING---METTA-LANGUAGE11.03","","Fri Nov 15 22:11:40 GMT 2024","passed","Fri Nov 15 22:11:40 GMT 2024","","METTA-LANG","METTA-LANG",""
"","2","XOR-TEST.10","","Fri Nov 15 22:01:48 GMT 2024","passed","Fri Nov 15 22:01:48 GMT 2024","","HYPERON-METTALOG-SANITY","HYPERON-METTALOG-SANITY",""
"","75","BASIC-GROUNDED-FUNCTIONS---METTA-LANGUAGE3.02","","Fri Nov 15 22:11:40 GMT 2024","failed","Fri Nov 15 22:11:40 GMT 2024","","METTA-LANG","METTA-LANG",""
"","5","CONCRETE-TYPES---METTA-LANGUAGE10.01","","Fri Nov 15 22:11:40 GMT 2024","passed","Fri Nov 15 22:11:40 GMT 2024","","METTA-LANG","METTA-LANG",""
"","1","LIMIT-TESTS.12","","Fri Nov 15 22:01:48 GMT 2024","passed","Fri Nov 15 22:01:48 GMT 2024","","HYPERON-METTALOG-SANITY","HYPERON-METTALOG-SANITY",""
"","3","HANDLING-NONDETERMINISTIC-RESULTS---METTA-LANGUAGE6.03","","Fri Nov 15 22:11:40 GMT 2024","passed","Fri Nov 15 22:11:40 GMT 2024","","METTA-LANG","METTA-LANG",""
"","5","METATYPES---METTA-LANGUAGE6.01","","Fri Nov 15 22:11:40 GMT 2024","passed","Fri Nov 15 22:11:40 GMT 2024","","METTA-LANG","METTA-LANG",""
"","1","CONSOLE-OUTPUT-AND-DEBUGGING---METTA-LANGUAGE5.05","","Fri Nov 15 22:11:40 GMT 2024","passed","Fri Nov 15 22:11:40 GMT 2024","","METTA-LANG","METTA-LANG",""
"","4","FIRST-ANSWER.02","","Fri Nov 15 22:01:48 GMT 2024","passed","Fri Nov 15 22:01:48 GMT 2024","","HYPERON-METTALOG-SANITY","HYPERON-METTALOG-SANITY",""
"","3","HANDLING-NONDETERMINISTIC-RESULTS---METTA-LANGUAGE2.01","","Fri Nov 15 22:11:40 GMT 2024","passed","Fri Nov 15 22:11:40 GMT 2024","","METTA-LANG","METTA-LANG",""
"","2","MATCH-VOID.07","","Fri Nov 15 22:31:07 GMT 2024","passed","Fri Nov 15 22:31:07 GMT 2024","","METTA-MORPH-TESTS","METTA-MORPH-TESTS",""
"","8000","metta_lang.Concrete_types___MeTTa_Language1","","Fri Nov 15 21:53:31 GMT 2024","passed","Fri Nov 15 21:53:39 GMT 2024","","WHOLE-TESTS","WHOLE-TESTS",""
"","3","METATYPES---METTA-LANGUAGE1.12","","Fri Nov 15 22:11:40 GMT 2024","passed","Fri Nov 15 22:11:40 GMT 2024","","METTA-LANG","METTA-LANG",""
"","3","CONTROLLING-PATTERN-MATCHING---METTA-LANGUAGE8.01","","Fri Nov 15 22:11:40 GMT 2024","passed","Fri Nov 15 22:11:40 GMT 2024","","METTA-LANG","METTA-LANG",""
"","105","MINIMAL-METTA-TESTS.07","","Fri Nov 15 22:01:48 GMT 2024","failed","Fri Nov 15 22:01:48 GMT 2024","","HYPERON-METTALOG-SANITY","HYPERON-METTALOG-SANITY",""
"","3","OR-TEST.09","","Fri Nov 15 22:01:48 GMT 2024","passed","Fri Nov 15 22:01:48 GMT 2024","","HYPERON-METTALOG-SANITY","HYPERON-METTALOG-SANITY",""
"","60","F1-IMPORTS.19","","Fri Nov 15 22:34:53 GMT 2024","passed","Fri Nov 15 22:34:53 GMT 2024","","QUICK","QUICK",""
"","9000","metta-morph_tests.minnars","","Fri Nov 15 21:53:31 GMT 2024","passed","Fri Nov 15 21:53:40 GMT 2024","","WHOLE-TESTS","WHOLE-TESTS",""
"","1","SUBTRACTION-TEST.07","","Fri Nov 15 22:01:48 GMT 2024","passed","Fri Nov 15 22:01:48 GMT 2024","","HYPERON-METTALOG-SANITY","HYPERON-METTALOG-SANITY",""
"","8000","metta_lang.Operations_over_atoms___MeTTa_Language9","","Fri Nov 15 21:53:31 GMT 2024","passed","Fri Nov 15 21:53:39 GMT 2024","","WHOLE-TESTS","WHOLE-TESTS",""
"","3","INTERSECTION-TESTS.32","","Fri Nov 15 22:01:48 GMT 2024","passed","Fri Nov 15 22:01:48 GMT 2024","","HYPERON-METTALOG-SANITY","HYPERON-METTALOG-SANITY",""
"","1","CALL-TESTS.07","","Fri Nov 15 22:01:48 GMT 2024","passed","Fri Nov 15 22:01:48 GMT 2024","","HYPERON-METTALOG-SANITY","HYPERON-METTALOG-SANITY",""
"","43000","hyperon-mettalog_sanity.compile_tests","","Fri Nov 15 21:53:31 GMT 2024","failed","Fri Nov 15 21:54:14 GMT 2024","","WHOLE-TESTS","WHOLE-TESTS",""
"","154","MINIMAL-METTA-TESTS.27","","Fri Nov 15 22:01:48 GMT 2024","failed","Fri Nov 15 22:01:48 GMT 2024","","HYPERON-METTALOG-SANITY","HYPERON-METTALOG-SANITY",""
"","2","CONTROLLING-PATTERN-MATCHING---METTA-LANGUAGE12.09","","Fri Nov 15 22:11:40 GMT 2024","passed","Fri Nov 15 22:11:40 GMT 2024","","METTA-LANG","METTA-LANG",""
"","2","C1-GROUNDED-BASIC.05","","Fri Nov 15 21:58:41 GMT 2024","passed","Fri Nov 15 21:58:41 GMT 2024","","HYPERON-EXPERIMENTAL-SCRIPTS","HYPERON-EXPERIMENTAL-SCRIPTS",""
"","2","D2-HIGHERFUNC.14","","Fri Nov 15 22:34:53 GMT 2024","passed","Fri Nov 15 22:34:53 GMT 2024","","QUICK","QUICK",""
"","115","OR-TEST.20","","Fri Nov 15 22:01:48 GMT 2024","failed","Fri Nov 15 22:01:48 GMT 2024","","HYPERON-METTALOG-SANITY","HYPERON-METTALOG-SANITY",""
"","4","QUERYING-SPACE-CONTENT---METTA-LANGUAGE4.01","","Fri Nov 15 22:11:40 GMT 2024","passed","Fri Nov 15 22:11:40 GMT 2024","","METTA-LANG","METTA-LANG",""
"","1","LIMIT-TESTS.14","","Fri Nov 15 22:01:48 GMT 2024","passed","Fri Nov 15 22:01:48 GMT 2024","","HYPERON-METTALOG-SANITY","HYPERON-METTALOG-SANITY",""
"","2","D2-HIGHERFUNC.19","","Fri Nov 15 22:34:53 GMT 2024","passed","Fri Nov 15 22:34:53 GMT 2024","","QUICK","QUICK",""
"","36","CONSOLE-OUTPUT-AND-DEBUGGING---METTA-LANGUAGE5.08","","Fri Nov 15 22:11:40 GMT 2024","failed","Fri Nov 15 22:11:40 GMT 2024","","METTA-LANG","METTA-LANG",""
"","2","BASE-TEST-REPR-PARSE-INTERSECTION.04","","Fri Nov 15 22:01:48 GMT 2024","passed","Fri Nov 15 22:01:48 GMT 2024","","HYPERON-METTALOG-SANITY","HYPERON-METTALOG-SANITY",""
"","4","WORKING-WITH-SPACES---METTA-LANGUAGE3.01","","Fri Nov 15 22:11:40 GMT 2024","passed","Fri Nov 15 22:11:40 GMT 2024","","METTA-LANG","METTA-LANG",""
"","2","WORKING-WITH-SPACES---METTA-LANGUAGE4.03","","Fri Nov 15 22:11:40 GMT 2024","passed","Fri Nov 15 22:11:40 GMT 2024","","METTA-LANG","METTA-LANG",""
"","3","METATYPES---METTA-LANGUAGE9.02","","Fri Nov 15 22:11:40 GMT 2024","passed","Fri Nov 15 22:11:40 GMT 2024","","METTA-LANG","METTA-LANG",""
"","1","METTALOGTESTCURRIED2.06","","Fri Nov 15 21:53:39 GMT 2024","passed","Fri Nov 15 21:53:39 GMT 2024","","ANTI-REGRESSION","ANTI-REGRESSION",""
"","1","D4-TYPE-PROP.07","","Fri Nov 15 21:58:41 GMT 2024","passed","Fri Nov 15 21:58:41 GMT 2024","","HYPERON-EXPERIMENTAL-SCRIPTS","HYPERON-EXPERIMENTAL-SCRIPTS",""
"","2","WORKING-WITH-SPACES---METTA-LANGUAGE1.07","","Fri Nov 15 22:11:40 GMT 2024","passed","Fri Nov 15 22:11:40 GMT 2024","","METTA-LANG","METTA-LANG",""
"","2","MAX-TIME-TESTS.04","","Fri Nov 15 22:01:48 GMT 2024","passed","Fri Nov 15 22:01:48 GMT 2024","","HYPERON-METTALOG-SANITY","HYPERON-METTALOG-SANITY",""
"","1","WORKING-WITH-SPACES---METTA-LANGUAGE12.04","","Fri Nov 15 22:11:40 GMT 2024","passed","Fri Nov 15 22:11:40 GMT 2024","","METTA-LANG","METTA-LANG",""
"","3","EVAL-FOR-TESTS.09","","Fri Nov 15 22:01:48 GMT 2024","passed","Fri Nov 15 22:01:48 GMT 2024","","HYPERON-METTALOG-SANITY","HYPERON-METTALOG-SANITY",""
"","17","SPACE-INTERSECTION-TESTS.16","","Fri Nov 15 22:01:48 GMT 2024","failed","Fri Nov 15 22:01:48 GMT 2024","","HYPERON-METTALOG-SANITY","HYPERON-METTALOG-SANITY",""
"","4","C1-GROUNDED-BASIC.08","","Fri Nov 15 22:34:53 GMT 2024","passed","Fri Nov 15 22:34:53 GMT 2024","","QUICK","QUICK",""
"","3","D2-HIGHERFUNC.26","","Fri Nov 15 22:34:53 GMT 2024","passed","Fri Nov 15 22:34:53 GMT 2024","","QUICK","QUICK",""
"","36","C1-GROUNDED-BASIC.15","","Fri Nov 15 21:58:41 GMT 2024","failed","Fri Nov 15 21:58:41 GMT 2024","","HYPERON-EXPERIMENTAL-SCRIPTS","HYPERON-EXPERIMENTAL-SCRIPTS",""
"","45","BCHAIN-COMP.06","","Fri Nov 15 21:53:39 GMT 2024","passed","Fri Nov 15 21:53:39 GMT 2024","","ANTI-REGRESSION","ANTI-REGRESSION",""
"","16","CONTROLLING-PATTERN-MATCHING---METTA-LANGUAGE10.06","","Fri Nov 15 22:11:40 GMT 2024","passed","Fri Nov 15 22:11:40 GMT 2024","","METTA-LANG","METTA-LANG",""
"","1","CONTROL-FLOW---METTA-LANGUAGE8.02","","Fri Nov 15 22:11:40 GMT 2024","passed","Fri Nov 15 22:11:40 GMT 2024","","METTA-LANG","METTA-LANG",""
"","2","BCHAIN.03","","Fri Nov 15 21:53:39 GMT 2024","passed","Fri Nov 15 21:53:39 GMT 2024","","ANTI-REGRESSION","ANTI-REGRESSION",""
"","2","WHAT-EVALS-OR-NOT.05","","Fri Nov 15 22:01:48 GMT 2024","passed","Fri Nov 15 22:01:48 GMT 2024","","HYPERON-METTALOG-SANITY","HYPERON-METTALOG-SANITY",""
"","3","CONTROLLING-PATTERN-MATCHING---METTA-LANGUAGE5.01","","Fri Nov 15 22:11:40 GMT 2024","passed","Fri Nov 15 22:11:40 GMT 2024","","METTA-LANG","METTA-LANG",""
"","4","UNIQUE-TEST.14","","Fri Nov 15 22:01:48 GMT 2024","passed","Fri Nov 15 22:01:48 GMT 2024","","HYPERON-METTALOG-SANITY","HYPERON-METTALOG-SANITY",""
"","4","BASIC-EVALUATION---METTA-LANGUAGE14.01","","Fri Nov 15 22:11:40 GMT 2024","passed","Fri Nov 15 22:11:40 GMT 2024","","METTA-LANG","METTA-LANG",""
"","8000","metta_lang.Operations_over_atoms___MeTTa_Language2","","Fri Nov 15 21:53:31 GMT 2024","passed","Fri Nov 15 21:53:39 GMT 2024","","WHOLE-TESTS","WHOLE-TESTS",""
"","1","FUNCTIONS-AND-UNIFICATION---METTA-LANGUAGE7.04","","Fri Nov 15 22:11:40 GMT 2024","passed","Fri Nov 15 22:11:40 GMT 2024","","METTA-LANG","METTA-LANG",""
"","8000","hyperon-experimental_scripts.a1_symbols","","Fri Nov 15 21:53:31 GMT 2024","passed","Fri Nov 15 21:53:39 GMT 2024","","WHOLE-TESTS","WHOLE-TESTS",""
"","2","INTERSECTION-TESTS.27","","Fri Nov 15 22:01:48 GMT 2024","passed","Fri Nov 15 22:01:48 GMT 2024","","HYPERON-METTALOG-SANITY","HYPERON-METTALOG-SANITY",""
"","127","CALL-CLEANUP-TESTS.04","","Fri Nov 15 22:01:48 GMT 2024","failed","Fri Nov 15 22:01:48 GMT 2024","","HYPERON-METTALOG-SANITY","HYPERON-METTALOG-SANITY",""
"","3","WORKING-WITH-SPACES---METTA-LANGUAGE17.01","","Fri Nov 15 22:11:40 GMT 2024","passed","Fri Nov 15 22:11:40 GMT 2024","","METTA-LANG","METTA-LANG",""
"","8000","metta_lang.Concrete_types___MeTTa_Language3","","Fri Nov 15 21:53:31 GMT 2024","passed","Fri Nov 15 21:53:39 GMT 2024","","WHOLE-TESTS","WHOLE-TESTS",""
"","3","OPERATIONS-OVER-ATOMS---METTA-LANGUAGE1.04","","Fri Nov 15 22:11:40 GMT 2024","passed","Fri Nov 15 22:11:40 GMT 2024","","METTA-LANG","METTA-LANG",""
"","2","HANDLING-NONDETERMINISTIC-RESULTS---METTA-LANGUAGE8.03","","Fri Nov 15 22:11:40 GMT 2024","passed","Fri Nov 15 22:11:40 GMT 2024","","METTA-LANG","METTA-LANG",""
"","2","D4-TYPE-PROP.02","","Fri Nov 15 21:58:41 GMT 2024","passed","Fri Nov 15 21:58:41 GMT 2024","","HYPERON-EXPERIMENTAL-SCRIPTS","HYPERON-EXPERIMENTAL-SCRIPTS",""
"","2","INTERSECTION-TESTS.19","","Fri Nov 15 22:01:48 GMT 2024","passed","Fri Nov 15 22:01:48 GMT 2024","","HYPERON-METTALOG-SANITY","HYPERON-METTALOG-SANITY",""
"","20","WORKING-WITH-SPACES---METTA-LANGUAGE7.02","","Fri Nov 15 22:11:40 GMT 2024","failed","Fri Nov 15 22:11:40 GMT 2024","","METTA-LANG","METTA-LANG",""
"","2","RECURSION-AND-CONTROL---METTA-LANGUAGE3.01","","Fri Nov 15 22:11:40 GMT 2024","passed","Fri Nov 15 22:11:40 GMT 2024","","METTA-LANG","METTA-LANG",""
"","103","HANDLING-NONDETERMINISTIC-RESULTS---METTA-LANGUAGE3.02","","Fri Nov 15 22:11:40 GMT 2024","failed","Fri Nov 15 22:11:40 GMT 2024","","METTA-LANG","METTA-LANG",""
"","5","C1-GROUNDED-BASIC.01","","Fri Nov 15 21:58:41 GMT 2024","passed","Fri Nov 15 21:58:41 GMT 2024","","HYPERON-EXPERIMENTAL-SCRIPTS","HYPERON-EXPERIMENTAL-SCRIPTS",""
"","3","CONTROL-FLOW---METTA-LANGUAGE13.02","","Fri Nov 15 22:11:40 GMT 2024","passed","Fri Nov 15 22:11:40 GMT 2024","","METTA-LANG","METTA-LANG",""
"","3","FUNCTIONS-AND-UNIFICATION---METTA-LANGUAGE1.02","","Fri Nov 15 22:11:40 GMT 2024","passed","Fri Nov 15 22:11:40 GMT 2024","","METTA-LANG","METTA-LANG",""
"","4","C1-GROUNDED-BASIC.23","","Fri Nov 15 21:58:41 GMT 2024","passed","Fri Nov 15 21:58:41 GMT 2024","","HYPERON-EXPERIMENTAL-SCRIPTS","HYPERON-EXPERIMENTAL-SCRIPTS",""
"","8000","hyperon-experimental_scripts.b0_chaining_prelim","","Fri Nov 15 21:53:31 GMT 2024","passed","Fri Nov 15 21:53:39 GMT 2024","","WHOLE-TESTS","WHOLE-TESTS",""
"","2","METATYPES---METTA-LANGUAGE1.09","","Fri Nov 15 22:11:40 GMT 2024","passed","Fri Nov 15 22:11:40 GMT 2024","","METTA-LANG","METTA-LANG",""
"","1","LIMIT-TESTS.18","","Fri Nov 15 22:01:48 GMT 2024","passed","Fri Nov 15 22:01:48 GMT 2024","","HYPERON-METTALOG-SANITY","HYPERON-METTALOG-SANITY",""
"","1","CONTROLLING-PATTERN-MATCHING---METTA-LANGUAGE12.06","","Fri Nov 15 22:11:40 GMT 2024","passed","Fri Nov 15 22:11:40 GMT 2024","","METTA-LANG","METTA-LANG",""
"","2","A1-SYMBOLS.07","","Fri Nov 15 21:58:41 GMT 2024","passed","Fri Nov 15 21:58:41 GMT 2024","","HYPERON-EXPERIMENTAL-SCRIPTS","HYPERON-EXPERIMENTAL-SCRIPTS",""
"","2","BASIC-GROUNDED-FUNCTIONS---METTA-LANGUAGE8.04","","Fri Nov 15 22:11:40 GMT 2024","passed","Fri Nov 15 22:11:40 GMT 2024","","METTA-LANG","METTA-LANG",""
"","90","F1-IMPORTS.16","","Fri Nov 15 22:34:53 GMT 2024","passed","Fri Nov 15 22:34:53 GMT 2024","","QUICK","QUICK",""
"","3","WORKING-WITH-SPACES---METTA-LANGUAGE2.03","","Fri Nov 15 22:11:40 GMT 2024","passed","Fri Nov 15 22:11:40 GMT 2024","","METTA-LANG","METTA-LANG",""
"","2","UNIQUE-TEST.02","","Fri Nov 15 22:01:48 GMT 2024","passed","Fri Nov 15 22:01:48 GMT 2024","","HYPERON-METTALOG-SANITY","HYPERON-METTALOG-SANITY",""
"","1","CONTROL-FLOW---METTA-LANGUAGE7.02","","Fri Nov 15 22:11:40 GMT 2024","passed","Fri Nov 15 22:11:40 GMT 2024","","METTA-LANG","METTA-LANG",""
"","2","STRING-TESTS.11","","Fri Nov 15 22:01:48 GMT 2024","passed","Fri Nov 15 22:01:48 GMT 2024","","HYPERON-METTALOG-SANITY","HYPERON-METTALOG-SANITY",""
"","3","MINIMAL-METTA-TESTS.01","","Fri Nov 15 22:01:48 GMT 2024","passed","Fri Nov 15 22:01:48 GMT 2024","","HYPERON-METTALOG-SANITY","HYPERON-METTALOG-SANITY",""
"","3","HANDLING-NONDETERMINISTIC-RESULTS---METTA-LANGUAGE8.01","","Fri Nov 15 22:11:40 GMT 2024","passed","Fri Nov 15 22:11:40 GMT 2024","","METTA-LANG","METTA-LANG",""
"","3","CONTROLLING-PATTERN-MATCHING---METTA-LANGUAGE10.05","","Fri Nov 15 22:11:40 GMT 2024","passed","Fri Nov 15 22:11:40 GMT 2024","","METTA-LANG","METTA-LANG",""
"","171","CONTROLLING-PATTERN-MATCHING---METTA-LANGUAGE12.08","","Fri Nov 15 22:11:40 GMT 2024","failed","Fri Nov 15 22:11:40 GMT 2024","","METTA-LANG","METTA-LANG",""
"","2","RECURSION-AND-CONTROL---METTA-LANGUAGE8.02","","Fri Nov 15 22:11:40 GMT 2024","passed","Fri Nov 15 22:11:40 GMT 2024","","METTA-LANG","METTA-LANG",""
"","2","RECURSIVE-AND-PARAMETRIC-TYPES---METTA-LANGUAGE7.05","","Fri Nov 15 22:11:40 GMT 2024","passed","Fri Nov 15 22:11:40 GMT 2024","","METTA-LANG","METTA-LANG",""
"","2","CONTROLLING-PATTERN-MATCHING---METTA-LANGUAGE7.01","","Fri Nov 15 22:11:40 GMT 2024","passed","Fri Nov 15 22:11:40 GMT 2024","","METTA-LANG","METTA-LANG",""
"","2","CALL-TESTS.13","","Fri Nov 15 22:01:48 GMT 2024","passed","Fri Nov 15 22:01:48 GMT 2024","","HYPERON-METTALOG-SANITY","HYPERON-METTALOG-SANITY",""
"","5","OPERATIONS-OVER-ATOMS---METTA-LANGUAGE9.01","","Fri Nov 15 22:11:40 GMT 2024","passed","Fri Nov 15 22:11:40 GMT 2024","","METTA-LANG","METTA-LANG",""
"","2","BASIC-EVALUATION---METTA-LANGUAGE7.01","","Fri Nov 15 22:11:40 GMT 2024","passed","Fri Nov 15 22:11:40 GMT 2024","","METTA-LANG","METTA-LANG",""
"","3","B0-CHAINING-PRELIM.02","","Fri Nov 15 21:58:41 GMT 2024","passed","Fri Nov 15 21:58:41 GMT 2024","","HYPERON-EXPERIMENTAL-SCRIPTS","HYPERON-EXPERIMENTAL-SCRIPTS",""
"","2","LIMIT-TESTS.03","","Fri Nov 15 22:01:48 GMT 2024","passed","Fri Nov 15 22:01:48 GMT 2024","","HYPERON-METTALOG-SANITY","HYPERON-METTALOG-SANITY",""
"","152","CONTROL-FLOW---METTA-LANGUAGE5.01","","Fri Nov 15 22:11:40 GMT 2024","passed","Fri Nov 15 22:11:40 GMT 2024","","METTA-LANG","METTA-LANG",""
"","8000","metta_lang.Free_variables_and_nondeterminism_again,_recursively___MeTTa_Language3","","Fri Nov 15 21:53:31 GMT 2024","passed","Fri Nov 15 21:53:39 GMT 2024","","WHOLE-TESTS","WHOLE-TESTS",""
"","61","G1-DOCS.03","","Fri Nov 15 21:58:41 GMT 2024","failed","Fri Nov 15 21:58:41 GMT 2024","","HYPERON-EXPERIMENTAL-SCRIPTS","HYPERON-EXPERIMENTAL-SCRIPTS",""
"","8000","metta_lang.Recursion_and_control___MeTTa_Language7","","Fri Nov 15 21:53:31 GMT 2024","passed","Fri Nov 15 21:53:39 GMT 2024","","WHOLE-TESTS","WHOLE-TESTS",""
"","7000","hyperon-mettalog_sanity.02-curried-plus","","Fri Nov 15 21:53:31 GMT 2024","passed","Fri Nov 15 21:53:38 GMT 2024","","WHOLE-TESTS","WHOLE-TESTS",""
"","3","B5-TYPES-PRELIM.23","","Fri Nov 15 21:58:41 GMT 2024","passed","Fri Nov 15 21:58:41 GMT 2024","","HYPERON-EXPERIMENTAL-SCRIPTS","HYPERON-EXPERIMENTAL-SCRIPTS",""
"","122","COMPILE-TESTS.03","","Fri Nov 15 22:01:48 GMT 2024","failed","Fri Nov 15 22:01:48 GMT 2024","","HYPERON-METTALOG-SANITY","HYPERON-METTALOG-SANITY",""
"","63","F1-IMPORTS.11","","Fri Nov 15 22:34:53 GMT 2024","failed","Fri Nov 15 22:34:53 GMT 2024","","QUICK","QUICK",""
"","256","TIME-SYNTHESIZE-SHORT.01","","Fri Nov 15 22:08:53 GMT 2024","passed","Fri Nov 15 22:08:53 GMT 2024","","SYNTH-BUFFER","SYNTH-BUFFER",""
"","8000","metta_lang.Handling_nondeterministic_results___MeTTa_Language6","","Fri Nov 15 21:53:31 GMT 2024","passed","Fri Nov 15 21:53:39 GMT 2024","","WHOLE-TESTS","WHOLE-TESTS",""
"","3","D2-HIGHERFUNC.25","","Fri Nov 15 21:58:41 GMT 2024","passed","Fri Nov 15 21:58:41 GMT 2024","","HYPERON-EXPERIMENTAL-SCRIPTS","HYPERON-EXPERIMENTAL-SCRIPTS",""
"","3","F1-IMPORTS.14","","Fri Nov 15 21:58:41 GMT 2024","passed","Fri Nov 15 21:58:41 GMT 2024","","HYPERON-EXPERIMENTAL-SCRIPTS","HYPERON-EXPERIMENTAL-SCRIPTS",""
"","2","E2-STATES.11","","Fri Nov 15 21:58:41 GMT 2024","passed","Fri Nov 15 21:58:41 GMT 2024","","HYPERON-EXPERIMENTAL-SCRIPTS","HYPERON-EXPERIMENTAL-SCRIPTS",""
"","1","XOR-TEST.06","","Fri Nov 15 22:01:48 GMT 2024","passed","Fri Nov 15 22:01:48 GMT 2024","","HYPERON-METTALOG-SANITY","HYPERON-METTALOG-SANITY",""
"","1","C1-GROUNDED-BASIC.11","","Fri Nov 15 21:58:41 GMT 2024","passed","Fri Nov 15 21:58:41 GMT 2024","","HYPERON-EXPERIMENTAL-SCRIPTS","HYPERON-EXPERIMENTAL-SCRIPTS",""
"","59","METATYPES---METTA-LANGUAGE6.02","","Fri Nov 15 22:11:40 GMT 2024","failed","Fri Nov 15 22:11:40 GMT 2024","","METTA-LANG","METTA-LANG",""
"","8000","metta_lang.Working_with_spaces___MeTTa_Language12","","Fri Nov 15 21:53:31 GMT 2024","passed","Fri Nov 15 21:53:39 GMT 2024","","WHOLE-TESTS","WHOLE-TESTS",""
"","1","CONTROLLING-PATTERN-MATCHING---METTA-LANGUAGE12.10","","Fri Nov 15 22:11:40 GMT 2024","passed","Fri Nov 15 22:11:40 GMT 2024","","METTA-LANG","METTA-LANG",""
"","2","HYPERPOSE.05","","Fri Nov 15 22:31:07 GMT 2024","passed","Fri Nov 15 22:31:07 GMT 2024","","METTA-MORPH-TESTS","METTA-MORPH-TESTS",""
"","3","METATYPES---METTA-LANGUAGE1.10","","Fri Nov 15 22:11:40 GMT 2024","passed","Fri Nov 15 22:11:40 GMT 2024","","METTA-LANG","METTA-LANG",""
"","8000","metta-morph_tests.let_superpose_list","","Fri Nov 15 21:53:31 GMT 2024","passed","Fri Nov 15 21:53:39 GMT 2024","","WHOLE-TESTS","WHOLE-TESTS",""
"","11","FUNCTIONS-AND-UNIFICATION---METTA-LANGUAGE7.02","","Fri Nov 15 22:11:40 GMT 2024","failed","Fri Nov 15 22:11:40 GMT 2024","","METTA-LANG","METTA-LANG",""
