"DESCRIPTION","DURATION IN MS","NAME","PARENT SUITE","START TIME","STATUS","STOP TIME","SUB SUITE","SUITE","TEST CLASS","TEST METHOD"
"","4","WORKING-WITH-SPACES---METTA-LANGUAGE16.01","","Tue Nov 19 18:10:55 GMT 2024","passed","Tue Nov 19 18:10:55 GMT 2024","","METTA-LANG","METTA-LANG",""
"","78","E2-STATES.07","","Tue Nov 19 17:57:42 GMT 2024","failed","Tue Nov 19 17:57:42 GMT 2024","","HYPERON-EXPERIMENTAL-SCRIPTS","HYPERON-EXPERIMENTAL-SCRIPTS",""
"","2","TMPMATCH1.04","","Tue Nov 19 17:52:57 GMT 2024","passed","Tue Nov 19 17:52:57 GMT 2024","","ANTI-REGRESSION","ANTI-REGRESSION",""
"","5","UNIQUE-TEST.11","","Tue Nov 19 18:00:52 GMT 2024","passed","Tue Nov 19 18:00:52 GMT 2024","","HYPERON-METTALOG-SANITY","HYPERON-METTALOG-SANITY",""
"","2","B2-BACKCHAIN.01","","Tue Nov 19 17:57:42 GMT 2024","passed","Tue Nov 19 17:57:42 GMT 2024","","HYPERON-EXPERIMENTAL-SCRIPTS","HYPERON-EXPERIMENTAL-SCRIPTS",""
"","2","F1-IMPORTS.13","","Tue Nov 19 18:34:51 GMT 2024","passed","Tue Nov 19 18:34:51 GMT 2024","","QUICK","QUICK",""
"","2","CONTROLLING-PATTERN-MATCHING---METTA-LANGUAGE1.02","","Tue Nov 19 18:10:55 GMT 2024","passed","Tue Nov 19 18:10:55 GMT 2024","","METTA-LANG","METTA-LANG",""
"","8000","metta_lang.Control_flow___MeTTa_Language11","","Tue Nov 19 17:52:49 GMT 2024","passed","Tue Nov 19 17:52:57 GMT 2024","","WHOLE-TESTS","WHOLE-TESTS",""
"","9000","hyperon-mettalog_sanity.first_answer","","Tue Nov 19 17:52:49 GMT 2024","passed","Tue Nov 19 17:52:58 GMT 2024","","WHOLE-TESTS","WHOLE-TESTS",""
"","4","RECURSION-AND-CONTROL---METTA-LANGUAGE9.02","","Tue Nov 19 18:10:55 GMT 2024","passed","Tue Nov 19 18:10:55 GMT 2024","","METTA-LANG","METTA-LANG",""
"","4","OPERATIONS-OVER-ATOMS---METTA-LANGUAGE3.01","","Tue Nov 19 18:10:55 GMT 2024","passed","Tue Nov 19 18:10:55 GMT 2024","","METTA-LANG","METTA-LANG",""
"","1","STATES-SPACES.02","","Tue Nov 19 18:30:57 GMT 2024","passed","Tue Nov 19 18:30:57 GMT 2024","","METTA-MORPH-TESTS","METTA-MORPH-TESTS",""
"","8000","metta_lang.Concrete_types___MeTTa_Language7","","Tue Nov 19 17:52:49 GMT 2024","passed","Tue Nov 19 17:52:57 GMT 2024","","WHOLE-TESTS","WHOLE-TESTS",""
"","3","01-LANG-INC.01","","Tue Nov 19 18:00:52 GMT 2024","passed","Tue Nov 19 18:00:52 GMT 2024","","HYPERON-METTALOG-SANITY","HYPERON-METTALOG-SANITY",""
"","3","ADD-ATOM-MATCH.01","","Tue Nov 19 18:30:57 GMT 2024","passed","Tue Nov 19 18:30:57 GMT 2024","","METTA-MORPH-TESTS","METTA-MORPH-TESTS",""
"","3","C1-GROUNDED-BASIC.12","","Tue Nov 19 18:34:51 GMT 2024","passed","Tue Nov 19 18:34:51 GMT 2024","","QUICK","QUICK",""
"","2","D2-HIGHERFUNC.14","","Tue Nov 19 18:34:51 GMT 2024","passed","Tue Nov 19 18:34:51 GMT 2024","","QUICK","QUICK",""
"","8000","hyperon-mettalog_sanity.find_all_tests","","Tue Nov 19 17:52:49 GMT 2024","passed","Tue Nov 19 17:52:57 GMT 2024","","WHOLE-TESTS","WHOLE-TESTS",""
"","9000","synth_buffer.time_synthesize_short","","Tue Nov 19 17:52:49 GMT 2024","passed","Tue Nov 19 17:52:58 GMT 2024","","WHOLE-TESTS","WHOLE-TESTS",""
"","8000","metta_lang.Working_with_spaces___MeTTa_Language9","","Tue Nov 19 17:52:49 GMT 2024","passed","Tue Nov 19 17:52:57 GMT 2024","","WHOLE-TESTS","WHOLE-TESTS",""
"","8000","metta_lang.Control_flow___MeTTa_Language16","","Tue Nov 19 17:52:49 GMT 2024","passed","Tue Nov 19 17:52:57 GMT 2024","","WHOLE-TESTS","WHOLE-TESTS",""
"","3","WORKING-WITH-SPACES---METTA-LANGUAGE17.01","","Tue Nov 19 18:10:55 GMT 2024","passed","Tue Nov 19 18:10:55 GMT 2024","","METTA-LANG","METTA-LANG",""
"","86","INTERSECTION-TESTS.29","","Tue Nov 19 18:00:52 GMT 2024","failed","Tue Nov 19 18:00:52 GMT 2024","","HYPERON-METTALOG-SANITY","HYPERON-METTALOG-SANITY",""
"","89","INTERSECTION-TESTS.06","","Tue Nov 19 18:00:52 GMT 2024","passed","Tue Nov 19 18:00:52 GMT 2024","","HYPERON-METTALOG-SANITY","HYPERON-METTALOG-SANITY",""
"","2","WORKING-WITH-SPACES---METTA-LANGUAGE4.03","","Tue Nov 19 18:10:55 GMT 2024","passed","Tue Nov 19 18:10:55 GMT 2024","","METTA-LANG","METTA-LANG",""
"","2","FUNCTIONS-AND-UNIFICATION---METTA-LANGUAGE7.05","","Tue Nov 19 18:10:55 GMT 2024","passed","Tue Nov 19 18:10:55 GMT 2024","","METTA-LANG","METTA-LANG",""
"","8000","metta_lang.Functions_and_unification___MeTTa_Language7","","Tue Nov 19 17:52:49 GMT 2024","passed","Tue Nov 19 17:52:57 GMT 2024","","WHOLE-TESTS","WHOLE-TESTS",""
"","3","06-MATCH-IN-SPACE.01","","Tue Nov 19 18:00:52 GMT 2024","passed","Tue Nov 19 18:00:52 GMT 2024","","HYPERON-METTALOG-SANITY","HYPERON-METTALOG-SANITY",""
"","1","D2-HIGHERFUNC.08","","Tue Nov 19 17:57:42 GMT 2024","passed","Tue Nov 19 17:57:42 GMT 2024","","HYPERON-EXPERIMENTAL-SCRIPTS","HYPERON-EXPERIMENTAL-SCRIPTS",""
"","42","BC-COMP.06","","Tue Nov 19 17:52:57 GMT 2024","passed","Tue Nov 19 17:52:57 GMT 2024","","ANTI-REGRESSION","ANTI-REGRESSION",""
"","2","CONTROLLING-PATTERN-MATCHING---METTA-LANGUAGE12.16","","Tue Nov 19 18:10:55 GMT 2024","passed","Tue Nov 19 18:10:55 GMT 2024","","METTA-LANG","METTA-LANG",""
"","3","A1-SYMBOLS.01","","Tue Nov 19 17:57:42 GMT 2024","passed","Tue Nov 19 17:57:42 GMT 2024","","HYPERON-EXPERIMENTAL-SCRIPTS","HYPERON-EXPERIMENTAL-SCRIPTS",""
"","2","00-LANG-CASE.18","","Tue Nov 19 18:00:52 GMT 2024","passed","Tue Nov 19 18:00:52 GMT 2024","","HYPERON-METTALOG-SANITY","HYPERON-METTALOG-SANITY",""
"","8000","metta_lang.Operations_over_atoms___MeTTa_Language8","","Tue Nov 19 17:52:49 GMT 2024","passed","Tue Nov 19 17:52:57 GMT 2024","","WHOLE-TESTS","WHOLE-TESTS",""
"","1","00-LANG-CASE.05","","Tue Nov 19 18:00:52 GMT 2024","passed","Tue Nov 19 18:00:52 GMT 2024","","HYPERON-METTALOG-SANITY","HYPERON-METTALOG-SANITY",""
"","3","00-LANG-CASE.01","","Tue Nov 19 18:00:52 GMT 2024","passed","Tue Nov 19 18:00:52 GMT 2024","","HYPERON-METTALOG-SANITY","HYPERON-METTALOG-SANITY",""
"","2","D1-GADT.08","","Tue Nov 19 18:34:51 GMT 2024","passed","Tue Nov 19 18:34:51 GMT 2024","","QUICK","QUICK",""
"","3","D2-HIGHERFUNC.03","","Tue Nov 19 17:57:42 GMT 2024","passed","Tue Nov 19 17:57:42 GMT 2024","","HYPERON-EXPERIMENTAL-SCRIPTS","HYPERON-EXPERIMENTAL-SCRIPTS",""
"","3","METATYPES---METTA-LANGUAGE1.09","","Tue Nov 19 18:10:55 GMT 2024","passed","Tue Nov 19 18:10:55 GMT 2024","","METTA-LANG","METTA-LANG",""
"","3","BCHAIN.04","","Tue Nov 19 17:52:57 GMT 2024","passed","Tue Nov 19 17:52:57 GMT 2024","","ANTI-REGRESSION","ANTI-REGRESSION",""
"","2","B5-TYPES-PRELIM.12","","Tue Nov 19 17:57:42 GMT 2024","passed","Tue Nov 19 17:57:42 GMT 2024","","HYPERON-EXPERIMENTAL-SCRIPTS","HYPERON-EXPERIMENTAL-SCRIPTS",""
"","2","C1-GROUNDED-BASIC.04","","Tue Nov 19 18:34:51 GMT 2024","passed","Tue Nov 19 18:34:51 GMT 2024","","QUICK","QUICK",""
"","1","BASIC-EVALUATION---METTA-LANGUAGE14.02","","Tue Nov 19 18:10:55 GMT 2024","passed","Tue Nov 19 18:10:55 GMT 2024","","METTA-LANG","METTA-LANG",""
"","4","FUNCTIONAL-PROGRAMMING-TESTS.01","","Tue Nov 19 18:00:52 GMT 2024","passed","Tue Nov 19 18:00:52 GMT 2024","","HYPERON-METTALOG-SANITY","HYPERON-METTALOG-SANITY",""
"","8000","metta_lang.Functions_and_unification___MeTTa_Language1","","Tue Nov 19 17:52:49 GMT 2024","passed","Tue Nov 19 17:52:57 GMT 2024","","WHOLE-TESTS","WHOLE-TESTS",""
"","2","INTERSECTION-TESTS.12","","Tue Nov 19 18:00:52 GMT 2024","passed","Tue Nov 19 18:00:52 GMT 2024","","HYPERON-METTALOG-SANITY","HYPERON-METTALOG-SANITY",""
"","2","OUTPUT-LOAD-TESTS.03","","Tue Nov 19 18:00:52 GMT 2024","passed","Tue Nov 19 18:00:52 GMT 2024","","HYPERON-METTALOG-SANITY","HYPERON-METTALOG-SANITY",""
"","11","METATYPES---METTA-LANGUAGE2.06","","Tue Nov 19 18:10:55 GMT 2024","failed","Tue Nov 19 18:10:55 GMT 2024","","METTA-LANG","METTA-LANG",""
"","2","CONSOLE-OUTPUT-AND-DEBUGGING---METTA-LANGUAGE5.07","","Tue Nov 19 18:10:55 GMT 2024","passed","Tue Nov 19 18:10:55 GMT 2024","","METTA-LANG","METTA-LANG",""
"","104","HANDLING-NONDETERMINISTIC-RESULTS---METTA-LANGUAGE7.02","","Tue Nov 19 18:10:55 GMT 2024","passed","Tue Nov 19 18:10:55 GMT 2024","","METTA-LANG","METTA-LANG",""
"","3","XOR-TEST.09","","Tue Nov 19 18:00:52 GMT 2024","passed","Tue Nov 19 18:00:52 GMT 2024","","HYPERON-METTALOG-SANITY","HYPERON-METTALOG-SANITY",""
"","3","UNIQUE-TEST.01","","Tue Nov 19 18:00:52 GMT 2024","passed","Tue Nov 19 18:00:52 GMT 2024","","HYPERON-METTALOG-SANITY","HYPERON-METTALOG-SANITY",""
"","1","HYPERPOSE.03","","Tue Nov 19 18:30:57 GMT 2024","passed","Tue Nov 19 18:30:57 GMT 2024","","METTA-MORPH-TESTS","METTA-MORPH-TESTS",""
"","2","SUPERCOLLAPSE.08","","Tue Nov 19 18:30:57 GMT 2024","passed","Tue Nov 19 18:30:57 GMT 2024","","METTA-MORPH-TESTS","METTA-MORPH-TESTS",""
"","8000","metta-morph_tests.factorial","","Tue Nov 19 17:52:49 GMT 2024","passed","Tue Nov 19 17:52:57 GMT 2024","","WHOLE-TESTS","WHOLE-TESTS",""
"","2","C1-GROUNDED-BASIC.20","","Tue Nov 19 17:57:42 GMT 2024","passed","Tue Nov 19 17:57:42 GMT 2024","","HYPERON-EXPERIMENTAL-SCRIPTS","HYPERON-EXPERIMENTAL-SCRIPTS",""
"","15","CONCRETE-TYPES---METTA-LANGUAGE5.02","","Tue Nov 19 18:10:55 GMT 2024","passed","Tue Nov 19 18:10:55 GMT 2024","","METTA-LANG","METTA-LANG",""
"","31","BC-COMP.02","","Tue Nov 19 17:52:57 GMT 2024","failed","Tue Nov 19 17:52:57 GMT 2024","","ANTI-REGRESSION","ANTI-REGRESSION",""
"","2","WORKING-WITH-SPACES---METTA-LANGUAGE12.07","","Tue Nov 19 18:10:55 GMT 2024","passed","Tue Nov 19 18:10:55 GMT 2024","","METTA-LANG","METTA-LANG",""
"","2","QUERYING-SPACE-CONTENT---METTA-LANGUAGE4.02","","Tue Nov 19 18:10:55 GMT 2024","passed","Tue Nov 19 18:10:55 GMT 2024","","METTA-LANG","METTA-LANG",""
"","2","CONTROLLING-PATTERN-MATCHING---METTA-LANGUAGE12.02","","Tue Nov 19 18:10:55 GMT 2024","passed","Tue Nov 19 18:10:55 GMT 2024","","METTA-LANG","METTA-LANG",""
"","2","CONTROL-FLOW---METTA-LANGUAGE7.01","","Tue Nov 19 18:10:55 GMT 2024","passed","Tue Nov 19 18:10:55 GMT 2024","","METTA-LANG","METTA-LANG",""
"","3","C2-SPACES.03","","Tue Nov 19 17:57:42 GMT 2024","passed","Tue Nov 19 17:57:42 GMT 2024","","HYPERON-EXPERIMENTAL-SCRIPTS","HYPERON-EXPERIMENTAL-SCRIPTS",""
"","2","MINIMAL-METTA-TESTS.03","","Tue Nov 19 18:00:52 GMT 2024","passed","Tue Nov 19 18:00:52 GMT 2024","","HYPERON-METTALOG-SANITY","HYPERON-METTALOG-SANITY",""
"","2","MATCH-VOID.09","","Tue Nov 19 18:30:57 GMT 2024","passed","Tue Nov 19 18:30:57 GMT 2024","","METTA-MORPH-TESTS","METTA-MORPH-TESTS",""
"","3","C3-PLN-STV.04","","Tue Nov 19 17:57:42 GMT 2024","passed","Tue Nov 19 17:57:42 GMT 2024","","HYPERON-EXPERIMENTAL-SCRIPTS","HYPERON-EXPERIMENTAL-SCRIPTS",""
"","2","EVAL-FOR-TESTS.06","","Tue Nov 19 18:00:52 GMT 2024","passed","Tue Nov 19 18:00:52 GMT 2024","","HYPERON-METTALOG-SANITY","HYPERON-METTALOG-SANITY",""
"","2","B2-BACKCHAIN.02","","Tue Nov 19 17:57:42 GMT 2024","passed","Tue Nov 19 17:57:42 GMT 2024","","HYPERON-EXPERIMENTAL-SCRIPTS","HYPERON-EXPERIMENTAL-SCRIPTS",""
"","2","CONTROL-FLOW---METTA-LANGUAGE16.03","","Tue Nov 19 18:10:55 GMT 2024","passed","Tue Nov 19 18:10:55 GMT 2024","","METTA-LANG","METTA-LANG",""
"","2","CONTROLLING-PATTERN-MATCHING---METTA-LANGUAGE5.02","","Tue Nov 19 18:10:55 GMT 2024","passed","Tue Nov 19 18:10:55 GMT 2024","","METTA-LANG","METTA-LANG",""
"","8000","metta_lang.Controlling_pattern_matching___MeTTa_Language4","","Tue Nov 19 17:52:49 GMT 2024","passed","Tue Nov 19 17:52:57 GMT 2024","","WHOLE-TESTS","WHOLE-TESTS",""
"","2","FLIP-TEST.02","","Tue Nov 19 18:00:52 GMT 2024","passed","Tue Nov 19 18:00:52 GMT 2024","","HYPERON-METTALOG-SANITY","HYPERON-METTALOG-SANITY",""
"","5","BASIC-GROUNDED-FUNCTIONS---METTA-LANGUAGE5.01","","Tue Nov 19 18:10:55 GMT 2024","passed","Tue Nov 19 18:10:55 GMT 2024","","METTA-LANG","METTA-LANG",""
"","187","NALIFIER.01","","Tue Nov 19 18:30:57 GMT 2024","passed","Tue Nov 19 18:30:57 GMT 2024","","METTA-MORPH-TESTS","METTA-MORPH-TESTS",""
"","8000","metta_lang.Concrete_types___MeTTa_Language3","","Tue Nov 19 17:52:49 GMT 2024","passed","Tue Nov 19 17:52:57 GMT 2024","","WHOLE-TESTS","WHOLE-TESTS",""
"","1","C1-GROUNDED-BASIC.09","","Tue Nov 19 17:57:42 GMT 2024","passed","Tue Nov 19 17:57:42 GMT 2024","","HYPERON-EXPERIMENTAL-SCRIPTS","HYPERON-EXPERIMENTAL-SCRIPTS",""
"","3","F1-MODULEA.08","","Tue Nov 19 18:34:51 GMT 2024","passed","Tue Nov 19 18:34:51 GMT 2024","","QUICK","QUICK",""
"","2","INTERSECTION-TESTS.04","","Tue Nov 19 18:00:52 GMT 2024","passed","Tue Nov 19 18:00:52 GMT 2024","","HYPERON-METTALOG-SANITY","HYPERON-METTALOG-SANITY",""
"","1","BCHAIN.02","","Tue Nov 19 17:52:57 GMT 2024","passed","Tue Nov 19 17:52:57 GMT 2024","","ANTI-REGRESSION","ANTI-REGRESSION",""
"","3","FIRST-ANSWER.02","","Tue Nov 19 18:00:52 GMT 2024","passed","Tue Nov 19 18:00:52 GMT 2024","","HYPERON-METTALOG-SANITY","HYPERON-METTALOG-SANITY",""
"","2","TEST-IF-CLOSED.05","","Tue Nov 19 17:52:57 GMT 2024","passed","Tue Nov 19 17:52:57 GMT 2024","","ANTI-REGRESSION","ANTI-REGRESSION",""
"","3","WHAT-EVALS-OR-NOT.05","","Tue Nov 19 18:00:52 GMT 2024","passed","Tue Nov 19 18:00:52 GMT 2024","","HYPERON-METTALOG-SANITY","HYPERON-METTALOG-SANITY",""
"","73","WORKING-WITH-SPACES---METTA-LANGUAGE5.02","","Tue Nov 19 18:10:55 GMT 2024","passed","Tue Nov 19 18:10:55 GMT 2024","","METTA-LANG","METTA-LANG",""
"","3","HYPERPOSE-TESTS.02","","Tue Nov 19 18:00:52 GMT 2024","passed","Tue Nov 19 18:00:52 GMT 2024","","HYPERON-METTALOG-SANITY","HYPERON-METTALOG-SANITY",""
"","3","CONSOLE-OUTPUT-AND-DEBUGGING---METTA-LANGUAGE3.01","","Tue Nov 19 18:10:55 GMT 2024","passed","Tue Nov 19 18:10:55 GMT 2024","","METTA-LANG","METTA-LANG",""
"","59","CONSOLE-OUTPUT-AND-DEBUGGING---METTA-LANGUAGE2.07","","Tue Nov 19 18:10:55 GMT 2024","failed","Tue Nov 19 18:10:55 GMT 2024","","METTA-LANG","METTA-LANG",""
"","2","C1-GROUNDED-BASIC.11","","Tue Nov 19 18:34:51 GMT 2024","passed","Tue Nov 19 18:34:51 GMT 2024","","QUICK","QUICK",""
"","3","LIMIT-TESTS.08","","Tue Nov 19 18:00:52 GMT 2024","passed","Tue Nov 19 18:00:52 GMT 2024","","HYPERON-METTALOG-SANITY","HYPERON-METTALOG-SANITY",""
"","3","D2-HIGHERFUNC.27","","Tue Nov 19 18:34:51 GMT 2024","passed","Tue Nov 19 18:34:51 GMT 2024","","QUICK","QUICK",""
"","3","BCHAIN.01","","Tue Nov 19 17:52:57 GMT 2024","passed","Tue Nov 19 17:52:57 GMT 2024","","ANTI-REGRESSION","ANTI-REGRESSION",""
"","8000","anti-regression.bchain","","Tue Nov 19 17:52:49 GMT 2024","passed","Tue Nov 19 17:52:57 GMT 2024","","WHOLE-TESTS","WHOLE-TESTS",""
"","8000","hyperon-mettalog_sanity.01_lang_inc","","Tue Nov 19 17:52:49 GMT 2024","passed","Tue Nov 19 17:52:57 GMT 2024","","WHOLE-TESTS","WHOLE-TESTS",""
"","8000","metta_lang.Basic_evaluation___MeTTa_Language6","","Tue Nov 19 17:52:49 GMT 2024","passed","Tue Nov 19 17:52:57 GMT 2024","","WHOLE-TESTS","WHOLE-TESTS",""
"","3","MULTIFUNCTION.01","","Tue Nov 19 18:30:57 GMT 2024","passed","Tue Nov 19 18:30:57 GMT 2024","","METTA-MORPH-TESTS","METTA-MORPH-TESTS",""
"","2","D4-TYPE-PROP.14","","Tue Nov 19 18:34:51 GMT 2024","passed","Tue Nov 19 18:34:51 GMT 2024","","QUICK","QUICK",""
"","1","D2-HIGHERFUNC.16","","Tue Nov 19 17:57:42 GMT 2024","passed","Tue Nov 19 17:57:42 GMT 2024","","HYPERON-EXPERIMENTAL-SCRIPTS","HYPERON-EXPERIMENTAL-SCRIPTS",""
"","124","PY-TYPES.04","","Tue Nov 19 18:00:52 GMT 2024","passed","Tue Nov 19 18:00:52 GMT 2024","","HYPERON-METTALOG-SANITY","HYPERON-METTALOG-SANITY",""
"","2","FUNCTIONS-AND-UNIFICATION---METTA-LANGUAGE6.02","","Tue Nov 19 18:10:55 GMT 2024","passed","Tue Nov 19 18:10:55 GMT 2024","","METTA-LANG","METTA-LANG",""
"","8000","metta_lang.Basic_evaluation___MeTTa_Language1","","Tue Nov 19 17:52:49 GMT 2024","passed","Tue Nov 19 17:52:57 GMT 2024","","WHOLE-TESTS","WHOLE-TESTS",""
"","99","EVAL-FOR-TESTS.13","","Tue Nov 19 18:00:52 GMT 2024","failed","Tue Nov 19 18:00:52 GMT 2024","","HYPERON-METTALOG-SANITY","HYPERON-METTALOG-SANITY",""
"","2","OR-TEST.12","","Tue Nov 19 18:00:52 GMT 2024","passed","Tue Nov 19 18:00:52 GMT 2024","","HYPERON-METTALOG-SANITY","HYPERON-METTALOG-SANITY",""
"","1","XOR-TEST.11","","Tue Nov 19 18:00:52 GMT 2024","passed","Tue Nov 19 18:00:52 GMT 2024","","HYPERON-METTALOG-SANITY","HYPERON-METTALOG-SANITY",""
"","18","CONTROLLING-PATTERN-MATCHING---METTA-LANGUAGE7.01","","Tue Nov 19 18:10:55 GMT 2024","passed","Tue Nov 19 18:10:55 GMT 2024","","METTA-LANG","METTA-LANG",""
"","3","EVAL-FOR-TESTS.03","","Tue Nov 19 18:00:52 GMT 2024","passed","Tue Nov 19 18:00:52 GMT 2024","","HYPERON-METTALOG-SANITY","HYPERON-METTALOG-SANITY",""
"","8000","metta-morph_tests.letlet","","Tue Nov 19 17:52:49 GMT 2024","passed","Tue Nov 19 17:52:57 GMT 2024","","WHOLE-TESTS","WHOLE-TESTS",""
"","5","CONTROLLING-PATTERN-MATCHING---METTA-LANGUAGE9.01","","Tue Nov 19 18:10:55 GMT 2024","passed","Tue Nov 19 18:10:55 GMT 2024","","METTA-LANG","METTA-LANG",""
"","108","CALL-CLEANUP-TESTS.04","","Tue Nov 19 18:00:52 GMT 2024","failed","Tue Nov 19 18:00:52 GMT 2024","","HYPERON-METTALOG-SANITY","HYPERON-METTALOG-SANITY",""
"","1","CONTROL-FLOW---METTA-LANGUAGE2.02","","Tue Nov 19 18:10:55 GMT 2024","passed","Tue Nov 19 18:10:55 GMT 2024","","METTA-LANG","METTA-LANG",""
"","2","00-LANG-CASE.07","","Tue Nov 19 18:00:52 GMT 2024","passed","Tue Nov 19 18:00:52 GMT 2024","","HYPERON-METTALOG-SANITY","HYPERON-METTALOG-SANITY",""
"","4","C2-SPACES.01","","Tue Nov 19 17:52:41 GMT 2024","passed","Tue Nov 19 17:52:41 GMT 2024","","MODULE-SYSTEM","MODULE-SYSTEM",""
"","4","SUPERPOSE-NESTED.01","","Tue Nov 19 18:30:57 GMT 2024","passed","Tue Nov 19 18:30:57 GMT 2024","","METTA-MORPH-TESTS","METTA-MORPH-TESTS",""
"","59","BASIC-GROUNDED-FUNCTIONS---METTA-LANGUAGE1.04","","Tue Nov 19 18:10:55 GMT 2024","passed","Tue Nov 19 18:10:55 GMT 2024","","METTA-LANG","METTA-LANG",""
"","2","RECURSIVE-AND-PARAMETRIC-TYPES---METTA-LANGUAGE2.03","","Tue Nov 19 18:10:55 GMT 2024","passed","Tue Nov 19 18:10:55 GMT 2024","","METTA-LANG","METTA-LANG",""
"","2","BASIC-EVALUATION---METTA-LANGUAGE11.01","","Tue Nov 19 18:10:55 GMT 2024","passed","Tue Nov 19 18:10:55 GMT 2024","","METTA-LANG","METTA-LANG",""
"","2","F1-IMPORTS.03","","Tue Nov 19 18:34:51 GMT 2024","passed","Tue Nov 19 18:34:51 GMT 2024","","QUICK","QUICK",""
"","3","HYPERPOSE-TESTS.01","","Tue Nov 19 18:00:52 GMT 2024","passed","Tue Nov 19 18:00:52 GMT 2024","","HYPERON-METTALOG-SANITY","HYPERON-METTALOG-SANITY",""
"","1","METATYPES---METTA-LANGUAGE1.08","","Tue Nov 19 18:10:55 GMT 2024","passed","Tue Nov 19 18:10:55 GMT 2024","","METTA-LANG","METTA-LANG",""
"","2","C1-GROUNDED-BASIC.11","","Tue Nov 19 17:57:42 GMT 2024","passed","Tue Nov 19 17:57:42 GMT 2024","","HYPERON-EXPERIMENTAL-SCRIPTS","HYPERON-EXPERIMENTAL-SCRIPTS",""
"","3","FREE-VARIABLES-AND-NONDETERMINISM-AGAIN-RECURSIVELY---METTA-LANGUAGE5.01","","Tue Nov 19 18:10:55 GMT 2024","passed","Tue Nov 19 18:10:55 GMT 2024","","METTA-LANG","METTA-LANG",""
"","8000","metta_lang.Controlling_pattern_matching___MeTTa_Language2","","Tue Nov 19 17:52:49 GMT 2024","passed","Tue Nov 19 17:52:57 GMT 2024","","WHOLE-TESTS","WHOLE-TESTS",""
"","2","FUNCTIONAL-PROGRAMMING-TESTS.03","","Tue Nov 19 18:00:52 GMT 2024","passed","Tue Nov 19 18:00:52 GMT 2024","","HYPERON-METTALOG-SANITY","HYPERON-METTALOG-SANITY",""
"","2","OR-TEST.09","","Tue Nov 19 18:00:52 GMT 2024","passed","Tue Nov 19 18:00:52 GMT 2024","","HYPERON-METTALOG-SANITY","HYPERON-METTALOG-SANITY",""
"","4","FUNCTIONS-AND-UNIFICATION---METTA-LANGUAGE6.01","","Tue Nov 19 18:10:55 GMT 2024","passed","Tue Nov 19 18:10:55 GMT 2024","","METTA-LANG","METTA-LANG",""
"","2","BCHAIN.05","","Tue Nov 19 17:52:57 GMT 2024","passed","Tue Nov 19 17:52:57 GMT 2024","","ANTI-REGRESSION","ANTI-REGRESSION",""
"","1","C2-SPACES.04","","Tue Nov 19 17:52:41 GMT 2024","passed","Tue Nov 19 17:52:41 GMT 2024","","MODULE-SYSTEM","MODULE-SYSTEM",""
"","2","OPERATIONS-OVER-ATOMS---METTA-LANGUAGE1.04","","Tue Nov 19 18:10:55 GMT 2024","passed","Tue Nov 19 18:10:55 GMT 2024","","METTA-LANG","METTA-LANG",""
"","3","CALL-CLEANUP-TESTS.01","","Tue Nov 19 18:00:52 GMT 2024","passed","Tue Nov 19 18:00:52 GMT 2024","","HYPERON-METTALOG-SANITY","HYPERON-METTALOG-SANITY",""
"","1","MATCH-VOID.08","","Tue Nov 19 18:30:57 GMT 2024","passed","Tue Nov 19 18:30:57 GMT 2024","","METTA-MORPH-TESTS","METTA-MORPH-TESTS",""
"","2","CONTROL-FLOW---METTA-LANGUAGE15.03","","Tue Nov 19 18:10:55 GMT 2024","passed","Tue Nov 19 18:10:55 GMT 2024","","METTA-LANG","METTA-LANG",""
"","2","BASIC-GROUNDED-FUNCTIONS---METTA-LANGUAGE4.03","","Tue Nov 19 18:10:55 GMT 2024","passed","Tue Nov 19 18:10:55 GMT 2024","","METTA-LANG","METTA-LANG",""
"","9000","hyperon-mettalog_sanity.sealed_test","","Tue Nov 19 17:52:49 GMT 2024","passed","Tue Nov 19 17:52:58 GMT 2024","","WHOLE-TESTS","WHOLE-TESTS",""
"","4","E2-STATES.01","","Tue Nov 19 17:57:42 GMT 2024","passed","Tue Nov 19 17:57:42 GMT 2024","","HYPERON-EXPERIMENTAL-SCRIPTS","HYPERON-EXPERIMENTAL-SCRIPTS",""
"","3","RECURSIVE-AND-PARAMETRIC-TYPES---METTA-LANGUAGE3.03","","Tue Nov 19 18:10:55 GMT 2024","passed","Tue Nov 19 18:10:55 GMT 2024","","METTA-LANG","METTA-LANG",""
"","1","CALL-TESTS.08","","Tue Nov 19 18:00:52 GMT 2024","passed","Tue Nov 19 18:00:52 GMT 2024","","HYPERON-METTALOG-SANITY","HYPERON-METTALOG-SANITY",""
"","2","LIMIT-TESTS.04","","Tue Nov 19 18:00:52 GMT 2024","passed","Tue Nov 19 18:00:52 GMT 2024","","HYPERON-METTALOG-SANITY","HYPERON-METTALOG-SANITY",""
"","132","MINIMAL-METTA-TESTS.07","","Tue Nov 19 18:00:52 GMT 2024","failed","Tue Nov 19 18:00:52 GMT 2024","","HYPERON-METTALOG-SANITY","HYPERON-METTALOG-SANITY",""
"","1","WORKING-WITH-SPACES---METTA-LANGUAGE8.04","","Tue Nov 19 18:10:55 GMT 2024","passed","Tue Nov 19 18:10:55 GMT 2024","","METTA-LANG","METTA-LANG",""
"","2","STRING-TESTS.13","","Tue Nov 19 18:00:52 GMT 2024","passed","Tue Nov 19 18:00:52 GMT 2024","","HYPERON-METTALOG-SANITY","HYPERON-METTALOG-SANITY",""
"","2","STRING-TESTS.17","","Tue Nov 19 18:00:52 GMT 2024","passed","Tue Nov 19 18:00:52 GMT 2024","","HYPERON-METTALOG-SANITY","HYPERON-METTALOG-SANITY",""
"","8000","metta_lang.Concrete_types___MeTTa_Language11","","Tue Nov 19 17:52:49 GMT 2024","passed","Tue Nov 19 17:52:57 GMT 2024","","WHOLE-TESTS","WHOLE-TESTS",""
"","2","CALL-TESTS.05","","Tue Nov 19 18:00:52 GMT 2024","passed","Tue Nov 19 18:00:52 GMT 2024","","HYPERON-METTALOG-SANITY","HYPERON-METTALOG-SANITY",""
"","2","QUERYING-SPACE-CONTENT---METTA-LANGUAGE2.03","","Tue Nov 19 18:10:55 GMT 2024","passed","Tue Nov 19 18:10:55 GMT 2024","","METTA-LANG","METTA-LANG",""
"","2","E2-STATES.05","","Tue Nov 19 17:57:42 GMT 2024","passed","Tue Nov 19 17:57:42 GMT 2024","","HYPERON-EXPERIMENTAL-SCRIPTS","HYPERON-EXPERIMENTAL-SCRIPTS",""
"","2","06-MATCH-IN-SPACE.05","","Tue Nov 19 18:00:52 GMT 2024","passed","Tue Nov 19 18:00:52 GMT 2024","","HYPERON-METTALOG-SANITY","HYPERON-METTALOG-SANITY",""
"","2","TYPES2.03","","Tue Nov 19 18:30:57 GMT 2024","passed","Tue Nov 19 18:30:57 GMT 2024","","METTA-MORPH-TESTS","METTA-MORPH-TESTS",""
"","5","FUNCTIONS-AND-UNIFICATION---METTA-LANGUAGE7.01","","Tue Nov 19 18:10:55 GMT 2024","passed","Tue Nov 19 18:10:55 GMT 2024","","METTA-LANG","METTA-LANG",""
"","2","HYPERPOSE.04","","Tue Nov 19 18:30:57 GMT 2024","passed","Tue Nov 19 18:30:57 GMT 2024","","METTA-MORPH-TESTS","METTA-MORPH-TESTS",""
"","2","F1-IMPORTS.17","","Tue Nov 19 17:57:42 GMT 2024","passed","Tue Nov 19 17:57:42 GMT 2024","","HYPERON-EXPERIMENTAL-SCRIPTS","HYPERON-EXPERIMENTAL-SCRIPTS",""
"","2","BASIC-EVALUATION---METTA-LANGUAGE7.01","","Tue Nov 19 18:10:55 GMT 2024","passed","Tue Nov 19 18:10:55 GMT 2024","","METTA-LANG","METTA-LANG",""
"","3","WORKING-WITH-SPACES---METTA-LANGUAGE6.01","","Tue Nov 19 18:10:55 GMT 2024","passed","Tue Nov 19 18:10:55 GMT 2024","","METTA-LANG","METTA-LANG",""
"","2","FUNCTIONAL-PROGRAMMING-TESTS.04","","Tue Nov 19 18:00:52 GMT 2024","passed","Tue Nov 19 18:00:52 GMT 2024","","HYPERON-METTALOG-SANITY","HYPERON-METTALOG-SANITY",""
"","3","TYPES2.01","","Tue Nov 19 18:30:57 GMT 2024","passed","Tue Nov 19 18:30:57 GMT 2024","","METTA-MORPH-TESTS","METTA-MORPH-TESTS",""
"","3","FUNCTIONS-AND-UNIFICATION---METTA-LANGUAGE2.01","","Tue Nov 19 18:10:55 GMT 2024","passed","Tue Nov 19 18:10:55 GMT 2024","","METTA-LANG","METTA-LANG",""
"","5","WORKING-WITH-SPACES---METTA-LANGUAGE4.02","","Tue Nov 19 18:10:55 GMT 2024","passed","Tue Nov 19 18:10:55 GMT 2024","","METTA-LANG","METTA-LANG",""
"","50","F1-IMPORTS.11","","Tue Nov 19 18:34:51 GMT 2024","failed","Tue Nov 19 18:34:51 GMT 2024","","QUICK","QUICK",""
"","2","RECURSION-AND-CONTROL---METTA-LANGUAGE7.04","","Tue Nov 19 18:10:55 GMT 2024","passed","Tue Nov 19 18:10:55 GMT 2024","","METTA-LANG","METTA-LANG",""
"","1","LIMIT-TESTS.10","","Tue Nov 19 18:00:52 GMT 2024","passed","Tue Nov 19 18:00:52 GMT 2024","","HYPERON-METTALOG-SANITY","HYPERON-METTALOG-SANITY",""
"","2","CONTROLLING-PATTERN-MATCHING---METTA-LANGUAGE12.04","","Tue Nov 19 18:10:55 GMT 2024","passed","Tue Nov 19 18:10:55 GMT 2024","","METTA-LANG","METTA-LANG",""
"","8000","metta_lang.Controlling_pattern_matching___MeTTa_Language11","","Tue Nov 19 17:52:49 GMT 2024","passed","Tue Nov 19 17:52:57 GMT 2024","","WHOLE-TESTS","WHOLE-TESTS",""
"","18","BCHAIN-COMP.05","","Tue Nov 19 17:52:57 GMT 2024","passed","Tue Nov 19 17:52:57 GMT 2024","","ANTI-REGRESSION","ANTI-REGRESSION",""
"","3","TESTS0.02","","Tue Nov 19 18:30:57 GMT 2024","passed","Tue Nov 19 18:30:57 GMT 2024","","METTA-MORPH-TESTS","METTA-MORPH-TESTS",""
"","2","CONSOLE-OUTPUT-AND-DEBUGGING---METTA-LANGUAGE2.05","","Tue Nov 19 18:10:55 GMT 2024","passed","Tue Nov 19 18:10:55 GMT 2024","","METTA-LANG","METTA-LANG",""
"","74","MINIMAL-METTA-TESTS.09","","Tue Nov 19 18:00:52 GMT 2024","passed","Tue Nov 19 18:00:52 GMT 2024","","HYPERON-METTALOG-SANITY","HYPERON-METTALOG-SANITY",""
"","12","CONTROLLING-PATTERN-MATCHING---METTA-LANGUAGE6.01","","Tue Nov 19 18:10:55 GMT 2024","failed","Tue Nov 19 18:10:55 GMT 2024","","METTA-LANG","METTA-LANG",""
"","5","RECURSIVE-AND-PARAMETRIC-TYPES---METTA-LANGUAGE3.01","","Tue Nov 19 18:10:55 GMT 2024","passed","Tue Nov 19 18:10:55 GMT 2024","","METTA-LANG","METTA-LANG",""
"","4","RECURSION-AND-CONTROL---METTA-LANGUAGE9.01","","Tue Nov 19 18:10:55 GMT 2024","passed","Tue Nov 19 18:10:55 GMT 2024","","METTA-LANG","METTA-LANG",""
"","2","F1-IMPORTS.06","","Tue Nov 19 17:57:42 GMT 2024","passed","Tue Nov 19 17:57:42 GMT 2024","","HYPERON-EXPERIMENTAL-SCRIPTS","HYPERON-EXPERIMENTAL-SCRIPTS",""
"","3","D2-HIGHERFUNC.02","","Tue Nov 19 17:57:42 GMT 2024","passed","Tue Nov 19 17:57:42 GMT 2024","","HYPERON-EXPERIMENTAL-SCRIPTS","HYPERON-EXPERIMENTAL-SCRIPTS",""
"","4","SPACE-INTERSECTION-TESTS.03","","Tue Nov 19 18:00:52 GMT 2024","passed","Tue Nov 19 18:00:52 GMT 2024","","HYPERON-METTALOG-SANITY","HYPERON-METTALOG-SANITY",""
"","144","CONTROLLING-PATTERN-MATCHING---METTA-LANGUAGE6.03","","Tue Nov 19 18:10:55 GMT 2024","failed","Tue Nov 19 18:10:55 GMT 2024","","METTA-LANG","METTA-LANG",""
"","8000","metta_lang.Basic_grounded_functions___MeTTa_Language7","","Tue Nov 19 17:52:49 GMT 2024","passed","Tue Nov 19 17:52:57 GMT 2024","","WHOLE-TESTS","WHOLE-TESTS",""
"","9000","quick.f1_moduleA","","Tue Nov 19 17:52:49 GMT 2024","passed","Tue Nov 19 17:52:58 GMT 2024","","WHOLE-TESTS","WHOLE-TESTS",""
"","8000","metta_lang.Concrete_types___MeTTa_Language9","","Tue Nov 19 17:52:49 GMT 2024","passed","Tue Nov 19 17:52:57 GMT 2024","","WHOLE-TESTS","WHOLE-TESTS",""
"","2","SUPERPOSE-NESTED.03","","Tue Nov 19 18:30:57 GMT 2024","passed","Tue Nov 19 18:30:57 GMT 2024","","METTA-MORPH-TESTS","METTA-MORPH-TESTS",""
"","2","OPERATIONS-OVER-ATOMS---METTA-LANGUAGE1.03","","Tue Nov 19 18:10:55 GMT 2024","passed","Tue Nov 19 18:10:55 GMT 2024","","METTA-LANG","METTA-LANG",""
"","2","CONCRETE-TYPES---METTA-LANGUAGE5.03","","Tue Nov 19 18:10:55 GMT 2024","passed","Tue Nov 19 18:10:55 GMT 2024","","METTA-LANG","METTA-LANG",""
"","3","C1-GROUNDED-BASIC.23","","Tue Nov 19 18:34:51 GMT 2024","passed","Tue Nov 19 18:34:51 GMT 2024","","QUICK","QUICK",""
"","3","RECURSION-AND-CONTROL---METTA-LANGUAGE8.04","","Tue Nov 19 18:10:55 GMT 2024","passed","Tue Nov 19 18:10:55 GMT 2024","","METTA-LANG","METTA-LANG",""
"","125","RECURSIVE-AND-PARAMETRIC-TYPES---METTA-LANGUAGE1.02","","Tue Nov 19 18:10:55 GMT 2024","failed","Tue Nov 19 18:10:55 GMT 2024","","METTA-LANG","METTA-LANG",""
"","60","WORKING-WITH-SPACES---METTA-LANGUAGE11.04","","Tue Nov 19 18:10:55 GMT 2024","failed","Tue Nov 19 18:10:55 GMT 2024","","METTA-LANG","METTA-LANG",""
"","6","F1-IMPORTS.02","","Tue Nov 19 18:34:51 GMT 2024","passed","Tue Nov 19 18:34:51 GMT 2024","","QUICK","QUICK",""
"","3","OUTPUT-LOAD-TESTS.01","","Tue Nov 19 18:00:52 GMT 2024","passed","Tue Nov 19 18:00:52 GMT 2024","","HYPERON-METTALOG-SANITY","HYPERON-METTALOG-SANITY",""
"","18","FUNCTIONS-AND-UNIFICATION---METTA-LANGUAGE5.02","","Tue Nov 19 18:10:55 GMT 2024","failed","Tue Nov 19 18:10:55 GMT 2024","","METTA-LANG","METTA-LANG",""
"","1","WORKING-WITH-SPACES---METTA-LANGUAGE1.08","","Tue Nov 19 18:10:55 GMT 2024","passed","Tue Nov 19 18:10:55 GMT 2024","","METTA-LANG","METTA-LANG",""
"","8000","hyperon-experimental_scripts.d4_type_prop","","Tue Nov 19 17:52:49 GMT 2024","passed","Tue Nov 19 17:52:57 GMT 2024","","WHOLE-TESTS","WHOLE-TESTS",""
"","1","SPACE-SUBTRACTION-TESTS.06","","Tue Nov 19 18:00:52 GMT 2024","passed","Tue Nov 19 18:00:52 GMT 2024","","HYPERON-METTALOG-SANITY","HYPERON-METTALOG-SANITY",""
"","3","SUPERCOLLAPSE.01","","Tue Nov 19 18:30:57 GMT 2024","passed","Tue Nov 19 18:30:57 GMT 2024","","METTA-MORPH-TESTS","METTA-MORPH-TESTS",""
"","2","SEQUENTIAL-NESTED.05","","Tue Nov 19 18:30:57 GMT 2024","passed","Tue Nov 19 18:30:57 GMT 2024","","METTA-MORPH-TESTS","METTA-MORPH-TESTS",""
"","2","QUERYING-SPACE-CONTENT---METTA-LANGUAGE4.01","","Tue Nov 19 18:10:55 GMT 2024","passed","Tue Nov 19 18:10:55 GMT 2024","","METTA-LANG","METTA-LANG",""
"","3","E2-STATES.11","","Tue Nov 19 17:57:42 GMT 2024","passed","Tue Nov 19 17:57:42 GMT 2024","","HYPERON-EXPERIMENTAL-SCRIPTS","HYPERON-EXPERIMENTAL-SCRIPTS",""
"","2","D4-TYPE-PROP.12","","Tue Nov 19 17:57:42 GMT 2024","passed","Tue Nov 19 17:57:42 GMT 2024","","HYPERON-EXPERIMENTAL-SCRIPTS","HYPERON-EXPERIMENTAL-SCRIPTS",""
"","822","REPRESENT-AND-PARSE-TESTS.01","","Tue Nov 19 18:00:52 GMT 2024","failed","Tue Nov 19 18:00:52 GMT 2024","","HYPERON-METTALOG-SANITY","HYPERON-METTALOG-SANITY",""
"","2","D2-HIGHERFUNC.24","","Tue Nov 19 18:34:51 GMT 2024","passed","Tue Nov 19 18:34:51 GMT 2024","","QUICK","QUICK",""
"","1","RECURSIVE-AND-PARAMETRIC-TYPES---METTA-LANGUAGE5.04","","Tue Nov 19 18:10:55 GMT 2024","passed","Tue Nov 19 18:10:55 GMT 2024","","METTA-LANG","METTA-LANG",""
"","8000","metta_lang.Metatypes___MeTTa_Language8","","Tue Nov 19 17:52:49 GMT 2024","passed","Tue Nov 19 17:52:57 GMT 2024","","WHOLE-TESTS","WHOLE-TESTS",""
"","2","RECURSIVE-AND-PARAMETRIC-TYPES---METTA-LANGUAGE7.02","","Tue Nov 19 18:10:55 GMT 2024","passed","Tue Nov 19 18:10:55 GMT 2024","","METTA-LANG","METTA-LANG",""
"","2","CONTROLLING-PATTERN-MATCHING---METTA-LANGUAGE12.10","","Tue Nov 19 18:10:55 GMT 2024","passed","Tue Nov 19 18:10:55 GMT 2024","","METTA-LANG","METTA-LANG",""
"","2","SEQUENTIAL-TESTS.02","","Tue Nov 19 18:00:52 GMT 2024","passed","Tue Nov 19 18:00:52 GMT 2024","","HYPERON-METTALOG-SANITY","HYPERON-METTALOG-SANITY",""
"","3","06-MATCH-IN-SPACE.04","","Tue Nov 19 18:00:52 GMT 2024","passed","Tue Nov 19 18:00:52 GMT 2024","","HYPERON-METTALOG-SANITY","HYPERON-METTALOG-SANITY",""
"","76","MINIMAL-METTA-TESTS.18","","Tue Nov 19 18:00:52 GMT 2024","failed","Tue Nov 19 18:00:52 GMT 2024","","HYPERON-METTALOG-SANITY","HYPERON-METTALOG-SANITY",""
"","1","PRINT-GRAPH.02","","Tue Nov 19 17:55:48 GMT 2024","passed","Tue Nov 19 17:55:48 GMT 2024","","METTA-WAM-ISSUE-145","METTA-WAM-ISSUE-145",""
"","5","RECURSION-AND-CONTROL---METTA-LANGUAGE3.01","","Tue Nov 19 18:10:55 GMT 2024","passed","Tue Nov 19 18:10:55 GMT 2024","","METTA-LANG","METTA-LANG",""
"","2","LIMIT-TESTS.05","","Tue Nov 19 18:00:52 GMT 2024","passed","Tue Nov 19 18:00:52 GMT 2024","","HYPERON-METTALOG-SANITY","HYPERON-METTALOG-SANITY",""
"","8000","metta_lang.Basic_evaluation___MeTTa_Language7","","Tue Nov 19 17:52:49 GMT 2024","passed","Tue Nov 19 17:52:57 GMT 2024","","WHOLE-TESTS","WHOLE-TESTS",""
"","10","CONSOLE-OUTPUT-AND-DEBUGGING---METTA-LANGUAGE1.02","","Tue Nov 19 18:10:55 GMT 2024","failed","Tue Nov 19 18:10:55 GMT 2024","","METTA-LANG","METTA-LANG",""
"","1","MATCH-VOID.02","","Tue Nov 19 18:30:57 GMT 2024","passed","Tue Nov 19 18:30:57 GMT 2024","","METTA-MORPH-TESTS","METTA-MORPH-TESTS",""
"","2","OR-TEST.05","","Tue Nov 19 18:00:52 GMT 2024","passed","Tue Nov 19 18:00:52 GMT 2024","","HYPERON-METTALOG-SANITY","HYPERON-METTALOG-SANITY",""
"","98","EVAL-FOR-TESTS.01","","Tue Nov 19 18:00:52 GMT 2024","failed","Tue Nov 19 18:00:52 GMT 2024","","HYPERON-METTALOG-SANITY","HYPERON-METTALOG-SANITY",""
"","8000","metta_lang.Control_flow___MeTTa_Language15","","Tue Nov 19 17:52:49 GMT 2024","passed","Tue Nov 19 17:52:57 GMT 2024","","WHOLE-TESTS","WHOLE-TESTS",""
"","1","INTERSECTION-TESTS.08","","Tue Nov 19 18:00:52 GMT 2024","passed","Tue Nov 19 18:00:52 GMT 2024","","HYPERON-METTALOG-SANITY","HYPERON-METTALOG-SANITY",""
"","2","CONSOLE-OUTPUT-AND-DEBUGGING---METTA-LANGUAGE2.03","","Tue Nov 19 18:10:55 GMT 2024","passed","Tue Nov 19 18:10:55 GMT 2024","","METTA-LANG","METTA-LANG",""
"","1","B4-NONDETERM.08","","Tue Nov 19 17:57:42 GMT 2024","passed","Tue Nov 19 17:57:42 GMT 2024","","HYPERON-EXPERIMENTAL-SCRIPTS","HYPERON-EXPERIMENTAL-SCRIPTS",""
"","2","E2-STATES.03","","Tue Nov 19 17:57:42 GMT 2024","passed","Tue Nov 19 17:57:42 GMT 2024","","HYPERON-EXPERIMENTAL-SCRIPTS","HYPERON-EXPERIMENTAL-SCRIPTS",""
"","5","OR-TEST.07","","Tue Nov 19 18:00:52 GMT 2024","passed","Tue Nov 19 18:00:52 GMT 2024","","HYPERON-METTALOG-SANITY","HYPERON-METTALOG-SANITY",""
"","2","UNIQUE-TEST.04","","Tue Nov 19 18:00:52 GMT 2024","passed","Tue Nov 19 18:00:52 GMT 2024","","HYPERON-METTALOG-SANITY","HYPERON-METTALOG-SANITY",""
"","3","WORKING-WITH-SPACES---METTA-LANGUAGE3.01","","Tue Nov 19 18:10:55 GMT 2024","passed","Tue Nov 19 18:10:55 GMT 2024","","METTA-LANG","METTA-LANG",""
"","2","F1-IMPORTS.15","","Tue Nov 19 17:52:41 GMT 2024","passed","Tue Nov 19 17:52:41 GMT 2024","","MODULE-SYSTEM","MODULE-SYSTEM",""
"","2","METATYPES---METTA-LANGUAGE1.12","","Tue Nov 19 18:10:55 GMT 2024","passed","Tue Nov 19 18:10:55 GMT 2024","","METTA-LANG","METTA-LANG",""
"","9000","metta-morph_tests.minnars","","Tue Nov 19 17:52:49 GMT 2024","passed","Tue Nov 19 17:52:58 GMT 2024","","WHOLE-TESTS","WHOLE-TESTS",""
"","6","SEALED-TEST.10","","Tue Nov 19 18:00:52 GMT 2024","passed","Tue Nov 19 18:00:52 GMT 2024","","HYPERON-METTALOG-SANITY","HYPERON-METTALOG-SANITY",""
"","1","QUERYING-SPACE-CONTENT---METTA-LANGUAGE2.04","","Tue Nov 19 18:10:55 GMT 2024","passed","Tue Nov 19 18:10:55 GMT 2024","","METTA-LANG","METTA-LANG",""
"","95","BASIC-EVALUATION---METTA-LANGUAGE15.03","","Tue Nov 19 18:10:55 GMT 2024","failed","Tue Nov 19 18:10:55 GMT 2024","","METTA-LANG","METTA-LANG",""
"","3","TESTS0.04","","Tue Nov 19 18:30:57 GMT 2024","passed","Tue Nov 19 18:30:57 GMT 2024","","METTA-MORPH-TESTS","METTA-MORPH-TESTS",""
"","9000","module-system.c2_spaces","","Tue Nov 19 17:52:49 GMT 2024","passed","Tue Nov 19 17:52:58 GMT 2024","","WHOLE-TESTS","WHOLE-TESTS",""
"","3","BASIC-EVALUATION---METTA-LANGUAGE12.01","","Tue Nov 19 18:10:55 GMT 2024","passed","Tue Nov 19 18:10:55 GMT 2024","","METTA-LANG","METTA-LANG",""
"","8000","metta-morph_tests.types2","","Tue Nov 19 17:52:49 GMT 2024","passed","Tue Nov 19 17:52:57 GMT 2024","","WHOLE-TESTS","WHOLE-TESTS",""
"","8000","hyperon-experimental_scripts.d2_higherfunc","","Tue Nov 19 17:52:49 GMT 2024","passed","Tue Nov 19 17:52:57 GMT 2024","","WHOLE-TESTS","WHOLE-TESTS",""
"","4","BASIC-GROUNDED-FUNCTIONS---METTA-LANGUAGE7.01","","Tue Nov 19 18:10:55 GMT 2024","passed","Tue Nov 19 18:10:55 GMT 2024","","METTA-LANG","METTA-LANG",""
"","3","F1-IMPORTS.18","","Tue Nov 19 18:34:51 GMT 2024","passed","Tue Nov 19 18:34:51 GMT 2024","","QUICK","QUICK",""
"","3","WORKING-WITH-SPACES---METTA-LANGUAGE3.08","","Tue Nov 19 18:10:55 GMT 2024","passed","Tue Nov 19 18:10:55 GMT 2024","","METTA-LANG","METTA-LANG",""
"","2","CALL-CLEANUP-TESTS.08","","Tue Nov 19 18:00:52 GMT 2024","passed","Tue Nov 19 18:00:52 GMT 2024","","HYPERON-METTALOG-SANITY","HYPERON-METTALOG-SANITY",""
"","8000","metta-morph_tests.collapse","","Tue Nov 19 17:52:49 GMT 2024","passed","Tue Nov 19 17:52:57 GMT 2024","","WHOLE-TESTS","WHOLE-TESTS",""
"","2","IS-SPACE.03","","Tue Nov 19 18:00:52 GMT 2024","passed","Tue Nov 19 18:00:52 GMT 2024","","HYPERON-METTALOG-SANITY","HYPERON-METTALOG-SANITY",""
"","1","INTERSECTION-TESTS.03","","Tue Nov 19 18:00:52 GMT 2024","passed","Tue Nov 19 18:00:52 GMT 2024","","HYPERON-METTALOG-SANITY","HYPERON-METTALOG-SANITY",""
"","2","C2-SPACES.05","","Tue Nov 19 17:52:41 GMT 2024","passed","Tue Nov 19 17:52:41 GMT 2024","","MODULE-SYSTEM","MODULE-SYSTEM",""
"","8000","metta_lang.Operations_over_atoms___MeTTa_Language7","","Tue Nov 19 17:52:49 GMT 2024","passed","Tue Nov 19 17:52:57 GMT 2024","","WHOLE-TESTS","WHOLE-TESTS",""
"","8000","hyperon-mettalog_sanity.limit_tests","","Tue Nov 19 17:52:49 GMT 2024","passed","Tue Nov 19 17:52:57 GMT 2024","","WHOLE-TESTS","WHOLE-TESTS",""
"","2","F1-IMPORTS.14","","Tue Nov 19 17:52:41 GMT 2024","passed","Tue Nov 19 17:52:41 GMT 2024","","MODULE-SYSTEM","MODULE-SYSTEM",""
"","9000","anti-regression.bchain_comp","","Tue Nov 19 17:52:49 GMT 2024","passed","Tue Nov 19 17:52:58 GMT 2024","","WHOLE-TESTS","WHOLE-TESTS",""
"","104","MINIMAL-METTA-TESTS.37","","Tue Nov 19 18:00:52 GMT 2024","failed","Tue Nov 19 18:00:52 GMT 2024","","HYPERON-METTALOG-SANITY","HYPERON-METTALOG-SANITY",""
"","1","NESTED-QUERIES-AND-RECURSIVE-GRAPH-TRAVERSAL---METTA-LANGUAGE2.02","","Tue Nov 19 18:10:55 GMT 2024","passed","Tue Nov 19 18:10:55 GMT 2024","","METTA-LANG","METTA-LANG",""
"","2","CONTROL-FLOW---METTA-LANGUAGE16.08","","Tue Nov 19 18:10:55 GMT 2024","passed","Tue Nov 19 18:10:55 GMT 2024","","METTA-LANG","METTA-LANG",""
"","2","B5-TYPES-PRELIM.06","","Tue Nov 19 17:57:42 GMT 2024","passed","Tue Nov 19 17:57:42 GMT 2024","","HYPERON-EXPERIMENTAL-SCRIPTS","HYPERON-EXPERIMENTAL-SCRIPTS",""
"","8000","hyperon-mettalog_sanity.flip_test","","Tue Nov 19 17:52:49 GMT 2024","passed","Tue Nov 19 17:52:57 GMT 2024","","WHOLE-TESTS","WHOLE-TESTS",""
"","1","WORKING-WITH-SPACES---METTA-LANGUAGE6.04","","Tue Nov 19 18:10:55 GMT 2024","passed","Tue Nov 19 18:10:55 GMT 2024","","METTA-LANG","METTA-LANG",""
"","2","SPACE-INTERSECTION-TESTS.20","","Tue Nov 19 18:00:52 GMT 2024","passed","Tue Nov 19 18:00:52 GMT 2024","","HYPERON-METTALOG-SANITY","HYPERON-METTALOG-SANITY",""
"","3","CONSOLE-OUTPUT-AND-DEBUGGING---METTA-LANGUAGE10.01","","Tue Nov 19 18:10:55 GMT 2024","passed","Tue Nov 19 18:10:55 GMT 2024","","METTA-LANG","METTA-LANG",""
"","3","CONTROL-FLOW---METTA-LANGUAGE13.02","","Tue Nov 19 18:10:55 GMT 2024","passed","Tue Nov 19 18:10:55 GMT 2024","","METTA-LANG","METTA-LANG",""
"","8000","metta_lang.Concrete_types___MeTTa_Language2","","Tue Nov 19 17:52:49 GMT 2024","passed","Tue Nov 19 17:52:57 GMT 2024","","WHOLE-TESTS","WHOLE-TESTS",""
"","1","CALL-TESTS.11","","Tue Nov 19 18:00:52 GMT 2024","passed","Tue Nov 19 18:00:52 GMT 2024","","HYPERON-METTALOG-SANITY","HYPERON-METTALOG-SANITY",""
"","63","RECURSIVE-AND-PARAMETRIC-TYPES---METTA-LANGUAGE3.04","","Tue Nov 19 18:10:55 GMT 2024","failed","Tue Nov 19 18:10:55 GMT 2024","","METTA-LANG","METTA-LANG",""
"","9","MATCH-VOID.05","","Tue Nov 19 18:30:57 GMT 2024","passed","Tue Nov 19 18:30:57 GMT 2024","","METTA-MORPH-TESTS","METTA-MORPH-TESTS",""
"","69","MINIMAL-METTA-TESTS.14","","Tue Nov 19 18:00:52 GMT 2024","passed","Tue Nov 19 18:00:52 GMT 2024","","HYPERON-METTALOG-SANITY","HYPERON-METTALOG-SANITY",""
"","3","BASE-TEST-REPR-PARSE-INTERSECTION.04","","Tue Nov 19 18:00:52 GMT 2024","passed","Tue Nov 19 18:00:52 GMT 2024","","HYPERON-METTALOG-SANITY","HYPERON-METTALOG-SANITY",""
"","2","C2-SPACES.02","","Tue Nov 19 17:57:42 GMT 2024","passed","Tue Nov 19 17:57:42 GMT 2024","","HYPERON-EXPERIMENTAL-SCRIPTS","HYPERON-EXPERIMENTAL-SCRIPTS",""
"","1","BCHAIN.03","","Tue Nov 19 17:52:57 GMT 2024","passed","Tue Nov 19 17:52:57 GMT 2024","","ANTI-REGRESSION","ANTI-REGRESSION",""
"","2","OPERATIONS-OVER-ATOMS---METTA-LANGUAGE5.02","","Tue Nov 19 18:10:55 GMT 2024","passed","Tue Nov 19 18:10:55 GMT 2024","","METTA-LANG","METTA-LANG",""
"","3","E1-KB-WRITE.01","","Tue Nov 19 17:57:42 GMT 2024","passed","Tue Nov 19 17:57:42 GMT 2024","","HYPERON-EXPERIMENTAL-SCRIPTS","HYPERON-EXPERIMENTAL-SCRIPTS",""
"","2","OUTPUT-LOAD-TESTS.07","","Tue Nov 19 18:00:52 GMT 2024","passed","Tue Nov 19 18:00:52 GMT 2024","","HYPERON-METTALOG-SANITY","HYPERON-METTALOG-SANITY",""
"","2","SUBTRACTION-TEST.04","","Tue Nov 19 18:00:52 GMT 2024","passed","Tue Nov 19 18:00:52 GMT 2024","","HYPERON-METTALOG-SANITY","HYPERON-METTALOG-SANITY",""
"","2","INTERSECTION-TESTS.13","","Tue Nov 19 18:00:52 GMT 2024","passed","Tue Nov 19 18:00:52 GMT 2024","","HYPERON-METTALOG-SANITY","HYPERON-METTALOG-SANITY",""
"","54","B5-TYPES-PRELIM.24","","Tue Nov 19 17:57:42 GMT 2024","failed","Tue Nov 19 17:57:42 GMT 2024","","HYPERON-EXPERIMENTAL-SCRIPTS","HYPERON-EXPERIMENTAL-SCRIPTS",""
"","96","SPACE-INTERSECTION-TESTS.10","","Tue Nov 19 18:00:52 GMT 2024","failed","Tue Nov 19 18:00:52 GMT 2024","","HYPERON-METTALOG-SANITY","HYPERON-METTALOG-SANITY",""
"","24","WORKING-WITH-SPACES---METTA-LANGUAGE17.02","","Tue Nov 19 18:10:55 GMT 2024","failed","Tue Nov 19 18:10:55 GMT 2024","","METTA-LANG","METTA-LANG",""
"","3","D2-HIGHERFUNC.02","","Tue Nov 19 18:34:51 GMT 2024","passed","Tue Nov 19 18:34:51 GMT 2024","","QUICK","QUICK",""
"","5","OR-TEST.14","","Tue Nov 19 18:00:52 GMT 2024","passed","Tue Nov 19 18:00:52 GMT 2024","","HYPERON-METTALOG-SANITY","HYPERON-METTALOG-SANITY",""
"","3","OPERATIONS-OVER-ATOMS---METTA-LANGUAGE1.05","","Tue Nov 19 18:10:55 GMT 2024","passed","Tue Nov 19 18:10:55 GMT 2024","","METTA-LANG","METTA-LANG",""
"","3","TEST-IF-CLOSED.10","","Tue Nov 19 17:52:57 GMT 2024","passed","Tue Nov 19 17:52:57 GMT 2024","","ANTI-REGRESSION","ANTI-REGRESSION",""
"","3","HYPERPOSE.01","","Tue Nov 19 18:30:57 GMT 2024","passed","Tue Nov 19 18:30:57 GMT 2024","","METTA-MORPH-TESTS","METTA-MORPH-TESTS",""
"","3","FUNCTIONS-AND-UNIFICATION---METTA-LANGUAGE1.03","","Tue Nov 19 18:10:55 GMT 2024","passed","Tue Nov 19 18:10:55 GMT 2024","","METTA-LANG","METTA-LANG",""
"","5","FACTORIAL.01","","Tue Nov 19 18:30:57 GMT 2024","passed","Tue Nov 19 18:30:57 GMT 2024","","METTA-MORPH-TESTS","METTA-MORPH-TESTS",""
"","1","C1-GROUNDED-BASIC.05","","Tue Nov 19 17:57:42 GMT 2024","passed","Tue Nov 19 17:57:42 GMT 2024","","HYPERON-EXPERIMENTAL-SCRIPTS","HYPERON-EXPERIMENTAL-SCRIPTS",""
"","8000","hyperon-mettalog_sanity.intersection_tests","","Tue Nov 19 17:52:49 GMT 2024","passed","Tue Nov 19 17:52:57 GMT 2024","","WHOLE-TESTS","WHOLE-TESTS",""
"","3","ZEROARGS.01","","Tue Nov 19 18:30:57 GMT 2024","passed","Tue Nov 19 18:30:57 GMT 2024","","METTA-MORPH-TESTS","METTA-MORPH-TESTS",""
"","4","CONTROL-FLOW---METTA-LANGUAGE14.01","","Tue Nov 19 18:10:55 GMT 2024","passed","Tue Nov 19 18:10:55 GMT 2024","","METTA-LANG","METTA-LANG",""
"","2","RECURSIVE-AND-PARAMETRIC-TYPES---METTA-LANGUAGE2.02","","Tue Nov 19 18:10:55 GMT 2024","passed","Tue Nov 19 18:10:55 GMT 2024","","METTA-LANG","METTA-LANG",""
"","2","C1-GROUNDED-BASIC.10","","Tue Nov 19 18:34:51 GMT 2024","passed","Tue Nov 19 18:34:51 GMT 2024","","QUICK","QUICK",""
"","2","SEQUENTIAL-NESTED.02","","Tue Nov 19 18:30:57 GMT 2024","passed","Tue Nov 19 18:30:57 GMT 2024","","METTA-MORPH-TESTS","METTA-MORPH-TESTS",""
"","1","C1-GROUNDED-BASIC.13","","Tue Nov 19 17:57:42 GMT 2024","passed","Tue Nov 19 17:57:42 GMT 2024","","HYPERON-EXPERIMENTAL-SCRIPTS","HYPERON-EXPERIMENTAL-SCRIPTS",""
"","199","TIME-SYNTHESIZE-LONG.01","","Tue Nov 19 18:08:09 GMT 2024","failed","Tue Nov 19 18:08:09 GMT 2024","","SYNTH-BUFFER","SYNTH-BUFFER",""
"","2","F1-MODULEA.06","","Tue Nov 19 17:52:41 GMT 2024","passed","Tue Nov 19 17:52:41 GMT 2024","","MODULE-SYSTEM","MODULE-SYSTEM",""
"","2","HANDLING-NONDETERMINISTIC-RESULTS---METTA-LANGUAGE8.02","","Tue Nov 19 18:10:55 GMT 2024","passed","Tue Nov 19 18:10:55 GMT 2024","","METTA-LANG","METTA-LANG",""
"","2","WORKING-WITH-SPACES---METTA-LANGUAGE5.01","","Tue Nov 19 18:10:55 GMT 2024","passed","Tue Nov 19 18:10:55 GMT 2024","","METTA-LANG","METTA-LANG",""
"","2","CONCRETE-TYPES---METTA-LANGUAGE7.04","","Tue Nov 19 18:10:55 GMT 2024","passed","Tue Nov 19 18:10:55 GMT 2024","","METTA-LANG","METTA-LANG",""
"","8000","metta_lang.Concrete_types___MeTTa_Language1","","Tue Nov 19 17:52:49 GMT 2024","passed","Tue Nov 19 17:52:57 GMT 2024","","WHOLE-TESTS","WHOLE-TESTS",""
"","3","F1-IMPORTS.17","","Tue Nov 19 18:34:51 GMT 2024","passed","Tue Nov 19 18:34:51 GMT 2024","","QUICK","QUICK",""
"","82","INTERSECTION-TESTS.31","","Tue Nov 19 18:00:52 GMT 2024","failed","Tue Nov 19 18:00:52 GMT 2024","","HYPERON-METTALOG-SANITY","HYPERON-METTALOG-SANITY",""
"","2","XOR-TEST.08","","Tue Nov 19 18:00:52 GMT 2024","passed","Tue Nov 19 18:00:52 GMT 2024","","HYPERON-METTALOG-SANITY","HYPERON-METTALOG-SANITY",""
"","9000","hyperon-mettalog_sanity.subtraction_test","","Tue Nov 19 17:52:49 GMT 2024","passed","Tue Nov 19 17:52:58 GMT 2024","","WHOLE-TESTS","WHOLE-TESTS",""
"","2","XOR-TEST.04","","Tue Nov 19 18:00:52 GMT 2024","passed","Tue Nov 19 18:00:52 GMT 2024","","HYPERON-METTALOG-SANITY","HYPERON-METTALOG-SANITY",""
"","2","D2-HIGHERFUNC.23","","Tue Nov 19 18:34:51 GMT 2024","passed","Tue Nov 19 18:34:51 GMT 2024","","QUICK","QUICK",""
"","4","03-SORING-VIA-INSERT.01","","Tue Nov 19 18:00:52 GMT 2024","passed","Tue Nov 19 18:00:52 GMT 2024","","HYPERON-METTALOG-SANITY","HYPERON-METTALOG-SANITY",""
"","3","RECURSION-AND-CONTROL---METTA-LANGUAGE9.03","","Tue Nov 19 18:10:55 GMT 2024","passed","Tue Nov 19 18:10:55 GMT 2024","","METTA-LANG","METTA-LANG",""
"","73","WORKING-WITH-SPACES---METTA-LANGUAGE2.04","","Tue Nov 19 18:10:55 GMT 2024","failed","Tue Nov 19 18:10:55 GMT 2024","","METTA-LANG","METTA-LANG",""
"","1","STRING-TESTS.10","","Tue Nov 19 18:00:52 GMT 2024","passed","Tue Nov 19 18:00:52 GMT 2024","","HYPERON-METTALOG-SANITY","HYPERON-METTALOG-SANITY",""
"","1","E3-MATCH-STATES.02","","Tue Nov 19 17:57:42 GMT 2024","passed","Tue Nov 19 17:57:42 GMT 2024","","HYPERON-EXPERIMENTAL-SCRIPTS","HYPERON-EXPERIMENTAL-SCRIPTS",""
"","3","OPERATIONS-OVER-ATOMS---METTA-LANGUAGE8.01","","Tue Nov 19 18:10:55 GMT 2024","passed","Tue Nov 19 18:10:55 GMT 2024","","METTA-LANG","METTA-LANG",""
"","8000","metta_lang.Handling_nondeterministic_results___MeTTa_Language6","","Tue Nov 19 17:52:49 GMT 2024","passed","Tue Nov 19 17:52:57 GMT 2024","","WHOLE-TESTS","WHOLE-TESTS",""
"","1","D1-GADT.02","","Tue Nov 19 17:57:42 GMT 2024","passed","Tue Nov 19 17:57:42 GMT 2024","","HYPERON-EXPERIMENTAL-SCRIPTS","HYPERON-EXPERIMENTAL-SCRIPTS",""
"","3","RECURSIVE-AND-PARAMETRIC-TYPES---METTA-LANGUAGE9.01","","Tue Nov 19 18:10:55 GMT 2024","passed","Tue Nov 19 18:10:55 GMT 2024","","METTA-LANG","METTA-LANG",""
"","8000","metta_lang.Recursive_and_parametric_types___MeTTa_Language1","","Tue Nov 19 17:52:49 GMT 2024","passed","Tue Nov 19 17:52:57 GMT 2024","","WHOLE-TESTS","WHOLE-TESTS",""
"","3","E3-MATCH-STATES.01","","Tue Nov 19 17:57:42 GMT 2024","passed","Tue Nov 19 17:57:42 GMT 2024","","HYPERON-EXPERIMENTAL-SCRIPTS","HYPERON-EXPERIMENTAL-SCRIPTS",""
"","2","METATYPES---METTA-LANGUAGE1.04","","Tue Nov 19 18:10:55 GMT 2024","passed","Tue Nov 19 18:10:55 GMT 2024","","METTA-LANG","METTA-LANG",""
"","3","CONTROLLING-PATTERN-MATCHING---METTA-LANGUAGE11.03","","Tue Nov 19 18:10:55 GMT 2024","passed","Tue Nov 19 18:10:55 GMT 2024","","METTA-LANG","METTA-LANG",""
"","4","B3-DIRECT.01","","Tue Nov 19 17:57:42 GMT 2024","passed","Tue Nov 19 17:57:42 GMT 2024","","HYPERON-EXPERIMENTAL-SCRIPTS","HYPERON-EXPERIMENTAL-SCRIPTS",""
"","87","FUNCTIONS-AND-UNIFICATION---METTA-LANGUAGE3.04","","Tue Nov 19 18:10:55 GMT 2024","passed","Tue Nov 19 18:10:55 GMT 2024","","METTA-LANG","METTA-LANG",""
"","1","BASIC-EVALUATION---METTA-LANGUAGE10.02","","Tue Nov 19 18:10:55 GMT 2024","passed","Tue Nov 19 18:10:55 GMT 2024","","METTA-LANG","METTA-LANG",""
"","96","SPACE-INTERSECTION-TESTS.17","","Tue Nov 19 18:00:52 GMT 2024","failed","Tue Nov 19 18:00:52 GMT 2024","","HYPERON-METTALOG-SANITY","HYPERON-METTALOG-SANITY",""
"","86","PY-TYPES.03","","Tue Nov 19 18:00:52 GMT 2024","passed","Tue Nov 19 18:00:52 GMT 2024","","HYPERON-METTALOG-SANITY","HYPERON-METTALOG-SANITY",""
"","2","SUBTRACTION-TEST.09","","Tue Nov 19 18:00:52 GMT 2024","passed","Tue Nov 19 18:00:52 GMT 2024","","HYPERON-METTALOG-SANITY","HYPERON-METTALOG-SANITY",""
"","8000","metta-morph_tests.states_spaces","","Tue Nov 19 17:52:49 GMT 2024","passed","Tue Nov 19 17:52:57 GMT 2024","","WHOLE-TESTS","WHOLE-TESTS",""
"","1","SEQUENTIAL-NESTED.08","","Tue Nov 19 18:30:57 GMT 2024","passed","Tue Nov 19 18:30:57 GMT 2024","","METTA-MORPH-TESTS","METTA-MORPH-TESTS",""
"","2","WORKING-WITH-SPACES---METTA-LANGUAGE3.04","","Tue Nov 19 18:10:55 GMT 2024","passed","Tue Nov 19 18:10:55 GMT 2024","","METTA-LANG","METTA-LANG",""
"","2","METATYPES---METTA-LANGUAGE1.05","","Tue Nov 19 18:10:55 GMT 2024","passed","Tue Nov 19 18:10:55 GMT 2024","","METTA-LANG","METTA-LANG",""
"","1","00-LANG-CASE.06","","Tue Nov 19 18:00:52 GMT 2024","passed","Tue Nov 19 18:00:52 GMT 2024","","HYPERON-METTALOG-SANITY","HYPERON-METTALOG-SANITY",""
"","3","WORKING-WITH-SPACES---METTA-LANGUAGE1.01","","Tue Nov 19 18:10:55 GMT 2024","passed","Tue Nov 19 18:10:55 GMT 2024","","METTA-LANG","METTA-LANG",""
"","2","WORKING-WITH-SPACES---METTA-LANGUAGE12.06","","Tue Nov 19 18:10:55 GMT 2024","passed","Tue Nov 19 18:10:55 GMT 2024","","METTA-LANG","METTA-LANG",""
"","3","SUPERCOLLAPSE.07","","Tue Nov 19 18:30:57 GMT 2024","passed","Tue Nov 19 18:30:57 GMT 2024","","METTA-MORPH-TESTS","METTA-MORPH-TESTS",""
"","2","BASE-TEST-REPR-PARSE-INTERSECTION.03","","Tue Nov 19 18:00:52 GMT 2024","passed","Tue Nov 19 18:00:52 GMT 2024","","HYPERON-METTALOG-SANITY","HYPERON-METTALOG-SANITY",""
"","3","BASIC-GROUNDED-FUNCTIONS---METTA-LANGUAGE1.03","","Tue Nov 19 18:10:55 GMT 2024","passed","Tue Nov 19 18:10:55 GMT 2024","","METTA-LANG","METTA-LANG",""
"","1","OR-TEST.03","","Tue Nov 19 18:00:52 GMT 2024","passed","Tue Nov 19 18:00:52 GMT 2024","","HYPERON-METTALOG-SANITY","HYPERON-METTALOG-SANITY",""
"","2","RECURSIVE-AND-PARAMETRIC-TYPES---METTA-LANGUAGE5.03","","Tue Nov 19 18:10:55 GMT 2024","passed","Tue Nov 19 18:10:55 GMT 2024","","METTA-LANG","METTA-LANG",""
"","84","B5-TYPES-PRELIM.11","","Tue Nov 19 17:57:42 GMT 2024","failed","Tue Nov 19 17:57:42 GMT 2024","","HYPERON-EXPERIMENTAL-SCRIPTS","HYPERON-EXPERIMENTAL-SCRIPTS",""
"","3","D2-HIGHERFUNC.23","","Tue Nov 19 17:57:42 GMT 2024","passed","Tue Nov 19 17:57:42 GMT 2024","","HYPERON-EXPERIMENTAL-SCRIPTS","HYPERON-EXPERIMENTAL-SCRIPTS",""
"","97","WHAT-EVALS-OR-NOT.02","","Tue Nov 19 18:00:52 GMT 2024","failed","Tue Nov 19 18:00:52 GMT 2024","","HYPERON-METTALOG-SANITY","HYPERON-METTALOG-SANITY",""
"","82","CONTROLLING-PATTERN-MATCHING---METTA-LANGUAGE4.02","","Tue Nov 19 18:10:55 GMT 2024","passed","Tue Nov 19 18:10:55 GMT 2024","","METTA-LANG","METTA-LANG",""
"","2","E2-STATES.06","","Tue Nov 19 17:57:42 GMT 2024","passed","Tue Nov 19 17:57:42 GMT 2024","","HYPERON-EXPERIMENTAL-SCRIPTS","HYPERON-EXPERIMENTAL-SCRIPTS",""
"","5","WORKING-WITH-SPACES---METTA-LANGUAGE10.01","","Tue Nov 19 18:10:55 GMT 2024","passed","Tue Nov 19 18:10:55 GMT 2024","","METTA-LANG","METTA-LANG",""
"","2","WORKING-WITH-SPACES---METTA-LANGUAGE8.07","","Tue Nov 19 18:10:55 GMT 2024","passed","Tue Nov 19 18:10:55 GMT 2024","","METTA-LANG","METTA-LANG",""
"","8000","metta_lang.Working_with_spaces___MeTTa_Language12","","Tue Nov 19 17:52:49 GMT 2024","passed","Tue Nov 19 17:52:57 GMT 2024","","WHOLE-TESTS","WHOLE-TESTS",""
"","2","INTERSECTION-TESTS.10","","Tue Nov 19 18:00:52 GMT 2024","passed","Tue Nov 19 18:00:52 GMT 2024","","HYPERON-METTALOG-SANITY","HYPERON-METTALOG-SANITY",""
"","2","WORKING-WITH-SPACES---METTA-LANGUAGE6.03","","Tue Nov 19 18:10:55 GMT 2024","passed","Tue Nov 19 18:10:55 GMT 2024","","METTA-LANG","METTA-LANG",""
"","8000","metta_lang.Concrete_types___MeTTa_Language10","","Tue Nov 19 17:52:49 GMT 2024","passed","Tue Nov 19 17:52:57 GMT 2024","","WHOLE-TESTS","WHOLE-TESTS",""
"","2","SPACE-INTERSECTION-TESTS.06","","Tue Nov 19 18:00:52 GMT 2024","passed","Tue Nov 19 18:00:52 GMT 2024","","HYPERON-METTALOG-SANITY","HYPERON-METTALOG-SANITY",""
"","2","LET-SUPERPOSE-IF-CASE.02","","Tue Nov 19 18:30:57 GMT 2024","passed","Tue Nov 19 18:30:57 GMT 2024","","METTA-MORPH-TESTS","METTA-MORPH-TESTS",""
"","3","WORKING-WITH-SPACES---METTA-LANGUAGE3.07","","Tue Nov 19 18:10:55 GMT 2024","passed","Tue Nov 19 18:10:55 GMT 2024","","METTA-LANG","METTA-LANG",""
"","2","STRING-TESTS.02","","Tue Nov 19 18:00:52 GMT 2024","passed","Tue Nov 19 18:00:52 GMT 2024","","HYPERON-METTALOG-SANITY","HYPERON-METTALOG-SANITY",""
"","3","CONCRETE-TYPES---METTA-LANGUAGE12.01","","Tue Nov 19 18:10:55 GMT 2024","passed","Tue Nov 19 18:10:55 GMT 2024","","METTA-LANG","METTA-LANG",""
"","3","C3-PLN-STV.03","","Tue Nov 19 17:57:42 GMT 2024","passed","Tue Nov 19 17:57:42 GMT 2024","","HYPERON-EXPERIMENTAL-SCRIPTS","HYPERON-EXPERIMENTAL-SCRIPTS",""
"","5","HANDLING-NONDETERMINISTIC-RESULTS---METTA-LANGUAGE7.01","","Tue Nov 19 18:10:55 GMT 2024","passed","Tue Nov 19 18:10:55 GMT 2024","","METTA-LANG","METTA-LANG",""
"","8000","metta_lang.Basic_evaluation___MeTTa_Language15","","Tue Nov 19 17:52:49 GMT 2024","passed","Tue Nov 19 17:52:57 GMT 2024","","WHOLE-TESTS","WHOLE-TESTS",""
"","8000","metta-morph_tests.if","","Tue Nov 19 17:52:49 GMT 2024","passed","Tue Nov 19 17:52:57 GMT 2024","","WHOLE-TESTS","WHOLE-TESTS",""
"","2","STRING-TESTS.14","","Tue Nov 19 18:00:52 GMT 2024","passed","Tue Nov 19 18:00:52 GMT 2024","","HYPERON-METTALOG-SANITY","HYPERON-METTALOG-SANITY",""
"","3","D4-TYPE-PROP.01","","Tue Nov 19 18:34:51 GMT 2024","passed","Tue Nov 19 18:34:51 GMT 2024","","QUICK","QUICK",""
"","3","RECURSION-AND-CONTROL---METTA-LANGUAGE6.03","","Tue Nov 19 18:10:55 GMT 2024","passed","Tue Nov 19 18:10:55 GMT 2024","","METTA-LANG","METTA-LANG",""
"","8000","metta_lang.Handling_nondeterministic_results___MeTTa_Language1","","Tue Nov 19 17:52:49 GMT 2024","passed","Tue Nov 19 17:52:57 GMT 2024","","WHOLE-TESTS","WHOLE-TESTS",""
"","67","FUNCTIONAL-PROGRAMMING-TESTS.08","","Tue Nov 19 18:00:52 GMT 2024","failed","Tue Nov 19 18:00:52 GMT 2024","","HYPERON-METTALOG-SANITY","HYPERON-METTALOG-SANITY",""
"","2","LIMIT-TESTS.13","","Tue Nov 19 18:00:52 GMT 2024","passed","Tue Nov 19 18:00:52 GMT 2024","","HYPERON-METTALOG-SANITY","HYPERON-METTALOG-SANITY",""
"","2","HANDLING-NONDETERMINISTIC-RESULTS---METTA-LANGUAGE5.02","","Tue Nov 19 18:10:55 GMT 2024","passed","Tue Nov 19 18:10:55 GMT 2024","","METTA-LANG","METTA-LANG",""
"","9","D4-TYPE-PROP.03","","Tue Nov 19 18:34:51 GMT 2024","passed","Tue Nov 19 18:34:51 GMT 2024","","QUICK","QUICK",""
"","3","FIND-ALL-TESTS.06","","Tue Nov 19 18:00:52 GMT 2024","passed","Tue Nov 19 18:00:52 GMT 2024","","HYPERON-METTALOG-SANITY","HYPERON-METTALOG-SANITY",""
"","2","METATYPES---METTA-LANGUAGE2.07","","Tue Nov 19 18:10:55 GMT 2024","passed","Tue Nov 19 18:10:55 GMT 2024","","METTA-LANG","METTA-LANG",""
"","9000","metta-wam-issue-116.test_spo_100","","Tue Nov 19 17:52:49 GMT 2024","passed","Tue Nov 19 17:52:58 GMT 2024","","WHOLE-TESTS","WHOLE-TESTS",""
"","116","MINIMAL-METTA-TESTS.33","","Tue Nov 19 18:00:52 GMT 2024","failed","Tue Nov 19 18:00:52 GMT 2024","","HYPERON-METTALOG-SANITY","HYPERON-METTALOG-SANITY",""
"","2","MAX-TIME-TESTS.02","","Tue Nov 19 18:00:52 GMT 2024","passed","Tue Nov 19 18:00:52 GMT 2024","","HYPERON-METTALOG-SANITY","HYPERON-METTALOG-SANITY",""
"","2","BCHAIN.06","","Tue Nov 19 17:52:57 GMT 2024","passed","Tue Nov 19 17:52:57 GMT 2024","","ANTI-REGRESSION","ANTI-REGRESSION",""
"","3","C1-GROUNDED-BASIC.20","","Tue Nov 19 18:34:51 GMT 2024","passed","Tue Nov 19 18:34:51 GMT 2024","","QUICK","QUICK",""
"","2","SPACE-INTERSECTION-TESTS.05","","Tue Nov 19 18:00:52 GMT 2024","passed","Tue Nov 19 18:00:52 GMT 2024","","HYPERON-METTALOG-SANITY","HYPERON-METTALOG-SANITY",""
"","2","MATCH-SUPERPOSED-SPACES.03","","Tue Nov 19 18:30:57 GMT 2024","passed","Tue Nov 19 18:30:57 GMT 2024","","METTA-MORPH-TESTS","METTA-MORPH-TESTS",""
"","3","03-SORING-VIA-INSERT.03","","Tue Nov 19 18:00:52 GMT 2024","passed","Tue Nov 19 18:00:52 GMT 2024","","HYPERON-METTALOG-SANITY","HYPERON-METTALOG-SANITY",""
"","3","C2-SPACES.05","","Tue Nov 19 17:57:42 GMT 2024","passed","Tue Nov 19 17:57:42 GMT 2024","","HYPERON-EXPERIMENTAL-SCRIPTS","HYPERON-EXPERIMENTAL-SCRIPTS",""
"","2","CONCRETE-TYPES---METTA-LANGUAGE12.02","","Tue Nov 19 18:10:55 GMT 2024","passed","Tue Nov 19 18:10:55 GMT 2024","","METTA-LANG","METTA-LANG",""
"","11","CONCRETE-TYPES---METTA-LANGUAGE13.02","","Tue Nov 19 18:10:55 GMT 2024","failed","Tue Nov 19 18:10:55 GMT 2024","","METTA-LANG","METTA-LANG",""
"","4","BASIC-EVALUATION---METTA-LANGUAGE9.01","","Tue Nov 19 18:10:55 GMT 2024","passed","Tue Nov 19 18:10:55 GMT 2024","","METTA-LANG","METTA-LANG",""
"","1","CONSOLE-OUTPUT-AND-DEBUGGING---METTA-LANGUAGE5.05","","Tue Nov 19 18:10:55 GMT 2024","passed","Tue Nov 19 18:10:55 GMT 2024","","METTA-LANG","METTA-LANG",""
"","2","C1-GROUNDED-BASIC.16","","Tue Nov 19 18:34:51 GMT 2024","passed","Tue Nov 19 18:34:51 GMT 2024","","QUICK","QUICK",""
"","80","MINIMAL-METTA-TESTS.19","","Tue Nov 19 18:00:52 GMT 2024","failed","Tue Nov 19 18:00:52 GMT 2024","","HYPERON-METTALOG-SANITY","HYPERON-METTALOG-SANITY",""
"","1","00-LANG-CASE.04","","Tue Nov 19 18:00:52 GMT 2024","passed","Tue Nov 19 18:00:52 GMT 2024","","HYPERON-METTALOG-SANITY","HYPERON-METTALOG-SANITY",""
"","8000","metta_lang.Querying_space_content___MeTTa_Language5","","Tue Nov 19 17:52:49 GMT 2024","passed","Tue Nov 19 17:52:57 GMT 2024","","WHOLE-TESTS","WHOLE-TESTS",""
"","2","OPERATIONS-OVER-ATOMS---METTA-LANGUAGE2.03","","Tue Nov 19 18:10:55 GMT 2024","passed","Tue Nov 19 18:10:55 GMT 2024","","METTA-LANG","METTA-LANG",""
"","2","03-SORING-VIA-INSERT.06","","Tue Nov 19 18:00:52 GMT 2024","passed","Tue Nov 19 18:00:52 GMT 2024","","HYPERON-METTALOG-SANITY","HYPERON-METTALOG-SANITY",""
"","5","CONCRETE-TYPES---METTA-LANGUAGE5.01","","Tue Nov 19 18:10:55 GMT 2024","passed","Tue Nov 19 18:10:55 GMT 2024","","METTA-LANG","METTA-LANG",""
"","2","A1-SYMBOLS.05","","Tue Nov 19 17:57:42 GMT 2024","passed","Tue Nov 19 17:57:42 GMT 2024","","HYPERON-EXPERIMENTAL-SCRIPTS","HYPERON-EXPERIMENTAL-SCRIPTS",""
"","8000","metta_lang.Control_flow___MeTTa_Language9","","Tue Nov 19 17:52:49 GMT 2024","passed","Tue Nov 19 17:52:57 GMT 2024","","WHOLE-TESTS","WHOLE-TESTS",""
"","2","D4-TYPE-PROP.09","","Tue Nov 19 17:57:42 GMT 2024","passed","Tue Nov 19 17:57:42 GMT 2024","","HYPERON-EXPERIMENTAL-SCRIPTS","HYPERON-EXPERIMENTAL-SCRIPTS",""
"","51","C1-GROUNDED-BASIC.15","","Tue Nov 19 18:34:51 GMT 2024","failed","Tue Nov 19 18:34:51 GMT 2024","","QUICK","QUICK",""
"","8000","hyperon-mettalog_sanity.06_match_in_space","","Tue Nov 19 17:52:49 GMT 2024","passed","Tue Nov 19 17:52:57 GMT 2024","","WHOLE-TESTS","WHOLE-TESTS",""
"","3","D2-HIGHERFUNC.25","","Tue Nov 19 17:57:42 GMT 2024","passed","Tue Nov 19 17:57:42 GMT 2024","","HYPERON-EXPERIMENTAL-SCRIPTS","HYPERON-EXPERIMENTAL-SCRIPTS",""
"","4","WORKING-WITH-SPACES---METTA-LANGUAGE12.01","","Tue Nov 19 18:10:55 GMT 2024","passed","Tue Nov 19 18:10:55 GMT 2024","","METTA-LANG","METTA-LANG",""
"","2","OPERATIONS-OVER-ATOMS---METTA-LANGUAGE3.03","","Tue Nov 19 18:10:55 GMT 2024","passed","Tue Nov 19 18:10:55 GMT 2024","","METTA-LANG","METTA-LANG",""
"","3","CONTROLLING-PATTERN-MATCHING---METTA-LANGUAGE12.14","","Tue Nov 19 18:10:55 GMT 2024","passed","Tue Nov 19 18:10:55 GMT 2024","","METTA-LANG","METTA-LANG",""
"","1","D4-TYPE-PROP.08","","Tue Nov 19 18:34:51 GMT 2024","passed","Tue Nov 19 18:34:51 GMT 2024","","QUICK","QUICK",""
"","1","CONCRETE-TYPES---METTA-LANGUAGE1.02","","Tue Nov 19 18:10:55 GMT 2024","passed","Tue Nov 19 18:10:55 GMT 2024","","METTA-LANG","METTA-LANG",""
"","9000","metta-morph_tests.tests0","","Tue Nov 19 17:52:49 GMT 2024","passed","Tue Nov 19 17:52:58 GMT 2024","","WHOLE-TESTS","WHOLE-TESTS",""
"","3","BASIC-GROUNDED-FUNCTIONS---METTA-LANGUAGE5.02","","Tue Nov 19 18:10:55 GMT 2024","passed","Tue Nov 19 18:10:55 GMT 2024","","METTA-LANG","METTA-LANG",""
"","8000","metta_lang.Control_flow___MeTTa_Language14","","Tue Nov 19 17:52:49 GMT 2024","passed","Tue Nov 19 17:52:57 GMT 2024","","WHOLE-TESTS","WHOLE-TESTS",""
"","9","CONCRETE-TYPES---METTA-LANGUAGE7.02","","Tue Nov 19 18:10:55 GMT 2024","passed","Tue Nov 19 18:10:55 GMT 2024","","METTA-LANG","METTA-LANG",""
"","2","CONTROLLING-PATTERN-MATCHING---METTA-LANGUAGE4.01","","Tue Nov 19 18:10:55 GMT 2024","passed","Tue Nov 19 18:10:55 GMT 2024","","METTA-LANG","METTA-LANG",""
"","100","OR-TEST.20","","Tue Nov 19 18:00:52 GMT 2024","failed","Tue Nov 19 18:00:52 GMT 2024","","HYPERON-METTALOG-SANITY","HYPERON-METTALOG-SANITY",""
"","3","TEST-SPO-1000.01","","Tue Nov 19 17:54:03 GMT 2024","passed","Tue Nov 19 17:54:03 GMT 2024","","METTA-WAM-ISSUE-116","METTA-WAM-ISSUE-116",""
"","136","MINIMAL-METTA-TESTS.29","","Tue Nov 19 18:00:52 GMT 2024","failed","Tue Nov 19 18:00:52 GMT 2024","","HYPERON-METTALOG-SANITY","HYPERON-METTALOG-SANITY",""
"","5","FUNCTIONS-AND-UNIFICATION---METTA-LANGUAGE4.01","","Tue Nov 19 18:10:55 GMT 2024","passed","Tue Nov 19 18:10:55 GMT 2024","","METTA-LANG","METTA-LANG",""
"","2","D1-GADT.14","","Tue Nov 19 18:34:51 GMT 2024","passed","Tue Nov 19 18:34:51 GMT 2024","","QUICK","QUICK",""
"","3","BASIC-EVALUATION---METTA-LANGUAGE1.01","","Tue Nov 19 18:10:55 GMT 2024","passed","Tue Nov 19 18:10:55 GMT 2024","","METTA-LANG","METTA-LANG",""
"","4","BASIC-EVALUATION---METTA-LANGUAGE14.01","","Tue Nov 19 18:10:55 GMT 2024","passed","Tue Nov 19 18:10:55 GMT 2024","","METTA-LANG","METTA-LANG",""
"","8000","hyperon-mettalog_sanity.first_answer_long","","Tue Nov 19 17:52:49 GMT 2024","passed","Tue Nov 19 17:52:57 GMT 2024","","WHOLE-TESTS","WHOLE-TESTS",""
"","83","CONCRETE-TYPES---METTA-LANGUAGE13.04","","Tue Nov 19 18:10:55 GMT 2024","failed","Tue Nov 19 18:10:55 GMT 2024","","METTA-LANG","METTA-LANG",""
"","9000","quick.d1_gadt","","Tue Nov 19 17:52:49 GMT 2024","passed","Tue Nov 19 17:52:58 GMT 2024","","WHOLE-TESTS","WHOLE-TESTS",""
"","12","D1-GADT.09","","Tue Nov 19 18:34:51 GMT 2024","passed","Tue Nov 19 18:34:51 GMT 2024","","QUICK","QUICK",""
"","8000","hyperon-mettalog_sanity.00_lang_case","","Tue Nov 19 17:52:49 GMT 2024","passed","Tue Nov 19 17:52:57 GMT 2024","","WHOLE-TESTS","WHOLE-TESTS",""
"","2","C1-GROUNDED-BASIC.06","","Tue Nov 19 18:34:51 GMT 2024","passed","Tue Nov 19 18:34:51 GMT 2024","","QUICK","QUICK",""
"","125","FREE-VARIABLES-AND-NONDETERMINISM-AGAIN,-RECURSIVELY---METTA-LANGUAGE1.02","","Tue Nov 19 18:10:55 GMT 2024","failed","Tue Nov 19 18:10:55 GMT 2024","","METTA-LANG","METTA-LANG",""
"","1","CONCRETE-TYPES---METTA-LANGUAGE5.05","","Tue Nov 19 18:10:55 GMT 2024","passed","Tue Nov 19 18:10:55 GMT 2024","","METTA-LANG","METTA-LANG",""
"","4","HANDLING-NONDETERMINISTIC-RESULTS---METTA-LANGUAGE8.01","","Tue Nov 19 18:10:55 GMT 2024","passed","Tue Nov 19 18:10:55 GMT 2024","","METTA-LANG","METTA-LANG",""
"","3","B1-EQUAL-CHAIN.06","","Tue Nov 19 17:57:42 GMT 2024","passed","Tue Nov 19 17:57:42 GMT 2024","","HYPERON-EXPERIMENTAL-SCRIPTS","HYPERON-EXPERIMENTAL-SCRIPTS",""
"","1","B3-DIRECT.02","","Tue Nov 19 17:57:42 GMT 2024","passed","Tue Nov 19 17:57:42 GMT 2024","","HYPERON-EXPERIMENTAL-SCRIPTS","HYPERON-EXPERIMENTAL-SCRIPTS",""
"","1","WORKING-WITH-SPACES---METTA-LANGUAGE12.04","","Tue Nov 19 18:10:55 GMT 2024","passed","Tue Nov 19 18:10:55 GMT 2024","","METTA-LANG","METTA-LANG",""
"","4","B5-TYPES-PRELIM.01","","Tue Nov 19 17:57:42 GMT 2024","passed","Tue Nov 19 17:57:42 GMT 2024","","HYPERON-EXPERIMENTAL-SCRIPTS","HYPERON-EXPERIMENTAL-SCRIPTS",""
"","2","TYPES2.02","","Tue Nov 19 18:30:57 GMT 2024","passed","Tue Nov 19 18:30:57 GMT 2024","","METTA-MORPH-TESTS","METTA-MORPH-TESTS",""
"","1","FUNCTIONAL-PROGRAMMING-TESTS.05","","Tue Nov 19 18:00:52 GMT 2024","passed","Tue Nov 19 18:00:52 GMT 2024","","HYPERON-METTALOG-SANITY","HYPERON-METTALOG-SANITY",""
"","3","BASIC-GROUNDED-FUNCTIONS---METTA-LANGUAGE2.01","","Tue Nov 19 18:10:55 GMT 2024","passed","Tue Nov 19 18:10:55 GMT 2024","","METTA-LANG","METTA-LANG",""
"","8000","metta_lang.Functions_and_unification___MeTTa_Language5","","Tue Nov 19 17:52:49 GMT 2024","passed","Tue Nov 19 17:52:57 GMT 2024","","WHOLE-TESTS","WHOLE-TESTS",""
"","15","CONCRETE-TYPES---METTA-LANGUAGE10.02","","Tue Nov 19 18:10:55 GMT 2024","passed","Tue Nov 19 18:10:55 GMT 2024","","METTA-LANG","METTA-LANG",""
"","2","CONTROL-FLOW---METTA-LANGUAGE16.07","","Tue Nov 19 18:10:55 GMT 2024","passed","Tue Nov 19 18:10:55 GMT 2024","","METTA-LANG","METTA-LANG",""
"","2","RECURSIVE-AND-PARAMETRIC-TYPES---METTA-LANGUAGE7.04","","Tue Nov 19 18:10:55 GMT 2024","passed","Tue Nov 19 18:10:55 GMT 2024","","METTA-LANG","METTA-LANG",""
"","2","INTERSECTION-TESTS.32","","Tue Nov 19 18:00:52 GMT 2024","passed","Tue Nov 19 18:00:52 GMT 2024","","HYPERON-METTALOG-SANITY","HYPERON-METTALOG-SANITY",""
"","9000","metta_lang.Recursive_and_parametric_types___MeTTa_Language3","","Tue Nov 19 17:52:49 GMT 2024","passed","Tue Nov 19 17:52:58 GMT 2024","","WHOLE-TESTS","WHOLE-TESTS",""
"","2","FUNCTIONAL-PROGRAMMING-TESTS.09","","Tue Nov 19 18:00:52 GMT 2024","passed","Tue Nov 19 18:00:52 GMT 2024","","HYPERON-METTALOG-SANITY","HYPERON-METTALOG-SANITY",""
"","2","F1-IMPORTS.14","","Tue Nov 19 18:34:51 GMT 2024","passed","Tue Nov 19 18:34:51 GMT 2024","","QUICK","QUICK",""
"","2","BASIC-EVALUATION---METTA-LANGUAGE14.03","","Tue Nov 19 18:10:55 GMT 2024","passed","Tue Nov 19 18:10:55 GMT 2024","","METTA-LANG","METTA-LANG",""
"","2","C2-SPACES.03","","Tue Nov 19 17:52:41 GMT 2024","passed","Tue Nov 19 17:52:41 GMT 2024","","MODULE-SYSTEM","MODULE-SYSTEM",""
"","1","BASIC-GROUNDED-FUNCTIONS---METTA-LANGUAGE4.02","","Tue Nov 19 18:10:55 GMT 2024","passed","Tue Nov 19 18:10:55 GMT 2024","","METTA-LANG","METTA-LANG",""
"","1","B0-CHAINING-PRELIM.02","","Tue Nov 19 17:57:42 GMT 2024","passed","Tue Nov 19 17:57:42 GMT 2024","","HYPERON-EXPERIMENTAL-SCRIPTS","HYPERON-EXPERIMENTAL-SCRIPTS",""
"","2","TEST-IF-CLOSED.07","","Tue Nov 19 17:52:57 GMT 2024","passed","Tue Nov 19 17:52:57 GMT 2024","","ANTI-REGRESSION","ANTI-REGRESSION",""
"","3","SPACE-SUBTRACTION-TESTS.04","","Tue Nov 19 18:00:52 GMT 2024","passed","Tue Nov 19 18:00:52 GMT 2024","","HYPERON-METTALOG-SANITY","HYPERON-METTALOG-SANITY",""
"","1","D4-TYPE-PROP.13","","Tue Nov 19 18:34:51 GMT 2024","passed","Tue Nov 19 18:34:51 GMT 2024","","QUICK","QUICK",""
"","2","SUBTRACTION-TEST.08","","Tue Nov 19 18:00:52 GMT 2024","passed","Tue Nov 19 18:00:52 GMT 2024","","HYPERON-METTALOG-SANITY","HYPERON-METTALOG-SANITY",""
"","2","CONCRETE-TYPES---METTA-LANGUAGE1.04","","Tue Nov 19 18:10:55 GMT 2024","passed","Tue Nov 19 18:10:55 GMT 2024","","METTA-LANG","METTA-LANG",""
"","8000","metta-morph_tests.multifunction","","Tue Nov 19 17:52:49 GMT 2024","passed","Tue Nov 19 17:52:57 GMT 2024","","WHOLE-TESTS","WHOLE-TESTS",""
"","8000","hyperon-mettalog_sanity.call_tests","","Tue Nov 19 17:52:49 GMT 2024","passed","Tue Nov 19 17:52:57 GMT 2024","","WHOLE-TESTS","WHOLE-TESTS",""
"","1","SUPERPOSE-NESTED.04","","Tue Nov 19 18:30:57 GMT 2024","passed","Tue Nov 19 18:30:57 GMT 2024","","METTA-MORPH-TESTS","METTA-MORPH-TESTS",""
"","5","SEALED-TEST.07","","Tue Nov 19 18:00:52 GMT 2024","passed","Tue Nov 19 18:00:52 GMT 2024","","HYPERON-METTALOG-SANITY","HYPERON-METTALOG-SANITY",""
"","2","HANDLING-NONDETERMINISTIC-RESULTS---METTA-LANGUAGE8.03","","Tue Nov 19 18:10:55 GMT 2024","passed","Tue Nov 19 18:10:55 GMT 2024","","METTA-LANG","METTA-LANG",""
"","2","METTALOGTESTCURRIED2.02","","Tue Nov 19 17:52:57 GMT 2024","passed","Tue Nov 19 17:52:57 GMT 2024","","ANTI-REGRESSION","ANTI-REGRESSION",""
"","50","F1-IMPORTS.19","","Tue Nov 19 17:57:42 GMT 2024","passed","Tue Nov 19 17:57:42 GMT 2024","","HYPERON-EXPERIMENTAL-SCRIPTS","HYPERON-EXPERIMENTAL-SCRIPTS",""
"","2","00-LANG-CASE.02","","Tue Nov 19 18:00:52 GMT 2024","passed","Tue Nov 19 18:00:52 GMT 2024","","HYPERON-METTALOG-SANITY","HYPERON-METTALOG-SANITY",""
"","44","CONSOLE-OUTPUT-AND-DEBUGGING---METTA-LANGUAGE5.08","","Tue Nov 19 18:10:55 GMT 2024","failed","Tue Nov 19 18:10:55 GMT 2024","","METTA-LANG","METTA-LANG",""
"","87","BASE-TEST-REPR-PARSE-INTERSECTION.02","","Tue Nov 19 18:00:52 GMT 2024","passed","Tue Nov 19 18:00:52 GMT 2024","","HYPERON-METTALOG-SANITY","HYPERON-METTALOG-SANITY",""
"","15","D2-HIGHERFUNC.22","","Tue Nov 19 17:57:42 GMT 2024","passed","Tue Nov 19 17:57:42 GMT 2024","","HYPERON-EXPERIMENTAL-SCRIPTS","HYPERON-EXPERIMENTAL-SCRIPTS",""
"","8000","metta_lang.Control_flow___MeTTa_Language3","","Tue Nov 19 17:52:49 GMT 2024","passed","Tue Nov 19 17:52:57 GMT 2024","","WHOLE-TESTS","WHOLE-TESTS",""
"","1","D1-GADT.06","","Tue Nov 19 17:57:42 GMT 2024","passed","Tue Nov 19 17:57:42 GMT 2024","","HYPERON-EXPERIMENTAL-SCRIPTS","HYPERON-EXPERIMENTAL-SCRIPTS",""
"","2","CALL-CLEANUP-TESTS.07","","Tue Nov 19 18:00:52 GMT 2024","passed","Tue Nov 19 18:00:52 GMT 2024","","HYPERON-METTALOG-SANITY","HYPERON-METTALOG-SANITY",""
"","4034","PY-TYPES.01","","Tue Nov 19 18:00:52 GMT 2024","passed","Tue Nov 19 18:00:56 GMT 2024","","HYPERON-METTALOG-SANITY","HYPERON-METTALOG-SANITY",""
"","1","SPACE-SUBTRACTION-TESTS.02","","Tue Nov 19 18:00:52 GMT 2024","passed","Tue Nov 19 18:00:52 GMT 2024","","HYPERON-METTALOG-SANITY","HYPERON-METTALOG-SANITY",""
"","8000","metta-morph_tests.and_or","","Tue Nov 19 17:52:49 GMT 2024","passed","Tue Nov 19 17:52:57 GMT 2024","","WHOLE-TESTS","WHOLE-TESTS",""
"","77","MINIMAL-METTA-TESTS.23","","Tue Nov 19 18:00:52 GMT 2024","passed","Tue Nov 19 18:00:52 GMT 2024","","HYPERON-METTALOG-SANITY","HYPERON-METTALOG-SANITY",""
"","2","B2-BACKCHAIN.04","","Tue Nov 19 17:57:42 GMT 2024","passed","Tue Nov 19 17:57:42 GMT 2024","","HYPERON-EXPERIMENTAL-SCRIPTS","HYPERON-EXPERIMENTAL-SCRIPTS",""
"","4","UNIQUE-TEST.14","","Tue Nov 19 18:00:52 GMT 2024","passed","Tue Nov 19 18:00:52 GMT 2024","","HYPERON-METTALOG-SANITY","HYPERON-METTALOG-SANITY",""
"","2","RECURSION-AND-CONTROL---METTA-LANGUAGE2.02","","Tue Nov 19 18:10:55 GMT 2024","passed","Tue Nov 19 18:10:55 GMT 2024","","METTA-LANG","METTA-LANG",""
"","8000","hyperon-mettalog_sanity.03-soring-via-insert","","Tue Nov 19 17:52:49 GMT 2024","passed","Tue Nov 19 17:52:57 GMT 2024","","WHOLE-TESTS","WHOLE-TESTS",""
"","2","FUNCTIONS-AND-UNIFICATION---METTA-LANGUAGE4.04","","Tue Nov 19 18:10:55 GMT 2024","passed","Tue Nov 19 18:10:55 GMT 2024","","METTA-LANG","METTA-LANG",""
"","251","TIME-SYNTHESIZE-SHORT.01","","Tue Nov 19 18:08:09 GMT 2024","passed","Tue Nov 19 18:08:09 GMT 2024","","SYNTH-BUFFER","SYNTH-BUFFER",""
"","2","FUNCTIONS-AND-UNIFICATION---METTA-LANGUAGE4.02","","Tue Nov 19 18:10:55 GMT 2024","passed","Tue Nov 19 18:10:55 GMT 2024","","METTA-LANG","METTA-LANG",""
"","1","F1-IMPORTS.03","","Tue Nov 19 17:57:42 GMT 2024","passed","Tue Nov 19 17:57:42 GMT 2024","","HYPERON-EXPERIMENTAL-SCRIPTS","HYPERON-EXPERIMENTAL-SCRIPTS",""
"","8000","metta_lang.Operations_over_atoms___MeTTa_Language6","","Tue Nov 19 17:52:49 GMT 2024","passed","Tue Nov 19 17:52:57 GMT 2024","","WHOLE-TESTS","WHOLE-TESTS",""
"","4","WORKING-WITH-SPACES---METTA-LANGUAGE7.01","","Tue Nov 19 18:10:55 GMT 2024","passed","Tue Nov 19 18:10:55 GMT 2024","","METTA-LANG","METTA-LANG",""
"","10000","metta-wam-issue-116.test_spo_1000","","Tue Nov 19 17:52:49 GMT 2024","passed","Tue Nov 19 17:52:59 GMT 2024","","WHOLE-TESTS","WHOLE-TESTS",""
"","3","PY-TYPES-2.02","","Tue Nov 19 18:00:52 GMT 2024","passed","Tue Nov 19 18:00:52 GMT 2024","","HYPERON-METTALOG-SANITY","HYPERON-METTALOG-SANITY",""
"","56","EVAL-FOR-TESTS.15","","Tue Nov 19 18:00:52 GMT 2024","failed","Tue Nov 19 18:00:52 GMT 2024","","HYPERON-METTALOG-SANITY","HYPERON-METTALOG-SANITY",""
"","1","MATCH-SUPERPOSED-SPACES.02","","Tue Nov 19 18:30:57 GMT 2024","passed","Tue Nov 19 18:30:57 GMT 2024","","METTA-MORPH-TESTS","METTA-MORPH-TESTS",""
"","2","WORKING-WITH-SPACES---METTA-LANGUAGE3.05","","Tue Nov 19 18:10:55 GMT 2024","passed","Tue Nov 19 18:10:55 GMT 2024","","METTA-LANG","METTA-LANG",""
"","8000","metta_lang.Basic_evaluation___MeTTa_Language12","","Tue Nov 19 17:52:49 GMT 2024","passed","Tue Nov 19 17:52:57 GMT 2024","","WHOLE-TESTS","WHOLE-TESTS",""
"","2","FUNCTIONS-AND-UNIFICATION---METTA-LANGUAGE4.03","","Tue Nov 19 18:10:55 GMT 2024","passed","Tue Nov 19 18:10:55 GMT 2024","","METTA-LANG","METTA-LANG",""
"","8000","metta-morph_tests.match_void","","Tue Nov 19 17:52:49 GMT 2024","passed","Tue Nov 19 17:52:57 GMT 2024","","WHOLE-TESTS","WHOLE-TESTS",""
"","2","RECURSION-AND-CONTROL---METTA-LANGUAGE6.01","","Tue Nov 19 18:10:55 GMT 2024","passed","Tue Nov 19 18:10:55 GMT 2024","","METTA-LANG","METTA-LANG",""
"","2","06-MATCH-IN-SPACE.06","","Tue Nov 19 18:00:52 GMT 2024","passed","Tue Nov 19 18:00:52 GMT 2024","","HYPERON-METTALOG-SANITY","HYPERON-METTALOG-SANITY",""
"","2","INTERSECTION-TESTS.20","","Tue Nov 19 18:00:52 GMT 2024","passed","Tue Nov 19 18:00:52 GMT 2024","","HYPERON-METTALOG-SANITY","HYPERON-METTALOG-SANITY",""
"","2","F1-MODULEA.02","","Tue Nov 19 18:34:51 GMT 2024","passed","Tue Nov 19 18:34:51 GMT 2024","","QUICK","QUICK",""
"","2","CONTROLLING-PATTERN-MATCHING---METTA-LANGUAGE12.07","","Tue Nov 19 18:10:55 GMT 2024","passed","Tue Nov 19 18:10:55 GMT 2024","","METTA-LANG","METTA-LANG",""
"","3","RECURSION-AND-CONTROL---METTA-LANGUAGE8.02","","Tue Nov 19 18:10:55 GMT 2024","passed","Tue Nov 19 18:10:55 GMT 2024","","METTA-LANG","METTA-LANG",""
"","2","D2-HIGHERFUNC.13","","Tue Nov 19 17:57:42 GMT 2024","passed","Tue Nov 19 17:57:42 GMT 2024","","HYPERON-EXPERIMENTAL-SCRIPTS","HYPERON-EXPERIMENTAL-SCRIPTS",""
"","3","D1-GADT.11","","Tue Nov 19 17:57:42 GMT 2024","passed","Tue Nov 19 17:57:42 GMT 2024","","HYPERON-EXPERIMENTAL-SCRIPTS","HYPERON-EXPERIMENTAL-SCRIPTS",""
"","8000","metta_lang.Basic_grounded_functions___MeTTa_Language3","","Tue Nov 19 17:52:49 GMT 2024","passed","Tue Nov 19 17:52:57 GMT 2024","","WHOLE-TESTS","WHOLE-TESTS",""
"","351","TMPMATCH1.05","","Tue Nov 19 17:52:57 GMT 2024","failed","Tue Nov 19 17:52:57 GMT 2024","","ANTI-REGRESSION","ANTI-REGRESSION",""
"","132","MINIMAL-METTA-TESTS.25","","Tue Nov 19 18:00:52 GMT 2024","failed","Tue Nov 19 18:00:52 GMT 2024","","HYPERON-METTALOG-SANITY","HYPERON-METTALOG-SANITY",""
"","2","OR-TEST.08","","Tue Nov 19 18:00:52 GMT 2024","passed","Tue Nov 19 18:00:52 GMT 2024","","HYPERON-METTALOG-SANITY","HYPERON-METTALOG-SANITY",""
"","8000","metta_lang.Basic_grounded_functions___MeTTa_Language1","","Tue Nov 19 17:52:49 GMT 2024","passed","Tue Nov 19 17:52:57 GMT 2024","","WHOLE-TESTS","WHOLE-TESTS",""
"","8000","metta_lang.Operations_over_atoms___MeTTa_Language2","","Tue Nov 19 17:52:49 GMT 2024","passed","Tue Nov 19 17:52:57 GMT 2024","","WHOLE-TESTS","WHOLE-TESTS",""
"","5","CONTROL-FLOW---METTA-LANGUAGE3.01","","Tue Nov 19 18:10:55 GMT 2024","passed","Tue Nov 19 18:10:55 GMT 2024","","METTA-LANG","METTA-LANG",""
"","163","SPACE-SUBTRACTION-TESTS.08","","Tue Nov 19 18:00:52 GMT 2024","passed","Tue Nov 19 18:00:52 GMT 2024","","HYPERON-METTALOG-SANITY","HYPERON-METTALOG-SANITY",""
"","8000","metta_lang.Console_output_and_debugging___MeTTa_Language4","","Tue Nov 19 17:52:49 GMT 2024","passed","Tue Nov 19 17:52:57 GMT 2024","","WHOLE-TESTS","WHOLE-TESTS",""
"","3","AND-OR.01","","Tue Nov 19 18:30:57 GMT 2024","passed","Tue Nov 19 18:30:57 GMT 2024","","METTA-MORPH-TESTS","METTA-MORPH-TESTS",""
"","8000","anti-regression.test_if_closed","","Tue Nov 19 17:52:49 GMT 2024","passed","Tue Nov 19 17:52:57 GMT 2024","","WHOLE-TESTS","WHOLE-TESTS",""
"","3","LIMIT-TESTS.17","","Tue Nov 19 18:00:52 GMT 2024","passed","Tue Nov 19 18:00:52 GMT 2024","","HYPERON-METTALOG-SANITY","HYPERON-METTALOG-SANITY",""
"","2","TEST-IF-CLOSED.06","","Tue Nov 19 17:52:57 GMT 2024","passed","Tue Nov 19 17:52:57 GMT 2024","","ANTI-REGRESSION","ANTI-REGRESSION",""
"","3","NESTED-QUERIES-AND-RECURSIVE-GRAPH-TRAVERSAL---METTA-LANGUAGE2.01","","Tue Nov 19 18:10:55 GMT 2024","passed","Tue Nov 19 18:10:55 GMT 2024","","METTA-LANG","METTA-LANG",""
"","2","D4-TYPE-PROP.06","","Tue Nov 19 17:57:42 GMT 2024","passed","Tue Nov 19 17:57:42 GMT 2024","","HYPERON-EXPERIMENTAL-SCRIPTS","HYPERON-EXPERIMENTAL-SCRIPTS",""
"","2","B5-TYPES-PRELIM.05","","Tue Nov 19 17:57:42 GMT 2024","passed","Tue Nov 19 17:57:42 GMT 2024","","HYPERON-EXPERIMENTAL-SCRIPTS","HYPERON-EXPERIMENTAL-SCRIPTS",""
"","3","INTERSECTION-TESTS.26","","Tue Nov 19 18:00:52 GMT 2024","passed","Tue Nov 19 18:00:52 GMT 2024","","HYPERON-METTALOG-SANITY","HYPERON-METTALOG-SANITY",""
"","3","MINIMAL-METTA-TESTS.43","","Tue Nov 19 18:00:52 GMT 2024","passed","Tue Nov 19 18:00:52 GMT 2024","","HYPERON-METTALOG-SANITY","HYPERON-METTALOG-SANITY",""
"","2","OUTPUT-LOAD-TESTS.13","","Tue Nov 19 18:00:52 GMT 2024","passed","Tue Nov 19 18:00:52 GMT 2024","","HYPERON-METTALOG-SANITY","HYPERON-METTALOG-SANITY",""
"","9000","anti-regression.tmpMatch1","","Tue Nov 19 17:52:49 GMT 2024","passed","Tue Nov 19 17:52:58 GMT 2024","","WHOLE-TESTS","WHOLE-TESTS",""
"","305","SPACE-SUBTRACTION-TESTS.07","","Tue Nov 19 18:00:52 GMT 2024","passed","Tue Nov 19 18:00:52 GMT 2024","","HYPERON-METTALOG-SANITY","HYPERON-METTALOG-SANITY",""
"","8000","metta_lang.Handling_nondeterministic_results___MeTTa_Language5","","Tue Nov 19 17:52:49 GMT 2024","passed","Tue Nov 19 17:52:57 GMT 2024","","WHOLE-TESTS","WHOLE-TESTS",""
"","2","BASIC-EVALUATION---METTA-LANGUAGE6.03","","Tue Nov 19 18:10:55 GMT 2024","passed","Tue Nov 19 18:10:55 GMT 2024","","METTA-LANG","METTA-LANG",""
"","3","CONTROLLING-PATTERN-MATCHING---METTA-LANGUAGE11.01","","Tue Nov 19 18:10:55 GMT 2024","passed","Tue Nov 19 18:10:55 GMT 2024","","METTA-LANG","METTA-LANG",""
"","11658","TIME-SYNTHESIZE-LONG.02","","Tue Nov 19 18:08:09 GMT 2024","failed","Tue Nov 19 18:08:20 GMT 2024","","SYNTH-BUFFER","SYNTH-BUFFER",""
"","2","D4-TYPE-PROP.17","","Tue Nov 19 17:57:42 GMT 2024","passed","Tue Nov 19 17:57:42 GMT 2024","","HYPERON-EXPERIMENTAL-SCRIPTS","HYPERON-EXPERIMENTAL-SCRIPTS",""
"","2","CATCH-THROW-TESTS.02","","Tue Nov 19 18:00:52 GMT 2024","passed","Tue Nov 19 18:00:52 GMT 2024","","HYPERON-METTALOG-SANITY","HYPERON-METTALOG-SANITY",""
"","1","OUTPUT-LOAD-TESTS.02","","Tue Nov 19 18:00:52 GMT 2024","passed","Tue Nov 19 18:00:52 GMT 2024","","HYPERON-METTALOG-SANITY","HYPERON-METTALOG-SANITY",""
"","2","RECURSION-AND-CONTROL---METTA-LANGUAGE3.04","","Tue Nov 19 18:10:55 GMT 2024","passed","Tue Nov 19 18:10:55 GMT 2024","","METTA-LANG","METTA-LANG",""
"","2","A1-SYMBOLS.02","","Tue Nov 19 17:57:42 GMT 2024","passed","Tue Nov 19 17:57:42 GMT 2024","","HYPERON-EXPERIMENTAL-SCRIPTS","HYPERON-EXPERIMENTAL-SCRIPTS",""
"","2","REPRESENT-AND-PARSE-TESTS.02","","Tue Nov 19 18:00:52 GMT 2024","passed","Tue Nov 19 18:00:52 GMT 2024","","HYPERON-METTALOG-SANITY","HYPERON-METTALOG-SANITY",""
"","56","OUTPUT-LOAD-TESTS.12","","Tue Nov 19 18:00:52 GMT 2024","failed","Tue Nov 19 18:00:52 GMT 2024","","HYPERON-METTALOG-SANITY","HYPERON-METTALOG-SANITY",""
"","2","B5-TYPES-PRELIM.07","","Tue Nov 19 17:57:42 GMT 2024","passed","Tue Nov 19 17:57:42 GMT 2024","","HYPERON-EXPERIMENTAL-SCRIPTS","HYPERON-EXPERIMENTAL-SCRIPTS",""
"","3","WORKING-WITH-SPACES---METTA-LANGUAGE1.03","","Tue Nov 19 18:10:55 GMT 2024","passed","Tue Nov 19 18:10:55 GMT 2024","","METTA-LANG","METTA-LANG",""
"","1","SEQUENTIAL-NESTED.12","","Tue Nov 19 18:30:57 GMT 2024","passed","Tue Nov 19 18:30:57 GMT 2024","","METTA-MORPH-TESTS","METTA-MORPH-TESTS",""
"","60","EVAL-FOR-TESTS.05","","Tue Nov 19 18:00:52 GMT 2024","failed","Tue Nov 19 18:00:52 GMT 2024","","HYPERON-METTALOG-SANITY","HYPERON-METTALOG-SANITY",""
"","3","SEQUENTIAL-NESTED.04","","Tue Nov 19 18:30:57 GMT 2024","passed","Tue Nov 19 18:30:57 GMT 2024","","METTA-MORPH-TESTS","METTA-MORPH-TESTS",""
"","2","SPACE-INTERSECTION-TESTS.15","","Tue Nov 19 18:00:52 GMT 2024","passed","Tue Nov 19 18:00:52 GMT 2024","","HYPERON-METTALOG-SANITY","HYPERON-METTALOG-SANITY",""
"","3","CONTROLLING-PATTERN-MATCHING---METTA-LANGUAGE12.15","","Tue Nov 19 18:10:55 GMT 2024","passed","Tue Nov 19 18:10:55 GMT 2024","","METTA-LANG","METTA-LANG",""
"","2","D4-TYPE-PROP.02","","Tue Nov 19 18:34:51 GMT 2024","passed","Tue Nov 19 18:34:51 GMT 2024","","QUICK","QUICK",""
"","2","00-LANG-CASE.09","","Tue Nov 19 18:00:52 GMT 2024","passed","Tue Nov 19 18:00:52 GMT 2024","","HYPERON-METTALOG-SANITY","HYPERON-METTALOG-SANITY",""
"","2","F1-IMPORTS.05","","Tue Nov 19 17:52:41 GMT 2024","passed","Tue Nov 19 17:52:41 GMT 2024","","MODULE-SYSTEM","MODULE-SYSTEM",""
"","8000","metta_lang.Console_output_and_debugging___MeTTa_Language2","","Tue Nov 19 17:52:49 GMT 2024","passed","Tue Nov 19 17:52:57 GMT 2024","","WHOLE-TESTS","WHOLE-TESTS",""
"","2","FIND-ALL-TESTS.03","","Tue Nov 19 18:00:52 GMT 2024","passed","Tue Nov 19 18:00:52 GMT 2024","","HYPERON-METTALOG-SANITY","HYPERON-METTALOG-SANITY",""
"","177","CONTROLLING-PATTERN-MATCHING---METTA-LANGUAGE10.07","","Tue Nov 19 18:10:55 GMT 2024","failed","Tue Nov 19 18:10:55 GMT 2024","","METTA-LANG","METTA-LANG",""
"","2","STATES-SPACES.05","","Tue Nov 19 18:30:57 GMT 2024","passed","Tue Nov 19 18:30:57 GMT 2024","","METTA-MORPH-TESTS","METTA-MORPH-TESTS",""
"","3","RUST-01.01","","Tue Nov 19 18:35:43 GMT 2024","passed","Tue Nov 19 18:35:43 GMT 2024","","BASELINE-COMPAT","BASELINE-COMPAT",""
"","2","INTERSECTION-TESTS.15","","Tue Nov 19 18:00:52 GMT 2024","passed","Tue Nov 19 18:00:52 GMT 2024","","HYPERON-METTALOG-SANITY","HYPERON-METTALOG-SANITY",""
"","2","B5-TYPES-PRELIM.10","","Tue Nov 19 17:57:42 GMT 2024","passed","Tue Nov 19 17:57:42 GMT 2024","","HYPERON-EXPERIMENTAL-SCRIPTS","HYPERON-EXPERIMENTAL-SCRIPTS",""
"","84","MINIMAL-METTA-TESTS.35","","Tue Nov 19 18:00:52 GMT 2024","failed","Tue Nov 19 18:00:52 GMT 2024","","HYPERON-METTALOG-SANITY","HYPERON-METTALOG-SANITY",""
"","9000","metta_lang.Recursive_and_parametric_types___MeTTa_Language6","","Tue Nov 19 17:52:49 GMT 2024","passed","Tue Nov 19 17:52:58 GMT 2024","","WHOLE-TESTS","WHOLE-TESTS",""
"","1","F1-IMPORTS.18","","Tue Nov 19 17:57:42 GMT 2024","passed","Tue Nov 19 17:57:42 GMT 2024","","HYPERON-EXPERIMENTAL-SCRIPTS","HYPERON-EXPERIMENTAL-SCRIPTS",""
"","3","CONSOLE-OUTPUT-AND-DEBUGGING---METTA-LANGUAGE5.01","","Tue Nov 19 18:10:55 GMT 2024","passed","Tue Nov 19 18:10:55 GMT 2024","","METTA-LANG","METTA-LANG",""
"","3","TESTS0.03","","Tue Nov 19 18:30:57 GMT 2024","passed","Tue Nov 19 18:30:57 GMT 2024","","METTA-MORPH-TESTS","METTA-MORPH-TESTS",""
"","8000","metta_lang.Basic_evaluation___MeTTa_Language14","","Tue Nov 19 17:52:49 GMT 2024","passed","Tue Nov 19 17:52:57 GMT 2024","","WHOLE-TESTS","WHOLE-TESTS",""
"","3","XOR-TEST.07","","Tue Nov 19 18:00:52 GMT 2024","passed","Tue Nov 19 18:00:52 GMT 2024","","HYPERON-METTALOG-SANITY","HYPERON-METTALOG-SANITY",""
"","2","OPERATIONS-OVER-ATOMS---METTA-LANGUAGE4.02","","Tue Nov 19 18:10:55 GMT 2024","passed","Tue Nov 19 18:10:55 GMT 2024","","METTA-LANG","METTA-LANG",""
"","3","D2-HIGHERFUNC.03","","Tue Nov 19 18:34:51 GMT 2024","passed","Tue Nov 19 18:34:51 GMT 2024","","QUICK","QUICK",""
"","2","CONSOLE-OUTPUT-AND-DEBUGGING---METTA-LANGUAGE2.02","","Tue Nov 19 18:10:55 GMT 2024","passed","Tue Nov 19 18:10:55 GMT 2024","","METTA-LANG","METTA-LANG",""
"","8000","hyperon-mettalog_sanity.xor_test","","Tue Nov 19 17:52:49 GMT 2024","passed","Tue Nov 19 17:52:57 GMT 2024","","WHOLE-TESTS","WHOLE-TESTS",""
"","54","BASIC-GROUNDED-FUNCTIONS---METTA-LANGUAGE4.04","","Tue Nov 19 18:10:55 GMT 2024","failed","Tue Nov 19 18:10:55 GMT 2024","","METTA-LANG","METTA-LANG",""
"","2","C1-GROUNDED-BASIC.06","","Tue Nov 19 17:57:42 GMT 2024","passed","Tue Nov 19 17:57:42 GMT 2024","","HYPERON-EXPERIMENTAL-SCRIPTS","HYPERON-EXPERIMENTAL-SCRIPTS",""
"","2","A1-SYMBOLS.03","","Tue Nov 19 17:57:42 GMT 2024","passed","Tue Nov 19 17:57:42 GMT 2024","","HYPERON-EXPERIMENTAL-SCRIPTS","HYPERON-EXPERIMENTAL-SCRIPTS",""
"","2","CONTROLLING-PATTERN-MATCHING---METTA-LANGUAGE4.04","","Tue Nov 19 18:10:55 GMT 2024","passed","Tue Nov 19 18:10:55 GMT 2024","","METTA-LANG","METTA-LANG",""
"","1","TYPES2.04","","Tue Nov 19 18:30:57 GMT 2024","passed","Tue Nov 19 18:30:57 GMT 2024","","METTA-MORPH-TESTS","METTA-MORPH-TESTS",""
"","4","RECURSIVE-AND-PARAMETRIC-TYPES---METTA-LANGUAGE4.01","","Tue Nov 19 18:10:55 GMT 2024","passed","Tue Nov 19 18:10:55 GMT 2024","","METTA-LANG","METTA-LANG",""
"","3","SPACE-INTERSECTION-TESTS.18","","Tue Nov 19 18:00:52 GMT 2024","passed","Tue Nov 19 18:00:52 GMT 2024","","HYPERON-METTALOG-SANITY","HYPERON-METTALOG-SANITY",""
"","2","F1-IMPORTS.02","","Tue Nov 19 17:52:41 GMT 2024","passed","Tue Nov 19 17:52:41 GMT 2024","","MODULE-SYSTEM","MODULE-SYSTEM",""
"","8000","hyperon-mettalog_sanity.structure-tests","","Tue Nov 19 17:52:49 GMT 2024","passed","Tue Nov 19 17:52:57 GMT 2024","","WHOLE-TESTS","WHOLE-TESTS",""
"","8000","metta-morph_tests.identity","","Tue Nov 19 17:52:49 GMT 2024","passed","Tue Nov 19 17:52:57 GMT 2024","","WHOLE-TESTS","WHOLE-TESTS",""
"","10","MINIMAL-METTA-TESTS.44","","Tue Nov 19 18:00:52 GMT 2024","failed","Tue Nov 19 18:00:52 GMT 2024","","HYPERON-METTALOG-SANITY","HYPERON-METTALOG-SANITY",""
"","3","TMPMATCH1.01","","Tue Nov 19 17:52:57 GMT 2024","passed","Tue Nov 19 17:52:57 GMT 2024","","ANTI-REGRESSION","ANTI-REGRESSION",""
"","2","SUPERPOSE-NESTED.02","","Tue Nov 19 18:30:57 GMT 2024","passed","Tue Nov 19 18:30:57 GMT 2024","","METTA-MORPH-TESTS","METTA-MORPH-TESTS",""
"","2","METATYPES---METTA-LANGUAGE7.03","","Tue Nov 19 18:10:55 GMT 2024","passed","Tue Nov 19 18:10:55 GMT 2024","","METTA-LANG","METTA-LANG",""
"","59","METATYPES---METTA-LANGUAGE7.04","","Tue Nov 19 18:10:55 GMT 2024","failed","Tue Nov 19 18:10:55 GMT 2024","","METTA-LANG","METTA-LANG",""
"","8000","hyperon-experimental_scripts.d1_gadt","","Tue Nov 19 17:52:49 GMT 2024","passed","Tue Nov 19 17:52:57 GMT 2024","","WHOLE-TESTS","WHOLE-TESTS",""
"","2","HYPERPOSE.05","","Tue Nov 19 18:30:57 GMT 2024","passed","Tue Nov 19 18:30:57 GMT 2024","","METTA-MORPH-TESTS","METTA-MORPH-TESTS",""
"","44","BASIC-EVALUATION---METTA-LANGUAGE10.01","","Tue Nov 19 18:10:55 GMT 2024","failed","Tue Nov 19 18:10:55 GMT 2024","","METTA-LANG","METTA-LANG",""
"","52","WORKING-WITH-SPACES---METTA-LANGUAGE8.06","","Tue Nov 19 18:10:55 GMT 2024","failed","Tue Nov 19 18:10:55 GMT 2024","","METTA-LANG","METTA-LANG",""
"","3","UNIQUE-TEST.13","","Tue Nov 19 18:00:52 GMT 2024","passed","Tue Nov 19 18:00:52 GMT 2024","","HYPERON-METTALOG-SANITY","HYPERON-METTALOG-SANITY",""
"","10","CONTROLLING-PATTERN-MATCHING---METTA-LANGUAGE6.02","","Tue Nov 19 18:10:55 GMT 2024","failed","Tue Nov 19 18:10:55 GMT 2024","","METTA-LANG","METTA-LANG",""
"","2","INTERSECTION-TESTS.14","","Tue Nov 19 18:00:52 GMT 2024","passed","Tue Nov 19 18:00:52 GMT 2024","","HYPERON-METTALOG-SANITY","HYPERON-METTALOG-SANITY",""
"","1","RECURSIVE-AND-PARAMETRIC-TYPES---METTA-LANGUAGE5.02","","Tue Nov 19 18:10:55 GMT 2024","passed","Tue Nov 19 18:10:55 GMT 2024","","METTA-LANG","METTA-LANG",""
"","2","C1-GROUNDED-BASIC.19","","Tue Nov 19 18:34:51 GMT 2024","passed","Tue Nov 19 18:34:51 GMT 2024","","QUICK","QUICK",""
"","3","FREE-VARIABLES-AND-NONDETERMINISM-AGAIN,-RECURSIVELY---METTA-LANGUAGE1.03","","Tue Nov 19 18:10:55 GMT 2024","passed","Tue Nov 19 18:10:55 GMT 2024","","METTA-LANG","METTA-LANG",""
"","94","INTERSECTION-TESTS.28","","Tue Nov 19 18:00:52 GMT 2024","failed","Tue Nov 19 18:00:52 GMT 2024","","HYPERON-METTALOG-SANITY","HYPERON-METTALOG-SANITY",""
"","4","FREE-VARIABLES-AND-NONDETERMINISM-AGAIN,-RECURSIVELY---METTA-LANGUAGE3.01","","Tue Nov 19 18:10:55 GMT 2024","passed","Tue Nov 19 18:10:55 GMT 2024","","METTA-LANG","METTA-LANG",""
"","1","F1-MODULEA.02","","Tue Nov 19 17:57:42 GMT 2024","passed","Tue Nov 19 17:57:42 GMT 2024","","HYPERON-EXPERIMENTAL-SCRIPTS","HYPERON-EXPERIMENTAL-SCRIPTS",""
"","63","METATYPES---METTA-LANGUAGE2.04","","Tue Nov 19 18:10:55 GMT 2024","failed","Tue Nov 19 18:10:55 GMT 2024","","METTA-LANG","METTA-LANG",""
"","1","FACTORIAL.02","","Tue Nov 19 18:30:57 GMT 2024","passed","Tue Nov 19 18:30:57 GMT 2024","","METTA-MORPH-TESTS","METTA-MORPH-TESTS",""
"","1","D1-GADT.07","","Tue Nov 19 18:34:51 GMT 2024","passed","Tue Nov 19 18:34:51 GMT 2024","","QUICK","QUICK",""
"","2","BASIC-EVALUATION---METTA-LANGUAGE15.01","","Tue Nov 19 18:10:55 GMT 2024","passed","Tue Nov 19 18:10:55 GMT 2024","","METTA-LANG","METTA-LANG",""
"","2","INTERSECTION-TESTS.19","","Tue Nov 19 18:00:52 GMT 2024","passed","Tue Nov 19 18:00:52 GMT 2024","","HYPERON-METTALOG-SANITY","HYPERON-METTALOG-SANITY",""
"","57","CONTROL-FLOW---METTA-LANGUAGE2.01","","Tue Nov 19 18:10:55 GMT 2024","failed","Tue Nov 19 18:10:55 GMT 2024","","METTA-LANG","METTA-LANG",""
"","1","CONSOLE-OUTPUT-AND-DEBUGGING---METTA-LANGUAGE3.02","","Tue Nov 19 18:10:55 GMT 2024","passed","Tue Nov 19 18:10:55 GMT 2024","","METTA-LANG","METTA-LANG",""
"","123","BASIC-EVALUATION---METTA-LANGUAGE11.02","","Tue Nov 19 18:10:55 GMT 2024","passed","Tue Nov 19 18:10:55 GMT 2024","","METTA-LANG","METTA-LANG",""
"","9000","metta-morph_tests.let_superpose_if_case","","Tue Nov 19 17:52:49 GMT 2024","passed","Tue Nov 19 17:52:58 GMT 2024","","WHOLE-TESTS","WHOLE-TESTS",""
"","2","SEQUENTIAL-NESTED.06","","Tue Nov 19 18:30:57 GMT 2024","passed","Tue Nov 19 18:30:57 GMT 2024","","METTA-MORPH-TESTS","METTA-MORPH-TESTS",""
"","2","METTALOGTESTCURRIED2.01","","Tue Nov 19 17:52:57 GMT 2024","passed","Tue Nov 19 17:52:57 GMT 2024","","ANTI-REGRESSION","ANTI-REGRESSION",""
"","9000","hyperon-mettalog_sanity.minimal_metta_tests","","Tue Nov 19 17:52:49 GMT 2024","passed","Tue Nov 19 17:52:58 GMT 2024","","WHOLE-TESTS","WHOLE-TESTS",""
"","3","CONTROL-FLOW---METTA-LANGUAGE10.03","","Tue Nov 19 18:10:55 GMT 2024","passed","Tue Nov 19 18:10:55 GMT 2024","","METTA-LANG","METTA-LANG",""
"","103","WHAT-EVALS-OR-NOT.07","","Tue Nov 19 18:00:52 GMT 2024","failed","Tue Nov 19 18:00:52 GMT 2024","","HYPERON-METTALOG-SANITY","HYPERON-METTALOG-SANITY",""
"","127","OPERATIONS-OVER-ATOMS---METTA-LANGUAGE1.02","","Tue Nov 19 18:10:55 GMT 2024","failed","Tue Nov 19 18:10:55 GMT 2024","","METTA-LANG","METTA-LANG",""
"","8000","metta_lang.Control_flow___MeTTa_Language5","","Tue Nov 19 17:52:49 GMT 2024","passed","Tue Nov 19 17:52:57 GMT 2024","","WHOLE-TESTS","WHOLE-TESTS",""
"","915","FREE-VARIABLES-AND-NONDETERMINISM-AGAIN,-RECURSIVELY---METTA-LANGUAGE3.02","","Tue Nov 19 18:10:55 GMT 2024","passed","Tue Nov 19 18:10:55 GMT 2024","","METTA-LANG","METTA-LANG",""
"","4","TYPES.01","","Tue Nov 19 18:30:57 GMT 2024","passed","Tue Nov 19 18:30:57 GMT 2024","","METTA-MORPH-TESTS","METTA-MORPH-TESTS",""
"","8000","hyperon-experimental_scripts.d3_deptypes","","Tue Nov 19 17:52:49 GMT 2024","passed","Tue Nov 19 17:52:57 GMT 2024","","WHOLE-TESTS","WHOLE-TESTS",""
"","2","CONTROL-FLOW---METTA-LANGUAGE10.04","","Tue Nov 19 18:10:55 GMT 2024","passed","Tue Nov 19 18:10:55 GMT 2024","","METTA-LANG","METTA-LANG",""
"","1","WORKING-WITH-SPACES---METTA-LANGUAGE6.02","","Tue Nov 19 18:10:55 GMT 2024","passed","Tue Nov 19 18:10:55 GMT 2024","","METTA-LANG","METTA-LANG",""
"","3","OUTPUT-LOAD-TESTS.05","","Tue Nov 19 18:00:52 GMT 2024","passed","Tue Nov 19 18:00:52 GMT 2024","","HYPERON-METTALOG-SANITY","HYPERON-METTALOG-SANITY",""
"","17","CONCRETE-TYPES---METTA-LANGUAGE5.04","","Tue Nov 19 18:10:55 GMT 2024","failed","Tue Nov 19 18:10:55 GMT 2024","","METTA-LANG","METTA-LANG",""
"","2","F1-IMPORTS.08","","Tue Nov 19 17:52:41 GMT 2024","passed","Tue Nov 19 17:52:41 GMT 2024","","MODULE-SYSTEM","MODULE-SYSTEM",""
"","2","D3-DEPTYPES.06","","Tue Nov 19 17:57:42 GMT 2024","passed","Tue Nov 19 17:57:42 GMT 2024","","HYPERON-EXPERIMENTAL-SCRIPTS","HYPERON-EXPERIMENTAL-SCRIPTS",""
"","8000","metta-wam-issue-145.print_graph","","Tue Nov 19 17:52:49 GMT 2024","passed","Tue Nov 19 17:52:57 GMT 2024","","WHOLE-TESTS","WHOLE-TESTS",""
"","3","RECURSION-AND-CONTROL---METTA-LANGUAGE3.06","","Tue Nov 19 18:10:55 GMT 2024","passed","Tue Nov 19 18:10:55 GMT 2024","","METTA-LANG","METTA-LANG",""
"","2","D4-TYPE-PROP.07","","Tue Nov 19 18:34:51 GMT 2024","passed","Tue Nov 19 18:34:51 GMT 2024","","QUICK","QUICK",""
"","5","UNIQUE-TEST.12","","Tue Nov 19 18:00:52 GMT 2024","passed","Tue Nov 19 18:00:52 GMT 2024","","HYPERON-METTALOG-SANITY","HYPERON-METTALOG-SANITY",""
"","3","TESTS0.05","","Tue Nov 19 18:30:57 GMT 2024","passed","Tue Nov 19 18:30:57 GMT 2024","","METTA-MORPH-TESTS","METTA-MORPH-TESTS",""
"","2","XOR-TEST.10","","Tue Nov 19 18:00:52 GMT 2024","passed","Tue Nov 19 18:00:52 GMT 2024","","HYPERON-METTALOG-SANITY","HYPERON-METTALOG-SANITY",""
"","2","LIMIT-TESTS.12","","Tue Nov 19 18:00:52 GMT 2024","passed","Tue Nov 19 18:00:52 GMT 2024","","HYPERON-METTALOG-SANITY","HYPERON-METTALOG-SANITY",""
"","5","OPERATIONS-OVER-ATOMS---METTA-LANGUAGE6.01","","Tue Nov 19 18:10:55 GMT 2024","passed","Tue Nov 19 18:10:55 GMT 2024","","METTA-LANG","METTA-LANG",""
"","8000","metta-morph_tests.types3","","Tue Nov 19 17:52:49 GMT 2024","passed","Tue Nov 19 17:52:57 GMT 2024","","WHOLE-TESTS","WHOLE-TESTS",""
"","1","OUTPUT-LOAD-TESTS.06","","Tue Nov 19 18:00:52 GMT 2024","passed","Tue Nov 19 18:00:52 GMT 2024","","HYPERON-METTALOG-SANITY","HYPERON-METTALOG-SANITY",""
"","1","CALL-TESTS.06","","Tue Nov 19 18:00:52 GMT 2024","passed","Tue Nov 19 18:00:52 GMT 2024","","HYPERON-METTALOG-SANITY","HYPERON-METTALOG-SANITY",""
"","2","D2-HIGHERFUNC.25","","Tue Nov 19 18:34:51 GMT 2024","passed","Tue Nov 19 18:34:51 GMT 2024","","QUICK","QUICK",""
"","2","F1-IMPORTS.10","","Tue Nov 19 17:52:41 GMT 2024","passed","Tue Nov 19 17:52:41 GMT 2024","","MODULE-SYSTEM","MODULE-SYSTEM",""
"","8000","metta_lang.Basic_evaluation___MeTTa_Language11","","Tue Nov 19 17:52:49 GMT 2024","passed","Tue Nov 19 17:52:57 GMT 2024","","WHOLE-TESTS","WHOLE-TESTS",""
"","114","OUTPUT-LOAD-TESTS.15","","Tue Nov 19 18:00:52 GMT 2024","failed","Tue Nov 19 18:00:52 GMT 2024","","HYPERON-METTALOG-SANITY","HYPERON-METTALOG-SANITY",""
"","3","CATCH-THROW-TESTS.07","","Tue Nov 19 18:00:52 GMT 2024","passed","Tue Nov 19 18:00:52 GMT 2024","","HYPERON-METTALOG-SANITY","HYPERON-METTALOG-SANITY",""
"","2","BASIC-GROUNDED-FUNCTIONS---METTA-LANGUAGE1.05","","Tue Nov 19 18:10:55 GMT 2024","passed","Tue Nov 19 18:10:55 GMT 2024","","METTA-LANG","METTA-LANG",""
"","5","RECURSIVE-AND-PARAMETRIC-TYPES---METTA-LANGUAGE2.01","","Tue Nov 19 18:10:55 GMT 2024","passed","Tue Nov 19 18:10:55 GMT 2024","","METTA-LANG","METTA-LANG",""
"","2","D4-TYPE-PROP.10","","Tue Nov 19 17:57:42 GMT 2024","passed","Tue Nov 19 17:57:42 GMT 2024","","HYPERON-EXPERIMENTAL-SCRIPTS","HYPERON-EXPERIMENTAL-SCRIPTS",""
"","3","QUERYING-SPACE-CONTENT---METTA-LANGUAGE2.01","","Tue Nov 19 18:10:55 GMT 2024","passed","Tue Nov 19 18:10:55 GMT 2024","","METTA-LANG","METTA-LANG",""
"","2","CONTROLLING-PATTERN-MATCHING---METTA-LANGUAGE6.04","","Tue Nov 19 18:10:55 GMT 2024","passed","Tue Nov 19 18:10:55 GMT 2024","","METTA-LANG","METTA-LANG",""
"","4","BASIC-GROUNDED-FUNCTIONS---METTA-LANGUAGE3.01","","Tue Nov 19 18:10:55 GMT 2024","passed","Tue Nov 19 18:10:55 GMT 2024","","METTA-LANG","METTA-LANG",""
"","3","CONTROLLING-PATTERN-MATCHING---METTA-LANGUAGE3.01","","Tue Nov 19 18:10:55 GMT 2024","passed","Tue Nov 19 18:10:55 GMT 2024","","METTA-LANG","METTA-LANG",""
"","42000","metta_lang.Nested_queries_and_recursive_graph_traversal___MeTTa_Language3","","Tue Nov 19 17:52:49 GMT 2024","failed","Tue Nov 19 17:53:31 GMT 2024","","WHOLE-TESTS","WHOLE-TESTS",""
"","73","MINIMAL-METTA-TESTS.21","","Tue Nov 19 18:00:52 GMT 2024","failed","Tue Nov 19 18:00:52 GMT 2024","","HYPERON-METTALOG-SANITY","HYPERON-METTALOG-SANITY",""
"","8000","metta_lang.Handling_nondeterministic_results___MeTTa_Language7","","Tue Nov 19 17:52:49 GMT 2024","passed","Tue Nov 19 17:52:57 GMT 2024","","WHOLE-TESTS","WHOLE-TESTS",""
"","3","TMPMATCH2.01","","Tue Nov 19 17:52:57 GMT 2024","passed","Tue Nov 19 17:52:57 GMT 2024","","ANTI-REGRESSION","ANTI-REGRESSION",""
"","108","HANDLING-NONDETERMINISTIC-RESULTS---METTA-LANGUAGE3.02","","Tue Nov 19 18:10:55 GMT 2024","failed","Tue Nov 19 18:10:55 GMT 2024","","METTA-LANG","METTA-LANG",""
"","91","RECURSIVE-AND-PARAMETRIC-TYPES---METTA-LANGUAGE1.03","","Tue Nov 19 18:10:55 GMT 2024","failed","Tue Nov 19 18:10:55 GMT 2024","","METTA-LANG","METTA-LANG",""
"","2","D4-TYPE-PROP.19","","Tue Nov 19 18:34:51 GMT 2024","passed","Tue Nov 19 18:34:51 GMT 2024","","QUICK","QUICK",""
"","8000","metta_lang.Functions_and_unification___MeTTa_Language2","","Tue Nov 19 17:52:49 GMT 2024","passed","Tue Nov 19 17:52:57 GMT 2024","","WHOLE-TESTS","WHOLE-TESTS",""
"","107","BASE-TEST-REPR-PARSE-INTERSECTION.01","","Tue Nov 19 18:00:52 GMT 2024","passed","Tue Nov 19 18:00:52 GMT 2024","","HYPERON-METTALOG-SANITY","HYPERON-METTALOG-SANITY",""
"","2","RECURSIVE-AND-PARAMETRIC-TYPES---METTA-LANGUAGE7.06","","Tue Nov 19 18:10:55 GMT 2024","passed","Tue Nov 19 18:10:55 GMT 2024","","METTA-LANG","METTA-LANG",""
"","3","OPERATIONS-OVER-ATOMS---METTA-LANGUAGE9.01","","Tue Nov 19 18:10:55 GMT 2024","passed","Tue Nov 19 18:10:55 GMT 2024","","METTA-LANG","METTA-LANG",""
"","9","E3-MATCH-STATES.05","","Tue Nov 19 17:57:42 GMT 2024","failed","Tue Nov 19 17:57:42 GMT 2024","","HYPERON-EXPERIMENTAL-SCRIPTS","HYPERON-EXPERIMENTAL-SCRIPTS",""
"","8000","metta_lang.Working_with_spaces___MeTTa_Language17","","Tue Nov 19 17:52:49 GMT 2024","passed","Tue Nov 19 17:52:57 GMT 2024","","WHOLE-TESTS","WHOLE-TESTS",""
"","8","D1-GADT.09","","Tue Nov 19 17:57:42 GMT 2024","passed","Tue Nov 19 17:57:42 GMT 2024","","HYPERON-EXPERIMENTAL-SCRIPTS","HYPERON-EXPERIMENTAL-SCRIPTS",""
"","1","A1-SYMBOLS.06","","Tue Nov 19 17:57:42 GMT 2024","passed","Tue Nov 19 17:57:42 GMT 2024","","HYPERON-EXPERIMENTAL-SCRIPTS","HYPERON-EXPERIMENTAL-SCRIPTS",""
"","4","D3-DEPTYPES.01","","Tue Nov 19 17:57:42 GMT 2024","passed","Tue Nov 19 17:57:42 GMT 2024","","HYPERON-EXPERIMENTAL-SCRIPTS","HYPERON-EXPERIMENTAL-SCRIPTS",""
"","8000","hyperon-mettalog_sanity.catch_throw_tests","","Tue Nov 19 17:52:49 GMT 2024","passed","Tue Nov 19 17:52:57 GMT 2024","","WHOLE-TESTS","WHOLE-TESTS",""
"","16","CONCRETE-TYPES---METTA-LANGUAGE9.01","","Tue Nov 19 18:10:55 GMT 2024","passed","Tue Nov 19 18:10:55 GMT 2024","","METTA-LANG","METTA-LANG",""
"","83","MINIMAL-METTA-TESTS.08","","Tue Nov 19 18:00:52 GMT 2024","failed","Tue Nov 19 18:00:52 GMT 2024","","HYPERON-METTALOG-SANITY","HYPERON-METTALOG-SANITY",""
"","5","OPERATIONS-OVER-ATOMS---METTA-LANGUAGE4.01","","Tue Nov 19 18:10:55 GMT 2024","passed","Tue Nov 19 18:10:55 GMT 2024","","METTA-LANG","METTA-LANG",""
"","8000","metta_lang.Querying_space_content___MeTTa_Language2","","Tue Nov 19 17:52:49 GMT 2024","passed","Tue Nov 19 17:52:57 GMT 2024","","WHOLE-TESTS","WHOLE-TESTS",""
"","2","F1-IMPORTS.15","","Tue Nov 19 17:57:42 GMT 2024","passed","Tue Nov 19 17:57:42 GMT 2024","","HYPERON-EXPERIMENTAL-SCRIPTS","HYPERON-EXPERIMENTAL-SCRIPTS",""
"","1","STATES-SPACES.04","","Tue Nov 19 18:30:57 GMT 2024","passed","Tue Nov 19 18:30:57 GMT 2024","","METTA-MORPH-TESTS","METTA-MORPH-TESTS",""
"","29","G1-DOCS.04","","Tue Nov 19 17:57:42 GMT 2024","failed","Tue Nov 19 17:57:42 GMT 2024","","HYPERON-EXPERIMENTAL-SCRIPTS","HYPERON-EXPERIMENTAL-SCRIPTS",""
"","2","RECURSIVE-AND-PARAMETRIC-TYPES---METTA-LANGUAGE5.07","","Tue Nov 19 18:10:55 GMT 2024","passed","Tue Nov 19 18:10:55 GMT 2024","","METTA-LANG","METTA-LANG",""
"","6","SEALED-TEST.05","","Tue Nov 19 18:00:52 GMT 2024","passed","Tue Nov 19 18:00:52 GMT 2024","","HYPERON-METTALOG-SANITY","HYPERON-METTALOG-SANITY",""
"","9000","metta_lang.Recursion_and_control___MeTTa_Language6","","Tue Nov 19 17:52:49 GMT 2024","passed","Tue Nov 19 17:52:58 GMT 2024","","WHOLE-TESTS","WHOLE-TESTS",""
"","3","INTERSECTION-TESTS.30","","Tue Nov 19 18:00:52 GMT 2024","passed","Tue Nov 19 18:00:52 GMT 2024","","HYPERON-METTALOG-SANITY","HYPERON-METTALOG-SANITY",""
"","3","MINIMAL-METTA-TESTS.01","","Tue Nov 19 18:00:52 GMT 2024","passed","Tue Nov 19 18:00:52 GMT 2024","","HYPERON-METTALOG-SANITY","HYPERON-METTALOG-SANITY",""
"","3","CALL-CLEANUP-TESTS.03","","Tue Nov 19 18:00:52 GMT 2024","passed","Tue Nov 19 18:00:52 GMT 2024","","HYPERON-METTALOG-SANITY","HYPERON-METTALOG-SANITY",""
"","2","HYPERPOSE.02","","Tue Nov 19 18:30:57 GMT 2024","passed","Tue Nov 19 18:30:57 GMT 2024","","METTA-MORPH-TESTS","METTA-MORPH-TESTS",""
"","3","D2-HIGHERFUNC.26","","Tue Nov 19 18:34:51 GMT 2024","passed","Tue Nov 19 18:34:51 GMT 2024","","QUICK","QUICK",""
"","1","RECURSIVE-AND-PARAMETRIC-TYPES---METTA-LANGUAGE9.02","","Tue Nov 19 18:10:55 GMT 2024","passed","Tue Nov 19 18:10:55 GMT 2024","","METTA-LANG","METTA-LANG",""
"","9000","metta-wam-issue-116.test_spo_5000","","Tue Nov 19 17:52:49 GMT 2024","passed","Tue Nov 19 17:52:58 GMT 2024","","WHOLE-TESTS","WHOLE-TESTS",""
"","1","D4-TYPE-PROP.15","","Tue Nov 19 18:34:51 GMT 2024","passed","Tue Nov 19 18:34:51 GMT 2024","","QUICK","QUICK",""
"","63","MINIMAL-METTA-TESTS.11","","Tue Nov 19 18:00:52 GMT 2024","passed","Tue Nov 19 18:00:52 GMT 2024","","HYPERON-METTALOG-SANITY","HYPERON-METTALOG-SANITY",""
"","2","CONTROLLING-PATTERN-MATCHING---METTA-LANGUAGE12.06","","Tue Nov 19 18:10:55 GMT 2024","passed","Tue Nov 19 18:10:55 GMT 2024","","METTA-LANG","METTA-LANG",""
"","209","WORKING-WITH-SPACES---METTA-LANGUAGE4.04","","Tue Nov 19 18:10:55 GMT 2024","failed","Tue Nov 19 18:10:55 GMT 2024","","METTA-LANG","METTA-LANG",""
"","80","MINIMAL-METTA-TESTS.17","","Tue Nov 19 18:00:52 GMT 2024","failed","Tue Nov 19 18:00:52 GMT 2024","","HYPERON-METTALOG-SANITY","HYPERON-METTALOG-SANITY",""
"","1","CALL-TESTS.13","","Tue Nov 19 18:00:52 GMT 2024","passed","Tue Nov 19 18:00:52 GMT 2024","","HYPERON-METTALOG-SANITY","HYPERON-METTALOG-SANITY",""
"","5","INTERSECTION-TESTS.01","","Tue Nov 19 18:00:52 GMT 2024","passed","Tue Nov 19 18:00:52 GMT 2024","","HYPERON-METTALOG-SANITY","HYPERON-METTALOG-SANITY",""
"","2","FUNCTIONAL-PROGRAMMING-TESTS.07","","Tue Nov 19 18:00:52 GMT 2024","passed","Tue Nov 19 18:00:52 GMT 2024","","HYPERON-METTALOG-SANITY","HYPERON-METTALOG-SANITY",""
"","10","D1-GADT.13","","Tue Nov 19 18:34:51 GMT 2024","passed","Tue Nov 19 18:34:51 GMT 2024","","QUICK","QUICK",""
"","91","F1-IMPORTS.16","","Tue Nov 19 17:57:42 GMT 2024","passed","Tue Nov 19 17:57:42 GMT 2024","","HYPERON-EXPERIMENTAL-SCRIPTS","HYPERON-EXPERIMENTAL-SCRIPTS",""
"","2","B0-CHAINING-PRELIM.01","","Tue Nov 19 17:57:42 GMT 2024","passed","Tue Nov 19 17:57:42 GMT 2024","","HYPERON-EXPERIMENTAL-SCRIPTS","HYPERON-EXPERIMENTAL-SCRIPTS",""
"","2","UNIQUE-TEST.06","","Tue Nov 19 18:00:52 GMT 2024","passed","Tue Nov 19 18:00:52 GMT 2024","","HYPERON-METTALOG-SANITY","HYPERON-METTALOG-SANITY",""
"","1","TEST-IF-CLOSED.02","","Tue Nov 19 17:52:57 GMT 2024","passed","Tue Nov 19 17:52:57 GMT 2024","","ANTI-REGRESSION","ANTI-REGRESSION",""
"","2","SEQUENTIAL-NESTED.09","","Tue Nov 19 18:30:57 GMT 2024","passed","Tue Nov 19 18:30:57 GMT 2024","","METTA-MORPH-TESTS","METTA-MORPH-TESTS",""
"","1","OR-TEST.19","","Tue Nov 19 18:00:52 GMT 2024","passed","Tue Nov 19 18:00:52 GMT 2024","","HYPERON-METTALOG-SANITY","HYPERON-METTALOG-SANITY",""
"","2","SEQUENTIAL-TESTS.01","","Tue Nov 19 18:00:52 GMT 2024","passed","Tue Nov 19 18:00:52 GMT 2024","","HYPERON-METTALOG-SANITY","HYPERON-METTALOG-SANITY",""
"","2","D1-GADT.08","","Tue Nov 19 17:57:42 GMT 2024","passed","Tue Nov 19 17:57:42 GMT 2024","","HYPERON-EXPERIMENTAL-SCRIPTS","HYPERON-EXPERIMENTAL-SCRIPTS",""
"","3","CONTROL-FLOW---METTA-LANGUAGE10.01","","Tue Nov 19 18:10:55 GMT 2024","passed","Tue Nov 19 18:10:55 GMT 2024","","METTA-LANG","METTA-LANG",""
"","1","D4-TYPE-PROP.07","","Tue Nov 19 17:57:42 GMT 2024","passed","Tue Nov 19 17:57:42 GMT 2024","","HYPERON-EXPERIMENTAL-SCRIPTS","HYPERON-EXPERIMENTAL-SCRIPTS",""
"","2","C1-GROUNDED-BASIC.19","","Tue Nov 19 17:57:42 GMT 2024","passed","Tue Nov 19 17:57:42 GMT 2024","","HYPERON-EXPERIMENTAL-SCRIPTS","HYPERON-EXPERIMENTAL-SCRIPTS",""
"","2","CATCH-THROW-TESTS.09","","Tue Nov 19 18:00:52 GMT 2024","passed","Tue Nov 19 18:00:52 GMT 2024","","HYPERON-METTALOG-SANITY","HYPERON-METTALOG-SANITY",""
"","2","D2-HIGHERFUNC.09","","Tue Nov 19 17:57:42 GMT 2024","passed","Tue Nov 19 17:57:42 GMT 2024","","HYPERON-EXPERIMENTAL-SCRIPTS","HYPERON-EXPERIMENTAL-SCRIPTS",""
"","2","HANDLING-NONDETERMINISTIC-RESULTS---METTA-LANGUAGE5.04","","Tue Nov 19 18:10:55 GMT 2024","passed","Tue Nov 19 18:10:55 GMT 2024","","METTA-LANG","METTA-LANG",""
"","56","E3-MATCH-STATES.03","","Tue Nov 19 17:57:42 GMT 2024","failed","Tue Nov 19 17:57:42 GMT 2024","","HYPERON-EXPERIMENTAL-SCRIPTS","HYPERON-EXPERIMENTAL-SCRIPTS",""
"","8000","metta-morph_tests.sequential_nested","","Tue Nov 19 17:52:49 GMT 2024","passed","Tue Nov 19 17:52:57 GMT 2024","","WHOLE-TESTS","WHOLE-TESTS",""
"","5","COMMA-IS-NOT-SPECIAL.01","","Tue Nov 19 17:52:57 GMT 2024","passed","Tue Nov 19 17:52:57 GMT 2024","","ANTI-REGRESSION","ANTI-REGRESSION",""
"","2","B5-TYPES-PRELIM.13","","Tue Nov 19 17:57:42 GMT 2024","passed","Tue Nov 19 17:57:42 GMT 2024","","HYPERON-EXPERIMENTAL-SCRIPTS","HYPERON-EXPERIMENTAL-SCRIPTS",""
"","4","CONCRETE-TYPES---METTA-LANGUAGE8.01","","Tue Nov 19 18:10:55 GMT 2024","passed","Tue Nov 19 18:10:55 GMT 2024","","METTA-LANG","METTA-LANG",""
"","2","D2-HIGHERFUNC.27","","Tue Nov 19 17:57:42 GMT 2024","passed","Tue Nov 19 17:57:42 GMT 2024","","HYPERON-EXPERIMENTAL-SCRIPTS","HYPERON-EXPERIMENTAL-SCRIPTS",""
"","5","A2-OPENCOGGY.01","","Tue Nov 19 17:57:42 GMT 2024","passed","Tue Nov 19 17:57:42 GMT 2024","","HYPERON-EXPERIMENTAL-SCRIPTS","HYPERON-EXPERIMENTAL-SCRIPTS",""
"","2","OPERATIONS-OVER-ATOMS---METTA-LANGUAGE5.01","","Tue Nov 19 18:10:55 GMT 2024","passed","Tue Nov 19 18:10:55 GMT 2024","","METTA-LANG","METTA-LANG",""
"","12","RECURSIVE-AND-PARAMETRIC-TYPES---METTA-LANGUAGE6.02","","Tue Nov 19 18:10:55 GMT 2024","failed","Tue Nov 19 18:10:55 GMT 2024","","METTA-LANG","METTA-LANG",""
"","102","HANDLING-NONDETERMINISTIC-RESULTS---METTA-LANGUAGE3.01","","Tue Nov 19 18:10:55 GMT 2024","passed","Tue Nov 19 18:10:55 GMT 2024","","METTA-LANG","METTA-LANG",""
"","8000","metta_lang.Functions_and_unification___MeTTa_Language4","","Tue Nov 19 17:52:49 GMT 2024","passed","Tue Nov 19 17:52:57 GMT 2024","","WHOLE-TESTS","WHOLE-TESTS",""
"","2","METATYPES---METTA-LANGUAGE1.07","","Tue Nov 19 18:10:55 GMT 2024","passed","Tue Nov 19 18:10:55 GMT 2024","","METTA-LANG","METTA-LANG",""
"","3","00-LANG-CASE.16","","Tue Nov 19 18:00:52 GMT 2024","passed","Tue Nov 19 18:00:52 GMT 2024","","HYPERON-METTALOG-SANITY","HYPERON-METTALOG-SANITY",""
"","2","C2-SPACES.01","","Tue Nov 19 17:57:42 GMT 2024","passed","Tue Nov 19 17:57:42 GMT 2024","","HYPERON-EXPERIMENTAL-SCRIPTS","HYPERON-EXPERIMENTAL-SCRIPTS",""
"","2","D2-HIGHERFUNC.18","","Tue Nov 19 18:34:51 GMT 2024","passed","Tue Nov 19 18:34:51 GMT 2024","","QUICK","QUICK",""
"","8000","metta-morph_tests.peano","","Tue Nov 19 17:52:49 GMT 2024","passed","Tue Nov 19 17:52:57 GMT 2024","","WHOLE-TESTS","WHOLE-TESTS",""
"","2","FREE-VARIABLES-AND-NONDETERMINISM-AGAIN,-RECURSIVELY---METTA-LANGUAGE4.01","","Tue Nov 19 18:10:55 GMT 2024","passed","Tue Nov 19 18:10:55 GMT 2024","","METTA-LANG","METTA-LANG",""
"","1","B5-TYPES-PRELIM.16","","Tue Nov 19 17:57:42 GMT 2024","passed","Tue Nov 19 17:57:42 GMT 2024","","HYPERON-EXPERIMENTAL-SCRIPTS","HYPERON-EXPERIMENTAL-SCRIPTS",""
"","1","D4-TYPE-PROP.06","","Tue Nov 19 18:34:51 GMT 2024","passed","Tue Nov 19 18:34:51 GMT 2024","","QUICK","QUICK",""
"","107","MINIMAL-METTA-TESTS.24","","Tue Nov 19 18:00:52 GMT 2024","failed","Tue Nov 19 18:00:52 GMT 2024","","HYPERON-METTALOG-SANITY","HYPERON-METTALOG-SANITY",""
"","8000","metta_lang.Recursive_and_parametric_types___MeTTa_Language7","","Tue Nov 19 17:52:49 GMT 2024","passed","Tue Nov 19 17:52:57 GMT 2024","","WHOLE-TESTS","WHOLE-TESTS",""
"","4","METATYPES---METTA-LANGUAGE1.01","","Tue Nov 19 18:10:55 GMT 2024","passed","Tue Nov 19 18:10:55 GMT 2024","","METTA-LANG","METTA-LANG",""
"","8000","metta_lang.Metatypes___MeTTa_Language6","","Tue Nov 19 17:52:49 GMT 2024","passed","Tue Nov 19 17:52:57 GMT 2024","","WHOLE-TESTS","WHOLE-TESTS",""
"","11","FUNCTIONS-AND-UNIFICATION---METTA-LANGUAGE7.02","","Tue Nov 19 18:10:55 GMT 2024","failed","Tue Nov 19 18:10:55 GMT 2024","","METTA-LANG","METTA-LANG",""
"","14","MATCH-VOID.04","","Tue Nov 19 18:30:57 GMT 2024","passed","Tue Nov 19 18:30:57 GMT 2024","","METTA-MORPH-TESTS","METTA-MORPH-TESTS",""
"","3","F1-IMPORTS.01","","Tue Nov 19 18:34:51 GMT 2024","passed","Tue Nov 19 18:34:51 GMT 2024","","QUICK","QUICK",""
"","9000","metta_lang.Free_variables_and_nondeterminism_again,_recursively___MeTTa_Language4","","Tue Nov 19 17:52:49 GMT 2024","passed","Tue Nov 19 17:52:58 GMT 2024","","WHOLE-TESTS","WHOLE-TESTS",""
"","109","CONCRETE-TYPES---METTA-LANGUAGE13.03","","Tue Nov 19 18:10:55 GMT 2024","failed","Tue Nov 19 18:10:55 GMT 2024","","METTA-LANG","METTA-LANG",""
"","18","WORKING-WITH-SPACES---METTA-LANGUAGE2.06","","Tue Nov 19 18:10:55 GMT 2024","failed","Tue Nov 19 18:10:55 GMT 2024","","METTA-LANG","METTA-LANG",""
"","4","CATCH-THROW-TESTS.01","","Tue Nov 19 18:00:52 GMT 2024","passed","Tue Nov 19 18:00:52 GMT 2024","","HYPERON-METTALOG-SANITY","HYPERON-METTALOG-SANITY",""
"","5","CONCRETE-TYPES---METTA-LANGUAGE14.01","","Tue Nov 19 18:10:55 GMT 2024","passed","Tue Nov 19 18:10:55 GMT 2024","","METTA-LANG","METTA-LANG",""
"","1","B1-EQUAL-CHAIN.05","","Tue Nov 19 17:57:42 GMT 2024","passed","Tue Nov 19 17:57:42 GMT 2024","","HYPERON-EXPERIMENTAL-SCRIPTS","HYPERON-EXPERIMENTAL-SCRIPTS",""
"","8000","metta_lang.Free_variables_and_nondeterminism_again,_recursively___MeTTa_Language1","","Tue Nov 19 17:52:49 GMT 2024","passed","Tue Nov 19 17:52:57 GMT 2024","","WHOLE-TESTS","WHOLE-TESTS",""
"","8000","metta_lang.Recursion_and_control___MeTTa_Language5","","Tue Nov 19 17:52:49 GMT 2024","passed","Tue Nov 19 17:52:57 GMT 2024","","WHOLE-TESTS","WHOLE-TESTS",""
"","3","METATYPES---METTA-LANGUAGE3.01","","Tue Nov 19 18:10:55 GMT 2024","passed","Tue Nov 19 18:10:55 GMT 2024","","METTA-LANG","METTA-LANG",""
"","3","D2-HIGHERFUNC.17","","Tue Nov 19 18:34:51 GMT 2024","passed","Tue Nov 19 18:34:51 GMT 2024","","QUICK","QUICK",""
"","8000","module-system.f1_imports","","Tue Nov 19 17:52:49 GMT 2024","passed","Tue Nov 19 17:52:57 GMT 2024","","WHOLE-TESTS","WHOLE-TESTS",""
"","9000","baseline_compat.rust_02","","Tue Nov 19 17:52:49 GMT 2024","passed","Tue Nov 19 17:52:58 GMT 2024","","WHOLE-TESTS","WHOLE-TESTS",""
"","9000","metta_lang.Recursion_and_control___MeTTa_Language9","","Tue Nov 19 17:52:49 GMT 2024","passed","Tue Nov 19 17:52:58 GMT 2024","","WHOLE-TESTS","WHOLE-TESTS",""
"","3","BASIC-EVALUATION---METTA-LANGUAGE3.02","","Tue Nov 19 18:10:55 GMT 2024","passed","Tue Nov 19 18:10:55 GMT 2024","","METTA-LANG","METTA-LANG",""
"","2","00-LANG-CASE.13","","Tue Nov 19 18:00:52 GMT 2024","passed","Tue Nov 19 18:00:52 GMT 2024","","HYPERON-METTALOG-SANITY","HYPERON-METTALOG-SANITY",""
"","59","METATYPES---METTA-LANGUAGE1.06","","Tue Nov 19 18:10:55 GMT 2024","failed","Tue Nov 19 18:10:55 GMT 2024","","METTA-LANG","METTA-LANG",""
"","62","EVAL-FOR-TESTS.02","","Tue Nov 19 18:00:52 GMT 2024","failed","Tue Nov 19 18:00:52 GMT 2024","","HYPERON-METTALOG-SANITY","HYPERON-METTALOG-SANITY",""
"","8000","module-system.f1_moduleA","","Tue Nov 19 17:52:49 GMT 2024","passed","Tue Nov 19 17:52:57 GMT 2024","","WHOLE-TESTS","WHOLE-TESTS",""
"","2","D4-TYPE-PROP.11","","Tue Nov 19 17:57:42 GMT 2024","passed","Tue Nov 19 17:57:42 GMT 2024","","HYPERON-EXPERIMENTAL-SCRIPTS","HYPERON-EXPERIMENTAL-SCRIPTS",""
"","8000","metta_lang.Basic_grounded_functions___MeTTa_Language2","","Tue Nov 19 17:52:49 GMT 2024","passed","Tue Nov 19 17:52:57 GMT 2024","","WHOLE-TESTS","WHOLE-TESTS",""
"","2","INTERSECTION-TESTS.05","","Tue Nov 19 18:00:52 GMT 2024","passed","Tue Nov 19 18:00:52 GMT 2024","","HYPERON-METTALOG-SANITY","HYPERON-METTALOG-SANITY",""
"","8000","metta_lang.Recursive_and_parametric_types___MeTTa_Language9","","Tue Nov 19 17:52:49 GMT 2024","passed","Tue Nov 19 17:52:57 GMT 2024","","WHOLE-TESTS","WHOLE-TESTS",""
"","9000","metta_lang.Working_with_spaces___MeTTa_Language6","","Tue Nov 19 17:52:49 GMT 2024","passed","Tue Nov 19 17:52:58 GMT 2024","","WHOLE-TESTS","WHOLE-TESTS",""
"","1","C1-GROUNDED-BASIC.04","","Tue Nov 19 17:57:42 GMT 2024","passed","Tue Nov 19 17:57:42 GMT 2024","","HYPERON-EXPERIMENTAL-SCRIPTS","HYPERON-EXPERIMENTAL-SCRIPTS",""
"","4","F1-IMPORTS.01","","Tue Nov 19 17:57:42 GMT 2024","passed","Tue Nov 19 17:57:42 GMT 2024","","HYPERON-EXPERIMENTAL-SCRIPTS","HYPERON-EXPERIMENTAL-SCRIPTS",""
"","117","OPERATIONS-OVER-ATOMS---METTA-LANGUAGE2.02","","Tue Nov 19 18:10:55 GMT 2024","failed","Tue Nov 19 18:10:55 GMT 2024","","METTA-LANG","METTA-LANG",""
"","2","CONCRETE-TYPES---METTA-LANGUAGE7.06","","Tue Nov 19 18:10:55 GMT 2024","passed","Tue Nov 19 18:10:55 GMT 2024","","METTA-LANG","METTA-LANG",""
"","2","B5-TYPES-PRELIM.25","","Tue Nov 19 17:57:42 GMT 2024","passed","Tue Nov 19 17:57:42 GMT 2024","","HYPERON-EXPERIMENTAL-SCRIPTS","HYPERON-EXPERIMENTAL-SCRIPTS",""
"","4","F1-MODULEA.01","","Tue Nov 19 17:52:41 GMT 2024","passed","Tue Nov 19 17:52:41 GMT 2024","","MODULE-SYSTEM","MODULE-SYSTEM",""
"","8000","metta_lang.Operations_over_atoms___MeTTa_Language3","","Tue Nov 19 17:52:49 GMT 2024","passed","Tue Nov 19 17:52:57 GMT 2024","","WHOLE-TESTS","WHOLE-TESTS",""
"","4","SEALED-TEST.03","","Tue Nov 19 18:00:52 GMT 2024","passed","Tue Nov 19 18:00:52 GMT 2024","","HYPERON-METTALOG-SANITY","HYPERON-METTALOG-SANITY",""
"","1","B5-TYPES-PRELIM.23","","Tue Nov 19 17:57:42 GMT 2024","passed","Tue Nov 19 17:57:42 GMT 2024","","HYPERON-EXPERIMENTAL-SCRIPTS","HYPERON-EXPERIMENTAL-SCRIPTS",""
"","3","STATES-SPACES.01","","Tue Nov 19 18:30:57 GMT 2024","passed","Tue Nov 19 18:30:57 GMT 2024","","METTA-MORPH-TESTS","METTA-MORPH-TESTS",""
"","8000","hyperon-experimental_scripts.c1_grounded_basic","","Tue Nov 19 17:52:49 GMT 2024","passed","Tue Nov 19 17:52:57 GMT 2024","","WHOLE-TESTS","WHOLE-TESTS",""
"","14","CONTROL-FLOW---METTA-LANGUAGE14.02","","Tue Nov 19 18:10:55 GMT 2024","failed","Tue Nov 19 18:10:55 GMT 2024","","METTA-LANG","METTA-LANG",""
"","2","CONTROL-FLOW---METTA-LANGUAGE16.04","","Tue Nov 19 18:10:55 GMT 2024","passed","Tue Nov 19 18:10:55 GMT 2024","","METTA-LANG","METTA-LANG",""
"","2","MATCH-VOID.03","","Tue Nov 19 18:30:57 GMT 2024","passed","Tue Nov 19 18:30:57 GMT 2024","","METTA-MORPH-TESTS","METTA-MORPH-TESTS",""
"","2","D2-HIGHERFUNC.04","","Tue Nov 19 17:57:42 GMT 2024","passed","Tue Nov 19 17:57:42 GMT 2024","","HYPERON-EXPERIMENTAL-SCRIPTS","HYPERON-EXPERIMENTAL-SCRIPTS",""
"","2","00-LANG-CASE.03","","Tue Nov 19 18:00:52 GMT 2024","passed","Tue Nov 19 18:00:52 GMT 2024","","HYPERON-METTALOG-SANITY","HYPERON-METTALOG-SANITY",""
"","1","LIMIT-TESTS.09","","Tue Nov 19 18:00:52 GMT 2024","passed","Tue Nov 19 18:00:52 GMT 2024","","HYPERON-METTALOG-SANITY","HYPERON-METTALOG-SANITY",""
"","42000","hyperon-mettalog_sanity.compile_tests","","Tue Nov 19 17:52:49 GMT 2024","failed","Tue Nov 19 17:53:31 GMT 2024","","WHOLE-TESTS","WHOLE-TESTS",""
"","1","WORKING-WITH-SPACES---METTA-LANGUAGE3.06","","Tue Nov 19 18:10:55 GMT 2024","passed","Tue Nov 19 18:10:55 GMT 2024","","METTA-LANG","METTA-LANG",""
"","3","WORKING-WITH-SPACES---METTA-LANGUAGE4.01","","Tue Nov 19 18:10:55 GMT 2024","passed","Tue Nov 19 18:10:55 GMT 2024","","METTA-LANG","METTA-LANG",""
"","8000","metta_lang.Basic_evaluation___MeTTa_Language8","","Tue Nov 19 17:52:49 GMT 2024","passed","Tue Nov 19 17:52:57 GMT 2024","","WHOLE-TESTS","WHOLE-TESTS",""
"","3","SPACE-INTERSECTION-TESTS.01","","Tue Nov 19 18:00:52 GMT 2024","passed","Tue Nov 19 18:00:52 GMT 2024","","HYPERON-METTALOG-SANITY","HYPERON-METTALOG-SANITY",""
"","3","INTERSECTION-TESTS.24","","Tue Nov 19 18:00:52 GMT 2024","passed","Tue Nov 19 18:00:52 GMT 2024","","HYPERON-METTALOG-SANITY","HYPERON-METTALOG-SANITY",""
"","2","INTERSECTION-TESTS.17","","Tue Nov 19 18:00:52 GMT 2024","passed","Tue Nov 19 18:00:52 GMT 2024","","HYPERON-METTALOG-SANITY","HYPERON-METTALOG-SANITY",""
"","4","A3-TWOSIDE.01","","Tue Nov 19 17:57:42 GMT 2024","passed","Tue Nov 19 17:57:42 GMT 2024","","HYPERON-EXPERIMENTAL-SCRIPTS","HYPERON-EXPERIMENTAL-SCRIPTS",""
"","8000","metta-morph_tests.match_feval","","Tue Nov 19 17:52:49 GMT 2024","passed","Tue Nov 19 17:52:57 GMT 2024","","WHOLE-TESTS","WHOLE-TESTS",""
"","8000","metta_lang.Handling_nondeterministic_results___MeTTa_Language2","","Tue Nov 19 17:52:49 GMT 2024","passed","Tue Nov 19 17:52:57 GMT 2024","","WHOLE-TESTS","WHOLE-TESTS",""
"","101","EVAL-FOR-TESTS.12","","Tue Nov 19 18:00:52 GMT 2024","failed","Tue Nov 19 18:00:52 GMT 2024","","HYPERON-METTALOG-SANITY","HYPERON-METTALOG-SANITY",""
"","2","MATCH-VOID.07","","Tue Nov 19 18:30:57 GMT 2024","passed","Tue Nov 19 18:30:57 GMT 2024","","METTA-MORPH-TESTS","METTA-MORPH-TESTS",""
"","9","D5-AUTO-TYPES.06","","Tue Nov 19 17:57:42 GMT 2024","passed","Tue Nov 19 17:57:42 GMT 2024","","HYPERON-EXPERIMENTAL-SCRIPTS","HYPERON-EXPERIMENTAL-SCRIPTS",""
"","14","CALL-TESTS.02","","Tue Nov 19 18:00:52 GMT 2024","passed","Tue Nov 19 18:00:52 GMT 2024","","HYPERON-METTALOG-SANITY","HYPERON-METTALOG-SANITY",""
"","3","03-SORING-VIA-INSERT.02","","Tue Nov 19 18:00:52 GMT 2024","passed","Tue Nov 19 18:00:52 GMT 2024","","HYPERON-METTALOG-SANITY","HYPERON-METTALOG-SANITY",""
"","2","XOR-TEST.05","","Tue Nov 19 18:00:52 GMT 2024","passed","Tue Nov 19 18:00:52 GMT 2024","","HYPERON-METTALOG-SANITY","HYPERON-METTALOG-SANITY",""
"","2","CONTROL-FLOW---METTA-LANGUAGE11.03","","Tue Nov 19 18:10:55 GMT 2024","passed","Tue Nov 19 18:10:55 GMT 2024","","METTA-LANG","METTA-LANG",""
"","8000","metta-morph_tests.zeroargs","","Tue Nov 19 17:52:49 GMT 2024","passed","Tue Nov 19 17:52:57 GMT 2024","","WHOLE-TESTS","WHOLE-TESTS",""
"","2","PY-TYPES.02","","Tue Nov 19 18:00:52 GMT 2024","passed","Tue Nov 19 18:00:52 GMT 2024","","HYPERON-METTALOG-SANITY","HYPERON-METTALOG-SANITY",""
"","9","RECURSIVE-AND-PARAMETRIC-TYPES---METTA-LANGUAGE7.08","","Tue Nov 19 18:10:55 GMT 2024","passed","Tue Nov 19 18:10:55 GMT 2024","","METTA-LANG","METTA-LANG",""
"","2","CONTROL-FLOW---METTA-LANGUAGE16.02","","Tue Nov 19 18:10:55 GMT 2024","passed","Tue Nov 19 18:10:55 GMT 2024","","METTA-LANG","METTA-LANG",""
"","2","D2-HIGHERFUNC.10","","Tue Nov 19 17:57:42 GMT 2024","passed","Tue Nov 19 17:57:42 GMT 2024","","HYPERON-EXPERIMENTAL-SCRIPTS","HYPERON-EXPERIMENTAL-SCRIPTS",""
"","2","D1-GADT.12","","Tue Nov 19 18:34:51 GMT 2024","passed","Tue Nov 19 18:34:51 GMT 2024","","QUICK","QUICK",""
"","8000","metta_lang.Basic_evaluation___MeTTa_Language4","","Tue Nov 19 17:52:49 GMT 2024","passed","Tue Nov 19 17:52:57 GMT 2024","","WHOLE-TESTS","WHOLE-TESTS",""
"","17","MINIMAL-METTA-TESTS.40","","Tue Nov 19 18:00:52 GMT 2024","failed","Tue Nov 19 18:00:52 GMT 2024","","HYPERON-METTALOG-SANITY","HYPERON-METTALOG-SANITY",""
"","2","INTERSECTION-TESTS.02","","Tue Nov 19 18:00:52 GMT 2024","passed","Tue Nov 19 18:00:52 GMT 2024","","HYPERON-METTALOG-SANITY","HYPERON-METTALOG-SANITY",""
"","2","03-SORING-VIA-INSERT.04","","Tue Nov 19 18:00:52 GMT 2024","passed","Tue Nov 19 18:00:52 GMT 2024","","HYPERON-METTALOG-SANITY","HYPERON-METTALOG-SANITY",""
"","3","CONTROLLING-PATTERN-MATCHING---METTA-LANGUAGE10.01","","Tue Nov 19 18:10:55 GMT 2024","passed","Tue Nov 19 18:10:55 GMT 2024","","METTA-LANG","METTA-LANG",""
"","8000","hyperon-experimental_scripts.b1_equal_chain","","Tue Nov 19 17:52:49 GMT 2024","passed","Tue Nov 19 17:52:57 GMT 2024","","WHOLE-TESTS","WHOLE-TESTS",""
"","8000","hyperon-mettalog_sanity.or_test","","Tue Nov 19 17:52:49 GMT 2024","passed","Tue Nov 19 17:52:57 GMT 2024","","WHOLE-TESTS","WHOLE-TESTS",""
"","41","RECURSIVE-AND-PARAMETRIC-TYPES---METTA-LANGUAGE8.02","","Tue Nov 19 18:10:55 GMT 2024","failed","Tue Nov 19 18:10:55 GMT 2024","","METTA-LANG","METTA-LANG",""
"","4","SPACE-SUBTRACTION-TESTS.10","","Tue Nov 19 18:00:52 GMT 2024","passed","Tue Nov 19 18:00:52 GMT 2024","","HYPERON-METTALOG-SANITY","HYPERON-METTALOG-SANITY",""
"","69","WORKING-WITH-SPACES---METTA-LANGUAGE12.05","","Tue Nov 19 18:10:55 GMT 2024","failed","Tue Nov 19 18:10:55 GMT 2024","","METTA-LANG","METTA-LANG",""
"","2","MATCH-VOID.06","","Tue Nov 19 18:30:57 GMT 2024","passed","Tue Nov 19 18:30:57 GMT 2024","","METTA-MORPH-TESTS","METTA-MORPH-TESTS",""
"","2","UNIQUE-TEST.09","","Tue Nov 19 18:00:52 GMT 2024","passed","Tue Nov 19 18:00:52 GMT 2024","","HYPERON-METTALOG-SANITY","HYPERON-METTALOG-SANITY",""
"","2","OUTPUT-LOAD-TESTS.08","","Tue Nov 19 18:00:52 GMT 2024","passed","Tue Nov 19 18:00:52 GMT 2024","","HYPERON-METTALOG-SANITY","HYPERON-METTALOG-SANITY",""
"","1","CATCH-THROW-TESTS.10","","Tue Nov 19 18:00:52 GMT 2024","passed","Tue Nov 19 18:00:52 GMT 2024","","HYPERON-METTALOG-SANITY","HYPERON-METTALOG-SANITY",""
"","2","C1-GROUNDED-BASIC.16","","Tue Nov 19 17:57:42 GMT 2024","passed","Tue Nov 19 17:57:42 GMT 2024","","HYPERON-EXPERIMENTAL-SCRIPTS","HYPERON-EXPERIMENTAL-SCRIPTS",""
"","139","MINIMAL-METTA-TESTS.39","","Tue Nov 19 18:00:52 GMT 2024","failed","Tue Nov 19 18:00:52 GMT 2024","","HYPERON-METTALOG-SANITY","HYPERON-METTALOG-SANITY",""
"","8000","metta_lang.Metatypes___MeTTa_Language9","","Tue Nov 19 17:52:49 GMT 2024","passed","Tue Nov 19 17:52:57 GMT 2024","","WHOLE-TESTS","WHOLE-TESTS",""
"","3","BASIC-GROUNDED-FUNCTIONS---METTA-LANGUAGE1.02","","Tue Nov 19 18:10:55 GMT 2024","passed","Tue Nov 19 18:10:55 GMT 2024","","METTA-LANG","METTA-LANG",""
"","8000","hyperon-mettalog_sanity.arity_tests","","Tue Nov 19 17:52:49 GMT 2024","passed","Tue Nov 19 17:52:57 GMT 2024","","WHOLE-TESTS","WHOLE-TESTS",""
"","4","CONTROL-FLOW---METTA-LANGUAGE6.01","","Tue Nov 19 18:10:55 GMT 2024","passed","Tue Nov 19 18:10:55 GMT 2024","","METTA-LANG","METTA-LANG",""
"","2","MAX-TIME-TESTS.05","","Tue Nov 19 18:00:52 GMT 2024","passed","Tue Nov 19 18:00:52 GMT 2024","","HYPERON-METTALOG-SANITY","HYPERON-METTALOG-SANITY",""
"","33","CONSOLE-OUTPUT-AND-DEBUGGING---METTA-LANGUAGE5.03","","Tue Nov 19 18:10:55 GMT 2024","failed","Tue Nov 19 18:10:55 GMT 2024","","METTA-LANG","METTA-LANG",""
"","57","CONTROLLING-PATTERN-MATCHING---METTA-LANGUAGE9.02","","Tue Nov 19 18:10:55 GMT 2024","failed","Tue Nov 19 18:10:55 GMT 2024","","METTA-LANG","METTA-LANG",""
"","2","CALL-CLEANUP-TESTS.09","","Tue Nov 19 18:00:52 GMT 2024","passed","Tue Nov 19 18:00:52 GMT 2024","","HYPERON-METTALOG-SANITY","HYPERON-METTALOG-SANITY",""
"","2","STRING-TESTS.06","","Tue Nov 19 18:00:52 GMT 2024","passed","Tue Nov 19 18:00:52 GMT 2024","","HYPERON-METTALOG-SANITY","HYPERON-METTALOG-SANITY",""
"","8000","anti-regression.tmpMatch2","","Tue Nov 19 17:52:49 GMT 2024","passed","Tue Nov 19 17:52:57 GMT 2024","","WHOLE-TESTS","WHOLE-TESTS",""
"","2","C1-GROUNDED-BASIC.22","","Tue Nov 19 18:34:51 GMT 2024","passed","Tue Nov 19 18:34:51 GMT 2024","","QUICK","QUICK",""
"","2","WHAT-EVALS-OR-NOT.06","","Tue Nov 19 18:00:52 GMT 2024","passed","Tue Nov 19 18:00:52 GMT 2024","","HYPERON-METTALOG-SANITY","HYPERON-METTALOG-SANITY",""
"","8000","synth_buffer.synthesize","","Tue Nov 19 17:52:49 GMT 2024","passed","Tue Nov 19 17:52:57 GMT 2024","","WHOLE-TESTS","WHOLE-TESTS",""
"","2","OPERATIONS-OVER-ATOMS---METTA-LANGUAGE6.02","","Tue Nov 19 18:10:55 GMT 2024","passed","Tue Nov 19 18:10:55 GMT 2024","","METTA-LANG","METTA-LANG",""
"","2","FUNCTIONS-AND-UNIFICATION---METTA-LANGUAGE2.05","","Tue Nov 19 18:10:55 GMT 2024","passed","Tue Nov 19 18:10:55 GMT 2024","","METTA-LANG","METTA-LANG",""
"","3","A1-SYMBOLS.04","","Tue Nov 19 17:57:42 GMT 2024","passed","Tue Nov 19 17:57:42 GMT 2024","","HYPERON-EXPERIMENTAL-SCRIPTS","HYPERON-EXPERIMENTAL-SCRIPTS",""
"","2","LIMIT-TESTS.15","","Tue Nov 19 18:00:52 GMT 2024","passed","Tue Nov 19 18:00:52 GMT 2024","","HYPERON-METTALOG-SANITY","HYPERON-METTALOG-SANITY",""
"","2","A1-SYMBOLS.07","","Tue Nov 19 17:57:42 GMT 2024","passed","Tue Nov 19 17:57:42 GMT 2024","","HYPERON-EXPERIMENTAL-SCRIPTS","HYPERON-EXPERIMENTAL-SCRIPTS",""
"","5","OR-TEST.17","","Tue Nov 19 18:00:52 GMT 2024","passed","Tue Nov 19 18:00:52 GMT 2024","","HYPERON-METTALOG-SANITY","HYPERON-METTALOG-SANITY",""
"","8000","metta_lang.Nested_queries_and_recursive_graph_traversal___MeTTa_Language2","","Tue Nov 19 17:52:49 GMT 2024","passed","Tue Nov 19 17:52:57 GMT 2024","","WHOLE-TESTS","WHOLE-TESTS",""
"","1","BASIC-GROUNDED-FUNCTIONS---METTA-LANGUAGE8.02","","Tue Nov 19 18:10:55 GMT 2024","passed","Tue Nov 19 18:10:55 GMT 2024","","METTA-LANG","METTA-LANG",""
"","2","METATYPES---METTA-LANGUAGE1.02","","Tue Nov 19 18:10:55 GMT 2024","passed","Tue Nov 19 18:10:55 GMT 2024","","METTA-LANG","METTA-LANG",""
"","8000","hyperon-experimental_scripts.e3_match_states","","Tue Nov 19 17:52:49 GMT 2024","passed","Tue Nov 19 17:52:57 GMT 2024","","WHOLE-TESTS","WHOLE-TESTS",""
"","138","WORKING-WITH-SPACES---METTA-LANGUAGE1.10","","Tue Nov 19 18:10:55 GMT 2024","failed","Tue Nov 19 18:10:55 GMT 2024","","METTA-LANG","METTA-LANG",""
"","371","TESTS0.06","","Tue Nov 19 18:30:57 GMT 2024","passed","Tue Nov 19 18:30:57 GMT 2024","","METTA-MORPH-TESTS","METTA-MORPH-TESTS",""
"","59","BASIC-GROUNDED-FUNCTIONS---METTA-LANGUAGE5.03","","Tue Nov 19 18:10:55 GMT 2024","failed","Tue Nov 19 18:10:55 GMT 2024","","METTA-LANG","METTA-LANG",""
"","8000","metta_lang.Console_output_and_debugging___MeTTa_Language5","","Tue Nov 19 17:52:49 GMT 2024","passed","Tue Nov 19 17:52:57 GMT 2024","","WHOLE-TESTS","WHOLE-TESTS",""
"","2","BASIC-GROUNDED-FUNCTIONS---METTA-LANGUAGE6.02","","Tue Nov 19 18:10:55 GMT 2024","passed","Tue Nov 19 18:10:55 GMT 2024","","METTA-LANG","METTA-LANG",""
"","2","IS-SPACE.01","","Tue Nov 19 18:00:52 GMT 2024","passed","Tue Nov 19 18:00:52 GMT 2024","","HYPERON-METTALOG-SANITY","HYPERON-METTALOG-SANITY",""
"","8000","metta_lang.Control_flow___MeTTa_Language8","","Tue Nov 19 17:52:49 GMT 2024","passed","Tue Nov 19 17:52:57 GMT 2024","","WHOLE-TESTS","WHOLE-TESTS",""
"","635","TESTS0.07","","Tue Nov 19 18:30:57 GMT 2024","passed","Tue Nov 19 18:30:57 GMT 2024","","METTA-MORPH-TESTS","METTA-MORPH-TESTS",""
"","1","D2-HIGHERFUNC.11","","Tue Nov 19 17:57:42 GMT 2024","passed","Tue Nov 19 17:57:42 GMT 2024","","HYPERON-EXPERIMENTAL-SCRIPTS","HYPERON-EXPERIMENTAL-SCRIPTS",""
"","2","00-LANG-CASE.08","","Tue Nov 19 18:00:52 GMT 2024","passed","Tue Nov 19 18:00:52 GMT 2024","","HYPERON-METTALOG-SANITY","HYPERON-METTALOG-SANITY",""
"","2","CATCH-THROW-TESTS.03","","Tue Nov 19 18:00:52 GMT 2024","passed","Tue Nov 19 18:00:52 GMT 2024","","HYPERON-METTALOG-SANITY","HYPERON-METTALOG-SANITY",""
"","2","B4-NONDETERM.09","","Tue Nov 19 17:57:42 GMT 2024","passed","Tue Nov 19 17:57:42 GMT 2024","","HYPERON-EXPERIMENTAL-SCRIPTS","HYPERON-EXPERIMENTAL-SCRIPTS",""
"","141","WORKING-WITH-SPACES---METTA-LANGUAGE10.03","","Tue Nov 19 18:10:55 GMT 2024","failed","Tue Nov 19 18:10:55 GMT 2024","","METTA-LANG","METTA-LANG",""
"","3","00-LANG-CASE.14","","Tue Nov 19 18:00:52 GMT 2024","passed","Tue Nov 19 18:00:52 GMT 2024","","HYPERON-METTALOG-SANITY","HYPERON-METTALOG-SANITY",""
"","2","UNIQUE-TEST.10","","Tue Nov 19 18:00:52 GMT 2024","passed","Tue Nov 19 18:00:52 GMT 2024","","HYPERON-METTALOG-SANITY","HYPERON-METTALOG-SANITY",""
"","2","RECURSION-AND-CONTROL---METTA-LANGUAGE5.02","","Tue Nov 19 18:10:55 GMT 2024","passed","Tue Nov 19 18:10:55 GMT 2024","","METTA-LANG","METTA-LANG",""
"","2","CALL-TESTS.09","","Tue Nov 19 18:00:52 GMT 2024","passed","Tue Nov 19 18:00:52 GMT 2024","","HYPERON-METTALOG-SANITY","HYPERON-METTALOG-SANITY",""
"","1","E2-STATES.09","","Tue Nov 19 17:57:42 GMT 2024","passed","Tue Nov 19 17:57:42 GMT 2024","","HYPERON-EXPERIMENTAL-SCRIPTS","HYPERON-EXPERIMENTAL-SCRIPTS",""
"","8000","metta_lang.Working_with_spaces___MeTTa_Language5","","Tue Nov 19 17:52:49 GMT 2024","passed","Tue Nov 19 17:52:57 GMT 2024","","WHOLE-TESTS","WHOLE-TESTS",""
"","1","SEQUENTIAL-NESTED.10","","Tue Nov 19 18:30:57 GMT 2024","passed","Tue Nov 19 18:30:57 GMT 2024","","METTA-MORPH-TESTS","METTA-MORPH-TESTS",""
"","8000","baseline_compat.rust_01","","Tue Nov 19 17:52:49 GMT 2024","passed","Tue Nov 19 17:52:57 GMT 2024","","WHOLE-TESTS","WHOLE-TESTS",""
"","14","CONCRETE-TYPES---METTA-LANGUAGE13.01","","Tue Nov 19 18:10:55 GMT 2024","passed","Tue Nov 19 18:10:55 GMT 2024","","METTA-LANG","METTA-LANG",""
"","2","LIMIT-TESTS.14","","Tue Nov 19 18:00:52 GMT 2024","passed","Tue Nov 19 18:00:52 GMT 2024","","HYPERON-METTALOG-SANITY","HYPERON-METTALOG-SANITY",""
"","2","CONTROLLING-PATTERN-MATCHING---METTA-LANGUAGE10.04","","Tue Nov 19 18:10:55 GMT 2024","passed","Tue Nov 19 18:10:55 GMT 2024","","METTA-LANG","METTA-LANG",""
"","5","D1-GADT.11","","Tue Nov 19 18:34:51 GMT 2024","passed","Tue Nov 19 18:34:51 GMT 2024","","QUICK","QUICK",""
"","2","BASIC-GROUNDED-FUNCTIONS---METTA-LANGUAGE6.03","","Tue Nov 19 18:10:55 GMT 2024","passed","Tue Nov 19 18:10:55 GMT 2024","","METTA-LANG","METTA-LANG",""
"","2","MINIMAL-METTA-TESTS.42","","Tue Nov 19 18:00:52 GMT 2024","passed","Tue Nov 19 18:00:52 GMT 2024","","HYPERON-METTALOG-SANITY","HYPERON-METTALOG-SANITY",""
"","3","HANDLING-NONDETERMINISTIC-RESULTS---METTA-LANGUAGE8.07","","Tue Nov 19 18:10:55 GMT 2024","passed","Tue Nov 19 18:10:55 GMT 2024","","METTA-LANG","METTA-LANG",""
"","2","B1-EQUAL-CHAIN.02","","Tue Nov 19 17:57:42 GMT 2024","passed","Tue Nov 19 17:57:42 GMT 2024","","HYPERON-EXPERIMENTAL-SCRIPTS","HYPERON-EXPERIMENTAL-SCRIPTS",""
"","1","TMPMATCH2.04","","Tue Nov 19 17:52:57 GMT 2024","passed","Tue Nov 19 17:52:57 GMT 2024","","ANTI-REGRESSION","ANTI-REGRESSION",""
"","77","CONSOLE-OUTPUT-AND-DEBUGGING---METTA-LANGUAGE5.02","","Tue Nov 19 18:10:55 GMT 2024","failed","Tue Nov 19 18:10:55 GMT 2024","","METTA-LANG","METTA-LANG",""
"","1","CONTROLLING-PATTERN-MATCHING---METTA-LANGUAGE10.02","","Tue Nov 19 18:10:55 GMT 2024","passed","Tue Nov 19 18:10:55 GMT 2024","","METTA-LANG","METTA-LANG",""
"","34","D5-AUTO-TYPES.05","","Tue Nov 19 17:57:42 GMT 2024","failed","Tue Nov 19 17:57:42 GMT 2024","","HYPERON-EXPERIMENTAL-SCRIPTS","HYPERON-EXPERIMENTAL-SCRIPTS",""
"","2","HANDLING-NONDETERMINISTIC-RESULTS---METTA-LANGUAGE8.08","","Tue Nov 19 18:10:55 GMT 2024","passed","Tue Nov 19 18:10:55 GMT 2024","","METTA-LANG","METTA-LANG",""
"","3","SUBTRACTION-TEST.03","","Tue Nov 19 18:00:52 GMT 2024","passed","Tue Nov 19 18:00:52 GMT 2024","","HYPERON-METTALOG-SANITY","HYPERON-METTALOG-SANITY",""
"","100","F1-IMPORTS.16","","Tue Nov 19 18:34:51 GMT 2024","passed","Tue Nov 19 18:34:51 GMT 2024","","QUICK","QUICK",""
"","3","B5-TYPES-PRELIM.19","","Tue Nov 19 17:57:42 GMT 2024","passed","Tue Nov 19 17:57:42 GMT 2024","","HYPERON-EXPERIMENTAL-SCRIPTS","HYPERON-EXPERIMENTAL-SCRIPTS",""
"","3","B5-TYPES-PRELIM.03","","Tue Nov 19 17:57:42 GMT 2024","passed","Tue Nov 19 17:57:42 GMT 2024","","HYPERON-EXPERIMENTAL-SCRIPTS","HYPERON-EXPERIMENTAL-SCRIPTS",""
"","3","F1-IMPORTS.11","","Tue Nov 19 17:52:41 GMT 2024","passed","Tue Nov 19 17:52:41 GMT 2024","","MODULE-SYSTEM","MODULE-SYSTEM",""
"","49","D5-AUTO-TYPES.02","","Tue Nov 19 17:57:42 GMT 2024","failed","Tue Nov 19 17:57:42 GMT 2024","","HYPERON-EXPERIMENTAL-SCRIPTS","HYPERON-EXPERIMENTAL-SCRIPTS",""
"","2","STRING-TESTS.09","","Tue Nov 19 18:00:52 GMT 2024","passed","Tue Nov 19 18:00:52 GMT 2024","","HYPERON-METTALOG-SANITY","HYPERON-METTALOG-SANITY",""
"","31000","anti-regression.system_proofTestCurried","","Tue Nov 19 17:52:49 GMT 2024","passed","Tue Nov 19 17:53:20 GMT 2024","","WHOLE-TESTS","WHOLE-TESTS",""
"","1","LIMIT-TESTS.07","","Tue Nov 19 18:00:52 GMT 2024","passed","Tue Nov 19 18:00:52 GMT 2024","","HYPERON-METTALOG-SANITY","HYPERON-METTALOG-SANITY",""
"","3","FUNCTIONS-AND-UNIFICATION---METTA-LANGUAGE3.02","","Tue Nov 19 18:10:55 GMT 2024","passed","Tue Nov 19 18:10:55 GMT 2024","","METTA-LANG","METTA-LANG",""
"","4","SEALED-TEST.04","","Tue Nov 19 18:00:52 GMT 2024","passed","Tue Nov 19 18:00:52 GMT 2024","","HYPERON-METTALOG-SANITY","HYPERON-METTALOG-SANITY",""
"","2","C3-PLN-STV.02","","Tue Nov 19 17:57:42 GMT 2024","passed","Tue Nov 19 17:57:42 GMT 2024","","HYPERON-EXPERIMENTAL-SCRIPTS","HYPERON-EXPERIMENTAL-SCRIPTS",""
"","1","D4-TYPE-PROP.05","","Tue Nov 19 18:34:51 GMT 2024","passed","Tue Nov 19 18:34:51 GMT 2024","","QUICK","QUICK",""
"","5","RECURSIVE-AND-PARAMETRIC-TYPES---METTA-LANGUAGE1.01","","Tue Nov 19 18:10:55 GMT 2024","passed","Tue Nov 19 18:10:55 GMT 2024","","METTA-LANG","METTA-LANG",""
"","2","WORKING-WITH-SPACES---METTA-LANGUAGE1.09","","Tue Nov 19 18:10:55 GMT 2024","passed","Tue Nov 19 18:10:55 GMT 2024","","METTA-LANG","METTA-LANG",""
"","3","OPERATIONS-OVER-ATOMS---METTA-LANGUAGE3.02","","Tue Nov 19 18:10:55 GMT 2024","passed","Tue Nov 19 18:10:55 GMT 2024","","METTA-LANG","METTA-LANG",""
"","3","F1-IMPORTS.12","","Tue Nov 19 18:34:51 GMT 2024","passed","Tue Nov 19 18:34:51 GMT 2024","","QUICK","QUICK",""
"","3","D2-HIGHERFUNC.10","","Tue Nov 19 18:34:51 GMT 2024","passed","Tue Nov 19 18:34:51 GMT 2024","","QUICK","QUICK",""
"","8000","hyperon-mettalog_sanity.02-curried-plus","","Tue Nov 19 17:52:49 GMT 2024","passed","Tue Nov 19 17:52:57 GMT 2024","","WHOLE-TESTS","WHOLE-TESTS",""
"","8000","metta_lang.Handling_nondeterministic_results___MeTTa_Language3","","Tue Nov 19 17:52:49 GMT 2024","passed","Tue Nov 19 17:52:57 GMT 2024","","WHOLE-TESTS","WHOLE-TESTS",""
"","2","WORKING-WITH-SPACES---METTA-LANGUAGE1.04","","Tue Nov 19 18:10:55 GMT 2024","passed","Tue Nov 19 18:10:55 GMT 2024","","METTA-LANG","METTA-LANG",""
"","2","00-LANG-CASE.10","","Tue Nov 19 18:00:52 GMT 2024","passed","Tue Nov 19 18:00:52 GMT 2024","","HYPERON-METTALOG-SANITY","HYPERON-METTALOG-SANITY",""
"","8000","quick.f1_imports","","Tue Nov 19 17:52:49 GMT 2024","passed","Tue Nov 19 17:52:57 GMT 2024","","WHOLE-TESTS","WHOLE-TESTS",""
"","8000","metta_lang.Recursion_and_control___MeTTa_Language3","","Tue Nov 19 17:52:49 GMT 2024","passed","Tue Nov 19 17:52:57 GMT 2024","","WHOLE-TESTS","WHOLE-TESTS",""
"","149","MINIMAL-METTA-TESTS.28","","Tue Nov 19 18:00:52 GMT 2024","failed","Tue Nov 19 18:00:52 GMT 2024","","HYPERON-METTALOG-SANITY","HYPERON-METTALOG-SANITY",""
"","3","CONTROLLING-PATTERN-MATCHING---METTA-LANGUAGE2.01","","Tue Nov 19 18:10:55 GMT 2024","passed","Tue Nov 19 18:10:55 GMT 2024","","METTA-LANG","METTA-LANG",""
"","2","TEST-IF-CLOSED.11","","Tue Nov 19 17:52:57 GMT 2024","passed","Tue Nov 19 17:52:57 GMT 2024","","ANTI-REGRESSION","ANTI-REGRESSION",""
"","2","RECURSIVE-AND-PARAMETRIC-TYPES---METTA-LANGUAGE5.05","","Tue Nov 19 18:10:55 GMT 2024","passed","Tue Nov 19 18:10:55 GMT 2024","","METTA-LANG","METTA-LANG",""
"","8000","hyperon-experimental_scripts.f1_imports","","Tue Nov 19 17:52:49 GMT 2024","passed","Tue Nov 19 17:52:57 GMT 2024","","WHOLE-TESTS","WHOLE-TESTS",""
"","84","WHAT-EVALS-OR-NOT.09","","Tue Nov 19 18:00:52 GMT 2024","failed","Tue Nov 19 18:00:52 GMT 2024","","HYPERON-METTALOG-SANITY","HYPERON-METTALOG-SANITY",""
"","3","METATYPES---METTA-LANGUAGE4.02","","Tue Nov 19 18:10:55 GMT 2024","passed","Tue Nov 19 18:10:55 GMT 2024","","METTA-LANG","METTA-LANG",""
"","4","SPACE-SUBTRACTION-TESTS.09","","Tue Nov 19 18:00:52 GMT 2024","passed","Tue Nov 19 18:00:52 GMT 2024","","HYPERON-METTALOG-SANITY","HYPERON-METTALOG-SANITY",""
"","1","ZEROARGS.02","","Tue Nov 19 18:30:57 GMT 2024","passed","Tue Nov 19 18:30:57 GMT 2024","","METTA-MORPH-TESTS","METTA-MORPH-TESTS",""
"","9000","metta-morph_tests.supercollapse","","Tue Nov 19 17:52:49 GMT 2024","passed","Tue Nov 19 17:52:58 GMT 2024","","WHOLE-TESTS","WHOLE-TESTS",""
"","3","OUTPUT-LOAD-TESTS.04","","Tue Nov 19 18:00:52 GMT 2024","passed","Tue Nov 19 18:00:52 GMT 2024","","HYPERON-METTALOG-SANITY","HYPERON-METTALOG-SANITY",""
"","8000","metta_lang.Concrete_types___MeTTa_Language14","","Tue Nov 19 17:52:49 GMT 2024","passed","Tue Nov 19 17:52:57 GMT 2024","","WHOLE-TESTS","WHOLE-TESTS",""
"","2","BASIC-EVALUATION---METTA-LANGUAGE2.02","","Tue Nov 19 18:10:55 GMT 2024","passed","Tue Nov 19 18:10:55 GMT 2024","","METTA-LANG","METTA-LANG",""
"","8000","metta_lang.Recursive_and_parametric_types___MeTTa_Language2","","Tue Nov 19 17:52:49 GMT 2024","passed","Tue Nov 19 17:52:57 GMT 2024","","WHOLE-TESTS","WHOLE-TESTS",""
"","1","CONCRETE-TYPES---METTA-LANGUAGE1.03","","Tue Nov 19 18:10:55 GMT 2024","passed","Tue Nov 19 18:10:55 GMT 2024","","METTA-LANG","METTA-LANG",""
"","8000","metta_lang.Recursion_and_control___MeTTa_Language2","","Tue Nov 19 17:52:49 GMT 2024","passed","Tue Nov 19 17:52:57 GMT 2024","","WHOLE-TESTS","WHOLE-TESTS",""
"","8000","metta_lang.Console_output_and_debugging___MeTTa_Language1","","Tue Nov 19 17:52:49 GMT 2024","passed","Tue Nov 19 17:52:57 GMT 2024","","WHOLE-TESTS","WHOLE-TESTS",""
"","8000","metta_lang.Concrete_types___MeTTa_Language6","","Tue Nov 19 17:52:49 GMT 2024","passed","Tue Nov 19 17:52:57 GMT 2024","","WHOLE-TESTS","WHOLE-TESTS",""
"","15","CONTROLLING-PATTERN-MATCHING---METTA-LANGUAGE10.06","","Tue Nov 19 18:10:55 GMT 2024","passed","Tue Nov 19 18:10:55 GMT 2024","","METTA-LANG","METTA-LANG",""
"","8000","metta_lang.Working_with_spaces___MeTTa_Language2","","Tue Nov 19 17:52:49 GMT 2024","passed","Tue Nov 19 17:52:57 GMT 2024","","WHOLE-TESTS","WHOLE-TESTS",""
"","2","MINIMAL-METTA-TESTS.41","","Tue Nov 19 18:00:52 GMT 2024","passed","Tue Nov 19 18:00:52 GMT 2024","","HYPERON-METTALOG-SANITY","HYPERON-METTALOG-SANITY",""
"","113","WORKING-WITH-SPACES---METTA-LANGUAGE2.01","","Tue Nov 19 18:10:55 GMT 2024","failed","Tue Nov 19 18:10:55 GMT 2024","","METTA-LANG","METTA-LANG",""
"","3","D2-HIGHERFUNC.01","","Tue Nov 19 17:57:42 GMT 2024","passed","Tue Nov 19 17:57:42 GMT 2024","","HYPERON-EXPERIMENTAL-SCRIPTS","HYPERON-EXPERIMENTAL-SCRIPTS",""
"","3","FLIP-TEST.01","","Tue Nov 19 18:00:52 GMT 2024","passed","Tue Nov 19 18:00:52 GMT 2024","","HYPERON-METTALOG-SANITY","HYPERON-METTALOG-SANITY",""
"","2","BASIC-GROUNDED-FUNCTIONS---METTA-LANGUAGE2.02","","Tue Nov 19 18:10:55 GMT 2024","passed","Tue Nov 19 18:10:55 GMT 2024","","METTA-LANG","METTA-LANG",""
"","2","F1-MODULEA.07","","Tue Nov 19 18:34:51 GMT 2024","passed","Tue Nov 19 18:34:51 GMT 2024","","QUICK","QUICK",""
"","8000","metta-morph_tests.hyperpose","","Tue Nov 19 17:52:49 GMT 2024","passed","Tue Nov 19 17:52:57 GMT 2024","","WHOLE-TESTS","WHOLE-TESTS",""
"","3","STATES-SPACES.06","","Tue Nov 19 18:30:57 GMT 2024","passed","Tue Nov 19 18:30:57 GMT 2024","","METTA-MORPH-TESTS","METTA-MORPH-TESTS",""
"","2","METTALOGTESTCURRIED2.05","","Tue Nov 19 17:52:57 GMT 2024","passed","Tue Nov 19 17:52:57 GMT 2024","","ANTI-REGRESSION","ANTI-REGRESSION",""
"","2","WORKING-WITH-SPACES---METTA-LANGUAGE9.04","","Tue Nov 19 18:10:55 GMT 2024","passed","Tue Nov 19 18:10:55 GMT 2024","","METTA-LANG","METTA-LANG",""
"","2","CONTROLLING-PATTERN-MATCHING---METTA-LANGUAGE10.03","","Tue Nov 19 18:10:55 GMT 2024","passed","Tue Nov 19 18:10:55 GMT 2024","","METTA-LANG","METTA-LANG",""
"","1","B5-TYPES-PRELIM.18","","Tue Nov 19 17:57:42 GMT 2024","passed","Tue Nov 19 17:57:42 GMT 2024","","HYPERON-EXPERIMENTAL-SCRIPTS","HYPERON-EXPERIMENTAL-SCRIPTS",""
"","3","SPACE-INTERSECTION-TESTS.13","","Tue Nov 19 18:00:52 GMT 2024","passed","Tue Nov 19 18:00:52 GMT 2024","","HYPERON-METTALOG-SANITY","HYPERON-METTALOG-SANITY",""
"","9000","metta_lang.Metatypes___MeTTa_Language2","","Tue Nov 19 17:52:49 GMT 2024","passed","Tue Nov 19 17:52:58 GMT 2024","","WHOLE-TESTS","WHOLE-TESTS",""
"","8000","metta_lang.Controlling_pattern_matching___MeTTa_Language5","","Tue Nov 19 17:52:49 GMT 2024","passed","Tue Nov 19 17:52:57 GMT 2024","","WHOLE-TESTS","WHOLE-TESTS",""
"","2","F1-MODULEA.08","","Tue Nov 19 17:57:42 GMT 2024","passed","Tue Nov 19 17:57:42 GMT 2024","","HYPERON-EXPERIMENTAL-SCRIPTS","HYPERON-EXPERIMENTAL-SCRIPTS",""
"","2","OUTPUT-LOAD-TESTS.16","","Tue Nov 19 18:00:52 GMT 2024","passed","Tue Nov 19 18:00:52 GMT 2024","","HYPERON-METTALOG-SANITY","HYPERON-METTALOG-SANITY",""
"","4","CONSOLE-OUTPUT-AND-DEBUGGING---METTA-LANGUAGE2.01","","Tue Nov 19 18:10:55 GMT 2024","passed","Tue Nov 19 18:10:55 GMT 2024","","METTA-LANG","METTA-LANG",""
"","3","RECURSION-AND-CONTROL---METTA-LANGUAGE2.01","","Tue Nov 19 18:10:55 GMT 2024","passed","Tue Nov 19 18:10:55 GMT 2024","","METTA-LANG","METTA-LANG",""
"","2","B5-TYPES-PRELIM.22","","Tue Nov 19 17:57:42 GMT 2024","passed","Tue Nov 19 17:57:42 GMT 2024","","HYPERON-EXPERIMENTAL-SCRIPTS","HYPERON-EXPERIMENTAL-SCRIPTS",""
"","1","CONTROL-FLOW---METTA-LANGUAGE11.02","","Tue Nov 19 18:10:55 GMT 2024","passed","Tue Nov 19 18:10:55 GMT 2024","","METTA-LANG","METTA-LANG",""
"","1","B5-TYPES-PRELIM.26","","Tue Nov 19 17:57:42 GMT 2024","passed","Tue Nov 19 17:57:42 GMT 2024","","HYPERON-EXPERIMENTAL-SCRIPTS","HYPERON-EXPERIMENTAL-SCRIPTS",""
"","3","RECURSION-AND-CONTROL---METTA-LANGUAGE4.02","","Tue Nov 19 18:10:55 GMT 2024","passed","Tue Nov 19 18:10:55 GMT 2024","","METTA-LANG","METTA-LANG",""
"","1","METATYPES---METTA-LANGUAGE7.02","","Tue Nov 19 18:10:55 GMT 2024","passed","Tue Nov 19 18:10:55 GMT 2024","","METTA-LANG","METTA-LANG",""
"","2","E2-STATES.02","","Tue Nov 19 17:57:42 GMT 2024","passed","Tue Nov 19 17:57:42 GMT 2024","","HYPERON-EXPERIMENTAL-SCRIPTS","HYPERON-EXPERIMENTAL-SCRIPTS",""
"","2","FUNCTIONS-AND-UNIFICATION---METTA-LANGUAGE2.03","","Tue Nov 19 18:10:55 GMT 2024","passed","Tue Nov 19 18:10:55 GMT 2024","","METTA-LANG","METTA-LANG",""
"","2","D4-TYPE-PROP.02","","Tue Nov 19 17:57:42 GMT 2024","passed","Tue Nov 19 17:57:42 GMT 2024","","HYPERON-EXPERIMENTAL-SCRIPTS","HYPERON-EXPERIMENTAL-SCRIPTS",""
"","2","WORKING-WITH-SPACES---METTA-LANGUAGE2.02","","Tue Nov 19 18:10:55 GMT 2024","passed","Tue Nov 19 18:10:55 GMT 2024","","METTA-LANG","METTA-LANG",""
"","140","PY-TYPES.06","","Tue Nov 19 18:00:52 GMT 2024","passed","Tue Nov 19 18:00:52 GMT 2024","","HYPERON-METTALOG-SANITY","HYPERON-METTALOG-SANITY",""
"","150","MINIMAL-METTA-TESTS.26","","Tue Nov 19 18:00:52 GMT 2024","failed","Tue Nov 19 18:00:52 GMT 2024","","HYPERON-METTALOG-SANITY","HYPERON-METTALOG-SANITY",""
"","3","RECURSION-AND-CONTROL---METTA-LANGUAGE2.06","","Tue Nov 19 18:10:55 GMT 2024","passed","Tue Nov 19 18:10:55 GMT 2024","","METTA-LANG","METTA-LANG",""
"","1","MINIMAL-METTA-TESTS.06","","Tue Nov 19 18:00:52 GMT 2024","passed","Tue Nov 19 18:00:52 GMT 2024","","HYPERON-METTALOG-SANITY","HYPERON-METTALOG-SANITY",""
"","81","MINIMAL-METTA-TESTS.32","","Tue Nov 19 18:00:52 GMT 2024","failed","Tue Nov 19 18:00:52 GMT 2024","","HYPERON-METTALOG-SANITY","HYPERON-METTALOG-SANITY",""
"","8000","hyperon-mettalog_sanity.sequential_tests","","Tue Nov 19 17:52:49 GMT 2024","passed","Tue Nov 19 17:52:57 GMT 2024","","WHOLE-TESTS","WHOLE-TESTS",""
"","2","IS-SPACE.02","","Tue Nov 19 18:00:52 GMT 2024","passed","Tue Nov 19 18:00:52 GMT 2024","","HYPERON-METTALOG-SANITY","HYPERON-METTALOG-SANITY",""
"","23812","SYNTHESIZE.01","","Tue Nov 19 18:08:09 GMT 2024","passed","Tue Nov 19 18:08:32 GMT 2024","","SYNTH-BUFFER","SYNTH-BUFFER",""
"","3","E2-STATES.10","","Tue Nov 19 17:57:42 GMT 2024","passed","Tue Nov 19 17:57:42 GMT 2024","","HYPERON-EXPERIMENTAL-SCRIPTS","HYPERON-EXPERIMENTAL-SCRIPTS",""
"","2","UNIQUE-TEST.03","","Tue Nov 19 18:00:52 GMT 2024","passed","Tue Nov 19 18:00:52 GMT 2024","","HYPERON-METTALOG-SANITY","HYPERON-METTALOG-SANITY",""
"","1","METATYPES---METTA-LANGUAGE8.02","","Tue Nov 19 18:10:55 GMT 2024","passed","Tue Nov 19 18:10:55 GMT 2024","","METTA-LANG","METTA-LANG",""
"","2","BASIC-GROUNDED-FUNCTIONS---METTA-LANGUAGE8.03","","Tue Nov 19 18:10:55 GMT 2024","passed","Tue Nov 19 18:10:55 GMT 2024","","METTA-LANG","METTA-LANG",""
"","1","F1-IMPORTS.15","","Tue Nov 19 18:34:51 GMT 2024","passed","Tue Nov 19 18:34:51 GMT 2024","","QUICK","QUICK",""
"","1","OR-TEST.16","","Tue Nov 19 18:00:52 GMT 2024","passed","Tue Nov 19 18:00:52 GMT 2024","","HYPERON-METTALOG-SANITY","HYPERON-METTALOG-SANITY",""
"","2","D2-HIGHERFUNC.11","","Tue Nov 19 18:34:51 GMT 2024","passed","Tue Nov 19 18:34:51 GMT 2024","","QUICK","QUICK",""
"","2","LIMIT-TESTS.16","","Tue Nov 19 18:00:52 GMT 2024","passed","Tue Nov 19 18:00:52 GMT 2024","","HYPERON-METTALOG-SANITY","HYPERON-METTALOG-SANITY",""
"","2","STRING-TESTS.05","","Tue Nov 19 18:00:52 GMT 2024","passed","Tue Nov 19 18:00:52 GMT 2024","","HYPERON-METTALOG-SANITY","HYPERON-METTALOG-SANITY",""
"","3","RECURSIVE-AND-PARAMETRIC-TYPES---METTA-LANGUAGE5.01","","Tue Nov 19 18:10:55 GMT 2024","passed","Tue Nov 19 18:10:55 GMT 2024","","METTA-LANG","METTA-LANG",""
"","8000","hyperon-experimental_scripts.a2_opencoggy","","Tue Nov 19 17:52:49 GMT 2024","passed","Tue Nov 19 17:52:57 GMT 2024","","WHOLE-TESTS","WHOLE-TESTS",""
"","2","STRING-TESTS.04","","Tue Nov 19 18:00:52 GMT 2024","passed","Tue Nov 19 18:00:52 GMT 2024","","HYPERON-METTALOG-SANITY","HYPERON-METTALOG-SANITY",""
"","2","D2-HIGHERFUNC.17","","Tue Nov 19 17:57:42 GMT 2024","passed","Tue Nov 19 17:57:42 GMT 2024","","HYPERON-EXPERIMENTAL-SCRIPTS","HYPERON-EXPERIMENTAL-SCRIPTS",""
"","4","METATYPES---METTA-LANGUAGE2.01","","Tue Nov 19 18:10:55 GMT 2024","passed","Tue Nov 19 18:10:55 GMT 2024","","METTA-LANG","METTA-LANG",""
"","2","D2-HIGHERFUNC.08","","Tue Nov 19 18:34:51 GMT 2024","passed","Tue Nov 19 18:34:51 GMT 2024","","QUICK","QUICK",""
"","10000","anti-regression.bc_comp","","Tue Nov 19 17:52:49 GMT 2024","passed","Tue Nov 19 17:52:59 GMT 2024","","WHOLE-TESTS","WHOLE-TESTS",""
"","8000","metta_lang.Working_with_spaces___MeTTa_Language11","","Tue Nov 19 17:52:49 GMT 2024","passed","Tue Nov 19 17:52:57 GMT 2024","","WHOLE-TESTS","WHOLE-TESTS",""
"","4","CONTROL-FLOW---METTA-LANGUAGE9.01","","Tue Nov 19 18:10:55 GMT 2024","passed","Tue Nov 19 18:10:55 GMT 2024","","METTA-LANG","METTA-LANG",""
"","2","EVAL-FOR-TESTS.07","","Tue Nov 19 18:00:52 GMT 2024","passed","Tue Nov 19 18:00:52 GMT 2024","","HYPERON-METTALOG-SANITY","HYPERON-METTALOG-SANITY",""
"","3","RECURSION-AND-CONTROL---METTA-LANGUAGE9.04","","Tue Nov 19 18:10:55 GMT 2024","passed","Tue Nov 19 18:10:55 GMT 2024","","METTA-LANG","METTA-LANG",""
"","2","F1-IMPORTS.14","","Tue Nov 19 17:57:42 GMT 2024","passed","Tue Nov 19 17:57:42 GMT 2024","","HYPERON-EXPERIMENTAL-SCRIPTS","HYPERON-EXPERIMENTAL-SCRIPTS",""
"","1","FUNCTIONS-AND-UNIFICATION---METTA-LANGUAGE7.06","","Tue Nov 19 18:10:55 GMT 2024","passed","Tue Nov 19 18:10:55 GMT 2024","","METTA-LANG","METTA-LANG",""
"","3","TYPES3.01","","Tue Nov 19 18:30:57 GMT 2024","passed","Tue Nov 19 18:30:57 GMT 2024","","METTA-MORPH-TESTS","METTA-MORPH-TESTS",""
"","14","BC-COMP.05","","Tue Nov 19 17:52:57 GMT 2024","passed","Tue Nov 19 17:52:57 GMT 2024","","ANTI-REGRESSION","ANTI-REGRESSION",""
"","2","B5-TYPES-PRELIM.17","","Tue Nov 19 17:57:42 GMT 2024","passed","Tue Nov 19 17:57:42 GMT 2024","","HYPERON-EXPERIMENTAL-SCRIPTS","HYPERON-EXPERIMENTAL-SCRIPTS",""
"","3","RECURSION-AND-CONTROL---METTA-LANGUAGE3.02","","Tue Nov 19 18:10:55 GMT 2024","passed","Tue Nov 19 18:10:55 GMT 2024","","METTA-LANG","METTA-LANG",""
"","4","MATCH-VOID.01","","Tue Nov 19 18:30:57 GMT 2024","passed","Tue Nov 19 18:30:57 GMT 2024","","METTA-MORPH-TESTS","METTA-MORPH-TESTS",""
"","5","LETLET.01","","Tue Nov 19 18:30:57 GMT 2024","passed","Tue Nov 19 18:30:57 GMT 2024","","METTA-MORPH-TESTS","METTA-MORPH-TESTS",""
"","5","QUERYING-SPACE-CONTENT---METTA-LANGUAGE5.01","","Tue Nov 19 18:10:55 GMT 2024","passed","Tue Nov 19 18:10:55 GMT 2024","","METTA-LANG","METTA-LANG",""
"","107","SPACE-INTERSECTION-TESTS.09","","Tue Nov 19 18:00:52 GMT 2024","failed","Tue Nov 19 18:00:52 GMT 2024","","HYPERON-METTALOG-SANITY","HYPERON-METTALOG-SANITY",""
"","3","FUNCTIONS-AND-UNIFICATION---METTA-LANGUAGE5.01","","Tue Nov 19 18:10:55 GMT 2024","passed","Tue Nov 19 18:10:55 GMT 2024","","METTA-LANG","METTA-LANG",""
"","5","OR-TEST.11","","Tue Nov 19 18:00:52 GMT 2024","passed","Tue Nov 19 18:00:52 GMT 2024","","HYPERON-METTALOG-SANITY","HYPERON-METTALOG-SANITY",""
"","1","PRINT-GRAPH.03","","Tue Nov 19 17:55:48 GMT 2024","passed","Tue Nov 19 17:55:48 GMT 2024","","METTA-WAM-ISSUE-145","METTA-WAM-ISSUE-145",""
"","8000","metta-morph_tests.add_atom_match","","Tue Nov 19 17:52:49 GMT 2024","passed","Tue Nov 19 17:52:57 GMT 2024","","WHOLE-TESTS","WHOLE-TESTS",""
"","8000","metta_lang.Controlling_pattern_matching___MeTTa_Language12","","Tue Nov 19 17:52:49 GMT 2024","passed","Tue Nov 19 17:52:57 GMT 2024","","WHOLE-TESTS","WHOLE-TESTS",""
"","8000","metta_lang.Working_with_spaces___MeTTa_Language1","","Tue Nov 19 17:52:49 GMT 2024","passed","Tue Nov 19 17:52:57 GMT 2024","","WHOLE-TESTS","WHOLE-TESTS",""
"","3","B4-NONDETERM.04","","Tue Nov 19 17:57:42 GMT 2024","passed","Tue Nov 19 17:57:42 GMT 2024","","HYPERON-EXPERIMENTAL-SCRIPTS","HYPERON-EXPERIMENTAL-SCRIPTS",""
"","2","METATYPES---METTA-LANGUAGE4.01","","Tue Nov 19 18:10:55 GMT 2024","passed","Tue Nov 19 18:10:55 GMT 2024","","METTA-LANG","METTA-LANG",""
"","207","BASIC-EVALUATION---METTA-LANGUAGE15.02","","Tue Nov 19 18:10:55 GMT 2024","passed","Tue Nov 19 18:10:55 GMT 2024","","METTA-LANG","METTA-LANG",""
"","2","00-LANG-CASE.17","","Tue Nov 19 18:00:52 GMT 2024","passed","Tue Nov 19 18:00:52 GMT 2024","","HYPERON-METTALOG-SANITY","HYPERON-METTALOG-SANITY",""
"","3","HANDLING-NONDETERMINISTIC-RESULTS---METTA-LANGUAGE8.06","","Tue Nov 19 18:10:55 GMT 2024","passed","Tue Nov 19 18:10:55 GMT 2024","","METTA-LANG","METTA-LANG",""
"","3","METATYPES---METTA-LANGUAGE2.02","","Tue Nov 19 18:10:55 GMT 2024","passed","Tue Nov 19 18:10:55 GMT 2024","","METTA-LANG","METTA-LANG",""
"","3","CONTROL-FLOW---METTA-LANGUAGE8.02","","Tue Nov 19 18:10:55 GMT 2024","passed","Tue Nov 19 18:10:55 GMT 2024","","METTA-LANG","METTA-LANG",""
"","2","CONSOLE-OUTPUT-AND-DEBUGGING---METTA-LANGUAGE5.04","","Tue Nov 19 18:10:55 GMT 2024","passed","Tue Nov 19 18:10:55 GMT 2024","","METTA-LANG","METTA-LANG",""
"","111","COMPILE-TESTS.03","","Tue Nov 19 18:00:52 GMT 2024","failed","Tue Nov 19 18:00:52 GMT 2024","","HYPERON-METTALOG-SANITY","HYPERON-METTALOG-SANITY",""
"","3","MATCH-SUPERPOSED-SPACES.01","","Tue Nov 19 18:30:57 GMT 2024","passed","Tue Nov 19 18:30:57 GMT 2024","","METTA-MORPH-TESTS","METTA-MORPH-TESTS",""
"","3","FIND-ALL-TESTS.01","","Tue Nov 19 18:00:52 GMT 2024","passed","Tue Nov 19 18:00:52 GMT 2024","","HYPERON-METTALOG-SANITY","HYPERON-METTALOG-SANITY",""
"","2","FUNCTIONAL-PROGRAMMING-TESTS.02","","Tue Nov 19 18:00:52 GMT 2024","passed","Tue Nov 19 18:00:52 GMT 2024","","HYPERON-METTALOG-SANITY","HYPERON-METTALOG-SANITY",""
"","130","WHAT-EVALS-OR-NOT.01","","Tue Nov 19 18:00:52 GMT 2024","failed","Tue Nov 19 18:00:52 GMT 2024","","HYPERON-METTALOG-SANITY","HYPERON-METTALOG-SANITY",""
"","1","METTALOGTESTCURRIED2.04","","Tue Nov 19 17:52:57 GMT 2024","passed","Tue Nov 19 17:52:57 GMT 2024","","ANTI-REGRESSION","ANTI-REGRESSION",""
"","9000","hyperon-mettalog_sanity.string-tests","","Tue Nov 19 17:52:49 GMT 2024","passed","Tue Nov 19 17:52:58 GMT 2024","","WHOLE-TESTS","WHOLE-TESTS",""
"","2","F1-MODULEA.03","","Tue Nov 19 17:52:41 GMT 2024","passed","Tue Nov 19 17:52:41 GMT 2024","","MODULE-SYSTEM","MODULE-SYSTEM",""
"","2","D1-GADT.01","","Tue Nov 19 18:34:51 GMT 2024","passed","Tue Nov 19 18:34:51 GMT 2024","","QUICK","QUICK",""
"","8000","hyperon-experimental_scripts.b0_chaining_prelim","","Tue Nov 19 17:52:49 GMT 2024","passed","Tue Nov 19 17:52:57 GMT 2024","","WHOLE-TESTS","WHOLE-TESTS",""
"","10","D1-GADT.04","","Tue Nov 19 18:34:51 GMT 2024","passed","Tue Nov 19 18:34:51 GMT 2024","","QUICK","QUICK",""
"","185","CONTROLLING-PATTERN-MATCHING---METTA-LANGUAGE12.08","","Tue Nov 19 18:10:55 GMT 2024","failed","Tue Nov 19 18:10:55 GMT 2024","","METTA-LANG","METTA-LANG",""
"","2","D2-HIGHERFUNC.16","","Tue Nov 19 18:34:51 GMT 2024","passed","Tue Nov 19 18:34:51 GMT 2024","","QUICK","QUICK",""
"","3","TIME-SYNTHESIZE-SHORT.03","","Tue Nov 19 18:08:09 GMT 2024","passed","Tue Nov 19 18:08:09 GMT 2024","","SYNTH-BUFFER","SYNTH-BUFFER",""
"","3","CONSOLE-OUTPUT-AND-DEBUGGING---METTA-LANGUAGE2.04","","Tue Nov 19 18:10:55 GMT 2024","passed","Tue Nov 19 18:10:55 GMT 2024","","METTA-LANG","METTA-LANG",""
"","10","00-LANG-CASE.12","","Tue Nov 19 18:00:52 GMT 2024","passed","Tue Nov 19 18:00:52 GMT 2024","","HYPERON-METTALOG-SANITY","HYPERON-METTALOG-SANITY",""
"","114","C1-GROUNDED-BASIC.14","","Tue Nov 19 17:57:42 GMT 2024","failed","Tue Nov 19 17:57:42 GMT 2024","","HYPERON-EXPERIMENTAL-SCRIPTS","HYPERON-EXPERIMENTAL-SCRIPTS",""
"","1","ARITY-TESTS.05","","Tue Nov 19 18:00:52 GMT 2024","passed","Tue Nov 19 18:00:52 GMT 2024","","HYPERON-METTALOG-SANITY","HYPERON-METTALOG-SANITY",""
"","2","CATCH-THROW-TESTS.08","","Tue Nov 19 18:00:52 GMT 2024","passed","Tue Nov 19 18:00:52 GMT 2024","","HYPERON-METTALOG-SANITY","HYPERON-METTALOG-SANITY",""
"","3","SEALED-TEST.02","","Tue Nov 19 18:00:52 GMT 2024","passed","Tue Nov 19 18:00:52 GMT 2024","","HYPERON-METTALOG-SANITY","HYPERON-METTALOG-SANITY",""
"","1","MATCH-SUPERPOSED-SPACES.04","","Tue Nov 19 18:30:57 GMT 2024","passed","Tue Nov 19 18:30:57 GMT 2024","","METTA-MORPH-TESTS","METTA-MORPH-TESTS",""
"","8000","metta_lang.Basic_evaluation___MeTTa_Language9","","Tue Nov 19 17:52:49 GMT 2024","passed","Tue Nov 19 17:52:57 GMT 2024","","WHOLE-TESTS","WHOLE-TESTS",""
"","4","CONTROL-FLOW---METTA-LANGUAGE4.01","","Tue Nov 19 18:10:55 GMT 2024","passed","Tue Nov 19 18:10:55 GMT 2024","","METTA-LANG","METTA-LANG",""
"","3","BASIC-EVALUATION---METTA-LANGUAGE8.01","","Tue Nov 19 18:10:55 GMT 2024","passed","Tue Nov 19 18:10:55 GMT 2024","","METTA-LANG","METTA-LANG",""
"","1","SPACE-INTERSECTION-TESTS.02","","Tue Nov 19 18:00:52 GMT 2024","passed","Tue Nov 19 18:00:52 GMT 2024","","HYPERON-METTALOG-SANITY","HYPERON-METTALOG-SANITY",""
"","2","D2-HIGHERFUNC.12","","Tue Nov 19 18:34:51 GMT 2024","passed","Tue Nov 19 18:34:51 GMT 2024","","QUICK","QUICK",""
"","2","COMPILE-TESTS.02","","Tue Nov 19 18:00:52 GMT 2024","passed","Tue Nov 19 18:00:52 GMT 2024","","HYPERON-METTALOG-SANITY","HYPERON-METTALOG-SANITY",""
"","2","B5-TYPES-PRELIM.20","","Tue Nov 19 17:57:42 GMT 2024","passed","Tue Nov 19 17:57:42 GMT 2024","","HYPERON-EXPERIMENTAL-SCRIPTS","HYPERON-EXPERIMENTAL-SCRIPTS",""
"","2","TEST-IF-CLOSED.08","","Tue Nov 19 17:52:57 GMT 2024","passed","Tue Nov 19 17:52:57 GMT 2024","","ANTI-REGRESSION","ANTI-REGRESSION",""
"","9","D1-GADT.05","","Tue Nov 19 18:34:51 GMT 2024","passed","Tue Nov 19 18:34:51 GMT 2024","","QUICK","QUICK",""
"","2","D4-TYPE-PROP.16","","Tue Nov 19 17:57:42 GMT 2024","passed","Tue Nov 19 17:57:42 GMT 2024","","HYPERON-EXPERIMENTAL-SCRIPTS","HYPERON-EXPERIMENTAL-SCRIPTS",""
"","2","06-MATCH-IN-SPACE.02","","Tue Nov 19 18:00:52 GMT 2024","passed","Tue Nov 19 18:00:52 GMT 2024","","HYPERON-METTALOG-SANITY","HYPERON-METTALOG-SANITY",""
"","3","CONTROL-FLOW---METTA-LANGUAGE12.01","","Tue Nov 19 18:10:55 GMT 2024","passed","Tue Nov 19 18:10:55 GMT 2024","","METTA-LANG","METTA-LANG",""
"","57","EVAL-FOR-TESTS.14","","Tue Nov 19 18:00:52 GMT 2024","failed","Tue Nov 19 18:00:52 GMT 2024","","HYPERON-METTALOG-SANITY","HYPERON-METTALOG-SANITY",""
"","2","FREE-VARIABLES-AND-NONDETERMINISM-AGAIN,-RECURSIVELY---METTA-LANGUAGE1.01","","Tue Nov 19 18:10:55 GMT 2024","passed","Tue Nov 19 18:10:55 GMT 2024","","METTA-LANG","METTA-LANG",""
"","46","SPACE-INTERSECTION-TESTS.12","","Tue Nov 19 18:00:52 GMT 2024","failed","Tue Nov 19 18:00:52 GMT 2024","","HYPERON-METTALOG-SANITY","HYPERON-METTALOG-SANITY",""
"","3","COLLAPSE.01","","Tue Nov 19 18:30:57 GMT 2024","passed","Tue Nov 19 18:30:57 GMT 2024","","METTA-MORPH-TESTS","METTA-MORPH-TESTS",""
"","2","STRING-TESTS.11","","Tue Nov 19 18:00:52 GMT 2024","passed","Tue Nov 19 18:00:52 GMT 2024","","HYPERON-METTALOG-SANITY","HYPERON-METTALOG-SANITY",""
"","3","FUNCTIONS-AND-UNIFICATION---METTA-LANGUAGE1.01","","Tue Nov 19 18:10:55 GMT 2024","passed","Tue Nov 19 18:10:55 GMT 2024","","METTA-LANG","METTA-LANG",""
"","3","COMPILE-TESTS.01","","Tue Nov 19 18:00:52 GMT 2024","passed","Tue Nov 19 18:00:52 GMT 2024","","HYPERON-METTALOG-SANITY","HYPERON-METTALOG-SANITY",""
"","2","CONTROLLING-PATTERN-MATCHING---METTA-LANGUAGE12.12","","Tue Nov 19 18:10:55 GMT 2024","passed","Tue Nov 19 18:10:55 GMT 2024","","METTA-LANG","METTA-LANG",""
"","584","TMPMATCH2.05","","Tue Nov 19 17:52:57 GMT 2024","passed","Tue Nov 19 17:52:57 GMT 2024","","ANTI-REGRESSION","ANTI-REGRESSION",""
"","1","D4-TYPE-PROP.19","","Tue Nov 19 17:57:42 GMT 2024","passed","Tue Nov 19 17:57:42 GMT 2024","","HYPERON-EXPERIMENTAL-SCRIPTS","HYPERON-EXPERIMENTAL-SCRIPTS",""
"","46","STRUCTURE-TESTS.01","","Tue Nov 19 18:00:52 GMT 2024","passed","Tue Nov 19 18:00:52 GMT 2024","","HYPERON-METTALOG-SANITY","HYPERON-METTALOG-SANITY",""
"","10","MINIMAL-METTA-TESTS.05","","Tue Nov 19 18:00:52 GMT 2024","failed","Tue Nov 19 18:00:52 GMT 2024","","HYPERON-METTALOG-SANITY","HYPERON-METTALOG-SANITY",""
"","2","D2-HIGHERFUNC.12","","Tue Nov 19 17:57:42 GMT 2024","passed","Tue Nov 19 17:57:42 GMT 2024","","HYPERON-EXPERIMENTAL-SCRIPTS","HYPERON-EXPERIMENTAL-SCRIPTS",""
"","16","D2-HIGHERFUNC.21","","Tue Nov 19 18:34:51 GMT 2024","passed","Tue Nov 19 18:34:51 GMT 2024","","QUICK","QUICK",""
"","6","MATCH-FEVAL.01","","Tue Nov 19 18:30:57 GMT 2024","passed","Tue Nov 19 18:30:57 GMT 2024","","METTA-MORPH-TESTS","METTA-MORPH-TESTS",""
"","2","CONCRETE-TYPES---METTA-LANGUAGE12.03","","Tue Nov 19 18:10:55 GMT 2024","passed","Tue Nov 19 18:10:55 GMT 2024","","METTA-LANG","METTA-LANG",""
"","2","RECURSION-AND-CONTROL---METTA-LANGUAGE7.03","","Tue Nov 19 18:10:55 GMT 2024","passed","Tue Nov 19 18:10:55 GMT 2024","","METTA-LANG","METTA-LANG",""
"","2","D1-GADT.03","","Tue Nov 19 18:34:51 GMT 2024","passed","Tue Nov 19 18:34:51 GMT 2024","","QUICK","QUICK",""
"","8000","metta_lang.Controlling_pattern_matching___MeTTa_Language9","","Tue Nov 19 17:52:49 GMT 2024","passed","Tue Nov 19 17:52:57 GMT 2024","","WHOLE-TESTS","WHOLE-TESTS",""
"","3","QUERYING-SPACE-CONTENT---METTA-LANGUAGE5.03","","Tue Nov 19 18:10:55 GMT 2024","passed","Tue Nov 19 18:10:55 GMT 2024","","METTA-LANG","METTA-LANG",""
"","2","CONTROL-FLOW---METTA-LANGUAGE13.01","","Tue Nov 19 18:10:55 GMT 2024","passed","Tue Nov 19 18:10:55 GMT 2024","","METTA-LANG","METTA-LANG",""
"","8000","hyperon-experimental_scripts.b3_direct","","Tue Nov 19 17:52:49 GMT 2024","passed","Tue Nov 19 17:52:57 GMT 2024","","WHOLE-TESTS","WHOLE-TESTS",""
"","3","BASIC-GROUNDED-FUNCTIONS---METTA-LANGUAGE8.01","","Tue Nov 19 18:10:55 GMT 2024","passed","Tue Nov 19 18:10:55 GMT 2024","","METTA-LANG","METTA-LANG",""
"","16","D2-HIGHERFUNC.22","","Tue Nov 19 18:34:51 GMT 2024","passed","Tue Nov 19 18:34:51 GMT 2024","","QUICK","QUICK",""
"","2","OUTPUT-LOAD-TESTS.09","","Tue Nov 19 18:00:52 GMT 2024","passed","Tue Nov 19 18:00:52 GMT 2024","","HYPERON-METTALOG-SANITY","HYPERON-METTALOG-SANITY",""
"","6","CONSOLE-OUTPUT-AND-DEBUGGING---METTA-LANGUAGE4.01","","Tue Nov 19 18:10:55 GMT 2024","passed","Tue Nov 19 18:10:55 GMT 2024","","METTA-LANG","METTA-LANG",""
"","2","D4-TYPE-PROP.17","","Tue Nov 19 18:34:51 GMT 2024","passed","Tue Nov 19 18:34:51 GMT 2024","","QUICK","QUICK",""
"","2","C1-GROUNDED-BASIC.05","","Tue Nov 19 18:34:51 GMT 2024","passed","Tue Nov 19 18:34:51 GMT 2024","","QUICK","QUICK",""
"","2","RECURSION-AND-CONTROL---METTA-LANGUAGE2.05","","Tue Nov 19 18:10:55 GMT 2024","passed","Tue Nov 19 18:10:55 GMT 2024","","METTA-LANG","METTA-LANG",""
"","3","CONTROL-FLOW---METTA-LANGUAGE16.05","","Tue Nov 19 18:10:55 GMT 2024","passed","Tue Nov 19 18:10:55 GMT 2024","","METTA-LANG","METTA-LANG",""
"","9","D3-DEPTYPES.04","","Tue Nov 19 17:57:42 GMT 2024","passed","Tue Nov 19 17:57:42 GMT 2024","","HYPERON-EXPERIMENTAL-SCRIPTS","HYPERON-EXPERIMENTAL-SCRIPTS",""
"","3","SPACE-SUBTRACTION-TESTS.05","","Tue Nov 19 18:00:52 GMT 2024","passed","Tue Nov 19 18:00:52 GMT 2024","","HYPERON-METTALOG-SANITY","HYPERON-METTALOG-SANITY",""
"","15","D1-GADT.13","","Tue Nov 19 17:57:42 GMT 2024","passed","Tue Nov 19 17:57:42 GMT 2024","","HYPERON-EXPERIMENTAL-SCRIPTS","HYPERON-EXPERIMENTAL-SCRIPTS",""
"","2","CALL-TESTS.03","","Tue Nov 19 18:00:52 GMT 2024","passed","Tue Nov 19 18:00:52 GMT 2024","","HYPERON-METTALOG-SANITY","HYPERON-METTALOG-SANITY",""
"","2","OR-TEST.15","","Tue Nov 19 18:00:52 GMT 2024","passed","Tue Nov 19 18:00:52 GMT 2024","","HYPERON-METTALOG-SANITY","HYPERON-METTALOG-SANITY",""
"","10000","hyperon-mettalog_sanity.call_cleanup_tests","","Tue Nov 19 17:52:49 GMT 2024","passed","Tue Nov 19 17:52:59 GMT 2024","","WHOLE-TESTS","WHOLE-TESTS",""
"","2","CONTROLLING-PATTERN-MATCHING---METTA-LANGUAGE11.06","","Tue Nov 19 18:10:55 GMT 2024","passed","Tue Nov 19 18:10:55 GMT 2024","","METTA-LANG","METTA-LANG",""
"","2","D2-HIGHERFUNC.14","","Tue Nov 19 17:57:42 GMT 2024","passed","Tue Nov 19 17:57:42 GMT 2024","","HYPERON-EXPERIMENTAL-SCRIPTS","HYPERON-EXPERIMENTAL-SCRIPTS",""
"","2","CONTROL-FLOW---METTA-LANGUAGE16.06","","Tue Nov 19 18:10:55 GMT 2024","passed","Tue Nov 19 18:10:55 GMT 2024","","METTA-LANG","METTA-LANG",""
"","2","TEST-IF-CLOSED.09","","Tue Nov 19 17:52:57 GMT 2024","passed","Tue Nov 19 17:52:57 GMT 2024","","ANTI-REGRESSION","ANTI-REGRESSION",""
"","2","LIMIT-TESTS.02","","Tue Nov 19 18:00:52 GMT 2024","passed","Tue Nov 19 18:00:52 GMT 2024","","HYPERON-METTALOG-SANITY","HYPERON-METTALOG-SANITY",""
"","3","CONCRETE-TYPES---METTA-LANGUAGE1.01","","Tue Nov 19 18:10:55 GMT 2024","passed","Tue Nov 19 18:10:55 GMT 2024","","METTA-LANG","METTA-LANG",""
"","9","CONTROLLING-PATTERN-MATCHING---METTA-LANGUAGE10.08","","Tue Nov 19 18:10:55 GMT 2024","passed","Tue Nov 19 18:10:55 GMT 2024","","METTA-LANG","METTA-LANG",""
"","2","CONTROLLING-PATTERN-MATCHING---METTA-LANGUAGE12.05","","Tue Nov 19 18:10:55 GMT 2024","passed","Tue Nov 19 18:10:55 GMT 2024","","METTA-LANG","METTA-LANG",""
"","3","MINNARS.01","","Tue Nov 19 18:30:57 GMT 2024","passed","Tue Nov 19 18:30:57 GMT 2024","","METTA-MORPH-TESTS","METTA-MORPH-TESTS",""
"","159","MINIMAL-METTA-TESTS.30","","Tue Nov 19 18:00:52 GMT 2024","failed","Tue Nov 19 18:00:52 GMT 2024","","HYPERON-METTALOG-SANITY","HYPERON-METTALOG-SANITY",""
"","2","D2-HIGHERFUNC.18","","Tue Nov 19 17:57:42 GMT 2024","passed","Tue Nov 19 17:57:42 GMT 2024","","HYPERON-EXPERIMENTAL-SCRIPTS","HYPERON-EXPERIMENTAL-SCRIPTS",""
"","4","RECURSION-AND-CONTROL---METTA-LANGUAGE8.01","","Tue Nov 19 18:10:55 GMT 2024","passed","Tue Nov 19 18:10:55 GMT 2024","","METTA-LANG","METTA-LANG",""
"","2","CONSOLE-OUTPUT-AND-DEBUGGING---METTA-LANGUAGE2.09","","Tue Nov 19 18:10:55 GMT 2024","passed","Tue Nov 19 18:10:55 GMT 2024","","METTA-LANG","METTA-LANG",""
"","8000","metta_lang.Operations_over_atoms___MeTTa_Language4","","Tue Nov 19 17:52:49 GMT 2024","passed","Tue Nov 19 17:52:57 GMT 2024","","WHOLE-TESTS","WHOLE-TESTS",""
"","2","F1-MODULEA.07","","Tue Nov 19 17:57:42 GMT 2024","passed","Tue Nov 19 17:57:42 GMT 2024","","HYPERON-EXPERIMENTAL-SCRIPTS","HYPERON-EXPERIMENTAL-SCRIPTS",""
"","31000","anti-regression.debug_mettalogTestCurried","","Tue Nov 19 17:52:49 GMT 2024","passed","Tue Nov 19 17:53:20 GMT 2024","","WHOLE-TESTS","WHOLE-TESTS",""
"","3","RECURSIVE-AND-PARAMETRIC-TYPES---METTA-LANGUAGE8.01","","Tue Nov 19 18:10:55 GMT 2024","passed","Tue Nov 19 18:10:55 GMT 2024","","METTA-LANG","METTA-LANG",""
"","2","OPERATIONS-OVER-ATOMS---METTA-LANGUAGE3.04","","Tue Nov 19 18:10:55 GMT 2024","passed","Tue Nov 19 18:10:55 GMT 2024","","METTA-LANG","METTA-LANG",""
"","8000","metta_lang.Control_flow___MeTTa_Language13","","Tue Nov 19 17:52:49 GMT 2024","passed","Tue Nov 19 17:52:57 GMT 2024","","WHOLE-TESTS","WHOLE-TESTS",""
"","14","00-LANG-CASE.11","","Tue Nov 19 18:00:52 GMT 2024","passed","Tue Nov 19 18:00:52 GMT 2024","","HYPERON-METTALOG-SANITY","HYPERON-METTALOG-SANITY",""
"","8000","hyperon-experimental_scripts.a3_twoside","","Tue Nov 19 17:52:49 GMT 2024","passed","Tue Nov 19 17:52:57 GMT 2024","","WHOLE-TESTS","WHOLE-TESTS",""
"","3","RECURSION-AND-CONTROL---METTA-LANGUAGE2.03","","Tue Nov 19 18:10:55 GMT 2024","passed","Tue Nov 19 18:10:55 GMT 2024","","METTA-LANG","METTA-LANG",""
"","3","F1-MODULEA.04","","Tue Nov 19 18:34:51 GMT 2024","passed","Tue Nov 19 18:34:51 GMT 2024","","QUICK","QUICK",""
"","2","METATYPES---METTA-LANGUAGE1.11","","Tue Nov 19 18:10:55 GMT 2024","passed","Tue Nov 19 18:10:55 GMT 2024","","METTA-LANG","METTA-LANG",""
"","4","F1-MODULEA.01","","Tue Nov 19 17:57:42 GMT 2024","passed","Tue Nov 19 17:57:42 GMT 2024","","HYPERON-EXPERIMENTAL-SCRIPTS","HYPERON-EXPERIMENTAL-SCRIPTS",""
"","2","XOR-TEST.03","","Tue Nov 19 18:00:52 GMT 2024","passed","Tue Nov 19 18:00:52 GMT 2024","","HYPERON-METTALOG-SANITY","HYPERON-METTALOG-SANITY",""
"","1","CONSOLE-OUTPUT-AND-DEBUGGING---METTA-LANGUAGE5.06","","Tue Nov 19 18:10:55 GMT 2024","passed","Tue Nov 19 18:10:55 GMT 2024","","METTA-LANG","METTA-LANG",""
"","3","RECURSION-AND-CONTROL---METTA-LANGUAGE8.03","","Tue Nov 19 18:10:55 GMT 2024","passed","Tue Nov 19 18:10:55 GMT 2024","","METTA-LANG","METTA-LANG",""
"","3","METATYPES---METTA-LANGUAGE2.03","","Tue Nov 19 18:10:55 GMT 2024","passed","Tue Nov 19 18:10:55 GMT 2024","","METTA-LANG","METTA-LANG",""
"","9000","metta_lang.Working_with_spaces___MeTTa_Language10","","Tue Nov 19 17:52:49 GMT 2024","passed","Tue Nov 19 17:52:58 GMT 2024","","WHOLE-TESTS","WHOLE-TESTS",""
"","3","CONTROL-FLOW---METTA-LANGUAGE15.02","","Tue Nov 19 18:10:55 GMT 2024","passed","Tue Nov 19 18:10:55 GMT 2024","","METTA-LANG","METTA-LANG",""
"","66","B4-NONDETERM.03","","Tue Nov 19 17:57:42 GMT 2024","passed","Tue Nov 19 17:57:42 GMT 2024","","HYPERON-EXPERIMENTAL-SCRIPTS","HYPERON-EXPERIMENTAL-SCRIPTS",""
"","30","WORKING-WITH-SPACES---METTA-LANGUAGE16.02","","Tue Nov 19 18:10:55 GMT 2024","failed","Tue Nov 19 18:10:55 GMT 2024","","METTA-LANG","METTA-LANG",""
"","3","HANDLING-NONDETERMINISTIC-RESULTS---METTA-LANGUAGE6.03","","Tue Nov 19 18:10:55 GMT 2024","passed","Tue Nov 19 18:10:55 GMT 2024","","METTA-LANG","METTA-LANG",""
"","3","F1-IMPORTS.06","","Tue Nov 19 18:34:51 GMT 2024","passed","Tue Nov 19 18:34:51 GMT 2024","","QUICK","QUICK",""
"","2","FUNCTIONS-AND-UNIFICATION---METTA-LANGUAGE1.02","","Tue Nov 19 18:10:55 GMT 2024","passed","Tue Nov 19 18:10:55 GMT 2024","","METTA-LANG","METTA-LANG",""
"","2","SUPERCOLLAPSE.04","","Tue Nov 19 18:30:57 GMT 2024","passed","Tue Nov 19 18:30:57 GMT 2024","","METTA-MORPH-TESTS","METTA-MORPH-TESTS",""
"","3","HANDLING-NONDETERMINISTIC-RESULTS---METTA-LANGUAGE5.01","","Tue Nov 19 18:10:55 GMT 2024","passed","Tue Nov 19 18:10:55 GMT 2024","","METTA-LANG","METTA-LANG",""
"","1","F1-IMPORTS.10","","Tue Nov 19 18:34:51 GMT 2024","passed","Tue Nov 19 18:34:51 GMT 2024","","QUICK","QUICK",""
"","8000","metta_lang.Metatypes___MeTTa_Language1","","Tue Nov 19 17:52:49 GMT 2024","passed","Tue Nov 19 17:52:57 GMT 2024","","WHOLE-TESTS","WHOLE-TESTS",""
"","8000","metta_lang.Metatypes___MeTTa_Language3","","Tue Nov 19 17:52:49 GMT 2024","passed","Tue Nov 19 17:52:57 GMT 2024","","WHOLE-TESTS","WHOLE-TESTS",""
"","15","CONCRETE-TYPES---METTA-LANGUAGE7.03","","Tue Nov 19 18:10:55 GMT 2024","passed","Tue Nov 19 18:10:55 GMT 2024","","METTA-LANG","METTA-LANG",""
"","17","RECURSIVE-AND-PARAMETRIC-TYPES---METTA-LANGUAGE1.05","","Tue Nov 19 18:10:55 GMT 2024","failed","Tue Nov 19 18:10:55 GMT 2024","","METTA-LANG","METTA-LANG",""
"","3","C1-GROUNDED-BASIC.13","","Tue Nov 19 18:34:51 GMT 2024","passed","Tue Nov 19 18:34:51 GMT 2024","","QUICK","QUICK",""
"","85","MINIMAL-METTA-TESTS.31","","Tue Nov 19 18:00:52 GMT 2024","failed","Tue Nov 19 18:00:52 GMT 2024","","HYPERON-METTALOG-SANITY","HYPERON-METTALOG-SANITY",""
"","9000","metta_lang.Free_variables_and_nondeterminism_again_recursively___MeTTa_Language5","","Tue Nov 19 17:52:49 GMT 2024","passed","Tue Nov 19 17:52:58 GMT 2024","","WHOLE-TESTS","WHOLE-TESTS",""
"","4","BASIC-GROUNDED-FUNCTIONS---METTA-LANGUAGE4.01","","Tue Nov 19 18:10:55 GMT 2024","passed","Tue Nov 19 18:10:55 GMT 2024","","METTA-LANG","METTA-LANG",""
"","70","SEQUENTIAL-NESTED.11","","Tue Nov 19 18:30:57 GMT 2024","passed","Tue Nov 19 18:30:57 GMT 2024","","METTA-MORPH-TESTS","METTA-MORPH-TESTS",""
"","1","C1-GROUNDED-BASIC.21","","Tue Nov 19 17:57:42 GMT 2024","passed","Tue Nov 19 17:57:42 GMT 2024","","HYPERON-EXPERIMENTAL-SCRIPTS","HYPERON-EXPERIMENTAL-SCRIPTS",""
"","2","CONTROL-FLOW---METTA-LANGUAGE15.01","","Tue Nov 19 18:10:55 GMT 2024","passed","Tue Nov 19 18:10:55 GMT 2024","","METTA-LANG","METTA-LANG",""
"","2","WORKING-WITH-SPACES---METTA-LANGUAGE10.02","","Tue Nov 19 18:10:55 GMT 2024","passed","Tue Nov 19 18:10:55 GMT 2024","","METTA-LANG","METTA-LANG",""
"","2","D2-HIGHERFUNC.19","","Tue Nov 19 17:57:42 GMT 2024","passed","Tue Nov 19 17:57:42 GMT 2024","","HYPERON-EXPERIMENTAL-SCRIPTS","HYPERON-EXPERIMENTAL-SCRIPTS",""
"","5","RECURSION-AND-CONTROL---METTA-LANGUAGE4.01","","Tue Nov 19 18:10:55 GMT 2024","passed","Tue Nov 19 18:10:55 GMT 2024","","METTA-LANG","METTA-LANG",""
"","2","A3-TWOSIDE.02","","Tue Nov 19 17:57:42 GMT 2024","passed","Tue Nov 19 17:57:42 GMT 2024","","HYPERON-EXPERIMENTAL-SCRIPTS","HYPERON-EXPERIMENTAL-SCRIPTS",""
"","1","TMPMATCH2.02","","Tue Nov 19 17:52:57 GMT 2024","passed","Tue Nov 19 17:52:57 GMT 2024","","ANTI-REGRESSION","ANTI-REGRESSION",""
"","8000","hyperon-mettalog_sanity.eval_for_tests","","Tue Nov 19 17:52:49 GMT 2024","passed","Tue Nov 19 17:52:57 GMT 2024","","WHOLE-TESTS","WHOLE-TESTS",""
"","2","LIMIT-TESTS.03","","Tue Nov 19 18:00:52 GMT 2024","passed","Tue Nov 19 18:00:52 GMT 2024","","HYPERON-METTALOG-SANITY","HYPERON-METTALOG-SANITY",""
"","2","HANDLING-NONDETERMINISTIC-RESULTS---METTA-LANGUAGE2.01","","Tue Nov 19 18:10:55 GMT 2024","passed","Tue Nov 19 18:10:55 GMT 2024","","METTA-LANG","METTA-LANG",""
"","9000","metta_lang.Functions_and_unification___MeTTa_Language3","","Tue Nov 19 17:52:49 GMT 2024","passed","Tue Nov 19 17:52:58 GMT 2024","","WHOLE-TESTS","WHOLE-TESTS",""
"","15","CONCRETE-TYPES---METTA-LANGUAGE9.02","","Tue Nov 19 18:10:55 GMT 2024","failed","Tue Nov 19 18:10:55 GMT 2024","","METTA-LANG","METTA-LANG",""
"","3","METATYPES---METTA-LANGUAGE2.05","","Tue Nov 19 18:10:55 GMT 2024","passed","Tue Nov 19 18:10:55 GMT 2024","","METTA-LANG","METTA-LANG",""
"","4","C3-PLN-STV.05","","Tue Nov 19 17:57:42 GMT 2024","passed","Tue Nov 19 17:57:42 GMT 2024","","HYPERON-EXPERIMENTAL-SCRIPTS","HYPERON-EXPERIMENTAL-SCRIPTS",""
"","2","CONTROL-FLOW---METTA-LANGUAGE15.04","","Tue Nov 19 18:10:55 GMT 2024","passed","Tue Nov 19 18:10:55 GMT 2024","","METTA-LANG","METTA-LANG",""
"","4","CONTROL-FLOW---METTA-LANGUAGE3.02","","Tue Nov 19 18:10:55 GMT 2024","passed","Tue Nov 19 18:10:55 GMT 2024","","METTA-LANG","METTA-LANG",""
"","114","D5-AUTO-TYPES.04","","Tue Nov 19 17:57:42 GMT 2024","failed","Tue Nov 19 17:57:42 GMT 2024","","HYPERON-EXPERIMENTAL-SCRIPTS","HYPERON-EXPERIMENTAL-SCRIPTS",""
"","3","INTERSECTION-TESTS.11","","Tue Nov 19 18:00:52 GMT 2024","passed","Tue Nov 19 18:00:52 GMT 2024","","HYPERON-METTALOG-SANITY","HYPERON-METTALOG-SANITY",""
"","1","B0-CHAINING-PRELIM.03","","Tue Nov 19 17:57:42 GMT 2024","passed","Tue Nov 19 17:57:42 GMT 2024","","HYPERON-EXPERIMENTAL-SCRIPTS","HYPERON-EXPERIMENTAL-SCRIPTS",""
"","33","B5-TYPES-PRELIM.14","","Tue Nov 19 17:57:42 GMT 2024","failed","Tue Nov 19 17:57:42 GMT 2024","","HYPERON-EXPERIMENTAL-SCRIPTS","HYPERON-EXPERIMENTAL-SCRIPTS",""
"","1","RECURSIVE-AND-PARAMETRIC-TYPES---METTA-LANGUAGE2.04","","Tue Nov 19 18:10:55 GMT 2024","passed","Tue Nov 19 18:10:55 GMT 2024","","METTA-LANG","METTA-LANG",""
"","4","CONSOLE-OUTPUT-AND-DEBUGGING---METTA-LANGUAGE3.03","","Tue Nov 19 18:10:55 GMT 2024","passed","Tue Nov 19 18:10:55 GMT 2024","","METTA-LANG","METTA-LANG",""
"","2","SPACE-SUBTRACTION-TESTS.03","","Tue Nov 19 18:00:52 GMT 2024","passed","Tue Nov 19 18:00:52 GMT 2024","","HYPERON-METTALOG-SANITY","HYPERON-METTALOG-SANITY",""
"","3","FUNCTIONS-AND-UNIFICATION---METTA-LANGUAGE3.01","","Tue Nov 19 18:10:55 GMT 2024","passed","Tue Nov 19 18:10:55 GMT 2024","","METTA-LANG","METTA-LANG",""
"","2","HYPERPOSE.06","","Tue Nov 19 18:30:57 GMT 2024","passed","Tue Nov 19 18:30:57 GMT 2024","","METTA-MORPH-TESTS","METTA-MORPH-TESTS",""
"","49","CONTROLLING-PATTERN-MATCHING---METTA-LANGUAGE9.03","","Tue Nov 19 18:10:55 GMT 2024","failed","Tue Nov 19 18:10:55 GMT 2024","","METTA-LANG","METTA-LANG",""
"","2","OPERATIONS-OVER-ATOMS---METTA-LANGUAGE2.05","","Tue Nov 19 18:10:55 GMT 2024","passed","Tue Nov 19 18:10:55 GMT 2024","","METTA-LANG","METTA-LANG",""
"","4","02-CURRIED-PLUS.01","","Tue Nov 19 18:00:52 GMT 2024","passed","Tue Nov 19 18:00:52 GMT 2024","","HYPERON-METTALOG-SANITY","HYPERON-METTALOG-SANITY",""
"","2","SUBTRACTION-TEST.02","","Tue Nov 19 18:00:52 GMT 2024","passed","Tue Nov 19 18:00:52 GMT 2024","","HYPERON-METTALOG-SANITY","HYPERON-METTALOG-SANITY",""
"","3","HYPERPOSE.08","","Tue Nov 19 18:30:57 GMT 2024","passed","Tue Nov 19 18:30:57 GMT 2024","","METTA-MORPH-TESTS","METTA-MORPH-TESTS",""
"","2","SUBTRACTION-TEST.07","","Tue Nov 19 18:00:52 GMT 2024","passed","Tue Nov 19 18:00:52 GMT 2024","","HYPERON-METTALOG-SANITY","HYPERON-METTALOG-SANITY",""
"","84","HANDLING-NONDETERMINISTIC-RESULTS---METTA-LANGUAGE7.04","","Tue Nov 19 18:10:55 GMT 2024","passed","Tue Nov 19 18:10:55 GMT 2024","","METTA-LANG","METTA-LANG",""
"","2","D4-TYPE-PROP.10","","Tue Nov 19 18:34:51 GMT 2024","passed","Tue Nov 19 18:34:51 GMT 2024","","QUICK","QUICK",""
"","2","RECURSIVE-AND-PARAMETRIC-TYPES---METTA-LANGUAGE7.07","","Tue Nov 19 18:10:55 GMT 2024","passed","Tue Nov 19 18:10:55 GMT 2024","","METTA-LANG","METTA-LANG",""
"","8","ARITY-TESTS.04","","Tue Nov 19 18:00:52 GMT 2024","failed","Tue Nov 19 18:00:52 GMT 2024","","HYPERON-METTALOG-SANITY","HYPERON-METTALOG-SANITY",""
"","114","SPACE-INTERSECTION-TESTS.08","","Tue Nov 19 18:00:52 GMT 2024","failed","Tue Nov 19 18:00:52 GMT 2024","","HYPERON-METTALOG-SANITY","HYPERON-METTALOG-SANITY",""
"","114","MINIMAL-METTA-TESTS.36","","Tue Nov 19 18:00:52 GMT 2024","failed","Tue Nov 19 18:00:52 GMT 2024","","HYPERON-METTALOG-SANITY","HYPERON-METTALOG-SANITY",""
"","2","OR-TEST.06","","Tue Nov 19 18:00:52 GMT 2024","passed","Tue Nov 19 18:00:52 GMT 2024","","HYPERON-METTALOG-SANITY","HYPERON-METTALOG-SANITY",""
"","3","CATCH-THROW-TESTS.06","","Tue Nov 19 18:00:52 GMT 2024","passed","Tue Nov 19 18:00:52 GMT 2024","","HYPERON-METTALOG-SANITY","HYPERON-METTALOG-SANITY",""
"","8000","hyperon-mettalog_sanity.hyperpose_tests","","Tue Nov 19 17:52:49 GMT 2024","passed","Tue Nov 19 17:52:57 GMT 2024","","WHOLE-TESTS","WHOLE-TESTS",""
"","7","G1-DOCS.01","","Tue Nov 19 17:57:42 GMT 2024","passed","Tue Nov 19 17:57:42 GMT 2024","","HYPERON-EXPERIMENTAL-SCRIPTS","HYPERON-EXPERIMENTAL-SCRIPTS",""
"","47","BCHAIN-COMP.03","","Tue Nov 19 17:52:57 GMT 2024","failed","Tue Nov 19 17:52:57 GMT 2024","","ANTI-REGRESSION","ANTI-REGRESSION",""
"","1","B2-BACKCHAIN.03","","Tue Nov 19 17:57:42 GMT 2024","passed","Tue Nov 19 17:57:42 GMT 2024","","HYPERON-EXPERIMENTAL-SCRIPTS","HYPERON-EXPERIMENTAL-SCRIPTS",""
"","2","FIND-ALL-TESTS.07","","Tue Nov 19 18:00:52 GMT 2024","passed","Tue Nov 19 18:00:52 GMT 2024","","HYPERON-METTALOG-SANITY","HYPERON-METTALOG-SANITY",""
"","5","HANDLING-NONDETERMINISTIC-RESULTS---METTA-LANGUAGE1.01","","Tue Nov 19 18:10:55 GMT 2024","passed","Tue Nov 19 18:10:55 GMT 2024","","METTA-LANG","METTA-LANG",""
"","3","WORKING-WITH-SPACES---METTA-LANGUAGE8.03","","Tue Nov 19 18:10:55 GMT 2024","passed","Tue Nov 19 18:10:55 GMT 2024","","METTA-LANG","METTA-LANG",""
"","118","INTERSECTION-TESTS.21","","Tue Nov 19 18:00:52 GMT 2024","passed","Tue Nov 19 18:00:52 GMT 2024","","HYPERON-METTALOG-SANITY","HYPERON-METTALOG-SANITY",""
"","3","METATYPES---METTA-LANGUAGE7.01","","Tue Nov 19 18:10:55 GMT 2024","passed","Tue Nov 19 18:10:55 GMT 2024","","METTA-LANG","METTA-LANG",""
"","2","FUNCTIONS-AND-UNIFICATION---METTA-LANGUAGE7.04","","Tue Nov 19 18:10:55 GMT 2024","passed","Tue Nov 19 18:10:55 GMT 2024","","METTA-LANG","METTA-LANG",""
"","32","BCHAIN-COMP.04","","Tue Nov 19 17:52:57 GMT 2024","passed","Tue Nov 19 17:52:57 GMT 2024","","ANTI-REGRESSION","ANTI-REGRESSION",""
"","13","CONSOLE-OUTPUT-AND-DEBUGGING---METTA-LANGUAGE1.01","","Tue Nov 19 18:10:55 GMT 2024","failed","Tue Nov 19 18:10:55 GMT 2024","","METTA-LANG","METTA-LANG",""
"","2","D2-HIGHERFUNC.15","","Tue Nov 19 17:57:42 GMT 2024","passed","Tue Nov 19 17:57:42 GMT 2024","","HYPERON-EXPERIMENTAL-SCRIPTS","HYPERON-EXPERIMENTAL-SCRIPTS",""
"","50","B5-TYPES-PRELIM.15","","Tue Nov 19 17:57:42 GMT 2024","failed","Tue Nov 19 17:57:42 GMT 2024","","HYPERON-EXPERIMENTAL-SCRIPTS","HYPERON-EXPERIMENTAL-SCRIPTS",""
"","8000","metta_lang.Working_with_spaces___MeTTa_Language4","","Tue Nov 19 17:52:49 GMT 2024","passed","Tue Nov 19 17:52:57 GMT 2024","","WHOLE-TESTS","WHOLE-TESTS",""
"","3","FUNCTIONS-AND-UNIFICATION---METTA-LANGUAGE7.03","","Tue Nov 19 18:10:55 GMT 2024","passed","Tue Nov 19 18:10:55 GMT 2024","","METTA-LANG","METTA-LANG",""
"","5","SEALED-TEST.08","","Tue Nov 19 18:00:52 GMT 2024","passed","Tue Nov 19 18:00:52 GMT 2024","","HYPERON-METTALOG-SANITY","HYPERON-METTALOG-SANITY",""
"","2","UNIQUE-TEST.07","","Tue Nov 19 18:00:52 GMT 2024","passed","Tue Nov 19 18:00:52 GMT 2024","","HYPERON-METTALOG-SANITY","HYPERON-METTALOG-SANITY",""
"","5","C1-GROUNDED-BASIC.08","","Tue Nov 19 18:34:51 GMT 2024","passed","Tue Nov 19 18:34:51 GMT 2024","","QUICK","QUICK",""
"","5","RECURSION-AND-CONTROL---METTA-LANGUAGE5.01","","Tue Nov 19 18:10:55 GMT 2024","passed","Tue Nov 19 18:10:55 GMT 2024","","METTA-LANG","METTA-LANG",""
"","2","D2-HIGHERFUNC.04","","Tue Nov 19 18:34:51 GMT 2024","passed","Tue Nov 19 18:34:51 GMT 2024","","QUICK","QUICK",""
"","2","WORKING-WITH-SPACES---METTA-LANGUAGE2.03","","Tue Nov 19 18:10:55 GMT 2024","passed","Tue Nov 19 18:10:55 GMT 2024","","METTA-LANG","METTA-LANG",""
"","8000","metta_lang.Controlling_pattern_matching___MeTTa_Language1","","Tue Nov 19 17:52:49 GMT 2024","passed","Tue Nov 19 17:52:57 GMT 2024","","WHOLE-TESTS","WHOLE-TESTS",""
"","3","CONTROLLING-PATTERN-MATCHING---METTA-LANGUAGE1.01","","Tue Nov 19 18:10:55 GMT 2024","passed","Tue Nov 19 18:10:55 GMT 2024","","METTA-LANG","METTA-LANG",""
"","2","SUBTRACTION-TEST.06","","Tue Nov 19 18:00:52 GMT 2024","passed","Tue Nov 19 18:00:52 GMT 2024","","HYPERON-METTALOG-SANITY","HYPERON-METTALOG-SANITY",""
"","8000","metta_lang.Working_with_spaces___MeTTa_Language16","","Tue Nov 19 17:52:49 GMT 2024","passed","Tue Nov 19 17:52:57 GMT 2024","","WHOLE-TESTS","WHOLE-TESTS",""
"","5","C3-PLN-STV.01","","Tue Nov 19 17:57:42 GMT 2024","passed","Tue Nov 19 17:57:42 GMT 2024","","HYPERON-EXPERIMENTAL-SCRIPTS","HYPERON-EXPERIMENTAL-SCRIPTS",""
"","2","CALL-TESTS.04","","Tue Nov 19 18:00:52 GMT 2024","passed","Tue Nov 19 18:00:52 GMT 2024","","HYPERON-METTALOG-SANITY","HYPERON-METTALOG-SANITY",""
"","2","HANDLING-NONDETERMINISTIC-RESULTS---METTA-LANGUAGE1.03","","Tue Nov 19 18:10:55 GMT 2024","passed","Tue Nov 19 18:10:55 GMT 2024","","METTA-LANG","METTA-LANG",""
"","2","HANDLING-NONDETERMINISTIC-RESULTS---METTA-LANGUAGE8.04","","Tue Nov 19 18:10:55 GMT 2024","passed","Tue Nov 19 18:10:55 GMT 2024","","METTA-LANG","METTA-LANG",""
"","3","D2-HIGHERFUNC.24","","Tue Nov 19 17:57:42 GMT 2024","passed","Tue Nov 19 17:57:42 GMT 2024","","HYPERON-EXPERIMENTAL-SCRIPTS","HYPERON-EXPERIMENTAL-SCRIPTS",""
"","71","MINIMAL-METTA-TESTS.20","","Tue Nov 19 18:00:52 GMT 2024","failed","Tue Nov 19 18:00:52 GMT 2024","","HYPERON-METTALOG-SANITY","HYPERON-METTALOG-SANITY",""
"","1","F1-IMPORTS.09","","Tue Nov 19 18:34:51 GMT 2024","passed","Tue Nov 19 18:34:51 GMT 2024","","QUICK","QUICK",""
"","3","MAX-TIME-TESTS.01","","Tue Nov 19 18:00:52 GMT 2024","passed","Tue Nov 19 18:00:52 GMT 2024","","HYPERON-METTALOG-SANITY","HYPERON-METTALOG-SANITY",""
"","192","TIME-SYNTHESIZE.01","","Tue Nov 19 18:08:09 GMT 2024","failed","Tue Nov 19 18:08:09 GMT 2024","","SYNTH-BUFFER","SYNTH-BUFFER",""
"","8000","metta_lang.Basic_evaluation___MeTTa_Language2","","Tue Nov 19 17:52:49 GMT 2024","passed","Tue Nov 19 17:52:57 GMT 2024","","WHOLE-TESTS","WHOLE-TESTS",""
"","9000","metta_lang.Concrete_types___MeTTa_Language8","","Tue Nov 19 17:52:49 GMT 2024","passed","Tue Nov 19 17:52:58 GMT 2024","","WHOLE-TESTS","WHOLE-TESTS",""
"","2","C1-GROUNDED-BASIC.09","","Tue Nov 19 18:34:51 GMT 2024","passed","Tue Nov 19 18:34:51 GMT 2024","","QUICK","QUICK",""
"","2","SEQUENTIAL-NESTED.07","","Tue Nov 19 18:30:57 GMT 2024","passed","Tue Nov 19 18:30:57 GMT 2024","","METTA-MORPH-TESTS","METTA-MORPH-TESTS",""
"","89","CALL-CLEANUP-TESTS.06","","Tue Nov 19 18:00:52 GMT 2024","failed","Tue Nov 19 18:00:52 GMT 2024","","HYPERON-METTALOG-SANITY","HYPERON-METTALOG-SANITY",""
"","9000","metta_lang.Control_flow___MeTTa_Language7","","Tue Nov 19 17:52:49 GMT 2024","passed","Tue Nov 19 17:52:58 GMT 2024","","WHOLE-TESTS","WHOLE-TESTS",""
"","13","CONCRETE-TYPES---METTA-LANGUAGE6.01","","Tue Nov 19 18:10:55 GMT 2024","failed","Tue Nov 19 18:10:55 GMT 2024","","METTA-LANG","METTA-LANG",""
"","2","FIND-ALL-TESTS.04","","Tue Nov 19 18:00:52 GMT 2024","passed","Tue Nov 19 18:00:52 GMT 2024","","HYPERON-METTALOG-SANITY","HYPERON-METTALOG-SANITY",""
"","2","HANDLING-NONDETERMINISTIC-RESULTS---METTA-LANGUAGE1.02","","Tue Nov 19 18:10:55 GMT 2024","passed","Tue Nov 19 18:10:55 GMT 2024","","METTA-LANG","METTA-LANG",""
"","2","D2-HIGHERFUNC.09","","Tue Nov 19 18:34:51 GMT 2024","passed","Tue Nov 19 18:34:51 GMT 2024","","QUICK","QUICK",""
"","4","LIMIT-TESTS.01","","Tue Nov 19 18:00:52 GMT 2024","passed","Tue Nov 19 18:00:52 GMT 2024","","HYPERON-METTALOG-SANITY","HYPERON-METTALOG-SANITY",""
"","104","B4-NONDETERM.01","","Tue Nov 19 17:57:42 GMT 2024","passed","Tue Nov 19 17:57:42 GMT 2024","","HYPERON-EXPERIMENTAL-SCRIPTS","HYPERON-EXPERIMENTAL-SCRIPTS",""
"","2","WORKING-WITH-SPACES---METTA-LANGUAGE9.01","","Tue Nov 19 18:10:55 GMT 2024","passed","Tue Nov 19 18:10:55 GMT 2024","","METTA-LANG","METTA-LANG",""
"","2","TEST-IF-CLOSED.04","","Tue Nov 19 17:52:57 GMT 2024","passed","Tue Nov 19 17:52:57 GMT 2024","","ANTI-REGRESSION","ANTI-REGRESSION",""
"","4","NESTED-QUERIES-AND-RECURSIVE-GRAPH-TRAVERSAL---METTA-LANGUAGE3.01","","Tue Nov 19 18:10:55 GMT 2024","passed","Tue Nov 19 18:10:55 GMT 2024","","METTA-LANG","METTA-LANG",""
"","1","SPACE-INTERSECTION-TESTS.11","","Tue Nov 19 18:00:52 GMT 2024","passed","Tue Nov 19 18:00:52 GMT 2024","","HYPERON-METTALOG-SANITY","HYPERON-METTALOG-SANITY",""
"","1","HANDLING-NONDETERMINISTIC-RESULTS---METTA-LANGUAGE4.02","","Tue Nov 19 18:10:55 GMT 2024","passed","Tue Nov 19 18:10:55 GMT 2024","","METTA-LANG","METTA-LANG",""
"","74","F1-IMPORTS.16","","Tue Nov 19 17:52:41 GMT 2024","passed","Tue Nov 19 17:52:41 GMT 2024","","MODULE-SYSTEM","MODULE-SYSTEM",""
"","2","CONSOLE-OUTPUT-AND-DEBUGGING---METTA-LANGUAGE2.08","","Tue Nov 19 18:10:55 GMT 2024","passed","Tue Nov 19 18:10:55 GMT 2024","","METTA-LANG","METTA-LANG",""
"","2","CONCRETE-TYPES---METTA-LANGUAGE7.05","","Tue Nov 19 18:10:55 GMT 2024","passed","Tue Nov 19 18:10:55 GMT 2024","","METTA-LANG","METTA-LANG",""
"","67","RECURSIVE-AND-PARAMETRIC-TYPES---METTA-LANGUAGE4.02","","Tue Nov 19 18:10:55 GMT 2024","failed","Tue Nov 19 18:10:55 GMT 2024","","METTA-LANG","METTA-LANG",""
"","2","D2-HIGHERFUNC.13","","Tue Nov 19 18:34:51 GMT 2024","passed","Tue Nov 19 18:34:51 GMT 2024","","QUICK","QUICK",""
"","4","CONTROL-FLOW---METTA-LANGUAGE16.01","","Tue Nov 19 18:10:55 GMT 2024","passed","Tue Nov 19 18:10:55 GMT 2024","","METTA-LANG","METTA-LANG",""
"","2","B1-EQUAL-CHAIN.03","","Tue Nov 19 17:57:42 GMT 2024","passed","Tue Nov 19 17:57:42 GMT 2024","","HYPERON-EXPERIMENTAL-SCRIPTS","HYPERON-EXPERIMENTAL-SCRIPTS",""
"","8000","metta_lang.Controlling_pattern_matching___MeTTa_Language3","","Tue Nov 19 17:52:49 GMT 2024","passed","Tue Nov 19 17:52:57 GMT 2024","","WHOLE-TESTS","WHOLE-TESTS",""
"","6","E1-KB-WRITE.02","","Tue Nov 19 17:57:42 GMT 2024","passed","Tue Nov 19 17:57:42 GMT 2024","","HYPERON-EXPERIMENTAL-SCRIPTS","HYPERON-EXPERIMENTAL-SCRIPTS",""
"","1","D1-GADT.07","","Tue Nov 19 17:57:42 GMT 2024","passed","Tue Nov 19 17:57:42 GMT 2024","","HYPERON-EXPERIMENTAL-SCRIPTS","HYPERON-EXPERIMENTAL-SCRIPTS",""
"","1","D4-TYPE-PROP.14","","Tue Nov 19 17:57:42 GMT 2024","passed","Tue Nov 19 17:57:42 GMT 2024","","HYPERON-EXPERIMENTAL-SCRIPTS","HYPERON-EXPERIMENTAL-SCRIPTS",""
"","8000","metta_lang.Free_variables_and_nondeterminism_again,_recursively___MeTTa_Language3","","Tue Nov 19 17:52:49 GMT 2024","passed","Tue Nov 19 17:52:57 GMT 2024","","WHOLE-TESTS","WHOLE-TESTS",""
"","1","SPACE-INTERSECTION-TESTS.04","","Tue Nov 19 18:00:52 GMT 2024","passed","Tue Nov 19 18:00:52 GMT 2024","","HYPERON-METTALOG-SANITY","HYPERON-METTALOG-SANITY",""
"","2","WORKING-WITH-SPACES---METTA-LANGUAGE1.07","","Tue Nov 19 18:10:55 GMT 2024","passed","Tue Nov 19 18:10:55 GMT 2024","","METTA-LANG","METTA-LANG",""
"","1","QUERYING-SPACE-CONTENT---METTA-LANGUAGE5.02","","Tue Nov 19 18:10:55 GMT 2024","passed","Tue Nov 19 18:10:55 GMT 2024","","METTA-LANG","METTA-LANG",""
"","2","HANDLING-NONDETERMINISTIC-RESULTS---METTA-LANGUAGE5.03","","Tue Nov 19 18:10:55 GMT 2024","passed","Tue Nov 19 18:10:55 GMT 2024","","METTA-LANG","METTA-LANG",""
"","2","STRING-TESTS.16","","Tue Nov 19 18:00:52 GMT 2024","passed","Tue Nov 19 18:00:52 GMT 2024","","HYPERON-METTALOG-SANITY","HYPERON-METTALOG-SANITY",""
"","19","HANDLING-NONDETERMINISTIC-RESULTS---METTA-LANGUAGE4.01","","Tue Nov 19 18:10:55 GMT 2024","failed","Tue Nov 19 18:10:55 GMT 2024","","METTA-LANG","METTA-LANG",""
"","3","CONTROLLING-PATTERN-MATCHING---METTA-LANGUAGE12.13","","Tue Nov 19 18:10:55 GMT 2024","passed","Tue Nov 19 18:10:55 GMT 2024","","METTA-LANG","METTA-LANG",""
"","48","BC-COMP.03","","Tue Nov 19 17:52:57 GMT 2024","failed","Tue Nov 19 17:52:57 GMT 2024","","ANTI-REGRESSION","ANTI-REGRESSION",""
"","16","CONCRETE-TYPES---METTA-LANGUAGE6.02","","Tue Nov 19 18:10:55 GMT 2024","failed","Tue Nov 19 18:10:55 GMT 2024","","METTA-LANG","METTA-LANG",""
"","3","CALL-CLEANUP-TESTS.05","","Tue Nov 19 18:00:52 GMT 2024","passed","Tue Nov 19 18:00:52 GMT 2024","","HYPERON-METTALOG-SANITY","HYPERON-METTALOG-SANITY",""
"","2","BASIC-GROUNDED-FUNCTIONS---METTA-LANGUAGE6.01","","Tue Nov 19 18:10:55 GMT 2024","passed","Tue Nov 19 18:10:55 GMT 2024","","METTA-LANG","METTA-LANG",""
"","1","LIMIT-TESTS.18","","Tue Nov 19 18:00:52 GMT 2024","passed","Tue Nov 19 18:00:52 GMT 2024","","HYPERON-METTALOG-SANITY","HYPERON-METTALOG-SANITY",""
"","2","F1-IMPORTS.07","","Tue Nov 19 17:52:41 GMT 2024","passed","Tue Nov 19 17:52:41 GMT 2024","","MODULE-SYSTEM","MODULE-SYSTEM",""
"","2","METATYPES---METTA-LANGUAGE6.01","","Tue Nov 19 18:10:55 GMT 2024","passed","Tue Nov 19 18:10:55 GMT 2024","","METTA-LANG","METTA-LANG",""
"","3","CONTROLLING-PATTERN-MATCHING---METTA-LANGUAGE10.05","","Tue Nov 19 18:10:55 GMT 2024","passed","Tue Nov 19 18:10:55 GMT 2024","","METTA-LANG","METTA-LANG",""
"","3","C1-GROUNDED-BASIC.21","","Tue Nov 19 18:34:51 GMT 2024","passed","Tue Nov 19 18:34:51 GMT 2024","","QUICK","QUICK",""
"","1","OR-TEST.18","","Tue Nov 19 18:00:52 GMT 2024","passed","Tue Nov 19 18:00:52 GMT 2024","","HYPERON-METTALOG-SANITY","HYPERON-METTALOG-SANITY",""
"","52","MINIMAL-METTA-TESTS.12","","Tue Nov 19 18:00:52 GMT 2024","passed","Tue Nov 19 18:00:52 GMT 2024","","HYPERON-METTALOG-SANITY","HYPERON-METTALOG-SANITY",""
"","2","SUBTRACTION-TEST.05","","Tue Nov 19 18:00:52 GMT 2024","passed","Tue Nov 19 18:00:52 GMT 2024","","HYPERON-METTALOG-SANITY","HYPERON-METTALOG-SANITY",""
"","1","CALL-TESTS.07","","Tue Nov 19 18:00:52 GMT 2024","passed","Tue Nov 19 18:00:52 GMT 2024","","HYPERON-METTALOG-SANITY","HYPERON-METTALOG-SANITY",""
"","5","D2-HIGHERFUNC.01","","Tue Nov 19 18:34:51 GMT 2024","passed","Tue Nov 19 18:34:51 GMT 2024","","QUICK","QUICK",""
"","8000","hyperon-mettalog_sanity.base_test_repr_parse_intersection","","Tue Nov 19 17:52:49 GMT 2024","passed","Tue Nov 19 17:52:57 GMT 2024","","WHOLE-TESTS","WHOLE-TESTS",""
"","2","ARITY-TESTS.03","","Tue Nov 19 18:00:52 GMT 2024","passed","Tue Nov 19 18:00:52 GMT 2024","","HYPERON-METTALOG-SANITY","HYPERON-METTALOG-SANITY",""
"","8000","metta_lang.Querying_space_content___MeTTa_Language4","","Tue Nov 19 17:52:49 GMT 2024","passed","Tue Nov 19 17:52:57 GMT 2024","","WHOLE-TESTS","WHOLE-TESTS",""
"","8000","hyperon-experimental_scripts.a1_symbols","","Tue Nov 19 17:52:49 GMT 2024","passed","Tue Nov 19 17:52:57 GMT 2024","","WHOLE-TESTS","WHOLE-TESTS",""
"","8000","metta_lang.Control_flow___MeTTa_Language2","","Tue Nov 19 17:52:49 GMT 2024","passed","Tue Nov 19 17:52:57 GMT 2024","","WHOLE-TESTS","WHOLE-TESTS",""
"","2","SUPERCOLLAPSE.02","","Tue Nov 19 18:30:57 GMT 2024","passed","Tue Nov 19 18:30:57 GMT 2024","","METTA-MORPH-TESTS","METTA-MORPH-TESTS",""
"","10","WORKING-WITH-SPACES---METTA-LANGUAGE11.02","","Tue Nov 19 18:10:55 GMT 2024","failed","Tue Nov 19 18:10:55 GMT 2024","","METTA-LANG","METTA-LANG",""
"","1","HANDLING-NONDETERMINISTIC-RESULTS---METTA-LANGUAGE6.02","","Tue Nov 19 18:10:55 GMT 2024","passed","Tue Nov 19 18:10:55 GMT 2024","","METTA-LANG","METTA-LANG",""
"","74","D2-HIGHERFUNC.07","","Tue Nov 19 18:34:51 GMT 2024","failed","Tue Nov 19 18:34:51 GMT 2024","","QUICK","QUICK",""
"","155","MINIMAL-METTA-TESTS.27","","Tue Nov 19 18:00:52 GMT 2024","failed","Tue Nov 19 18:00:52 GMT 2024","","HYPERON-METTALOG-SANITY","HYPERON-METTALOG-SANITY",""
"","4","FREE-VARIABLES-AND-NONDETERMINISM-AGAIN-RECURSIVELY---METTA-LANGUAGE5.02","","Tue Nov 19 18:10:55 GMT 2024","passed","Tue Nov 19 18:10:55 GMT 2024","","METTA-LANG","METTA-LANG",""
"","8000","metta_lang.Console_output_and_debugging___MeTTa_Language10","","Tue Nov 19 17:52:49 GMT 2024","passed","Tue Nov 19 17:52:57 GMT 2024","","WHOLE-TESTS","WHOLE-TESTS",""
"","1","F1-IMPORTS.09","","Tue Nov 19 17:52:41 GMT 2024","passed","Tue Nov 19 17:52:41 GMT 2024","","MODULE-SYSTEM","MODULE-SYSTEM",""
"","3","SPACE-SUBTRACTION-TESTS.01","","Tue Nov 19 18:00:52 GMT 2024","passed","Tue Nov 19 18:00:52 GMT 2024","","HYPERON-METTALOG-SANITY","HYPERON-METTALOG-SANITY",""
"","61","D5-AUTO-TYPES.01","","Tue Nov 19 17:57:42 GMT 2024","failed","Tue Nov 19 17:57:42 GMT 2024","","HYPERON-EXPERIMENTAL-SCRIPTS","HYPERON-EXPERIMENTAL-SCRIPTS",""
"","9000","hyperon-experimental_scripts.c3_pln_stv","","Tue Nov 19 17:52:49 GMT 2024","passed","Tue Nov 19 17:52:58 GMT 2024","","WHOLE-TESTS","WHOLE-TESTS",""
"","3","RECURSION-AND-CONTROL---METTA-LANGUAGE6.04","","Tue Nov 19 18:10:55 GMT 2024","passed","Tue Nov 19 18:10:55 GMT 2024","","METTA-LANG","METTA-LANG",""
"","8000","hyperon-mettalog_sanity.space_subtraction_tests","","Tue Nov 19 17:52:49 GMT 2024","passed","Tue Nov 19 17:52:57 GMT 2024","","WHOLE-TESTS","WHOLE-TESTS",""
"","2","WORKING-WITH-SPACES---METTA-LANGUAGE12.03","","Tue Nov 19 18:10:55 GMT 2024","passed","Tue Nov 19 18:10:55 GMT 2024","","METTA-LANG","METTA-LANG",""
"","8000","hyperon-experimental_scripts.b5_types_prelim","","Tue Nov 19 17:52:49 GMT 2024","passed","Tue Nov 19 17:52:57 GMT 2024","","WHOLE-TESTS","WHOLE-TESTS",""
"","68","BASIC-EVALUATION---METTA-LANGUAGE13.01","","Tue Nov 19 18:10:55 GMT 2024","failed","Tue Nov 19 18:10:55 GMT 2024","","METTA-LANG","METTA-LANG",""
"","2","CONTROLLING-PATTERN-MATCHING---METTA-LANGUAGE12.11","","Tue Nov 19 18:10:55 GMT 2024","passed","Tue Nov 19 18:10:55 GMT 2024","","METTA-LANG","METTA-LANG",""
"","2","RECURSION-AND-CONTROL---METTA-LANGUAGE3.05","","Tue Nov 19 18:10:55 GMT 2024","passed","Tue Nov 19 18:10:55 GMT 2024","","METTA-LANG","METTA-LANG",""
"","3","D3-DEPTYPES.05","","Tue Nov 19 17:57:42 GMT 2024","passed","Tue Nov 19 17:57:42 GMT 2024","","HYPERON-EXPERIMENTAL-SCRIPTS","HYPERON-EXPERIMENTAL-SCRIPTS",""
"","15","D1-GADT.04","","Tue Nov 19 17:57:42 GMT 2024","passed","Tue Nov 19 17:57:42 GMT 2024","","HYPERON-EXPERIMENTAL-SCRIPTS","HYPERON-EXPERIMENTAL-SCRIPTS",""
"","5","CONCRETE-TYPES---METTA-LANGUAGE10.01","","Tue Nov 19 18:10:55 GMT 2024","passed","Tue Nov 19 18:10:55 GMT 2024","","METTA-LANG","METTA-LANG",""
"","3","METATYPES---METTA-LANGUAGE1.03","","Tue Nov 19 18:10:55 GMT 2024","passed","Tue Nov 19 18:10:55 GMT 2024","","METTA-LANG","METTA-LANG",""
"","2","B1-EQUAL-CHAIN.04","","Tue Nov 19 17:57:42 GMT 2024","passed","Tue Nov 19 17:57:42 GMT 2024","","HYPERON-EXPERIMENTAL-SCRIPTS","HYPERON-EXPERIMENTAL-SCRIPTS",""
"","2","FIRST-ANSWER.01","","Tue Nov 19 18:00:52 GMT 2024","passed","Tue Nov 19 18:00:52 GMT 2024","","HYPERON-METTALOG-SANITY","HYPERON-METTALOG-SANITY",""
"","1","FUNCTIONS-AND-UNIFICATION---METTA-LANGUAGE2.04","","Tue Nov 19 18:10:55 GMT 2024","passed","Tue Nov 19 18:10:55 GMT 2024","","METTA-LANG","METTA-LANG",""
"","4","CONTROLLING-PATTERN-MATCHING---METTA-LANGUAGE8.01","","Tue Nov 19 18:10:55 GMT 2024","passed","Tue Nov 19 18:10:55 GMT 2024","","METTA-LANG","METTA-LANG",""
"","2","D2-HIGHERFUNC.26","","Tue Nov 19 17:57:42 GMT 2024","passed","Tue Nov 19 17:57:42 GMT 2024","","HYPERON-EXPERIMENTAL-SCRIPTS","HYPERON-EXPERIMENTAL-SCRIPTS",""
"","2","F1-IMPORTS.10","","Tue Nov 19 17:57:42 GMT 2024","passed","Tue Nov 19 17:57:42 GMT 2024","","HYPERON-EXPERIMENTAL-SCRIPTS","HYPERON-EXPERIMENTAL-SCRIPTS",""
"","2","D4-TYPE-PROP.18","","Tue Nov 19 17:57:42 GMT 2024","passed","Tue Nov 19 17:57:42 GMT 2024","","HYPERON-EXPERIMENTAL-SCRIPTS","HYPERON-EXPERIMENTAL-SCRIPTS",""
"","9000","metta_lang.Basic_grounded_functions___MeTTa_Language6","","Tue Nov 19 17:52:49 GMT 2024","passed","Tue Nov 19 17:52:58 GMT 2024","","WHOLE-TESTS","WHOLE-TESTS",""
"","2","METATYPES---METTA-LANGUAGE2.08","","Tue Nov 19 18:10:55 GMT 2024","passed","Tue Nov 19 18:10:55 GMT 2024","","METTA-LANG","METTA-LANG",""
"","8000","hyperon-experimental_scripts.e2_states","","Tue Nov 19 17:52:49 GMT 2024","passed","Tue Nov 19 17:52:57 GMT 2024","","WHOLE-TESTS","WHOLE-TESTS",""
"","10","ARITY-TESTS.02","","Tue Nov 19 18:00:52 GMT 2024","failed","Tue Nov 19 18:00:52 GMT 2024","","HYPERON-METTALOG-SANITY","HYPERON-METTALOG-SANITY",""
"","4","PRINT-GRAPH.01","","Tue Nov 19 17:55:48 GMT 2024","passed","Tue Nov 19 17:55:48 GMT 2024","","METTA-WAM-ISSUE-145","METTA-WAM-ISSUE-145",""
"","153","TEST-SPO-5000.01","","Tue Nov 19 17:54:03 GMT 2024","passed","Tue Nov 19 17:54:03 GMT 2024","","METTA-WAM-ISSUE-116","METTA-WAM-ISSUE-116",""
"","8000","metta_lang.Basic_grounded_functions___MeTTa_Language5","","Tue Nov 19 17:52:49 GMT 2024","passed","Tue Nov 19 17:52:57 GMT 2024","","WHOLE-TESTS","WHOLE-TESTS",""
"","117","WORKING-WITH-SPACES---METTA-LANGUAGE8.02","","Tue Nov 19 18:10:55 GMT 2024","failed","Tue Nov 19 18:10:55 GMT 2024","","METTA-LANG","METTA-LANG",""
"","1","MATCH-VOID.10","","Tue Nov 19 18:30:57 GMT 2024","passed","Tue Nov 19 18:30:57 GMT 2024","","METTA-MORPH-TESTS","METTA-MORPH-TESTS",""
"","1","CALL-CLEANUP-TESTS.02","","Tue Nov 19 18:00:52 GMT 2024","passed","Tue Nov 19 18:00:52 GMT 2024","","HYPERON-METTALOG-SANITY","HYPERON-METTALOG-SANITY",""
"","1","BASIC-GROUNDED-FUNCTIONS---METTA-LANGUAGE7.02","","Tue Nov 19 18:10:55 GMT 2024","passed","Tue Nov 19 18:10:55 GMT 2024","","METTA-LANG","METTA-LANG",""
"","42000","hyperon-mettalog_sanity.output_load_tests","","Tue Nov 19 17:52:49 GMT 2024","failed","Tue Nov 19 17:53:31 GMT 2024","","WHOLE-TESTS","WHOLE-TESTS",""
"","8000","metta_lang.Working_with_spaces___MeTTa_Language7","","Tue Nov 19 17:52:49 GMT 2024","passed","Tue Nov 19 17:52:57 GMT 2024","","WHOLE-TESTS","WHOLE-TESTS",""
"","2","HANDLING-NONDETERMINISTIC-RESULTS---METTA-LANGUAGE8.05","","Tue Nov 19 18:10:55 GMT 2024","passed","Tue Nov 19 18:10:55 GMT 2024","","METTA-LANG","METTA-LANG",""
"","8000","metta_lang.Control_flow___MeTTa_Language12","","Tue Nov 19 17:52:49 GMT 2024","passed","Tue Nov 19 17:52:57 GMT 2024","","WHOLE-TESTS","WHOLE-TESTS",""
"","4","RUST-02.01","","Tue Nov 19 18:35:43 GMT 2024","passed","Tue Nov 19 18:35:43 GMT 2024","","BASELINE-COMPAT","BASELINE-COMPAT",""
"","2","CATCH-THROW-TESTS.05","","Tue Nov 19 18:00:52 GMT 2024","passed","Tue Nov 19 18:00:52 GMT 2024","","HYPERON-METTALOG-SANITY","HYPERON-METTALOG-SANITY",""
"","16","SPACE-INTERSECTION-TESTS.16","","Tue Nov 19 18:00:52 GMT 2024","failed","Tue Nov 19 18:00:52 GMT 2024","","HYPERON-METTALOG-SANITY","HYPERON-METTALOG-SANITY",""
"","47000","hyperon-mettalog_sanity.py_types","","Tue Nov 19 17:52:49 GMT 2024","failed","Tue Nov 19 17:53:36 GMT 2024","","WHOLE-TESTS","WHOLE-TESTS",""
"","1","INTERSECTION-TESTS.09","","Tue Nov 19 18:00:52 GMT 2024","passed","Tue Nov 19 18:00:52 GMT 2024","","HYPERON-METTALOG-SANITY","HYPERON-METTALOG-SANITY",""
"","8","ARITY-TESTS.06","","Tue Nov 19 18:00:52 GMT 2024","failed","Tue Nov 19 18:00:52 GMT 2024","","HYPERON-METTALOG-SANITY","HYPERON-METTALOG-SANITY",""
"","2","D1-GADT.10","","Tue Nov 19 18:34:51 GMT 2024","passed","Tue Nov 19 18:34:51 GMT 2024","","QUICK","QUICK",""
"","2","TMPMATCH2.03","","Tue Nov 19 17:52:57 GMT 2024","passed","Tue Nov 19 17:52:57 GMT 2024","","ANTI-REGRESSION","ANTI-REGRESSION",""
"","4","BASIC-EVALUATION---METTA-LANGUAGE2.01","","Tue Nov 19 18:10:55 GMT 2024","passed","Tue Nov 19 18:10:55 GMT 2024","","METTA-LANG","METTA-LANG",""
"","177","TIME-SYNTHESIZE.03","","Tue Nov 19 18:08:09 GMT 2024","failed","Tue Nov 19 18:08:09 GMT 2024","","SYNTH-BUFFER","SYNTH-BUFFER",""
"","9000","hyperon-experimental_scripts.b4_nondeterm","","Tue Nov 19 17:52:49 GMT 2024","passed","Tue Nov 19 17:52:58 GMT 2024","","WHOLE-TESTS","WHOLE-TESTS",""
"","2","MATCH-SUPERPOSED-SPACES.05","","Tue Nov 19 18:30:57 GMT 2024","passed","Tue Nov 19 18:30:57 GMT 2024","","METTA-MORPH-TESTS","METTA-MORPH-TESTS",""
"","3","C1-GROUNDED-BASIC.07","","Tue Nov 19 18:34:51 GMT 2024","passed","Tue Nov 19 18:34:51 GMT 2024","","QUICK","QUICK",""
"","8000","hyperon-mettalog_sanity.what_evals_or_not","","Tue Nov 19 17:52:49 GMT 2024","passed","Tue Nov 19 17:52:57 GMT 2024","","WHOLE-TESTS","WHOLE-TESTS",""
"","2","OPERATIONS-OVER-ATOMS---METTA-LANGUAGE7.01","","Tue Nov 19 18:10:55 GMT 2024","passed","Tue Nov 19 18:10:55 GMT 2024","","METTA-LANG","METTA-LANG",""
"","2","INTERSECTION-TESTS.22","","Tue Nov 19 18:00:52 GMT 2024","passed","Tue Nov 19 18:00:52 GMT 2024","","HYPERON-METTALOG-SANITY","HYPERON-METTALOG-SANITY",""
"","1","E3-MATCH-STATES.04","","Tue Nov 19 17:57:42 GMT 2024","passed","Tue Nov 19 17:57:42 GMT 2024","","HYPERON-EXPERIMENTAL-SCRIPTS","HYPERON-EXPERIMENTAL-SCRIPTS",""
"","137","TESTS0.01","","Tue Nov 19 18:30:57 GMT 2024","passed","Tue Nov 19 18:30:57 GMT 2024","","METTA-MORPH-TESTS","METTA-MORPH-TESTS",""
"","49","B5-TYPES-PRELIM.02","","Tue Nov 19 17:57:42 GMT 2024","failed","Tue Nov 19 17:57:42 GMT 2024","","HYPERON-EXPERIMENTAL-SCRIPTS","HYPERON-EXPERIMENTAL-SCRIPTS",""
"","1","B3-DIRECT.03","","Tue Nov 19 17:57:42 GMT 2024","passed","Tue Nov 19 17:57:42 GMT 2024","","HYPERON-EXPERIMENTAL-SCRIPTS","HYPERON-EXPERIMENTAL-SCRIPTS",""
"","3","FUNCTIONS-AND-UNIFICATION---METTA-LANGUAGE2.06","","Tue Nov 19 18:10:55 GMT 2024","passed","Tue Nov 19 18:10:55 GMT 2024","","METTA-LANG","METTA-LANG",""
"","50","D5-AUTO-TYPES.03","","Tue Nov 19 17:57:42 GMT 2024","failed","Tue Nov 19 17:57:42 GMT 2024","","HYPERON-EXPERIMENTAL-SCRIPTS","HYPERON-EXPERIMENTAL-SCRIPTS",""
"","8000","metta_lang.Recursive_and_parametric_types___MeTTa_Language5","","Tue Nov 19 17:52:49 GMT 2024","passed","Tue Nov 19 17:52:57 GMT 2024","","WHOLE-TESTS","WHOLE-TESTS",""
"","3","TEST-SPO-100.01","","Tue Nov 19 17:54:03 GMT 2024","passed","Tue Nov 19 17:54:03 GMT 2024","","METTA-WAM-ISSUE-116","METTA-WAM-ISSUE-116",""
"","12","F1-IMPORTS.04","","Tue Nov 19 17:52:41 GMT 2024","failed","Tue Nov 19 17:52:41 GMT 2024","","MODULE-SYSTEM","MODULE-SYSTEM",""
"","2","B0-CHAINING-PRELIM.05","","Tue Nov 19 17:57:42 GMT 2024","passed","Tue Nov 19 17:57:42 GMT 2024","","HYPERON-EXPERIMENTAL-SCRIPTS","HYPERON-EXPERIMENTAL-SCRIPTS",""
"","1","D4-TYPE-PROP.09","","Tue Nov 19 18:34:51 GMT 2024","passed","Tue Nov 19 18:34:51 GMT 2024","","QUICK","QUICK",""
"","5","F1-IMPORTS.01","","Tue Nov 19 17:52:41 GMT 2024","passed","Tue Nov 19 17:52:41 GMT 2024","","MODULE-SYSTEM","MODULE-SYSTEM",""
"","2","B4-NONDETERM.05","","Tue Nov 19 17:57:42 GMT 2024","passed","Tue Nov 19 17:57:42 GMT 2024","","HYPERON-EXPERIMENTAL-SCRIPTS","HYPERON-EXPERIMENTAL-SCRIPTS",""
"","91","HANDLING-NONDETERMINISTIC-RESULTS---METTA-LANGUAGE6.04","","Tue Nov 19 18:10:55 GMT 2024","passed","Tue Nov 19 18:10:55 GMT 2024","","METTA-LANG","METTA-LANG",""
"","8000","metta_lang.Basic_grounded_functions___MeTTa_Language8","","Tue Nov 19 17:52:49 GMT 2024","passed","Tue Nov 19 17:52:57 GMT 2024","","WHOLE-TESTS","WHOLE-TESTS",""
"","8000","metta_lang.Controlling_pattern_matching___MeTTa_Language6","","Tue Nov 19 17:52:49 GMT 2024","passed","Tue Nov 19 17:52:57 GMT 2024","","WHOLE-TESTS","WHOLE-TESTS",""
"","3","F1-MODULEA.05","","Tue Nov 19 17:57:42 GMT 2024","passed","Tue Nov 19 17:57:42 GMT 2024","","HYPERON-EXPERIMENTAL-SCRIPTS","HYPERON-EXPERIMENTAL-SCRIPTS",""
"","2","XOR-TEST.02","","Tue Nov 19 18:00:52 GMT 2024","passed","Tue Nov 19 18:00:52 GMT 2024","","HYPERON-METTALOG-SANITY","HYPERON-METTALOG-SANITY",""
"","2","HANDLING-NONDETERMINISTIC-RESULTS---METTA-LANGUAGE7.03","","Tue Nov 19 18:10:55 GMT 2024","passed","Tue Nov 19 18:10:55 GMT 2024","","METTA-LANG","METTA-LANG",""
"","2","C1-GROUNDED-BASIC.18","","Tue Nov 19 17:57:42 GMT 2024","passed","Tue Nov 19 17:57:42 GMT 2024","","HYPERON-EXPERIMENTAL-SCRIPTS","HYPERON-EXPERIMENTAL-SCRIPTS",""
"","2","C2-SPACES.04","","Tue Nov 19 17:57:42 GMT 2024","passed","Tue Nov 19 17:57:42 GMT 2024","","HYPERON-EXPERIMENTAL-SCRIPTS","HYPERON-EXPERIMENTAL-SCRIPTS",""
"","2","CONTROLLING-PATTERN-MATCHING---METTA-LANGUAGE11.04","","Tue Nov 19 18:10:55 GMT 2024","passed","Tue Nov 19 18:10:55 GMT 2024","","METTA-LANG","METTA-LANG",""
"","1","F1-MODULEA.05","","Tue Nov 19 18:34:51 GMT 2024","passed","Tue Nov 19 18:34:51 GMT 2024","","QUICK","QUICK",""
"","86","F1-IMPORTS.13","","Tue Nov 19 17:52:41 GMT 2024","passed","Tue Nov 19 17:52:41 GMT 2024","","MODULE-SYSTEM","MODULE-SYSTEM",""
"","1","01-LANG-INC.02","","Tue Nov 19 18:00:52 GMT 2024","passed","Tue Nov 19 18:00:52 GMT 2024","","HYPERON-METTALOG-SANITY","HYPERON-METTALOG-SANITY",""
"","2","WORKING-WITH-SPACES---METTA-LANGUAGE3.03","","Tue Nov 19 18:10:55 GMT 2024","passed","Tue Nov 19 18:10:55 GMT 2024","","METTA-LANG","METTA-LANG",""
"","2","CONTROLLING-PATTERN-MATCHING---METTA-LANGUAGE12.03","","Tue Nov 19 18:10:55 GMT 2024","passed","Tue Nov 19 18:10:55 GMT 2024","","METTA-LANG","METTA-LANG",""
"","3","CONTROL-FLOW---METTA-LANGUAGE11.01","","Tue Nov 19 18:10:55 GMT 2024","passed","Tue Nov 19 18:10:55 GMT 2024","","METTA-LANG","METTA-LANG",""
"","86","CONSOLE-OUTPUT-AND-DEBUGGING---METTA-LANGUAGE4.02","","Tue Nov 19 18:10:55 GMT 2024","passed","Tue Nov 19 18:10:55 GMT 2024","","METTA-LANG","METTA-LANG",""
"","3","RECURSION-AND-CONTROL---METTA-LANGUAGE7.01","","Tue Nov 19 18:10:55 GMT 2024","passed","Tue Nov 19 18:10:55 GMT 2024","","METTA-LANG","METTA-LANG",""
"","5","PEANO.01","","Tue Nov 19 18:30:57 GMT 2024","passed","Tue Nov 19 18:30:57 GMT 2024","","METTA-MORPH-TESTS","METTA-MORPH-TESTS",""
"","1","BASIC-GROUNDED-FUNCTIONS---METTA-LANGUAGE8.04","","Tue Nov 19 18:10:55 GMT 2024","passed","Tue Nov 19 18:10:55 GMT 2024","","METTA-LANG","METTA-LANG",""
"","3","BASIC-EVALUATION---METTA-LANGUAGE15.06","","Tue Nov 19 18:10:55 GMT 2024","passed","Tue Nov 19 18:10:55 GMT 2024","","METTA-LANG","METTA-LANG",""
"","6","OR-TEST.01","","Tue Nov 19 18:00:52 GMT 2024","passed","Tue Nov 19 18:00:52 GMT 2024","","HYPERON-METTALOG-SANITY","HYPERON-METTALOG-SANITY",""
"","9000","quick.d4_type_prop","","Tue Nov 19 17:52:49 GMT 2024","passed","Tue Nov 19 17:52:58 GMT 2024","","WHOLE-TESTS","WHOLE-TESTS",""
"","92","D5-AUTO-TYPES.07","","Tue Nov 19 17:57:42 GMT 2024","failed","Tue Nov 19 17:57:42 GMT 2024","","HYPERON-EXPERIMENTAL-SCRIPTS","HYPERON-EXPERIMENTAL-SCRIPTS",""
"","5","BASIC-EVALUATION---METTA-LANGUAGE3.01","","Tue Nov 19 18:10:55 GMT 2024","passed","Tue Nov 19 18:10:55 GMT 2024","","METTA-LANG","METTA-LANG",""
"","2","D4-TYPE-PROP.05","","Tue Nov 19 17:57:42 GMT 2024","passed","Tue Nov 19 17:57:42 GMT 2024","","HYPERON-EXPERIMENTAL-SCRIPTS","HYPERON-EXPERIMENTAL-SCRIPTS",""
"","9000","metta_lang.Recursion_and_control___MeTTa_Language1","","Tue Nov 19 17:52:49 GMT 2024","passed","Tue Nov 19 17:52:58 GMT 2024","","WHOLE-TESTS","WHOLE-TESTS",""
"","41000","anti-regression.mettalogTestCurried","","Tue Nov 19 17:52:49 GMT 2024","failed","Tue Nov 19 17:53:30 GMT 2024","","WHOLE-TESTS","WHOLE-TESTS",""
"","2","STRING-TESTS.07","","Tue Nov 19 18:00:52 GMT 2024","passed","Tue Nov 19 18:00:52 GMT 2024","","HYPERON-METTALOG-SANITY","HYPERON-METTALOG-SANITY",""
"","2","C2-SPACES.02","","Tue Nov 19 17:52:41 GMT 2024","passed","Tue Nov 19 17:52:41 GMT 2024","","MODULE-SYSTEM","MODULE-SYSTEM",""
"","2","HYPERPOSE.07","","Tue Nov 19 18:30:57 GMT 2024","passed","Tue Nov 19 18:30:57 GMT 2024","","METTA-MORPH-TESTS","METTA-MORPH-TESTS",""
"","2","OPERATIONS-OVER-ATOMS---METTA-LANGUAGE2.04","","Tue Nov 19 18:10:55 GMT 2024","passed","Tue Nov 19 18:10:55 GMT 2024","","METTA-LANG","METTA-LANG",""
"","8000","hyperon-experimental_scripts.b2_backchain","","Tue Nov 19 17:52:49 GMT 2024","passed","Tue Nov 19 17:52:57 GMT 2024","","WHOLE-TESTS","WHOLE-TESTS",""
"","5","SPACE-SUBTRACTION-TESTS.11","","Tue Nov 19 18:00:52 GMT 2024","passed","Tue Nov 19 18:00:52 GMT 2024","","HYPERON-METTALOG-SANITY","HYPERON-METTALOG-SANITY",""
"","8000","metta_lang.Recursion_and_control___MeTTa_Language7","","Tue Nov 19 17:52:49 GMT 2024","passed","Tue Nov 19 17:52:57 GMT 2024","","WHOLE-TESTS","WHOLE-TESTS",""
"","2","INTERSECTION-TESTS.25","","Tue Nov 19 18:00:52 GMT 2024","passed","Tue Nov 19 18:00:52 GMT 2024","","HYPERON-METTALOG-SANITY","HYPERON-METTALOG-SANITY",""
"","2","STRING-TESTS.12","","Tue Nov 19 18:00:52 GMT 2024","passed","Tue Nov 19 18:00:52 GMT 2024","","HYPERON-METTALOG-SANITY","HYPERON-METTALOG-SANITY",""
"","8000","metta_lang.Control_flow___MeTTa_Language6","","Tue Nov 19 17:52:49 GMT 2024","passed","Tue Nov 19 17:52:57 GMT 2024","","WHOLE-TESTS","WHOLE-TESTS",""
"","8000","metta_lang.Recursive_and_parametric_types___MeTTa_Language4","","Tue Nov 19 17:52:49 GMT 2024","passed","Tue Nov 19 17:52:57 GMT 2024","","WHOLE-TESTS","WHOLE-TESTS",""
"","3","LET-SUPERPOSE-LIST.02","","Tue Nov 19 18:30:57 GMT 2024","passed","Tue Nov 19 18:30:57 GMT 2024","","METTA-MORPH-TESTS","METTA-MORPH-TESTS",""
"","50","WORKING-WITH-SPACES---METTA-LANGUAGE9.06","","Tue Nov 19 18:10:55 GMT 2024","failed","Tue Nov 19 18:10:55 GMT 2024","","METTA-LANG","METTA-LANG",""
"","1","WORKING-WITH-SPACES---METTA-LANGUAGE1.06","","Tue Nov 19 18:10:55 GMT 2024","passed","Tue Nov 19 18:10:55 GMT 2024","","METTA-LANG","METTA-LANG",""
"","49","C1-GROUNDED-BASIC.15","","Tue Nov 19 17:57:42 GMT 2024","failed","Tue Nov 19 17:57:42 GMT 2024","","HYPERON-EXPERIMENTAL-SCRIPTS","HYPERON-EXPERIMENTAL-SCRIPTS",""
"","8000","quick.d2_higherfunc","","Tue Nov 19 17:52:49 GMT 2024","passed","Tue Nov 19 17:52:57 GMT 2024","","WHOLE-TESTS","WHOLE-TESTS",""
"","96","WHAT-EVALS-OR-NOT.08","","Tue Nov 19 18:00:52 GMT 2024","failed","Tue Nov 19 18:00:52 GMT 2024","","HYPERON-METTALOG-SANITY","HYPERON-METTALOG-SANITY",""
"","8000","metta_lang.Control_flow___MeTTa_Language10","","Tue Nov 19 17:52:49 GMT 2024","passed","Tue Nov 19 17:52:57 GMT 2024","","WHOLE-TESTS","WHOLE-TESTS",""
"","8000","metta_lang.Metatypes___MeTTa_Language7","","Tue Nov 19 17:52:49 GMT 2024","passed","Tue Nov 19 17:52:57 GMT 2024","","WHOLE-TESTS","WHOLE-TESTS",""
"","3","B0-CHAINING-PRELIM.04","","Tue Nov 19 17:57:42 GMT 2024","passed","Tue Nov 19 17:57:42 GMT 2024","","HYPERON-EXPERIMENTAL-SCRIPTS","HYPERON-EXPERIMENTAL-SCRIPTS",""
"","2","CONTROLLING-PATTERN-MATCHING---METTA-LANGUAGE11.02","","Tue Nov 19 18:10:55 GMT 2024","passed","Tue Nov 19 18:10:55 GMT 2024","","METTA-LANG","METTA-LANG",""
"","2","STRING-TESTS.21","","Tue Nov 19 18:00:52 GMT 2024","passed","Tue Nov 19 18:00:52 GMT 2024","","HYPERON-METTALOG-SANITY","HYPERON-METTALOG-SANITY",""
"","2","SUPERCOLLAPSE.03","","Tue Nov 19 18:30:57 GMT 2024","passed","Tue Nov 19 18:30:57 GMT 2024","","METTA-MORPH-TESTS","METTA-MORPH-TESTS",""
"","2","B2-BACKCHAIN.05","","Tue Nov 19 17:57:42 GMT 2024","passed","Tue Nov 19 17:57:42 GMT 2024","","HYPERON-EXPERIMENTAL-SCRIPTS","HYPERON-EXPERIMENTAL-SCRIPTS",""
"","2","FUNCTIONS-AND-UNIFICATION---METTA-LANGUAGE1.06","","Tue Nov 19 18:10:55 GMT 2024","passed","Tue Nov 19 18:10:55 GMT 2024","","METTA-LANG","METTA-LANG",""
"","1","F1-IMPORTS.12","","Tue Nov 19 17:57:42 GMT 2024","passed","Tue Nov 19 17:57:42 GMT 2024","","HYPERON-EXPERIMENTAL-SCRIPTS","HYPERON-EXPERIMENTAL-SCRIPTS",""
"","86","MINIMAL-METTA-TESTS.16","","Tue Nov 19 18:00:52 GMT 2024","failed","Tue Nov 19 18:00:52 GMT 2024","","HYPERON-METTALOG-SANITY","HYPERON-METTALOG-SANITY",""
"","15","MINIMAL-METTA-TESTS.10","","Tue Nov 19 18:00:52 GMT 2024","failed","Tue Nov 19 18:00:52 GMT 2024","","HYPERON-METTALOG-SANITY","HYPERON-METTALOG-SANITY",""
"","3","CONCRETE-TYPES---METTA-LANGUAGE7.01","","Tue Nov 19 18:10:55 GMT 2024","passed","Tue Nov 19 18:10:55 GMT 2024","","METTA-LANG","METTA-LANG",""
"","2","FUNCTIONS-AND-UNIFICATION---METTA-LANGUAGE1.04","","Tue Nov 19 18:10:55 GMT 2024","passed","Tue Nov 19 18:10:55 GMT 2024","","METTA-LANG","METTA-LANG",""
"","2","METATYPES---METTA-LANGUAGE9.02","","Tue Nov 19 18:10:55 GMT 2024","passed","Tue Nov 19 18:10:55 GMT 2024","","METTA-LANG","METTA-LANG",""
"","2","STRING-TESTS.18","","Tue Nov 19 18:00:52 GMT 2024","passed","Tue Nov 19 18:00:52 GMT 2024","","HYPERON-METTALOG-SANITY","HYPERON-METTALOG-SANITY",""
"","80","F1-IMPORTS.19","","Tue Nov 19 18:34:51 GMT 2024","passed","Tue Nov 19 18:34:51 GMT 2024","","QUICK","QUICK",""
"","162","OUTPUT-LOAD-TESTS.11","","Tue Nov 19 18:00:52 GMT 2024","failed","Tue Nov 19 18:00:52 GMT 2024","","HYPERON-METTALOG-SANITY","HYPERON-METTALOG-SANITY",""
"","2","03-SORING-VIA-INSERT.05","","Tue Nov 19 18:00:52 GMT 2024","passed","Tue Nov 19 18:00:52 GMT 2024","","HYPERON-METTALOG-SANITY","HYPERON-METTALOG-SANITY",""
"","29000","metta-wam-issue-116.test_spo_116378","","Tue Nov 19 17:52:49 GMT 2024","passed","Tue Nov 19 17:53:18 GMT 2024","","WHOLE-TESTS","WHOLE-TESTS",""
"","3","CONTROLLING-PATTERN-MATCHING---METTA-LANGUAGE12.01","","Tue Nov 19 18:10:55 GMT 2024","passed","Tue Nov 19 18:10:55 GMT 2024","","METTA-LANG","METTA-LANG",""
"","8000","metta-morph_tests.let_superpose_list","","Tue Nov 19 17:52:49 GMT 2024","passed","Tue Nov 19 17:52:57 GMT 2024","","WHOLE-TESTS","WHOLE-TESTS",""
"","60","G1-DOCS.03","","Tue Nov 19 17:57:42 GMT 2024","failed","Tue Nov 19 17:57:42 GMT 2024","","HYPERON-EXPERIMENTAL-SCRIPTS","HYPERON-EXPERIMENTAL-SCRIPTS",""
"","57","BASIC-GROUNDED-FUNCTIONS---METTA-LANGUAGE3.02","","Tue Nov 19 18:10:55 GMT 2024","failed","Tue Nov 19 18:10:55 GMT 2024","","METTA-LANG","METTA-LANG",""
"","2","MAX-TIME-TESTS.03","","Tue Nov 19 18:00:52 GMT 2024","passed","Tue Nov 19 18:00:52 GMT 2024","","HYPERON-METTALOG-SANITY","HYPERON-METTALOG-SANITY",""
"","136","C1-GROUNDED-BASIC.14","","Tue Nov 19 18:34:51 GMT 2024","failed","Tue Nov 19 18:34:51 GMT 2024","","QUICK","QUICK",""
"","2","RECURSIVE-AND-PARAMETRIC-TYPES---METTA-LANGUAGE3.02","","Tue Nov 19 18:10:55 GMT 2024","passed","Tue Nov 19 18:10:55 GMT 2024","","METTA-LANG","METTA-LANG",""
"","1","C1-GROUNDED-BASIC.03","","Tue Nov 19 17:57:42 GMT 2024","passed","Tue Nov 19 17:57:42 GMT 2024","","HYPERON-EXPERIMENTAL-SCRIPTS","HYPERON-EXPERIMENTAL-SCRIPTS",""
"","4","SUBTRACTION-TEST.01","","Tue Nov 19 18:00:52 GMT 2024","passed","Tue Nov 19 18:00:52 GMT 2024","","HYPERON-METTALOG-SANITY","HYPERON-METTALOG-SANITY",""
"","3","SEALED-TEST.06","","Tue Nov 19 18:00:52 GMT 2024","passed","Tue Nov 19 18:00:52 GMT 2024","","HYPERON-METTALOG-SANITY","HYPERON-METTALOG-SANITY",""
"","2","RECURSIVE-AND-PARAMETRIC-TYPES---METTA-LANGUAGE7.03","","Tue Nov 19 18:10:55 GMT 2024","passed","Tue Nov 19 18:10:55 GMT 2024","","METTA-LANG","METTA-LANG",""
"","32","G1-DOCS.05","","Tue Nov 19 17:57:42 GMT 2024","failed","Tue Nov 19 17:57:42 GMT 2024","","HYPERON-EXPERIMENTAL-SCRIPTS","HYPERON-EXPERIMENTAL-SCRIPTS",""
"","10","D2-HIGHERFUNC.20","","Tue Nov 19 18:34:51 GMT 2024","passed","Tue Nov 19 18:34:51 GMT 2024","","QUICK","QUICK",""
"","2","STRING-TESTS.19","","Tue Nov 19 18:00:52 GMT 2024","passed","Tue Nov 19 18:00:52 GMT 2024","","HYPERON-METTALOG-SANITY","HYPERON-METTALOG-SANITY",""
"","30","BCHAIN-COMP.06","","Tue Nov 19 17:52:57 GMT 2024","passed","Tue Nov 19 17:52:57 GMT 2024","","ANTI-REGRESSION","ANTI-REGRESSION",""
"","59","BCHAIN-COMP.01","","Tue Nov 19 17:52:57 GMT 2024","failed","Tue Nov 19 17:52:57 GMT 2024","","ANTI-REGRESSION","ANTI-REGRESSION",""
"","2","BASIC-EVALUATION---METTA-LANGUAGE8.02","","Tue Nov 19 18:10:55 GMT 2024","passed","Tue Nov 19 18:10:55 GMT 2024","","METTA-LANG","METTA-LANG",""
"","4","XOR-TEST.01","","Tue Nov 19 18:00:52 GMT 2024","passed","Tue Nov 19 18:00:52 GMT 2024","","HYPERON-METTALOG-SANITY","HYPERON-METTALOG-SANITY",""
"","66","METATYPES---METTA-LANGUAGE8.04","","Tue Nov 19 18:10:55 GMT 2024","failed","Tue Nov 19 18:10:55 GMT 2024","","METTA-LANG","METTA-LANG",""
"","8000","metta_lang.Basic_evaluation___MeTTa_Language13","","Tue Nov 19 17:52:49 GMT 2024","passed","Tue Nov 19 17:52:57 GMT 2024","","WHOLE-TESTS","WHOLE-TESTS",""
"","14","MATCH-VOID.11","","Tue Nov 19 18:30:57 GMT 2024","passed","Tue Nov 19 18:30:57 GMT 2024","","METTA-MORPH-TESTS","METTA-MORPH-TESTS",""
"","3","D2-HIGHERFUNC.19","","Tue Nov 19 18:34:51 GMT 2024","passed","Tue Nov 19 18:34:51 GMT 2024","","QUICK","QUICK",""
"","1","D4-TYPE-PROP.11","","Tue Nov 19 18:34:51 GMT 2024","passed","Tue Nov 19 18:34:51 GMT 2024","","QUICK","QUICK",""
"","8000","metta_lang.Concrete_types___MeTTa_Language12","","Tue Nov 19 17:52:49 GMT 2024","passed","Tue Nov 19 17:52:57 GMT 2024","","WHOLE-TESTS","WHOLE-TESTS",""
"","3","06-MATCH-IN-SPACE.03","","Tue Nov 19 18:00:52 GMT 2024","passed","Tue Nov 19 18:00:52 GMT 2024","","HYPERON-METTALOG-SANITY","HYPERON-METTALOG-SANITY",""
"","2","CONTROL-FLOW---METTA-LANGUAGE7.02","","Tue Nov 19 18:10:55 GMT 2024","passed","Tue Nov 19 18:10:55 GMT 2024","","METTA-LANG","METTA-LANG",""
"","2","QUERYING-SPACE-CONTENT---METTA-LANGUAGE2.02","","Tue Nov 19 18:10:55 GMT 2024","passed","Tue Nov 19 18:10:55 GMT 2024","","METTA-LANG","METTA-LANG",""
"","2","EVAL-FOR-TESTS.08","","Tue Nov 19 18:00:52 GMT 2024","passed","Tue Nov 19 18:00:52 GMT 2024","","HYPERON-METTALOG-SANITY","HYPERON-METTALOG-SANITY",""
"","2","D4-TYPE-PROP.18","","Tue Nov 19 18:34:51 GMT 2024","passed","Tue Nov 19 18:34:51 GMT 2024","","QUICK","QUICK",""
"","16","MINIMAL-METTA-TESTS.13","","Tue Nov 19 18:00:52 GMT 2024","failed","Tue Nov 19 18:00:52 GMT 2024","","HYPERON-METTALOG-SANITY","HYPERON-METTALOG-SANITY",""
"","3","OPERATIONS-OVER-ATOMS---METTA-LANGUAGE1.01","","Tue Nov 19 18:10:55 GMT 2024","passed","Tue Nov 19 18:10:55 GMT 2024","","METTA-LANG","METTA-LANG",""
"","3","SEQUENTIAL-NESTED.01","","Tue Nov 19 18:30:57 GMT 2024","passed","Tue Nov 19 18:30:57 GMT 2024","","METTA-MORPH-TESTS","METTA-MORPH-TESTS",""
"","3","CONTROLLING-PATTERN-MATCHING---METTA-LANGUAGE11.05","","Tue Nov 19 18:10:55 GMT 2024","passed","Tue Nov 19 18:10:55 GMT 2024","","METTA-LANG","METTA-LANG",""
"","17","CONCRETE-TYPES---METTA-LANGUAGE2.01","","Tue Nov 19 18:10:55 GMT 2024","failed","Tue Nov 19 18:10:55 GMT 2024","","METTA-LANG","METTA-LANG",""
"","9000","hyperon-experimental_scripts.g1_docs","","Tue Nov 19 17:52:49 GMT 2024","passed","Tue Nov 19 17:52:58 GMT 2024","","WHOLE-TESTS","WHOLE-TESTS",""
"","2","OPERATIONS-OVER-ATOMS---METTA-LANGUAGE7.02","","Tue Nov 19 18:10:55 GMT 2024","passed","Tue Nov 19 18:10:55 GMT 2024","","METTA-LANG","METTA-LANG",""
"","1","F1-IMPORTS.13","","Tue Nov 19 17:57:42 GMT 2024","passed","Tue Nov 19 17:57:42 GMT 2024","","HYPERON-EXPERIMENTAL-SCRIPTS","HYPERON-EXPERIMENTAL-SCRIPTS",""
"","2","B4-NONDETERM.02","","Tue Nov 19 17:57:42 GMT 2024","passed","Tue Nov 19 17:57:42 GMT 2024","","HYPERON-EXPERIMENTAL-SCRIPTS","HYPERON-EXPERIMENTAL-SCRIPTS",""
"","2","D1-GADT.06","","Tue Nov 19 18:34:51 GMT 2024","passed","Tue Nov 19 18:34:51 GMT 2024","","QUICK","QUICK",""
"","192","TIME-SYNTHESIZE-LONG.03","","Tue Nov 19 18:08:09 GMT 2024","failed","Tue Nov 19 18:08:09 GMT 2024","","SYNTH-BUFFER","SYNTH-BUFFER",""
"","2","D4-TYPE-PROP.08","","Tue Nov 19 17:57:42 GMT 2024","passed","Tue Nov 19 17:57:42 GMT 2024","","HYPERON-EXPERIMENTAL-SCRIPTS","HYPERON-EXPERIMENTAL-SCRIPTS",""
"","5","OPERATIONS-OVER-ATOMS---METTA-LANGUAGE2.01","","Tue Nov 19 18:10:55 GMT 2024","passed","Tue Nov 19 18:10:55 GMT 2024","","METTA-LANG","METTA-LANG",""
"","6","F1-IMPORTS.02","","Tue Nov 19 17:57:42 GMT 2024","passed","Tue Nov 19 17:57:42 GMT 2024","","HYPERON-EXPERIMENTAL-SCRIPTS","HYPERON-EXPERIMENTAL-SCRIPTS",""
"","2","OUTPUT-LOAD-TESTS.14","","Tue Nov 19 18:00:52 GMT 2024","passed","Tue Nov 19 18:00:52 GMT 2024","","HYPERON-METTALOG-SANITY","HYPERON-METTALOG-SANITY",""
"","2","SPACE-INTERSECTION-TESTS.19","","Tue Nov 19 18:00:52 GMT 2024","passed","Tue Nov 19 18:00:52 GMT 2024","","HYPERON-METTALOG-SANITY","HYPERON-METTALOG-SANITY",""
"","2","LET-SUPERPOSE-LIST.01","","Tue Nov 19 18:30:57 GMT 2024","passed","Tue Nov 19 18:30:57 GMT 2024","","METTA-MORPH-TESTS","METTA-MORPH-TESTS",""
"","8000","hyperon-mettalog_sanity.represent_and_parse_tests","","Tue Nov 19 17:52:49 GMT 2024","passed","Tue Nov 19 17:52:57 GMT 2024","","WHOLE-TESTS","WHOLE-TESTS",""
"","2","SPACE-INTERSECTION-TESTS.14","","Tue Nov 19 18:00:52 GMT 2024","passed","Tue Nov 19 18:00:52 GMT 2024","","HYPERON-METTALOG-SANITY","HYPERON-METTALOG-SANITY",""
"","2","INTERSECTION-TESTS.18","","Tue Nov 19 18:00:52 GMT 2024","passed","Tue Nov 19 18:00:52 GMT 2024","","HYPERON-METTALOG-SANITY","HYPERON-METTALOG-SANITY",""
"","50","METATYPES---METTA-LANGUAGE6.02","","Tue Nov 19 18:10:55 GMT 2024","failed","Tue Nov 19 18:10:55 GMT 2024","","METTA-LANG","METTA-LANG",""
"","20","BC-COMP.04","","Tue Nov 19 17:52:57 GMT 2024","passed","Tue Nov 19 17:52:57 GMT 2024","","ANTI-REGRESSION","ANTI-REGRESSION",""
"","2","D4-TYPE-PROP.15","","Tue Nov 19 17:57:42 GMT 2024","passed","Tue Nov 19 17:57:42 GMT 2024","","HYPERON-EXPERIMENTAL-SCRIPTS","HYPERON-EXPERIMENTAL-SCRIPTS",""
"","4","D1-GADT.01","","Tue Nov 19 17:57:42 GMT 2024","passed","Tue Nov 19 17:57:42 GMT 2024","","HYPERON-EXPERIMENTAL-SCRIPTS","HYPERON-EXPERIMENTAL-SCRIPTS",""
"","4102","PY-TYPES-2.01","","Tue Nov 19 18:00:52 GMT 2024","passed","Tue Nov 19 18:00:56 GMT 2024","","HYPERON-METTALOG-SANITY","HYPERON-METTALOG-SANITY",""
"","2","D2-HIGHERFUNC.05","","Tue Nov 19 18:34:51 GMT 2024","passed","Tue Nov 19 18:34:51 GMT 2024","","QUICK","QUICK",""
"","2","C1-GROUNDED-BASIC.17","","Tue Nov 19 17:57:42 GMT 2024","passed","Tue Nov 19 17:57:42 GMT 2024","","HYPERON-EXPERIMENTAL-SCRIPTS","HYPERON-EXPERIMENTAL-SCRIPTS",""
"","3","RECURSION-AND-CONTROL---METTA-LANGUAGE3.03","","Tue Nov 19 18:10:55 GMT 2024","passed","Tue Nov 19 18:10:55 GMT 2024","","METTA-LANG","METTA-LANG",""
"","8000","quick.c1_grounded_basic","","Tue Nov 19 17:52:49 GMT 2024","passed","Tue Nov 19 17:52:57 GMT 2024","","WHOLE-TESTS","WHOLE-TESTS",""
"","3","LIMIT-TESTS.06","","Tue Nov 19 18:00:52 GMT 2024","passed","Tue Nov 19 18:00:52 GMT 2024","","HYPERON-METTALOG-SANITY","HYPERON-METTALOG-SANITY",""
"","1","CONCRETE-TYPES---METTA-LANGUAGE8.02","","Tue Nov 19 18:10:55 GMT 2024","passed","Tue Nov 19 18:10:55 GMT 2024","","METTA-LANG","METTA-LANG",""
"","2","WHAT-EVALS-OR-NOT.03","","Tue Nov 19 18:00:52 GMT 2024","passed","Tue Nov 19 18:00:52 GMT 2024","","HYPERON-METTALOG-SANITY","HYPERON-METTALOG-SANITY",""
"","2","BASIC-EVALUATION---METTA-LANGUAGE15.05","","Tue Nov 19 18:10:55 GMT 2024","passed","Tue Nov 19 18:10:55 GMT 2024","","METTA-LANG","METTA-LANG",""
"","3","B4-NONDETERM.07","","Tue Nov 19 17:57:42 GMT 2024","passed","Tue Nov 19 17:57:42 GMT 2024","","HYPERON-EXPERIMENTAL-SCRIPTS","HYPERON-EXPERIMENTAL-SCRIPTS",""
"","2","WORKING-WITH-SPACES---METTA-LANGUAGE11.01","","Tue Nov 19 18:10:55 GMT 2024","passed","Tue Nov 19 18:10:55 GMT 2024","","METTA-LANG","METTA-LANG",""
"","3","D4-TYPE-PROP.01","","Tue Nov 19 17:57:42 GMT 2024","passed","Tue Nov 19 17:57:42 GMT 2024","","HYPERON-EXPERIMENTAL-SCRIPTS","HYPERON-EXPERIMENTAL-SCRIPTS",""
"","8000","metta_lang.Recursive_and_parametric_types___MeTTa_Language8","","Tue Nov 19 17:52:49 GMT 2024","passed","Tue Nov 19 17:52:57 GMT 2024","","WHOLE-TESTS","WHOLE-TESTS",""
"","2","FUNCTIONS-AND-UNIFICATION---METTA-LANGUAGE3.03","","Tue Nov 19 18:10:55 GMT 2024","passed","Tue Nov 19 18:10:55 GMT 2024","","METTA-LANG","METTA-LANG",""
"","8000","metta_lang.Handling_nondeterministic_results___MeTTa_Language4","","Tue Nov 19 17:52:49 GMT 2024","passed","Tue Nov 19 17:52:57 GMT 2024","","WHOLE-TESTS","WHOLE-TESTS",""
"","8000","metta_lang.Recursion_and_control___MeTTa_Language8","","Tue Nov 19 17:52:49 GMT 2024","passed","Tue Nov 19 17:52:57 GMT 2024","","WHOLE-TESTS","WHOLE-TESTS",""
"","8000","metta_lang.Working_with_spaces___MeTTa_Language8","","Tue Nov 19 17:52:49 GMT 2024","passed","Tue Nov 19 17:52:57 GMT 2024","","WHOLE-TESTS","WHOLE-TESTS",""
"","5","STRING-TESTS.01","","Tue Nov 19 18:00:52 GMT 2024","passed","Tue Nov 19 18:00:52 GMT 2024","","HYPERON-METTALOG-SANITY","HYPERON-METTALOG-SANITY",""
"","5","RECURSIVE-AND-PARAMETRIC-TYPES---METTA-LANGUAGE6.01","","Tue Nov 19 18:10:55 GMT 2024","passed","Tue Nov 19 18:10:55 GMT 2024","","METTA-LANG","METTA-LANG",""
"","2","SUPERCOLLAPSE.05","","Tue Nov 19 18:30:57 GMT 2024","passed","Tue Nov 19 18:30:57 GMT 2024","","METTA-MORPH-TESTS","METTA-MORPH-TESTS",""
"","2","SUBTRACTION-TEST.10","","Tue Nov 19 18:00:52 GMT 2024","passed","Tue Nov 19 18:00:52 GMT 2024","","HYPERON-METTALOG-SANITY","HYPERON-METTALOG-SANITY",""
"","2","FREE-VARIABLES-AND-NONDETERMINISM-AGAIN,-RECURSIVELY---METTA-LANGUAGE1.04","","Tue Nov 19 18:10:55 GMT 2024","passed","Tue Nov 19 18:10:55 GMT 2024","","METTA-LANG","METTA-LANG",""
"","43","BCHAIN-COMP.02","","Tue Nov 19 17:52:57 GMT 2024","failed","Tue Nov 19 17:52:57 GMT 2024","","ANTI-REGRESSION","ANTI-REGRESSION",""
"","3","TYPES2.05","","Tue Nov 19 18:30:57 GMT 2024","passed","Tue Nov 19 18:30:57 GMT 2024","","METTA-MORPH-TESTS","METTA-MORPH-TESTS",""
"","2","C1-GROUNDED-BASIC.02","","Tue Nov 19 17:57:42 GMT 2024","passed","Tue Nov 19 17:57:42 GMT 2024","","HYPERON-EXPERIMENTAL-SCRIPTS","HYPERON-EXPERIMENTAL-SCRIPTS",""
"","2","CONCRETE-TYPES---METTA-LANGUAGE3.01","","Tue Nov 19 18:10:55 GMT 2024","passed","Tue Nov 19 18:10:55 GMT 2024","","METTA-LANG","METTA-LANG",""
"","1","SEQUENTIAL-NESTED.03","","Tue Nov 19 18:30:57 GMT 2024","passed","Tue Nov 19 18:30:57 GMT 2024","","METTA-MORPH-TESTS","METTA-MORPH-TESTS",""
"","3","D3-DEPTYPES.07","","Tue Nov 19 17:57:42 GMT 2024","passed","Tue Nov 19 17:57:42 GMT 2024","","HYPERON-EXPERIMENTAL-SCRIPTS","HYPERON-EXPERIMENTAL-SCRIPTS",""
"","23240","TIME-SYNTHESIZE-SHORT.02","","Tue Nov 19 18:08:09 GMT 2024","passed","Tue Nov 19 18:08:32 GMT 2024","","SYNTH-BUFFER","SYNTH-BUFFER",""
"","2","WHAT-EVALS-OR-NOT.04","","Tue Nov 19 18:00:52 GMT 2024","passed","Tue Nov 19 18:00:52 GMT 2024","","HYPERON-METTALOG-SANITY","HYPERON-METTALOG-SANITY",""
"","8000","metta_lang.Working_with_spaces___MeTTa_Language13","","Tue Nov 19 17:52:49 GMT 2024","passed","Tue Nov 19 17:52:57 GMT 2024","","WHOLE-TESTS","WHOLE-TESTS",""
"","5","CONTROLLING-PATTERN-MATCHING---METTA-LANGUAGE12.09","","Tue Nov 19 18:10:55 GMT 2024","passed","Tue Nov 19 18:10:55 GMT 2024","","METTA-LANG","METTA-LANG",""
"","2","METTALOGTESTCURRIED2.06","","Tue Nov 19 17:52:57 GMT 2024","passed","Tue Nov 19 17:52:57 GMT 2024","","ANTI-REGRESSION","ANTI-REGRESSION",""
"","2","B5-TYPES-PRELIM.04","","Tue Nov 19 17:57:42 GMT 2024","passed","Tue Nov 19 17:57:42 GMT 2024","","HYPERON-EXPERIMENTAL-SCRIPTS","HYPERON-EXPERIMENTAL-SCRIPTS",""
"","8000","metta-morph_tests.superpose_nested","","Tue Nov 19 17:52:49 GMT 2024","passed","Tue Nov 19 17:52:57 GMT 2024","","WHOLE-TESTS","WHOLE-TESTS",""
"","44","RECURSIVE-AND-PARAMETRIC-TYPES---METTA-LANGUAGE5.08","","Tue Nov 19 18:10:55 GMT 2024","failed","Tue Nov 19 18:10:55 GMT 2024","","METTA-LANG","METTA-LANG",""
"","4","C1-GROUNDED-BASIC.08","","Tue Nov 19 17:57:42 GMT 2024","passed","Tue Nov 19 17:57:42 GMT 2024","","HYPERON-EXPERIMENTAL-SCRIPTS","HYPERON-EXPERIMENTAL-SCRIPTS",""
"","3","D4-TYPE-PROP.04","","Tue Nov 19 17:57:42 GMT 2024","passed","Tue Nov 19 17:57:42 GMT 2024","","HYPERON-EXPERIMENTAL-SCRIPTS","HYPERON-EXPERIMENTAL-SCRIPTS",""
"","3","C1-GROUNDED-BASIC.18","","Tue Nov 19 18:34:51 GMT 2024","passed","Tue Nov 19 18:34:51 GMT 2024","","QUICK","QUICK",""
"","4","SEALED-TEST.09","","Tue Nov 19 18:00:52 GMT 2024","passed","Tue Nov 19 18:00:52 GMT 2024","","HYPERON-METTALOG-SANITY","HYPERON-METTALOG-SANITY",""
"","2","EVAL-FOR-TESTS.09","","Tue Nov 19 18:00:52 GMT 2024","passed","Tue Nov 19 18:00:52 GMT 2024","","HYPERON-METTALOG-SANITY","HYPERON-METTALOG-SANITY",""
"","1","OR-TEST.13","","Tue Nov 19 18:00:52 GMT 2024","passed","Tue Nov 19 18:00:52 GMT 2024","","HYPERON-METTALOG-SANITY","HYPERON-METTALOG-SANITY",""
"","3","A3-TWOSIDE.03","","Tue Nov 19 17:57:42 GMT 2024","passed","Tue Nov 19 17:57:42 GMT 2024","","HYPERON-EXPERIMENTAL-SCRIPTS","HYPERON-EXPERIMENTAL-SCRIPTS",""
"","8000","metta_lang.Operations_over_atoms___MeTTa_Language5","","Tue Nov 19 17:52:49 GMT 2024","passed","Tue Nov 19 17:52:57 GMT 2024","","WHOLE-TESTS","WHOLE-TESTS",""
"","3","TEST-IF-CLOSED.03","","Tue Nov 19 17:52:57 GMT 2024","passed","Tue Nov 19 17:52:57 GMT 2024","","ANTI-REGRESSION","ANTI-REGRESSION",""
"","13","D4-TYPE-PROP.03","","Tue Nov 19 17:57:42 GMT 2024","passed","Tue Nov 19 17:57:42 GMT 2024","","HYPERON-EXPERIMENTAL-SCRIPTS","HYPERON-EXPERIMENTAL-SCRIPTS",""
"","8000","hyperon-mettalog_sanity.max_time_tests","","Tue Nov 19 17:52:49 GMT 2024","passed","Tue Nov 19 17:52:57 GMT 2024","","WHOLE-TESTS","WHOLE-TESTS",""
"","3","LET-SUPERPOSE-IF-CASE.01","","Tue Nov 19 18:30:57 GMT 2024","passed","Tue Nov 19 18:30:57 GMT 2024","","METTA-MORPH-TESTS","METTA-MORPH-TESTS",""
"","9","D1-GADT.05","","Tue Nov 19 17:57:42 GMT 2024","passed","Tue Nov 19 17:57:42 GMT 2024","","HYPERON-EXPERIMENTAL-SCRIPTS","HYPERON-EXPERIMENTAL-SCRIPTS",""
"","3","C1-GROUNDED-BASIC.07","","Tue Nov 19 17:57:42 GMT 2024","passed","Tue Nov 19 17:57:42 GMT 2024","","HYPERON-EXPERIMENTAL-SCRIPTS","HYPERON-EXPERIMENTAL-SCRIPTS",""
"","129","B5-TYPES-PRELIM.08","","Tue Nov 19 17:57:42 GMT 2024","failed","Tue Nov 19 17:57:42 GMT 2024","","HYPERON-EXPERIMENTAL-SCRIPTS","HYPERON-EXPERIMENTAL-SCRIPTS",""
"","2","D1-GADT.03","","Tue Nov 19 17:57:42 GMT 2024","passed","Tue Nov 19 17:57:42 GMT 2024","","HYPERON-EXPERIMENTAL-SCRIPTS","HYPERON-EXPERIMENTAL-SCRIPTS",""
"","2","D1-GADT.10","","Tue Nov 19 17:57:42 GMT 2024","passed","Tue Nov 19 17:57:42 GMT 2024","","HYPERON-EXPERIMENTAL-SCRIPTS","HYPERON-EXPERIMENTAL-SCRIPTS",""
"","8000","hyperon-experimental_scripts.e1_kb_write","","Tue Nov 19 17:52:49 GMT 2024","passed","Tue Nov 19 17:52:57 GMT 2024","","WHOLE-TESTS","WHOLE-TESTS",""
"","62","D2-HIGHERFUNC.07","","Tue Nov 19 17:57:42 GMT 2024","failed","Tue Nov 19 17:57:42 GMT 2024","","HYPERON-EXPERIMENTAL-SCRIPTS","HYPERON-EXPERIMENTAL-SCRIPTS",""
"","14","D2-HIGHERFUNC.20","","Tue Nov 19 17:57:42 GMT 2024","passed","Tue Nov 19 17:57:42 GMT 2024","","HYPERON-EXPERIMENTAL-SCRIPTS","HYPERON-EXPERIMENTAL-SCRIPTS",""
"","3","STRING-TESTS.08","","Tue Nov 19 18:00:52 GMT 2024","passed","Tue Nov 19 18:00:52 GMT 2024","","HYPERON-METTALOG-SANITY","HYPERON-METTALOG-SANITY",""
"","8000","metta_lang.Recursion_and_control___MeTTa_Language4","","Tue Nov 19 17:52:49 GMT 2024","passed","Tue Nov 19 17:52:57 GMT 2024","","WHOLE-TESTS","WHOLE-TESTS",""
"","2","SUPERCOLLAPSE.06","","Tue Nov 19 18:30:57 GMT 2024","passed","Tue Nov 19 18:30:57 GMT 2024","","METTA-MORPH-TESTS","METTA-MORPH-TESTS",""
"","3","WORKING-WITH-SPACES---METTA-LANGUAGE1.05","","Tue Nov 19 18:10:55 GMT 2024","passed","Tue Nov 19 18:10:55 GMT 2024","","METTA-LANG","METTA-LANG",""
"","3","CONSOLE-OUTPUT-AND-DEBUGGING---METTA-LANGUAGE3.04","","Tue Nov 19 18:10:55 GMT 2024","passed","Tue Nov 19 18:10:55 GMT 2024","","METTA-LANG","METTA-LANG",""
"","8000","metta-morph_tests.types","","Tue Nov 19 17:52:49 GMT 2024","passed","Tue Nov 19 17:52:57 GMT 2024","","WHOLE-TESTS","WHOLE-TESTS",""
"","2","E2-STATES.12","","Tue Nov 19 17:57:42 GMT 2024","passed","Tue Nov 19 17:57:42 GMT 2024","","HYPERON-EXPERIMENTAL-SCRIPTS","HYPERON-EXPERIMENTAL-SCRIPTS",""
"","2","E2-STATES.04","","Tue Nov 19 17:57:42 GMT 2024","passed","Tue Nov 19 17:57:42 GMT 2024","","HYPERON-EXPERIMENTAL-SCRIPTS","HYPERON-EXPERIMENTAL-SCRIPTS",""
"","1","INTERSECTION-TESTS.16","","Tue Nov 19 18:00:52 GMT 2024","passed","Tue Nov 19 18:00:52 GMT 2024","","HYPERON-METTALOG-SANITY","HYPERON-METTALOG-SANITY",""
"","2","HYPERPOSE-TESTS.03","","Tue Nov 19 18:00:52 GMT 2024","passed","Tue Nov 19 18:00:52 GMT 2024","","HYPERON-METTALOG-SANITY","HYPERON-METTALOG-SANITY",""
"","1","MAX-TIME-TESTS.04","","Tue Nov 19 18:00:52 GMT 2024","passed","Tue Nov 19 18:00:52 GMT 2024","","HYPERON-METTALOG-SANITY","HYPERON-METTALOG-SANITY",""
"","11000","metta-morph_tests.nalifier","","Tue Nov 19 17:52:49 GMT 2024","passed","Tue Nov 19 17:53:00 GMT 2024","","WHOLE-TESTS","WHOLE-TESTS",""
"","8000","metta_lang.Controlling_pattern_matching___MeTTa_Language7","","Tue Nov 19 17:52:49 GMT 2024","passed","Tue Nov 19 17:52:57 GMT 2024","","WHOLE-TESTS","WHOLE-TESTS",""
"","8000","anti-regression.comma_is_not_special","","Tue Nov 19 17:52:49 GMT 2024","passed","Tue Nov 19 17:52:57 GMT 2024","","WHOLE-TESTS","WHOLE-TESTS",""
"","1","C1-GROUNDED-BASIC.17","","Tue Nov 19 18:34:51 GMT 2024","passed","Tue Nov 19 18:34:51 GMT 2024","","QUICK","QUICK",""
"","2","C1-GROUNDED-BASIC.02","","Tue Nov 19 18:34:51 GMT 2024","passed","Tue Nov 19 18:34:51 GMT 2024","","QUICK","QUICK",""
"","8000","metta_lang.Metatypes___MeTTa_Language4","","Tue Nov 19 17:52:49 GMT 2024","passed","Tue Nov 19 17:52:57 GMT 2024","","WHOLE-TESTS","WHOLE-TESTS",""
"","3","WORKING-WITH-SPACES---METTA-LANGUAGE8.05","","Tue Nov 19 18:10:55 GMT 2024","passed","Tue Nov 19 18:10:55 GMT 2024","","METTA-LANG","METTA-LANG",""
"","46","CONSOLE-OUTPUT-AND-DEBUGGING---METTA-LANGUAGE10.02","","Tue Nov 19 18:10:55 GMT 2024","failed","Tue Nov 19 18:10:55 GMT 2024","","METTA-LANG","METTA-LANG",""
"","2","INTERSECTION-TESTS.07","","Tue Nov 19 18:00:52 GMT 2024","passed","Tue Nov 19 18:00:52 GMT 2024","","HYPERON-METTALOG-SANITY","HYPERON-METTALOG-SANITY",""
"","340","QUERYING-SPACE-CONTENT---METTA-LANGUAGE5.04","","Tue Nov 19 18:10:55 GMT 2024","failed","Tue Nov 19 18:10:55 GMT 2024","","METTA-LANG","METTA-LANG",""
"","8000","anti-regression.mettalogTestCurried2","","Tue Nov 19 17:52:49 GMT 2024","passed","Tue Nov 19 17:52:57 GMT 2024","","WHOLE-TESTS","WHOLE-TESTS",""
"","52","BC-COMP.01","","Tue Nov 19 17:52:57 GMT 2024","failed","Tue Nov 19 17:52:57 GMT 2024","","ANTI-REGRESSION","ANTI-REGRESSION",""
"","1","UNIQUE-TEST.02","","Tue Nov 19 18:00:52 GMT 2024","passed","Tue Nov 19 18:00:52 GMT 2024","","HYPERON-METTALOG-SANITY","HYPERON-METTALOG-SANITY",""
"","8000","hyperon-mettalog_sanity.is_space","","Tue Nov 19 17:52:49 GMT 2024","passed","Tue Nov 19 17:52:57 GMT 2024","","WHOLE-TESTS","WHOLE-TESTS",""
"","3","D1-GADT.12","","Tue Nov 19 17:57:42 GMT 2024","passed","Tue Nov 19 17:57:42 GMT 2024","","HYPERON-EXPERIMENTAL-SCRIPTS","HYPERON-EXPERIMENTAL-SCRIPTS",""
"","1","CONTROLLING-PATTERN-MATCHING---METTA-LANGUAGE4.03","","Tue Nov 19 18:10:55 GMT 2024","passed","Tue Nov 19 18:10:55 GMT 2024","","METTA-LANG","METTA-LANG",""
"","1","D1-GADT.14","","Tue Nov 19 17:57:42 GMT 2024","passed","Tue Nov 19 17:57:42 GMT 2024","","HYPERON-EXPERIMENTAL-SCRIPTS","HYPERON-EXPERIMENTAL-SCRIPTS",""
"","2","FIND-ALL-TESTS.05","","Tue Nov 19 18:00:52 GMT 2024","passed","Tue Nov 19 18:00:52 GMT 2024","","HYPERON-METTALOG-SANITY","HYPERON-METTALOG-SANITY",""
"","4","CONTROL-FLOW---METTA-LANGUAGE8.01","","Tue Nov 19 18:10:55 GMT 2024","passed","Tue Nov 19 18:10:55 GMT 2024","","METTA-LANG","METTA-LANG",""
"","113","PY-TYPES.05","","Tue Nov 19 18:00:52 GMT 2024","failed","Tue Nov 19 18:00:52 GMT 2024","","HYPERON-METTALOG-SANITY","HYPERON-METTALOG-SANITY",""
"","1","F1-IMPORTS.12","","Tue Nov 19 17:52:41 GMT 2024","passed","Tue Nov 19 17:52:41 GMT 2024","","MODULE-SYSTEM","MODULE-SYSTEM",""
"","47000","synth_buffer.time_synthesize_long","","Tue Nov 19 17:52:49 GMT 2024","failed","Tue Nov 19 17:53:36 GMT 2024","","WHOLE-TESTS","WHOLE-TESTS",""
"","4","HANDLING-NONDETERMINISTIC-RESULTS---METTA-LANGUAGE6.01","","Tue Nov 19 18:10:55 GMT 2024","passed","Tue Nov 19 18:10:55 GMT 2024","","METTA-LANG","METTA-LANG",""
"","4","CONTROLLING-PATTERN-MATCHING---METTA-LANGUAGE5.01","","Tue Nov 19 18:10:55 GMT 2024","passed","Tue Nov 19 18:10:55 GMT 2024","","METTA-LANG","METTA-LANG",""
"","2","D2-HIGHERFUNC.05","","Tue Nov 19 17:57:42 GMT 2024","passed","Tue Nov 19 17:57:42 GMT 2024","","HYPERON-EXPERIMENTAL-SCRIPTS","HYPERON-EXPERIMENTAL-SCRIPTS",""
"","1","METATYPES---METTA-LANGUAGE1.10","","Tue Nov 19 18:10:55 GMT 2024","passed","Tue Nov 19 18:10:55 GMT 2024","","METTA-LANG","METTA-LANG",""
"","112","BASIC-EVALUATION---METTA-LANGUAGE15.04","","Tue Nov 19 18:10:55 GMT 2024","passed","Tue Nov 19 18:10:55 GMT 2024","","METTA-LANG","METTA-LANG",""
"","9000","hyperon-mettalog_sanity.space_intersection_tests","","Tue Nov 19 17:52:49 GMT 2024","passed","Tue Nov 19 17:52:58 GMT 2024","","WHOLE-TESTS","WHOLE-TESTS",""
"","1","F1-MODULEA.04","","Tue Nov 19 17:57:42 GMT 2024","passed","Tue Nov 19 17:57:42 GMT 2024","","HYPERON-EXPERIMENTAL-SCRIPTS","HYPERON-EXPERIMENTAL-SCRIPTS",""
"","1","HANDLING-NONDETERMINISTIC-RESULTS---METTA-LANGUAGE1.04","","Tue Nov 19 18:10:55 GMT 2024","passed","Tue Nov 19 18:10:55 GMT 2024","","METTA-LANG","METTA-LANG",""
"","8000","metta_lang.Controlling_pattern_matching___MeTTa_Language10","","Tue Nov 19 17:52:49 GMT 2024","passed","Tue Nov 19 17:52:57 GMT 2024","","WHOLE-TESTS","WHOLE-TESTS",""
"","4","RECURSION-AND-CONTROL---METTA-LANGUAGE2.04","","Tue Nov 19 18:10:55 GMT 2024","passed","Tue Nov 19 18:10:55 GMT 2024","","METTA-LANG","METTA-LANG",""
"","1","UNIQUE-TEST.05","","Tue Nov 19 18:00:52 GMT 2024","passed","Tue Nov 19 18:00:52 GMT 2024","","HYPERON-METTALOG-SANITY","HYPERON-METTALOG-SANITY",""
"","1","RECURSIVE-AND-PARAMETRIC-TYPES---METTA-LANGUAGE1.04","","Tue Nov 19 18:10:55 GMT 2024","passed","Tue Nov 19 18:10:55 GMT 2024","","METTA-LANG","METTA-LANG",""
"","1","METTALOGTESTCURRIED2.03","","Tue Nov 19 17:52:57 GMT 2024","passed","Tue Nov 19 17:52:57 GMT 2024","","ANTI-REGRESSION","ANTI-REGRESSION",""
"","2","CATCH-THROW-TESTS.04","","Tue Nov 19 18:00:52 GMT 2024","passed","Tue Nov 19 18:00:52 GMT 2024","","HYPERON-METTALOG-SANITY","HYPERON-METTALOG-SANITY",""
"","2","STATES-SPACES.03","","Tue Nov 19 18:30:57 GMT 2024","passed","Tue Nov 19 18:30:57 GMT 2024","","METTA-MORPH-TESTS","METTA-MORPH-TESTS",""
"","2","D3-DEPTYPES.03","","Tue Nov 19 17:57:42 GMT 2024","passed","Tue Nov 19 17:57:42 GMT 2024","","HYPERON-EXPERIMENTAL-SCRIPTS","HYPERON-EXPERIMENTAL-SCRIPTS",""
"","3","C1-GROUNDED-BASIC.03","","Tue Nov 19 18:34:51 GMT 2024","passed","Tue Nov 19 18:34:51 GMT 2024","","QUICK","QUICK",""
"","2","C1-GROUNDED-BASIC.23","","Tue Nov 19 17:57:42 GMT 2024","passed","Tue Nov 19 17:57:42 GMT 2024","","HYPERON-EXPERIMENTAL-SCRIPTS","HYPERON-EXPERIMENTAL-SCRIPTS",""
"","2","CONSOLE-OUTPUT-AND-DEBUGGING---METTA-LANGUAGE3.06","","Tue Nov 19 18:10:55 GMT 2024","passed","Tue Nov 19 18:10:55 GMT 2024","","METTA-LANG","METTA-LANG",""
"","2","OPERATIONS-OVER-ATOMS---METTA-LANGUAGE8.02","","Tue Nov 19 18:10:55 GMT 2024","passed","Tue Nov 19 18:10:55 GMT 2024","","METTA-LANG","METTA-LANG",""
"","1","D2-HIGHERFUNC.06","","Tue Nov 19 17:57:42 GMT 2024","passed","Tue Nov 19 17:57:42 GMT 2024","","HYPERON-EXPERIMENTAL-SCRIPTS","HYPERON-EXPERIMENTAL-SCRIPTS",""
"","8000","metta_lang.Handling_nondeterministic_results___MeTTa_Language8","","Tue Nov 19 17:52:49 GMT 2024","passed","Tue Nov 19 17:52:57 GMT 2024","","WHOLE-TESTS","WHOLE-TESTS",""
"","3","BASIC-EVALUATION---METTA-LANGUAGE6.01","","Tue Nov 19 18:10:55 GMT 2024","passed","Tue Nov 19 18:10:55 GMT 2024","","METTA-LANG","METTA-LANG",""
"","2","TMPMATCH1.03","","Tue Nov 19 17:52:57 GMT 2024","passed","Tue Nov 19 17:52:57 GMT 2024","","ANTI-REGRESSION","ANTI-REGRESSION",""
"","8000","hyperon-experimental_scripts.f1_moduleA","","Tue Nov 19 17:52:49 GMT 2024","passed","Tue Nov 19 17:52:57 GMT 2024","","WHOLE-TESTS","WHOLE-TESTS",""
"","151","CONTROL-FLOW---METTA-LANGUAGE5.01","","Tue Nov 19 18:10:55 GMT 2024","passed","Tue Nov 19 18:10:55 GMT 2024","","METTA-LANG","METTA-LANG",""
"","48","F1-IMPORTS.11","","Tue Nov 19 17:57:42 GMT 2024","failed","Tue Nov 19 17:57:42 GMT 2024","","HYPERON-EXPERIMENTAL-SCRIPTS","HYPERON-EXPERIMENTAL-SCRIPTS",""
"","2","CALL-TESTS.12","","Tue Nov 19 18:00:52 GMT 2024","passed","Tue Nov 19 18:00:52 GMT 2024","","HYPERON-METTALOG-SANITY","HYPERON-METTALOG-SANITY",""
"","68","MINIMAL-METTA-TESTS.22","","Tue Nov 19 18:00:52 GMT 2024","failed","Tue Nov 19 18:00:52 GMT 2024","","HYPERON-METTALOG-SANITY","HYPERON-METTALOG-SANITY",""
"","3","HYPERPOSE.10","","Tue Nov 19 18:30:57 GMT 2024","passed","Tue Nov 19 18:30:57 GMT 2024","","METTA-MORPH-TESTS","METTA-MORPH-TESTS",""
"","10000","hyperon-mettalog_sanity.functional_programming_tests","","Tue Nov 19 17:52:49 GMT 2024","passed","Tue Nov 19 17:52:59 GMT 2024","","WHOLE-TESTS","WHOLE-TESTS",""
"","2","B5-TYPES-PRELIM.21","","Tue Nov 19 17:57:42 GMT 2024","passed","Tue Nov 19 17:57:42 GMT 2024","","HYPERON-EXPERIMENTAL-SCRIPTS","HYPERON-EXPERIMENTAL-SCRIPTS",""
"","4","IF.01","","Tue Nov 19 18:30:57 GMT 2024","passed","Tue Nov 19 18:30:57 GMT 2024","","METTA-MORPH-TESTS","METTA-MORPH-TESTS",""
"","2","METATYPES---METTA-LANGUAGE8.01","","Tue Nov 19 18:10:55 GMT 2024","passed","Tue Nov 19 18:10:55 GMT 2024","","METTA-LANG","METTA-LANG",""
"","45","RECURSIVE-AND-PARAMETRIC-TYPES---METTA-LANGUAGE5.06","","Tue Nov 19 18:10:55 GMT 2024","failed","Tue Nov 19 18:10:55 GMT 2024","","METTA-LANG","METTA-LANG",""
"","2","CONTROL-FLOW---METTA-LANGUAGE15.05","","Tue Nov 19 18:10:55 GMT 2024","passed","Tue Nov 19 18:10:55 GMT 2024","","METTA-LANG","METTA-LANG",""
"","2","D2-HIGHERFUNC.15","","Tue Nov 19 18:34:51 GMT 2024","passed","Tue Nov 19 18:34:51 GMT 2024","","QUICK","QUICK",""
"","3","CALL-TESTS.01","","Tue Nov 19 18:00:52 GMT 2024","passed","Tue Nov 19 18:00:52 GMT 2024","","HYPERON-METTALOG-SANITY","HYPERON-METTALOG-SANITY",""
"","2","CONSOLE-OUTPUT-AND-DEBUGGING---METTA-LANGUAGE2.06","","Tue Nov 19 18:10:55 GMT 2024","passed","Tue Nov 19 18:10:55 GMT 2024","","METTA-LANG","METTA-LANG",""
"","2","C1-GROUNDED-BASIC.10","","Tue Nov 19 17:57:42 GMT 2024","passed","Tue Nov 19 17:57:42 GMT 2024","","HYPERON-EXPERIMENTAL-SCRIPTS","HYPERON-EXPERIMENTAL-SCRIPTS",""
"","1","WORKING-WITH-SPACES---METTA-LANGUAGE9.02","","Tue Nov 19 18:10:55 GMT 2024","passed","Tue Nov 19 18:10:55 GMT 2024","","METTA-LANG","METTA-LANG",""
"","8000","metta_lang.Working_with_spaces___MeTTa_Language3","","Tue Nov 19 17:52:49 GMT 2024","passed","Tue Nov 19 17:52:57 GMT 2024","","WHOLE-TESTS","WHOLE-TESTS",""
"","1","D4-TYPE-PROP.13","","Tue Nov 19 17:57:42 GMT 2024","passed","Tue Nov 19 17:57:42 GMT 2024","","HYPERON-EXPERIMENTAL-SCRIPTS","HYPERON-EXPERIMENTAL-SCRIPTS",""
"","1","C1-GROUNDED-BASIC.12","","Tue Nov 19 17:57:42 GMT 2024","passed","Tue Nov 19 17:57:42 GMT 2024","","HYPERON-EXPERIMENTAL-SCRIPTS","HYPERON-EXPERIMENTAL-SCRIPTS",""
"","4","CONCRETE-TYPES---METTA-LANGUAGE4.01","","Tue Nov 19 18:10:55 GMT 2024","passed","Tue Nov 19 18:10:55 GMT 2024","","METTA-LANG","METTA-LANG",""
"","3","CONSOLE-OUTPUT-AND-DEBUGGING---METTA-LANGUAGE3.05","","Tue Nov 19 18:10:55 GMT 2024","passed","Tue Nov 19 18:10:55 GMT 2024","","METTA-LANG","METTA-LANG",""
"","2","CALL-TESTS.10","","Tue Nov 19 18:00:52 GMT 2024","passed","Tue Nov 19 18:00:52 GMT 2024","","HYPERON-METTALOG-SANITY","HYPERON-METTALOG-SANITY",""
"","128","WORKING-WITH-SPACES---METTA-LANGUAGE9.05","","Tue Nov 19 18:10:55 GMT 2024","failed","Tue Nov 19 18:10:55 GMT 2024","","METTA-LANG","METTA-LANG",""
"","4","B1-EQUAL-CHAIN.01","","Tue Nov 19 17:57:42 GMT 2024","passed","Tue Nov 19 17:57:42 GMT 2024","","HYPERON-EXPERIMENTAL-SCRIPTS","HYPERON-EXPERIMENTAL-SCRIPTS",""
"","3","HYPERPOSE.09","","Tue Nov 19 18:30:57 GMT 2024","passed","Tue Nov 19 18:30:57 GMT 2024","","METTA-MORPH-TESTS","METTA-MORPH-TESTS",""
"","119","BASIC-EVALUATION---METTA-LANGUAGE4.01","","Tue Nov 19 18:10:55 GMT 2024","failed","Tue Nov 19 18:10:55 GMT 2024","","METTA-LANG","METTA-LANG",""
"","2","FUNCTIONS-AND-UNIFICATION---METTA-LANGUAGE2.02","","Tue Nov 19 18:10:55 GMT 2024","passed","Tue Nov 19 18:10:55 GMT 2024","","METTA-LANG","METTA-LANG",""
"","9","E3-MATCH-STATES.06","","Tue Nov 19 17:57:42 GMT 2024","failed","Tue Nov 19 17:57:42 GMT 2024","","HYPERON-EXPERIMENTAL-SCRIPTS","HYPERON-EXPERIMENTAL-SCRIPTS",""
"","3","WORKING-WITH-SPACES---METTA-LANGUAGE2.05","","Tue Nov 19 18:10:55 GMT 2024","passed","Tue Nov 19 18:10:55 GMT 2024","","METTA-LANG","METTA-LANG",""
"","71","MINIMAL-METTA-TESTS.15","","Tue Nov 19 18:00:52 GMT 2024","passed","Tue Nov 19 18:00:52 GMT 2024","","HYPERON-METTALOG-SANITY","HYPERON-METTALOG-SANITY",""
"","1","XOR-TEST.06","","Tue Nov 19 18:00:52 GMT 2024","passed","Tue Nov 19 18:00:52 GMT 2024","","HYPERON-METTALOG-SANITY","HYPERON-METTALOG-SANITY",""
"","4","F1-MODULEA.01","","Tue Nov 19 18:34:51 GMT 2024","passed","Tue Nov 19 18:34:51 GMT 2024","","QUICK","QUICK",""
"","2","CONCRETE-TYPES---METTA-LANGUAGE12.04","","Tue Nov 19 18:10:55 GMT 2024","passed","Tue Nov 19 18:10:55 GMT 2024","","METTA-LANG","METTA-LANG",""
"","108","B4-NONDETERM.11","","Tue Nov 19 17:57:42 GMT 2024","passed","Tue Nov 19 17:57:42 GMT 2024","","HYPERON-EXPERIMENTAL-SCRIPTS","HYPERON-EXPERIMENTAL-SCRIPTS",""
"","8000","hyperon-experimental_scripts.d5_auto_types","","Tue Nov 19 17:52:49 GMT 2024","passed","Tue Nov 19 17:52:57 GMT 2024","","WHOLE-TESTS","WHOLE-TESTS",""
"","118","MINIMAL-METTA-TESTS.38","","Tue Nov 19 18:00:52 GMT 2024","failed","Tue Nov 19 18:00:52 GMT 2024","","HYPERON-METTALOG-SANITY","HYPERON-METTALOG-SANITY",""
"","4","BASIC-GROUNDED-FUNCTIONS---METTA-LANGUAGE1.01","","Tue Nov 19 18:10:55 GMT 2024","passed","Tue Nov 19 18:10:55 GMT 2024","","METTA-LANG","METTA-LANG",""
"","2","OR-TEST.04","","Tue Nov 19 18:00:52 GMT 2024","passed","Tue Nov 19 18:00:52 GMT 2024","","HYPERON-METTALOG-SANITY","HYPERON-METTALOG-SANITY",""
"","2","WORKING-WITH-SPACES---METTA-LANGUAGE1.02","","Tue Nov 19 18:10:55 GMT 2024","passed","Tue Nov 19 18:10:55 GMT 2024","","METTA-LANG","METTA-LANG",""
"","8000","metta_lang.Basic_grounded_functions___MeTTa_Language4","","Tue Nov 19 17:52:49 GMT 2024","passed","Tue Nov 19 17:52:57 GMT 2024","","WHOLE-TESTS","WHOLE-TESTS",""
"","3","D2-HIGHERFUNC.06","","Tue Nov 19 18:34:51 GMT 2024","passed","Tue Nov 19 18:34:51 GMT 2024","","QUICK","QUICK",""
"","5","SEALED-TEST.01","","Tue Nov 19 18:00:52 GMT 2024","passed","Tue Nov 19 18:00:52 GMT 2024","","HYPERON-METTALOG-SANITY","HYPERON-METTALOG-SANITY",""
"","875","WORKING-WITH-SPACES---METTA-LANGUAGE13.02","","Tue Nov 19 18:10:55 GMT 2024","failed","Tue Nov 19 18:10:55 GMT 2024","","METTA-LANG","METTA-LANG",""
"","8000","hyperon-experimental_scripts.c2_spaces","","Tue Nov 19 17:52:49 GMT 2024","passed","Tue Nov 19 17:52:57 GMT 2024","","WHOLE-TESTS","WHOLE-TESTS",""
"","1","D4-TYPE-PROP.12","","Tue Nov 19 18:34:51 GMT 2024","passed","Tue Nov 19 18:34:51 GMT 2024","","QUICK","QUICK",""
"","2","OPERATIONS-OVER-ATOMS---METTA-LANGUAGE9.02","","Tue Nov 19 18:10:55 GMT 2024","passed","Tue Nov 19 18:10:55 GMT 2024","","METTA-LANG","METTA-LANG",""
"","2","LIMIT-TESTS.11","","Tue Nov 19 18:00:52 GMT 2024","passed","Tue Nov 19 18:00:52 GMT 2024","","HYPERON-METTALOG-SANITY","HYPERON-METTALOG-SANITY",""
"","3","BASIC-EVALUATION---METTA-LANGUAGE6.02","","Tue Nov 19 18:10:55 GMT 2024","passed","Tue Nov 19 18:10:55 GMT 2024","","METTA-LANG","METTA-LANG",""
"","2","F1-IMPORTS.09","","Tue Nov 19 17:57:42 GMT 2024","passed","Tue Nov 19 17:57:42 GMT 2024","","HYPERON-EXPERIMENTAL-SCRIPTS","HYPERON-EXPERIMENTAL-SCRIPTS",""
"","29000","synth_buffer.time_synthesize","","Tue Nov 19 17:52:49 GMT 2024","passed","Tue Nov 19 17:53:18 GMT 2024","","WHOLE-TESTS","WHOLE-TESTS",""
"","9","METTALOGTESTCURRIED2.07","","Tue Nov 19 17:52:57 GMT 2024","passed","Tue Nov 19 17:52:57 GMT 2024","","ANTI-REGRESSION","ANTI-REGRESSION",""
"","3","G1-DOCS.02","","Tue Nov 19 17:57:42 GMT 2024","passed","Tue Nov 19 17:57:42 GMT 2024","","HYPERON-EXPERIMENTAL-SCRIPTS","HYPERON-EXPERIMENTAL-SCRIPTS",""
"","8000","metta_lang.Basic_evaluation___MeTTa_Language3","","Tue Nov 19 17:52:49 GMT 2024","passed","Tue Nov 19 17:52:57 GMT 2024","","WHOLE-TESTS","WHOLE-TESTS",""
"","8000","metta-morph_tests.nested_parameters","","Tue Nov 19 17:52:49 GMT 2024","passed","Tue Nov 19 17:52:57 GMT 2024","","WHOLE-TESTS","WHOLE-TESTS",""
"","2","PRINT-GRAPH.04","","Tue Nov 19 17:55:48 GMT 2024","passed","Tue Nov 19 17:55:48 GMT 2024","","METTA-WAM-ISSUE-145","METTA-WAM-ISSUE-145",""
"","3","D3-DEPTYPES.02","","Tue Nov 19 17:57:42 GMT 2024","passed","Tue Nov 19 17:57:42 GMT 2024","","HYPERON-EXPERIMENTAL-SCRIPTS","HYPERON-EXPERIMENTAL-SCRIPTS",""
"","47866","TEST-SPO-116378.01","","Tue Nov 19 17:54:03 GMT 2024","passed","Tue Nov 19 17:54:50 GMT 2024","","METTA-WAM-ISSUE-116","METTA-WAM-ISSUE-116",""
"","5","C1-GROUNDED-BASIC.01","","Tue Nov 19 17:57:42 GMT 2024","passed","Tue Nov 19 17:57:42 GMT 2024","","HYPERON-EXPERIMENTAL-SCRIPTS","HYPERON-EXPERIMENTAL-SCRIPTS",""
"","2","METATYPES---METTA-LANGUAGE8.03","","Tue Nov 19 18:10:55 GMT 2024","passed","Tue Nov 19 18:10:55 GMT 2024","","METTA-LANG","METTA-LANG",""
"","1","STRING-TESTS.03","","Tue Nov 19 18:00:52 GMT 2024","passed","Tue Nov 19 18:00:52 GMT 2024","","HYPERON-METTALOG-SANITY","HYPERON-METTALOG-SANITY",""
"","3","WORKING-WITH-SPACES---METTA-LANGUAGE8.01","","Tue Nov 19 18:10:55 GMT 2024","passed","Tue Nov 19 18:10:55 GMT 2024","","METTA-LANG","METTA-LANG",""
"","8000","metta_lang.Controlling_pattern_matching___MeTTa_Language8","","Tue Nov 19 17:52:49 GMT 2024","passed","Tue Nov 19 17:52:57 GMT 2024","","WHOLE-TESTS","WHOLE-TESTS",""
"","2","STRING-TESTS.20","","Tue Nov 19 18:00:52 GMT 2024","passed","Tue Nov 19 18:00:52 GMT 2024","","HYPERON-METTALOG-SANITY","HYPERON-METTALOG-SANITY",""
"","11799","TIME-SYNTHESIZE.02","","Tue Nov 19 18:08:09 GMT 2024","failed","Tue Nov 19 18:08:20 GMT 2024","","SYNTH-BUFFER","SYNTH-BUFFER",""
"","2","STRING-TESTS.15","","Tue Nov 19 18:00:52 GMT 2024","passed","Tue Nov 19 18:00:52 GMT 2024","","HYPERON-METTALOG-SANITY","HYPERON-METTALOG-SANITY",""
"","2","B5-TYPES-PRELIM.09","","Tue Nov 19 17:57:42 GMT 2024","passed","Tue Nov 19 17:57:42 GMT 2024","","HYPERON-EXPERIMENTAL-SCRIPTS","HYPERON-EXPERIMENTAL-SCRIPTS",""
"","77","FUNCTIONAL-PROGRAMMING-TESTS.06","","Tue Nov 19 18:00:52 GMT 2024","failed","Tue Nov 19 18:00:52 GMT 2024","","HYPERON-METTALOG-SANITY","HYPERON-METTALOG-SANITY",""
"","2","D4-TYPE-PROP.04","","Tue Nov 19 18:34:51 GMT 2024","passed","Tue Nov 19 18:34:51 GMT 2024","","QUICK","QUICK",""
"","2","RECURSIVE-AND-PARAMETRIC-TYPES---METTA-LANGUAGE7.05","","Tue Nov 19 18:10:55 GMT 2024","passed","Tue Nov 19 18:10:55 GMT 2024","","METTA-LANG","METTA-LANG",""
"","3","00-LANG-CASE.15","","Tue Nov 19 18:00:52 GMT 2024","passed","Tue Nov 19 18:00:52 GMT 2024","","HYPERON-METTALOG-SANITY","HYPERON-METTALOG-SANITY",""
"","2","FIND-ALL-TESTS.02","","Tue Nov 19 18:00:52 GMT 2024","passed","Tue Nov 19 18:00:52 GMT 2024","","HYPERON-METTALOG-SANITY","HYPERON-METTALOG-SANITY",""
"","8000","metta_lang.Console_output_and_debugging___MeTTa_Language3","","Tue Nov 19 17:52:49 GMT 2024","passed","Tue Nov 19 17:52:57 GMT 2024","","WHOLE-TESTS","WHOLE-TESTS",""
"","14","RECURSIVE-AND-PARAMETRIC-TYPES---METTA-LANGUAGE6.03","","Tue Nov 19 18:10:55 GMT 2024","passed","Tue Nov 19 18:10:55 GMT 2024","","METTA-LANG","METTA-LANG",""
"","2","OUTPUT-LOAD-TESTS.10","","Tue Nov 19 18:00:52 GMT 2024","passed","Tue Nov 19 18:00:52 GMT 2024","","HYPERON-METTALOG-SANITY","HYPERON-METTALOG-SANITY",""
"","2","B4-NONDETERM.06","","Tue Nov 19 17:57:42 GMT 2024","passed","Tue Nov 19 17:57:42 GMT 2024","","HYPERON-EXPERIMENTAL-SCRIPTS","HYPERON-EXPERIMENTAL-SCRIPTS",""
"","8000","metta_lang.Operations_over_atoms___MeTTa_Language1","","Tue Nov 19 17:52:49 GMT 2024","passed","Tue Nov 19 17:52:57 GMT 2024","","WHOLE-TESTS","WHOLE-TESTS",""
"","1","CONTROL-FLOW---METTA-LANGUAGE10.02","","Tue Nov 19 18:10:55 GMT 2024","passed","Tue Nov 19 18:10:55 GMT 2024","","METTA-LANG","METTA-LANG",""
"","2","EVAL-FOR-TESTS.11","","Tue Nov 19 18:00:52 GMT 2024","passed","Tue Nov 19 18:00:52 GMT 2024","","HYPERON-METTALOG-SANITY","HYPERON-METTALOG-SANITY",""
"","99","B4-NONDETERM.10","","Tue Nov 19 17:57:42 GMT 2024","passed","Tue Nov 19 17:57:42 GMT 2024","","HYPERON-EXPERIMENTAL-SCRIPTS","HYPERON-EXPERIMENTAL-SCRIPTS",""
"","86","MINIMAL-METTA-TESTS.34","","Tue Nov 19 18:00:52 GMT 2024","failed","Tue Nov 19 18:00:52 GMT 2024","","HYPERON-METTALOG-SANITY","HYPERON-METTALOG-SANITY",""
"","11","MINIMAL-METTA-TESTS.02","","Tue Nov 19 18:00:52 GMT 2024","failed","Tue Nov 19 18:00:52 GMT 2024","","HYPERON-METTALOG-SANITY","HYPERON-METTALOG-SANITY",""
"","2","D1-GADT.02","","Tue Nov 19 18:34:51 GMT 2024","passed","Tue Nov 19 18:34:51 GMT 2024","","QUICK","QUICK",""
"","8000","metta_lang.Basic_evaluation___MeTTa_Language10","","Tue Nov 19 17:52:49 GMT 2024","passed","Tue Nov 19 17:52:57 GMT 2024","","WHOLE-TESTS","WHOLE-TESTS",""
"","104","CONTROL-FLOW---METTA-LANGUAGE12.02","","Tue Nov 19 18:10:55 GMT 2024","passed","Tue Nov 19 18:10:55 GMT 2024","","METTA-LANG","METTA-LANG",""
"","2","RECURSION-AND-CONTROL---METTA-LANGUAGE7.02","","Tue Nov 19 18:10:55 GMT 2024","passed","Tue Nov 19 18:10:55 GMT 2024","","METTA-LANG","METTA-LANG",""
"","2","TMPMATCH1.02","","Tue Nov 19 17:52:57 GMT 2024","passed","Tue Nov 19 17:52:57 GMT 2024","","ANTI-REGRESSION","ANTI-REGRESSION",""
"","13","D2-HIGHERFUNC.21","","Tue Nov 19 17:57:42 GMT 2024","passed","Tue Nov 19 17:57:42 GMT 2024","","HYPERON-EXPERIMENTAL-SCRIPTS","HYPERON-EXPERIMENTAL-SCRIPTS",""
"","2","ARITY-TESTS.01","","Tue Nov 19 18:00:52 GMT 2024","passed","Tue Nov 19 18:00:52 GMT 2024","","HYPERON-METTALOG-SANITY","HYPERON-METTALOG-SANITY",""
"","121","EVAL-FOR-TESTS.04","","Tue Nov 19 18:00:52 GMT 2024","failed","Tue Nov 19 18:00:52 GMT 2024","","HYPERON-METTALOG-SANITY","HYPERON-METTALOG-SANITY",""
"","4","TEST-IF-CLOSED.01","","Tue Nov 19 17:52:57 GMT 2024","passed","Tue Nov 19 17:52:57 GMT 2024","","ANTI-REGRESSION","ANTI-REGRESSION",""
"","8000","metta_lang.Concrete_types___MeTTa_Language4","","Tue Nov 19 17:52:49 GMT 2024","passed","Tue Nov 19 17:52:57 GMT 2024","","WHOLE-TESTS","WHOLE-TESTS",""
"","3","RECURSIVE-AND-PARAMETRIC-TYPES---METTA-LANGUAGE7.01","","Tue Nov 19 18:10:55 GMT 2024","passed","Tue Nov 19 18:10:55 GMT 2024","","METTA-LANG","METTA-LANG",""
"","59","OR-TEST.02","","Tue Nov 19 18:00:52 GMT 2024","failed","Tue Nov 19 18:00:52 GMT 2024","","HYPERON-METTALOG-SANITY","HYPERON-METTALOG-SANITY",""
"","6","EVAL-FOR-TESTS.10","","Tue Nov 19 18:00:52 GMT 2024","passed","Tue Nov 19 18:00:52 GMT 2024","","HYPERON-METTALOG-SANITY","HYPERON-METTALOG-SANITY",""
"","8000","hyperon-mettalog_sanity.py_types_2","","Tue Nov 19 17:52:49 GMT 2024","passed","Tue Nov 19 17:52:57 GMT 2024","","WHOLE-TESTS","WHOLE-TESTS",""
"","4","RECURSION-AND-CONTROL---METTA-LANGUAGE6.02","","Tue Nov 19 18:10:55 GMT 2024","passed","Tue Nov 19 18:10:55 GMT 2024","","METTA-LANG","METTA-LANG",""
"","2","WORKING-WITH-SPACES---METTA-LANGUAGE12.02","","Tue Nov 19 18:10:55 GMT 2024","passed","Tue Nov 19 18:10:55 GMT 2024","","METTA-LANG","METTA-LANG",""
"","3","UNIQUE-TEST.08","","Tue Nov 19 18:00:52 GMT 2024","passed","Tue Nov 19 18:00:52 GMT 2024","","HYPERON-METTALOG-SANITY","HYPERON-METTALOG-SANITY",""
"","20","WORKING-WITH-SPACES---METTA-LANGUAGE7.02","","Tue Nov 19 18:10:55 GMT 2024","failed","Tue Nov 19 18:10:55 GMT 2024","","METTA-LANG","METTA-LANG",""
"","2","INTERSECTION-TESTS.27","","Tue Nov 19 18:00:52 GMT 2024","passed","Tue Nov 19 18:00:52 GMT 2024","","HYPERON-METTALOG-SANITY","HYPERON-METTALOG-SANITY",""
"","8000","hyperon-mettalog_sanity.unique_test","","Tue Nov 19 17:52:49 GMT 2024","passed","Tue Nov 19 17:52:57 GMT 2024","","WHOLE-TESTS","WHOLE-TESTS",""
"","2","C1-GROUNDED-BASIC.22","","Tue Nov 19 17:57:42 GMT 2024","passed","Tue Nov 19 17:57:42 GMT 2024","","HYPERON-EXPERIMENTAL-SCRIPTS","HYPERON-EXPERIMENTAL-SCRIPTS",""
"","1","MINIMAL-METTA-TESTS.04","","Tue Nov 19 18:00:52 GMT 2024","passed","Tue Nov 19 18:00:52 GMT 2024","","HYPERON-METTALOG-SANITY","HYPERON-METTALOG-SANITY",""
"","52","OUTPUT-LOAD-TESTS.17","","Tue Nov 19 18:00:52 GMT 2024","failed","Tue Nov 19 18:00:52 GMT 2024","","HYPERON-METTALOG-SANITY","HYPERON-METTALOG-SANITY",""
"","8000","metta-morph_tests.match_superposed_spaces","","Tue Nov 19 17:52:49 GMT 2024","passed","Tue Nov 19 17:52:57 GMT 2024","","WHOLE-TESTS","WHOLE-TESTS",""
"","8000","metta_lang.Concrete_types___MeTTa_Language5","","Tue Nov 19 17:52:49 GMT 2024","passed","Tue Nov 19 17:52:57 GMT 2024","","WHOLE-TESTS","WHOLE-TESTS",""
"","2","A3-TWOSIDE.04","","Tue Nov 19 17:57:42 GMT 2024","passed","Tue Nov 19 17:57:42 GMT 2024","","HYPERON-EXPERIMENTAL-SCRIPTS","HYPERON-EXPERIMENTAL-SCRIPTS",""
"","15","CONCRETE-TYPES---METTA-LANGUAGE11.01","","Tue Nov 19 18:10:55 GMT 2024","passed","Tue Nov 19 18:10:55 GMT 2024","","METTA-LANG","METTA-LANG",""
"","56","E2-STATES.08","","Tue Nov 19 17:57:42 GMT 2024","failed","Tue Nov 19 17:57:42 GMT 2024","","HYPERON-EXPERIMENTAL-SCRIPTS","HYPERON-EXPERIMENTAL-SCRIPTS",""
"","3","D4-TYPE-PROP.16","","Tue Nov 19 18:34:51 GMT 2024","passed","Tue Nov 19 18:34:51 GMT 2024","","QUICK","QUICK",""
"","2","METATYPES---METTA-LANGUAGE9.01","","Tue Nov 19 18:10:55 GMT 2024","passed","Tue Nov 19 18:10:55 GMT 2024","","METTA-LANG","METTA-LANG",""
"","8000","metta_lang.Concrete_types___MeTTa_Language13","","Tue Nov 19 17:52:49 GMT 2024","passed","Tue Nov 19 17:52:57 GMT 2024","","WHOLE-TESTS","WHOLE-TESTS",""
"","2","OR-TEST.10","","Tue Nov 19 18:00:52 GMT 2024","passed","Tue Nov 19 18:00:52 GMT 2024","","HYPERON-METTALOG-SANITY","HYPERON-METTALOG-SANITY",""
"","2","BASIC-GROUNDED-FUNCTIONS---METTA-LANGUAGE6.04","","Tue Nov 19 18:10:55 GMT 2024","passed","Tue Nov 19 18:10:55 GMT 2024","","METTA-LANG","METTA-LANG",""
"","8000","metta_lang.Functions_and_unification___MeTTa_Language6","","Tue Nov 19 17:52:49 GMT 2024","passed","Tue Nov 19 17:52:57 GMT 2024","","WHOLE-TESTS","WHOLE-TESTS",""
"","80","WORKING-WITH-SPACES---METTA-LANGUAGE11.03","","Tue Nov 19 18:10:55 GMT 2024","failed","Tue Nov 19 18:10:55 GMT 2024","","METTA-LANG","METTA-LANG",""
"","2","WORKING-WITH-SPACES---METTA-LANGUAGE3.02","","Tue Nov 19 18:10:55 GMT 2024","passed","Tue Nov 19 18:10:55 GMT 2024","","METTA-LANG","METTA-LANG",""
"","3","IDENTITY.01","","Tue Nov 19 18:30:57 GMT 2024","passed","Tue Nov 19 18:30:57 GMT 2024","","METTA-MORPH-TESTS","METTA-MORPH-TESTS",""
"","3","C1-GROUNDED-BASIC.01","","Tue Nov 19 18:34:51 GMT 2024","passed","Tue Nov 19 18:34:51 GMT 2024","","QUICK","QUICK",""
"","9000","metta_lang.Control_flow___MeTTa_Language4","","Tue Nov 19 17:52:49 GMT 2024","passed","Tue Nov 19 17:52:58 GMT 2024","","WHOLE-TESTS","WHOLE-TESTS",""
"","2","CONTROL-FLOW---METTA-LANGUAGE15.06","","Tue Nov 19 18:10:55 GMT 2024","passed","Tue Nov 19 18:10:55 GMT 2024","","METTA-LANG","METTA-LANG",""
"","2","FUNCTIONS-AND-UNIFICATION---METTA-LANGUAGE1.05","","Tue Nov 19 18:10:55 GMT 2024","passed","Tue Nov 19 18:10:55 GMT 2024","","METTA-LANG","METTA-LANG",""
"","2","WORKING-WITH-SPACES---METTA-LANGUAGE9.03","","Tue Nov 19 18:10:55 GMT 2024","passed","Tue Nov 19 18:10:55 GMT 2024","","METTA-LANG","METTA-LANG",""
"","2","RECURSION-AND-CONTROL---METTA-LANGUAGE1.01","","Tue Nov 19 18:10:55 GMT 2024","passed","Tue Nov 19 18:10:55 GMT 2024","","METTA-LANG","METTA-LANG",""
"","1","BASIC-EVALUATION---METTA-LANGUAGE1.02","","Tue Nov 19 18:10:55 GMT 2024","passed","Tue Nov 19 18:10:55 GMT 2024","","METTA-LANG","METTA-LANG",""
"","3","WORKING-WITH-SPACES---METTA-LANGUAGE13.01","","Tue Nov 19 18:10:55 GMT 2024","passed","Tue Nov 19 18:10:55 GMT 2024","","METTA-LANG","METTA-LANG",""
"","1","CONTROL-FLOW---METTA-LANGUAGE11.04","","Tue Nov 19 18:10:55 GMT 2024","passed","Tue Nov 19 18:10:55 GMT 2024","","METTA-LANG","METTA-LANG",""
"","165","SPACE-INTERSECTION-TESTS.07","","Tue Nov 19 18:00:52 GMT 2024","failed","Tue Nov 19 18:00:52 GMT 2024","","HYPERON-METTALOG-SANITY","HYPERON-METTALOG-SANITY",""
"","8000","metta_lang.Operations_over_atoms___MeTTa_Language9","","Tue Nov 19 17:52:49 GMT 2024","passed","Tue Nov 19 17:52:57 GMT 2024","","WHOLE-TESTS","WHOLE-TESTS",""
"","2","NESTED-PARAMETERS.01","","Tue Nov 19 18:30:57 GMT 2024","passed","Tue Nov 19 18:30:57 GMT 2024","","METTA-MORPH-TESTS","METTA-MORPH-TESTS",""
