"DESCRIPTION","DURATION IN MS","NAME","PARENT SUITE","START TIME","STATUS","STOP TIME","SUB SUITE","SUITE","TEST CLASS","TEST METHOD"
"","3","UNIQUE-TEST.01","","Fri Dec 06 22:13:17 GMT 2024","passed","Fri Dec 06 22:13:17 GMT 2024","","HYPERON-METTALOG-SANITY","HYPERON-METTALOG-SANITY",""
"","9000","metta-morph_tests.nalifier","","Fri Dec 06 22:09:04 GMT 2024","passed","Fri Dec 06 22:09:13 GMT 2024","","WHOLE-TESTS","WHOLE-TESTS",""
"","1","B4-NONDETERM.04","","Fri Dec 06 22:09:12 GMT 2024","passed","Fri Dec 06 22:09:12 GMT 2024","","HYPERON-EXPERIMENTAL-SCRIPTS","HYPERON-EXPERIMENTAL-SCRIPTS",""
"","9000","hyperon-mettalog_sanity.alpha_equivalence_assertions_he_744","","Fri Dec 06 22:09:04 GMT 2024","passed","Fri Dec 06 22:09:13 GMT 2024","","WHOLE-TESTS","WHOLE-TESTS",""
"","3","RULE-MACROS.01","","Fri Dec 06 22:13:17 GMT 2024","passed","Fri Dec 06 22:13:17 GMT 2024","","HYPERON-METTALOG-SANITY","HYPERON-METTALOG-SANITY",""
"","46","MATH-HYPHEN-FUNCTIONS.09","","Fri Dec 06 22:13:17 GMT 2024","failed","Fri Dec 06 22:13:17 GMT 2024","","HYPERON-METTALOG-SANITY","HYPERON-METTALOG-SANITY",""
"","75","INDEX-MIN-FUNCTIONS-EXTRA-2.19","","Fri Dec 06 22:13:17 GMT 2024","failed","Fri Dec 06 22:13:17 GMT 2024","","HYPERON-METTALOG-SANITY","HYPERON-METTALOG-SANITY",""
"","4","OUTPUT-LOAD-TESTS.01","","Fri Dec 06 22:13:17 GMT 2024","passed","Fri Dec 06 22:13:17 GMT 2024","","HYPERON-METTALOG-SANITY","HYPERON-METTALOG-SANITY",""
"","8000","hyperon-mettalog_sanity.base_test_repr_parse_intersection","","Fri Dec 06 22:09:04 GMT 2024","passed","Fri Dec 06 22:09:12 GMT 2024","","WHOLE-TESTS","WHOLE-TESTS",""
"","67","MINIMAL-METTA-TESTS.11","","Fri Dec 06 22:13:17 GMT 2024","passed","Fri Dec 06 22:13:17 GMT 2024","","HYPERON-METTALOG-SANITY","HYPERON-METTALOG-SANITY",""
"","1","INDEX-MIN-FUNCTIONS-EXTRA-1.38","","Fri Dec 06 22:13:17 GMT 2024","passed","Fri Dec 06 22:13:17 GMT 2024","","HYPERON-METTALOG-SANITY","HYPERON-METTALOG-SANITY",""
"","1","INDEX-MIN-FUNCTIONS-EXTRA-1.50","","Fri Dec 06 22:13:17 GMT 2024","passed","Fri Dec 06 22:13:17 GMT 2024","","HYPERON-METTALOG-SANITY","HYPERON-METTALOG-SANITY",""
"","2","OUTPUT-LOAD-TESTS.13","","Fri Dec 06 22:13:17 GMT 2024","passed","Fri Dec 06 22:13:17 GMT 2024","","HYPERON-METTALOG-SANITY","HYPERON-METTALOG-SANITY",""
"","1","CATCH-THROW-TESTS.10","","Fri Dec 06 22:13:17 GMT 2024","passed","Fri Dec 06 22:13:17 GMT 2024","","HYPERON-METTALOG-SANITY","HYPERON-METTALOG-SANITY",""
"","43","MATH-HYPHEN-FUNCTIONS.13","","Fri Dec 06 22:13:17 GMT 2024","failed","Fri Dec 06 22:13:17 GMT 2024","","HYPERON-METTALOG-SANITY","HYPERON-METTALOG-SANITY",""
"","2","FACTORIAL.01","","Fri Dec 06 22:33:19 GMT 2024","passed","Fri Dec 06 22:33:19 GMT 2024","","METTA-MORPH-TESTS","METTA-MORPH-TESTS",""
"","1","INDEX-MIN-FUNCTIONS-EXTRA-1.43","","Fri Dec 06 22:13:17 GMT 2024","passed","Fri Dec 06 22:13:17 GMT 2024","","HYPERON-METTALOG-SANITY","HYPERON-METTALOG-SANITY",""
"","2","B5-TYPES-PRELIM.10","","Fri Dec 06 22:09:12 GMT 2024","passed","Fri Dec 06 22:09:12 GMT 2024","","HYPERON-EXPERIMENTAL-SCRIPTS","HYPERON-EXPERIMENTAL-SCRIPTS",""
"","95","INDEX-MIN-FUNCTIONS-EXTRA-1.35","","Fri Dec 06 22:13:17 GMT 2024","failed","Fri Dec 06 22:13:17 GMT 2024","","HYPERON-METTALOG-SANITY","HYPERON-METTALOG-SANITY",""
"","2","B4-NONDETERM.06","","Fri Dec 06 22:09:12 GMT 2024","passed","Fri Dec 06 22:09:12 GMT 2024","","HYPERON-EXPERIMENTAL-SCRIPTS","HYPERON-EXPERIMENTAL-SCRIPTS",""
"","1","CALL-CLEANUP-TESTS.09","","Fri Dec 06 22:13:17 GMT 2024","passed","Fri Dec 06 22:13:17 GMT 2024","","HYPERON-METTALOG-SANITY","HYPERON-METTALOG-SANITY",""
"","1","XOR-TEST.05","","Fri Dec 06 22:13:17 GMT 2024","passed","Fri Dec 06 22:13:17 GMT 2024","","HYPERON-METTALOG-SANITY","HYPERON-METTALOG-SANITY",""
"","72","INHERIT-OR-NOT-TESTS.06","","Fri Dec 06 22:13:17 GMT 2024","failed","Fri Dec 06 22:13:17 GMT 2024","","HYPERON-METTALOG-SANITY","HYPERON-METTALOG-SANITY",""
"","10000","hyperon-mettalog_sanity.minimal_metta_tests","","Fri Dec 06 22:09:04 GMT 2024","passed","Fri Dec 06 22:09:14 GMT 2024","","WHOLE-TESTS","WHOLE-TESTS",""
"","1","B5-TYPES-PRELIM.05","","Fri Dec 06 22:09:12 GMT 2024","passed","Fri Dec 06 22:09:12 GMT 2024","","HYPERON-EXPERIMENTAL-SCRIPTS","HYPERON-EXPERIMENTAL-SCRIPTS",""
"","2","LIMIT-TESTS.08","","Fri Dec 06 22:13:17 GMT 2024","passed","Fri Dec 06 22:13:17 GMT 2024","","HYPERON-METTALOG-SANITY","HYPERON-METTALOG-SANITY",""
"","3","A1-SYMBOLS.05","","Fri Dec 06 22:09:12 GMT 2024","passed","Fri Dec 06 22:09:12 GMT 2024","","HYPERON-EXPERIMENTAL-SCRIPTS","HYPERON-EXPERIMENTAL-SCRIPTS",""
"","4","C2-SPACES.01","","Fri Dec 06 22:09:12 GMT 2024","passed","Fri Dec 06 22:09:12 GMT 2024","","HYPERON-EXPERIMENTAL-SCRIPTS","HYPERON-EXPERIMENTAL-SCRIPTS",""
"","16","ARITY-TESTS.01","","Fri Dec 06 22:13:17 GMT 2024","failed","Fri Dec 06 22:13:17 GMT 2024","","HYPERON-METTALOG-SANITY","HYPERON-METTALOG-SANITY",""
"","2","CATCH-THROW-TESTS.09","","Fri Dec 06 22:13:17 GMT 2024","passed","Fri Dec 06 22:13:17 GMT 2024","","HYPERON-METTALOG-SANITY","HYPERON-METTALOG-SANITY",""
"","1","DUPLICATION-SEMANTICS-HE-798.04","","Fri Dec 06 22:13:17 GMT 2024","passed","Fri Dec 06 22:13:17 GMT 2024","","HYPERON-METTALOG-SANITY","HYPERON-METTALOG-SANITY",""
"","2","HYPERPOSE-TESTS.02","","Fri Dec 06 22:13:17 GMT 2024","passed","Fri Dec 06 22:13:17 GMT 2024","","HYPERON-METTALOG-SANITY","HYPERON-METTALOG-SANITY",""
"","2","B0-CHAINING-PRELIM.05","","Fri Dec 06 22:09:12 GMT 2024","passed","Fri Dec 06 22:09:12 GMT 2024","","HYPERON-EXPERIMENTAL-SCRIPTS","HYPERON-EXPERIMENTAL-SCRIPTS",""
"","2","STRING-TESTS.21","","Fri Dec 06 22:13:17 GMT 2024","passed","Fri Dec 06 22:13:17 GMT 2024","","HYPERON-METTALOG-SANITY","HYPERON-METTALOG-SANITY",""
"","4","IF.01","","Fri Dec 06 22:33:19 GMT 2024","passed","Fri Dec 06 22:33:19 GMT 2024","","METTA-MORPH-TESTS","METTA-MORPH-TESTS",""
"","4","B2-BACKCHAIN.01","","Fri Dec 06 22:09:12 GMT 2024","passed","Fri Dec 06 22:09:12 GMT 2024","","HYPERON-EXPERIMENTAL-SCRIPTS","HYPERON-EXPERIMENTAL-SCRIPTS",""
"","42000","metta-morph_tests.match_void","","Fri Dec 06 22:09:04 GMT 2024","failed","Fri Dec 06 22:09:46 GMT 2024","","WHOLE-TESTS","WHOLE-TESTS",""
"","8000","metta-morph_tests.hyperpose","","Fri Dec 06 22:09:04 GMT 2024","passed","Fri Dec 06 22:09:12 GMT 2024","","WHOLE-TESTS","WHOLE-TESTS",""
"","1","B5-TYPES-PRELIM.21","","Fri Dec 06 22:09:12 GMT 2024","passed","Fri Dec 06 22:09:12 GMT 2024","","HYPERON-EXPERIMENTAL-SCRIPTS","HYPERON-EXPERIMENTAL-SCRIPTS",""
"","18","TYPE-CHECKING-SYMBOL-HE-673.06","","Fri Dec 06 22:13:17 GMT 2024","failed","Fri Dec 06 22:13:17 GMT 2024","","HYPERON-METTALOG-SANITY","HYPERON-METTALOG-SANITY",""
"","2","MAX-TIME-TESTS.04","","Fri Dec 06 22:13:17 GMT 2024","passed","Fri Dec 06 22:13:17 GMT 2024","","HYPERON-METTALOG-SANITY","HYPERON-METTALOG-SANITY",""
"","42","MATH-HYPHEN-FUNCTIONS.37","","Fri Dec 06 22:13:17 GMT 2024","failed","Fri Dec 06 22:13:17 GMT 2024","","HYPERON-METTALOG-SANITY","HYPERON-METTALOG-SANITY",""
"","26","TIME-SYNTHESIZE-SHORT.03","","Fri Dec 06 22:29:49 GMT 2024","failed","Fri Dec 06 22:29:49 GMT 2024","","SYNTH-BUFFER","SYNTH-BUFFER",""
"","3","INDEX-MIN-FUNCTIONS-EXTRA-2.37","","Fri Dec 06 22:13:17 GMT 2024","passed","Fri Dec 06 22:13:17 GMT 2024","","HYPERON-METTALOG-SANITY","HYPERON-METTALOG-SANITY",""
"","1","STRING-TESTS.05","","Fri Dec 06 22:13:17 GMT 2024","passed","Fri Dec 06 22:13:17 GMT 2024","","HYPERON-METTALOG-SANITY","HYPERON-METTALOG-SANITY",""
"","1","AUTO-COERCE.13","","Fri Dec 06 22:13:17 GMT 2024","passed","Fri Dec 06 22:13:17 GMT 2024","","HYPERON-METTALOG-SANITY","HYPERON-METTALOG-SANITY",""
"","2","AUTO-COERCE.19","","Fri Dec 06 22:13:17 GMT 2024","passed","Fri Dec 06 22:13:17 GMT 2024","","HYPERON-METTALOG-SANITY","HYPERON-METTALOG-SANITY",""
"","336","SYNTHESIZE.01","","Fri Dec 06 22:29:49 GMT 2024","failed","Fri Dec 06 22:29:49 GMT 2024","","SYNTH-BUFFER","SYNTH-BUFFER",""
"","72","B4-NONDETERM.03","","Fri Dec 06 22:09:12 GMT 2024","passed","Fri Dec 06 22:09:12 GMT 2024","","HYPERON-EXPERIMENTAL-SCRIPTS","HYPERON-EXPERIMENTAL-SCRIPTS",""
"","9","E3-MATCH-STATES.05","","Fri Dec 06 22:09:12 GMT 2024","failed","Fri Dec 06 22:09:12 GMT 2024","","HYPERON-EXPERIMENTAL-SCRIPTS","HYPERON-EXPERIMENTAL-SCRIPTS",""
"","1","RUST-TESTS.04","","Fri Dec 06 22:13:17 GMT 2024","passed","Fri Dec 06 22:13:17 GMT 2024","","HYPERON-METTALOG-SANITY","HYPERON-METTALOG-SANITY",""
"","2","B5-TYPES-PRELIM.06","","Fri Dec 06 22:09:12 GMT 2024","passed","Fri Dec 06 22:09:12 GMT 2024","","HYPERON-EXPERIMENTAL-SCRIPTS","HYPERON-EXPERIMENTAL-SCRIPTS",""
"","2","E2-STATES.06","","Fri Dec 06 22:09:12 GMT 2024","passed","Fri Dec 06 22:09:12 GMT 2024","","HYPERON-EXPERIMENTAL-SCRIPTS","HYPERON-EXPERIMENTAL-SCRIPTS",""
"","8000","metta-morph_tests.minnars","","Fri Dec 06 22:09:04 GMT 2024","passed","Fri Dec 06 22:09:12 GMT 2024","","WHOLE-TESTS","WHOLE-TESTS",""
"","2","UNIQUE-TEST.06","","Fri Dec 06 22:13:17 GMT 2024","passed","Fri Dec 06 22:13:17 GMT 2024","","HYPERON-METTALOG-SANITY","HYPERON-METTALOG-SANITY",""
"","2","CALL-TESTS.06","","Fri Dec 06 22:13:17 GMT 2024","passed","Fri Dec 06 22:13:17 GMT 2024","","HYPERON-METTALOG-SANITY","HYPERON-METTALOG-SANITY",""
"","3","HYPERPOSE.01","","Fri Dec 06 22:33:19 GMT 2024","passed","Fri Dec 06 22:33:19 GMT 2024","","METTA-MORPH-TESTS","METTA-MORPH-TESTS",""
"","2","SUPERPOSE-NESTED.03","","Fri Dec 06 22:33:19 GMT 2024","passed","Fri Dec 06 22:33:19 GMT 2024","","METTA-MORPH-TESTS","METTA-MORPH-TESTS",""
"","2","B4-NONDETERM.07","","Fri Dec 06 22:09:12 GMT 2024","passed","Fri Dec 06 22:09:12 GMT 2024","","HYPERON-EXPERIMENTAL-SCRIPTS","HYPERON-EXPERIMENTAL-SCRIPTS",""
"","1","SEQUENTIAL-NESTED.05","","Fri Dec 06 22:33:19 GMT 2024","passed","Fri Dec 06 22:33:19 GMT 2024","","METTA-MORPH-TESTS","METTA-MORPH-TESTS",""
"","4","F1-IMPORTS.01","","Fri Dec 06 22:09:12 GMT 2024","passed","Fri Dec 06 22:09:12 GMT 2024","","HYPERON-EXPERIMENTAL-SCRIPTS","HYPERON-EXPERIMENTAL-SCRIPTS",""
"","15","D1-GADT.09","","Fri Dec 06 22:09:12 GMT 2024","passed","Fri Dec 06 22:09:12 GMT 2024","","HYPERON-EXPERIMENTAL-SCRIPTS","HYPERON-EXPERIMENTAL-SCRIPTS",""
"","4","SORTING-TESTS.01","","Fri Dec 06 22:13:17 GMT 2024","passed","Fri Dec 06 22:13:17 GMT 2024","","HYPERON-METTALOG-SANITY","HYPERON-METTALOG-SANITY",""
"","1","AUTO-COERCE.49","","Fri Dec 06 22:13:17 GMT 2024","passed","Fri Dec 06 22:13:17 GMT 2024","","HYPERON-METTALOG-SANITY","HYPERON-METTALOG-SANITY",""
"","1","UNBOUNDED-FREE-VARIABLES-HE-787.04","","Fri Dec 06 22:13:17 GMT 2024","passed","Fri Dec 06 22:13:17 GMT 2024","","HYPERON-METTALOG-SANITY","HYPERON-METTALOG-SANITY",""
"","91","PY-TYPES.03","","Fri Dec 06 22:13:17 GMT 2024","passed","Fri Dec 06 22:13:17 GMT 2024","","HYPERON-METTALOG-SANITY","HYPERON-METTALOG-SANITY",""
"","42000","hyperon-mettalog_sanity.recursive_tuple_list_benchmark_he_394","","Fri Dec 06 22:09:04 GMT 2024","failed","Fri Dec 06 22:09:46 GMT 2024","","WHOLE-TESTS","WHOLE-TESTS",""
"","19","INHERIT-OR-NOT-TESTS.02","","Fri Dec 06 22:13:17 GMT 2024","failed","Fri Dec 06 22:13:17 GMT 2024","","HYPERON-METTALOG-SANITY","HYPERON-METTALOG-SANITY",""
"","48","D5-AUTO-TYPES.05","","Fri Dec 06 22:09:12 GMT 2024","failed","Fri Dec 06 22:09:12 GMT 2024","","HYPERON-EXPERIMENTAL-SCRIPTS","HYPERON-EXPERIMENTAL-SCRIPTS",""
"","3","D2-HIGHERFUNC.24","","Fri Dec 06 22:09:12 GMT 2024","passed","Fri Dec 06 22:09:12 GMT 2024","","HYPERON-EXPERIMENTAL-SCRIPTS","HYPERON-EXPERIMENTAL-SCRIPTS",""
"","1","INDEX-MIN-FUNCTIONS-EXTRA-1.11","","Fri Dec 06 22:13:17 GMT 2024","passed","Fri Dec 06 22:13:17 GMT 2024","","HYPERON-METTALOG-SANITY","HYPERON-METTALOG-SANITY",""
"","11000","hyperon-mettalog_sanity.delay_reduction_additional_tests_he_659","","Fri Dec 06 22:09:04 GMT 2024","passed","Fri Dec 06 22:09:15 GMT 2024","","WHOLE-TESTS","WHOLE-TESTS",""
"","14","E2-STATES.04","","Fri Dec 06 22:09:12 GMT 2024","failed","Fri Dec 06 22:09:12 GMT 2024","","HYPERON-EXPERIMENTAL-SCRIPTS","HYPERON-EXPERIMENTAL-SCRIPTS",""
"","3","CATCH-THROW-TESTS.07","","Fri Dec 06 22:13:17 GMT 2024","passed","Fri Dec 06 22:13:17 GMT 2024","","HYPERON-METTALOG-SANITY","HYPERON-METTALOG-SANITY",""
"","2","D2-HIGHERFUNC.10","","Fri Dec 06 22:09:12 GMT 2024","passed","Fri Dec 06 22:09:12 GMT 2024","","HYPERON-EXPERIMENTAL-SCRIPTS","HYPERON-EXPERIMENTAL-SCRIPTS",""
"","1","LAMBDA-ABSTRACTION-BC-HE-556.03","","Fri Dec 06 22:13:17 GMT 2024","passed","Fri Dec 06 22:13:17 GMT 2024","","HYPERON-METTALOG-SANITY","HYPERON-METTALOG-SANITY",""
"","116","TYPE-CHECKING-SYMBOL-HE-673.02","","Fri Dec 06 22:13:17 GMT 2024","failed","Fri Dec 06 22:13:17 GMT 2024","","HYPERON-METTALOG-SANITY","HYPERON-METTALOG-SANITY",""
"","44","INDEX-MIN-FUNCTIONS-EXTRA-1.02","","Fri Dec 06 22:13:17 GMT 2024","failed","Fri Dec 06 22:13:17 GMT 2024","","HYPERON-METTALOG-SANITY","HYPERON-METTALOG-SANITY",""
"","1","SUPERCOLLAPSE.05","","Fri Dec 06 22:33:19 GMT 2024","passed","Fri Dec 06 22:33:19 GMT 2024","","METTA-MORPH-TESTS","METTA-MORPH-TESTS",""
"","106","INTERSECTION-TESTS.21","","Fri Dec 06 22:13:17 GMT 2024","passed","Fri Dec 06 22:13:17 GMT 2024","","HYPERON-METTALOG-SANITY","HYPERON-METTALOG-SANITY",""
"","48","MATH-HYPHEN-FUNCTIONS.03","","Fri Dec 06 22:13:17 GMT 2024","failed","Fri Dec 06 22:13:17 GMT 2024","","HYPERON-METTALOG-SANITY","HYPERON-METTALOG-SANITY",""
"","7","SEALED-TEST.01","","Fri Dec 06 22:13:17 GMT 2024","passed","Fri Dec 06 22:13:17 GMT 2024","","HYPERON-METTALOG-SANITY","HYPERON-METTALOG-SANITY",""
"","1","INHERIT-OR-NOT-TESTS.07","","Fri Dec 06 22:13:17 GMT 2024","passed","Fri Dec 06 22:13:17 GMT 2024","","HYPERON-METTALOG-SANITY","HYPERON-METTALOG-SANITY",""
"","47","MATH-HYPHEN-FUNCTIONS.28","","Fri Dec 06 22:13:17 GMT 2024","failed","Fri Dec 06 22:13:17 GMT 2024","","HYPERON-METTALOG-SANITY","HYPERON-METTALOG-SANITY",""
"","2","B0-CHAINING-PRELIM.03","","Fri Dec 06 22:09:12 GMT 2024","passed","Fri Dec 06 22:09:12 GMT 2024","","HYPERON-EXPERIMENTAL-SCRIPTS","HYPERON-EXPERIMENTAL-SCRIPTS",""
"","2","INDEX-MIN-FUNCTIONS-EXTRA-1.19","","Fri Dec 06 22:13:17 GMT 2024","passed","Fri Dec 06 22:13:17 GMT 2024","","HYPERON-METTALOG-SANITY","HYPERON-METTALOG-SANITY",""
"","2","HYPERPOSE.04","","Fri Dec 06 22:33:19 GMT 2024","passed","Fri Dec 06 22:33:19 GMT 2024","","METTA-MORPH-TESTS","METTA-MORPH-TESTS",""
"","132710","MATCH-VOID.01","","Fri Dec 06 22:33:19 GMT 2024","failed","Fri Dec 06 22:35:31 GMT 2024","","METTA-MORPH-TESTS","METTA-MORPH-TESTS",""
"","3","SUPERCOLLAPSE.02","","Fri Dec 06 22:33:19 GMT 2024","passed","Fri Dec 06 22:33:19 GMT 2024","","METTA-MORPH-TESTS","METTA-MORPH-TESTS",""
"","1","D3-DEPTYPES.06","","Fri Dec 06 22:09:12 GMT 2024","passed","Fri Dec 06 22:09:12 GMT 2024","","HYPERON-EXPERIMENTAL-SCRIPTS","HYPERON-EXPERIMENTAL-SCRIPTS",""
"","1","AUTO-COERCE.34","","Fri Dec 06 22:13:17 GMT 2024","passed","Fri Dec 06 22:13:17 GMT 2024","","HYPERON-METTALOG-SANITY","HYPERON-METTALOG-SANITY",""
"","15","ARITY-TESTS.02","","Fri Dec 06 22:13:17 GMT 2024","failed","Fri Dec 06 22:13:17 GMT 2024","","HYPERON-METTALOG-SANITY","HYPERON-METTALOG-SANITY",""
"","8000","hyperon-experimental_scripts.d3_deptypes","","Fri Dec 06 22:09:04 GMT 2024","passed","Fri Dec 06 22:09:12 GMT 2024","","WHOLE-TESTS","WHOLE-TESTS",""
"","65","FUNCTIONAL-PROGRAMMING-TESTS.08","","Fri Dec 06 22:13:17 GMT 2024","failed","Fri Dec 06 22:13:17 GMT 2024","","HYPERON-METTALOG-SANITY","HYPERON-METTALOG-SANITY",""
"","1","DUPLICATION-SEMANTICS-HE-798.05","","Fri Dec 06 22:13:17 GMT 2024","passed","Fri Dec 06 22:13:17 GMT 2024","","HYPERON-METTALOG-SANITY","HYPERON-METTALOG-SANITY",""
"","42000","hyperon-mettalog_sanity.space_subtraction_tests","","Fri Dec 06 22:09:04 GMT 2024","failed","Fri Dec 06 22:09:46 GMT 2024","","WHOLE-TESTS","WHOLE-TESTS",""
"","8000","hyperon-mettalog_sanity.call_tests_mw","","Fri Dec 06 22:09:04 GMT 2024","passed","Fri Dec 06 22:09:12 GMT 2024","","WHOLE-TESTS","WHOLE-TESTS",""
"","14","00-LANG-CASE.12","","Fri Dec 06 22:13:17 GMT 2024","passed","Fri Dec 06 22:13:17 GMT 2024","","HYPERON-METTALOG-SANITY","HYPERON-METTALOG-SANITY",""
"","97","EVAL-FOR-TESTS.13","","Fri Dec 06 22:13:17 GMT 2024","failed","Fri Dec 06 22:13:17 GMT 2024","","HYPERON-METTALOG-SANITY","HYPERON-METTALOG-SANITY",""
"","1445","F1-IMPORTS.01","","Fri Dec 06 22:08:23 GMT 2024","failed","Fri Dec 06 22:08:24 GMT 2024","","MODULE-SYSTEM","MODULE-SYSTEM",""
"","1","INHERIT-OR-NOT-TESTS.04","","Fri Dec 06 22:13:17 GMT 2024","passed","Fri Dec 06 22:13:17 GMT 2024","","HYPERON-METTALOG-SANITY","HYPERON-METTALOG-SANITY",""
"","14","PARTITIONING-ATOMSPACES-AND-PERFORMANCE-HE-774.09","","Fri Dec 06 22:13:17 GMT 2024","failed","Fri Dec 06 22:13:17 GMT 2024","","HYPERON-METTALOG-SANITY","HYPERON-METTALOG-SANITY",""
"","2","D3-DEPTYPES.02","","Fri Dec 06 22:09:12 GMT 2024","passed","Fri Dec 06 22:09:12 GMT 2024","","HYPERON-EXPERIMENTAL-SCRIPTS","HYPERON-EXPERIMENTAL-SCRIPTS",""
"","1","INDEX-MIN-FUNCTIONS-EXTRA-2.29","","Fri Dec 06 22:13:17 GMT 2024","passed","Fri Dec 06 22:13:17 GMT 2024","","HYPERON-METTALOG-SANITY","HYPERON-METTALOG-SANITY",""
"","7000","hyperon-mettalog_sanity.xor_test","","Fri Dec 06 22:09:04 GMT 2024","passed","Fri Dec 06 22:09:11 GMT 2024","","WHOLE-TESTS","WHOLE-TESTS",""
"","2","STATES-SPACES.04","","Fri Dec 06 22:33:19 GMT 2024","passed","Fri Dec 06 22:33:19 GMT 2024","","METTA-MORPH-TESTS","METTA-MORPH-TESTS",""
"","10","E2-STATES.03","","Fri Dec 06 22:09:12 GMT 2024","failed","Fri Dec 06 22:09:12 GMT 2024","","HYPERON-EXPERIMENTAL-SCRIPTS","HYPERON-EXPERIMENTAL-SCRIPTS",""
"","2","D4-TYPE-PROP.08","","Fri Dec 06 22:09:12 GMT 2024","passed","Fri Dec 06 22:09:12 GMT 2024","","HYPERON-EXPERIMENTAL-SCRIPTS","HYPERON-EXPERIMENTAL-SCRIPTS",""
"","1","SPACE-INTERSECTION-TESTS.02","","Fri Dec 06 22:13:17 GMT 2024","passed","Fri Dec 06 22:13:17 GMT 2024","","HYPERON-METTALOG-SANITY","HYPERON-METTALOG-SANITY",""
"","8000","hyperon-experimental_scripts.b4_nondeterm","","Fri Dec 06 22:09:04 GMT 2024","passed","Fri Dec 06 22:09:12 GMT 2024","","WHOLE-TESTS","WHOLE-TESTS",""
"","1","MINIMAL-METTA-TESTS.34","","Fri Dec 06 22:13:17 GMT 2024","passed","Fri Dec 06 22:13:17 GMT 2024","","HYPERON-METTALOG-SANITY","HYPERON-METTALOG-SANITY",""
"","2","AUTO-COERCE.21","","Fri Dec 06 22:13:17 GMT 2024","passed","Fri Dec 06 22:13:17 GMT 2024","","HYPERON-METTALOG-SANITY","HYPERON-METTALOG-SANITY",""
"","67","PY-TYPES.01","","Fri Dec 06 22:13:17 GMT 2024","failed","Fri Dec 06 22:13:17 GMT 2024","","HYPERON-METTALOG-SANITY","HYPERON-METTALOG-SANITY",""
"","92","CALL-CLEANUP-TESTS.06","","Fri Dec 06 22:13:17 GMT 2024","failed","Fri Dec 06 22:13:17 GMT 2024","","HYPERON-METTALOG-SANITY","HYPERON-METTALOG-SANITY",""
"","46","RUST-TESTS.08","","Fri Dec 06 22:13:17 GMT 2024","failed","Fri Dec 06 22:13:17 GMT 2024","","HYPERON-METTALOG-SANITY","HYPERON-METTALOG-SANITY",""
"","1","RUST-TESTS.03","","Fri Dec 06 22:13:17 GMT 2024","passed","Fri Dec 06 22:13:17 GMT 2024","","HYPERON-METTALOG-SANITY","HYPERON-METTALOG-SANITY",""
"","8000","hyperon-mettalog_sanity.method_selection_tests","","Fri Dec 06 22:09:04 GMT 2024","passed","Fri Dec 06 22:09:12 GMT 2024","","WHOLE-TESTS","WHOLE-TESTS",""
"","3","INDEX-MIN-FUNCTIONS-EXTRA-1.60","","Fri Dec 06 22:13:17 GMT 2024","passed","Fri Dec 06 22:13:17 GMT 2024","","HYPERON-METTALOG-SANITY","HYPERON-METTALOG-SANITY",""
"","2","DIFFEREN-ARITIES-ARE-FINE-HE-603.02","","Fri Dec 06 22:13:17 GMT 2024","passed","Fri Dec 06 22:13:17 GMT 2024","","HYPERON-METTALOG-SANITY","HYPERON-METTALOG-SANITY",""
"","1","F1-IMPORTS.03","","Fri Dec 06 22:09:12 GMT 2024","passed","Fri Dec 06 22:09:12 GMT 2024","","HYPERON-EXPERIMENTAL-SCRIPTS","HYPERON-EXPERIMENTAL-SCRIPTS",""
"","4","LIMIT-TESTS.01","","Fri Dec 06 22:13:17 GMT 2024","passed","Fri Dec 06 22:13:17 GMT 2024","","HYPERON-METTALOG-SANITY","HYPERON-METTALOG-SANITY",""
"","3","F1-MODULEA.01","","Fri Dec 06 22:08:23 GMT 2024","passed","Fri Dec 06 22:08:23 GMT 2024","","MODULE-SYSTEM","MODULE-SYSTEM",""
"","2","D1-GADT.11","","Fri Dec 06 22:09:12 GMT 2024","passed","Fri Dec 06 22:09:12 GMT 2024","","HYPERON-EXPERIMENTAL-SCRIPTS","HYPERON-EXPERIMENTAL-SCRIPTS",""
"","1","CALL-TESTS.11","","Fri Dec 06 22:13:17 GMT 2024","passed","Fri Dec 06 22:13:17 GMT 2024","","HYPERON-METTALOG-SANITY","HYPERON-METTALOG-SANITY",""
"","1","OUTPUT-LOAD-TESTS.10","","Fri Dec 06 22:13:17 GMT 2024","passed","Fri Dec 06 22:13:17 GMT 2024","","HYPERON-METTALOG-SANITY","HYPERON-METTALOG-SANITY",""
"","95","INTERSECTION-TESTS.28","","Fri Dec 06 22:13:17 GMT 2024","failed","Fri Dec 06 22:13:17 GMT 2024","","HYPERON-METTALOG-SANITY","HYPERON-METTALOG-SANITY",""
"","1","AUTO-COERCE.25","","Fri Dec 06 22:13:17 GMT 2024","passed","Fri Dec 06 22:13:17 GMT 2024","","HYPERON-METTALOG-SANITY","HYPERON-METTALOG-SANITY",""
"","2","C3-PLN-STV.05","","Fri Dec 06 22:09:12 GMT 2024","passed","Fri Dec 06 22:09:12 GMT 2024","","HYPERON-EXPERIMENTAL-SCRIPTS","HYPERON-EXPERIMENTAL-SCRIPTS",""
"","2","TYPES2.02","","Fri Dec 06 22:33:19 GMT 2024","passed","Fri Dec 06 22:33:19 GMT 2024","","METTA-MORPH-TESTS","METTA-MORPH-TESTS",""
"","3","INDEX-MIN-FUNCTIONS-EXTRA-3.01","","Fri Dec 06 22:13:17 GMT 2024","passed","Fri Dec 06 22:13:17 GMT 2024","","HYPERON-METTALOG-SANITY","HYPERON-METTALOG-SANITY",""
"","2","CALL-TESTS.13","","Fri Dec 06 22:13:17 GMT 2024","passed","Fri Dec 06 22:13:17 GMT 2024","","HYPERON-METTALOG-SANITY","HYPERON-METTALOG-SANITY",""
"","4","SEALED-TEST.04","","Fri Dec 06 22:13:17 GMT 2024","passed","Fri Dec 06 22:13:17 GMT 2024","","HYPERON-METTALOG-SANITY","HYPERON-METTALOG-SANITY",""
"","2","SORTING-TESTS.06","","Fri Dec 06 22:13:17 GMT 2024","passed","Fri Dec 06 22:13:17 GMT 2024","","HYPERON-METTALOG-SANITY","HYPERON-METTALOG-SANITY",""
"","84","MINIMAL-METTA-TESTS.21","","Fri Dec 06 22:13:17 GMT 2024","failed","Fri Dec 06 22:13:17 GMT 2024","","HYPERON-METTALOG-SANITY","HYPERON-METTALOG-SANITY",""
"","13","ARITY-TESTS.06","","Fri Dec 06 22:13:17 GMT 2024","failed","Fri Dec 06 22:13:17 GMT 2024","","HYPERON-METTALOG-SANITY","HYPERON-METTALOG-SANITY",""
"","2","00-LANG-CASE.18","","Fri Dec 06 22:13:17 GMT 2024","passed","Fri Dec 06 22:13:17 GMT 2024","","HYPERON-METTALOG-SANITY","HYPERON-METTALOG-SANITY",""
"","2","INTERSECTION-TESTS.30","","Fri Dec 06 22:13:17 GMT 2024","passed","Fri Dec 06 22:13:17 GMT 2024","","HYPERON-METTALOG-SANITY","HYPERON-METTALOG-SANITY",""
"","95","MATH-HYPHEN-FUNCTIONS.15","","Fri Dec 06 22:13:17 GMT 2024","failed","Fri Dec 06 22:13:17 GMT 2024","","HYPERON-METTALOG-SANITY","HYPERON-METTALOG-SANITY",""
"","2","AUTO-COERCE.47","","Fri Dec 06 22:13:17 GMT 2024","passed","Fri Dec 06 22:13:17 GMT 2024","","HYPERON-METTALOG-SANITY","HYPERON-METTALOG-SANITY",""
"","2","SUBTRACTION-TEST.08","","Fri Dec 06 22:13:17 GMT 2024","passed","Fri Dec 06 22:13:17 GMT 2024","","HYPERON-METTALOG-SANITY","HYPERON-METTALOG-SANITY",""
"","2","MINIMAL-METTA-TESTS.48","","Fri Dec 06 22:13:17 GMT 2024","passed","Fri Dec 06 22:13:17 GMT 2024","","HYPERON-METTALOG-SANITY","HYPERON-METTALOG-SANITY",""
"","2","LIMIT-TESTS.15","","Fri Dec 06 22:13:17 GMT 2024","passed","Fri Dec 06 22:13:17 GMT 2024","","HYPERON-METTALOG-SANITY","HYPERON-METTALOG-SANITY",""
"","5","HYPERPOSE-TESTS.01","","Fri Dec 06 22:13:17 GMT 2024","passed","Fri Dec 06 22:13:17 GMT 2024","","HYPERON-METTALOG-SANITY","HYPERON-METTALOG-SANITY",""
"","1","TYPE-CHECKING-SYMBOL-HE-673.04","","Fri Dec 06 22:13:17 GMT 2024","passed","Fri Dec 06 22:13:17 GMT 2024","","HYPERON-METTALOG-SANITY","HYPERON-METTALOG-SANITY",""
"","3","SUPERCOLLAPSE.08","","Fri Dec 06 22:33:19 GMT 2024","passed","Fri Dec 06 22:33:19 GMT 2024","","METTA-MORPH-TESTS","METTA-MORPH-TESTS",""
"","2","HYPERPOSE.09","","Fri Dec 06 22:33:19 GMT 2024","passed","Fri Dec 06 22:33:19 GMT 2024","","METTA-MORPH-TESTS","METTA-MORPH-TESTS",""
"","18","D4-TYPE-PROP.03","","Fri Dec 06 22:09:12 GMT 2024","passed","Fri Dec 06 22:09:12 GMT 2024","","HYPERON-EXPERIMENTAL-SCRIPTS","HYPERON-EXPERIMENTAL-SCRIPTS",""
"","2","D3-DEPTYPES.03","","Fri Dec 06 22:09:12 GMT 2024","passed","Fri Dec 06 22:09:12 GMT 2024","","HYPERON-EXPERIMENTAL-SCRIPTS","HYPERON-EXPERIMENTAL-SCRIPTS",""
"","1","INTERSECTION-TESTS.02","","Fri Dec 06 22:13:17 GMT 2024","passed","Fri Dec 06 22:13:17 GMT 2024","","HYPERON-METTALOG-SANITY","HYPERON-METTALOG-SANITY",""
"","87","MATH-HYPHEN-FUNCTIONS.24","","Fri Dec 06 22:13:17 GMT 2024","failed","Fri Dec 06 22:13:17 GMT 2024","","HYPERON-METTALOG-SANITY","HYPERON-METTALOG-SANITY",""
"","75","SEQUENTIAL-NESTED.11","","Fri Dec 06 22:33:19 GMT 2024","passed","Fri Dec 06 22:33:19 GMT 2024","","METTA-MORPH-TESTS","METTA-MORPH-TESTS",""
"","2","B5-TYPES-PRELIM.04","","Fri Dec 06 22:09:12 GMT 2024","passed","Fri Dec 06 22:09:12 GMT 2024","","HYPERON-EXPERIMENTAL-SCRIPTS","HYPERON-EXPERIMENTAL-SCRIPTS",""
"","4","ADD-ATOM-MATCH.01","","Fri Dec 06 22:33:19 GMT 2024","passed","Fri Dec 06 22:33:19 GMT 2024","","METTA-MORPH-TESTS","METTA-MORPH-TESTS",""
"","4","D4-TYPE-PROP.01","","Fri Dec 06 22:09:12 GMT 2024","passed","Fri Dec 06 22:09:12 GMT 2024","","HYPERON-EXPERIMENTAL-SCRIPTS","HYPERON-EXPERIMENTAL-SCRIPTS",""
"","46","STRUCTURE-TESTS.01","","Fri Dec 06 22:13:17 GMT 2024","passed","Fri Dec 06 22:13:17 GMT 2024","","HYPERON-METTALOG-SANITY","HYPERON-METTALOG-SANITY",""
"","2","AUTO-COERCE.26","","Fri Dec 06 22:13:17 GMT 2024","passed","Fri Dec 06 22:13:17 GMT 2024","","HYPERON-METTALOG-SANITY","HYPERON-METTALOG-SANITY",""
"","8000","hyperon-mettalog_sanity.03-soring-via-insert","","Fri Dec 06 22:09:04 GMT 2024","passed","Fri Dec 06 22:09:12 GMT 2024","","WHOLE-TESTS","WHOLE-TESTS",""
"","1","TYPES2.04","","Fri Dec 06 22:33:19 GMT 2024","passed","Fri Dec 06 22:33:19 GMT 2024","","METTA-MORPH-TESTS","METTA-MORPH-TESTS",""
"","40","INDEX-MIN-FUNCTIONS-EXTRA-2.47","","Fri Dec 06 22:13:17 GMT 2024","failed","Fri Dec 06 22:13:17 GMT 2024","","HYPERON-METTALOG-SANITY","HYPERON-METTALOG-SANITY",""
"","47","MATH-HYPHEN-FUNCTIONS.34","","Fri Dec 06 22:13:17 GMT 2024","failed","Fri Dec 06 22:13:17 GMT 2024","","HYPERON-METTALOG-SANITY","HYPERON-METTALOG-SANITY",""
"","75","INTERSECTION-TESTS.31","","Fri Dec 06 22:13:17 GMT 2024","failed","Fri Dec 06 22:13:17 GMT 2024","","HYPERON-METTALOG-SANITY","HYPERON-METTALOG-SANITY",""
"","1","INDEX-MIN-FUNCTIONS-EXTRA-1.42","","Fri Dec 06 22:13:17 GMT 2024","passed","Fri Dec 06 22:13:17 GMT 2024","","HYPERON-METTALOG-SANITY","HYPERON-METTALOG-SANITY",""
"","33","MATH-HYPHEN-FUNCTIONS.22","","Fri Dec 06 22:13:17 GMT 2024","failed","Fri Dec 06 22:13:17 GMT 2024","","HYPERON-METTALOG-SANITY","HYPERON-METTALOG-SANITY",""
"","1","CALL-CLEANUP-TESTS.02","","Fri Dec 06 22:13:17 GMT 2024","passed","Fri Dec 06 22:13:17 GMT 2024","","HYPERON-METTALOG-SANITY","HYPERON-METTALOG-SANITY",""
"","14","D2-HIGHERFUNC.21","","Fri Dec 06 22:09:12 GMT 2024","passed","Fri Dec 06 22:09:12 GMT 2024","","HYPERON-EXPERIMENTAL-SCRIPTS","HYPERON-EXPERIMENTAL-SCRIPTS",""
"","10","MINIMAL-METTA-TESTS.02","","Fri Dec 06 22:13:17 GMT 2024","failed","Fri Dec 06 22:13:17 GMT 2024","","HYPERON-METTALOG-SANITY","HYPERON-METTALOG-SANITY",""
"","8000","hyperon-experimental_scripts.a1_symbols","","Fri Dec 06 22:09:04 GMT 2024","passed","Fri Dec 06 22:09:12 GMT 2024","","WHOLE-TESTS","WHOLE-TESTS",""
"","47","MATH-HYPHEN-FUNCTIONS.25","","Fri Dec 06 22:13:17 GMT 2024","failed","Fri Dec 06 22:13:17 GMT 2024","","HYPERON-METTALOG-SANITY","HYPERON-METTALOG-SANITY",""
"","2","B5-TYPES-PRELIM.07","","Fri Dec 06 22:09:12 GMT 2024","passed","Fri Dec 06 22:09:12 GMT 2024","","HYPERON-EXPERIMENTAL-SCRIPTS","HYPERON-EXPERIMENTAL-SCRIPTS",""
"","115","INHERIT-OR-NOT-TESTS.05","","Fri Dec 06 22:13:17 GMT 2024","failed","Fri Dec 06 22:13:17 GMT 2024","","HYPERON-METTALOG-SANITY","HYPERON-METTALOG-SANITY",""
"","8000","hyperon-experimental_scripts.b2_backchain","","Fri Dec 06 22:09:04 GMT 2024","passed","Fri Dec 06 22:09:12 GMT 2024","","WHOLE-TESTS","WHOLE-TESTS",""
"","8000","metta-morph_tests.match_feval","","Fri Dec 06 22:09:04 GMT 2024","passed","Fri Dec 06 22:09:12 GMT 2024","","WHOLE-TESTS","WHOLE-TESTS",""
"","7000","metta-morph_tests.multifunction","","Fri Dec 06 22:09:04 GMT 2024","passed","Fri Dec 06 22:09:11 GMT 2024","","WHOLE-TESTS","WHOLE-TESTS",""
"","30","INDEX-MIN-FUNCTIONS-EXTRA-2.16","","Fri Dec 06 22:13:17 GMT 2024","failed","Fri Dec 06 22:13:17 GMT 2024","","HYPERON-METTALOG-SANITY","HYPERON-METTALOG-SANITY",""
"","2","B1-EQUAL-CHAIN.04","","Fri Dec 06 22:09:12 GMT 2024","passed","Fri Dec 06 22:09:12 GMT 2024","","HYPERON-EXPERIMENTAL-SCRIPTS","HYPERON-EXPERIMENTAL-SCRIPTS",""
"","2","B4-NONDETERM.09","","Fri Dec 06 22:09:12 GMT 2024","passed","Fri Dec 06 22:09:12 GMT 2024","","HYPERON-EXPERIMENTAL-SCRIPTS","HYPERON-EXPERIMENTAL-SCRIPTS",""
"","15","PARTITIONING-ATOMSPACES-AND-PERFORMANCE-HE-774.06","","Fri Dec 06 22:13:17 GMT 2024","failed","Fri Dec 06 22:13:17 GMT 2024","","HYPERON-METTALOG-SANITY","HYPERON-METTALOG-SANITY",""
"","4","INDEX-MIN-FUNCTIONS-EXTRA-1.20","","Fri Dec 06 22:13:17 GMT 2024","passed","Fri Dec 06 22:13:17 GMT 2024","","HYPERON-METTALOG-SANITY","HYPERON-METTALOG-SANITY",""
"","2","NON-DETERMINISTIC-FUNCTIONS-HE-744.02","","Fri Dec 06 22:13:17 GMT 2024","passed","Fri Dec 06 22:13:17 GMT 2024","","HYPERON-METTALOG-SANITY","HYPERON-METTALOG-SANITY",""
"","2","00-LANG-CASE.03","","Fri Dec 06 22:13:17 GMT 2024","passed","Fri Dec 06 22:13:17 GMT 2024","","HYPERON-METTALOG-SANITY","HYPERON-METTALOG-SANITY",""
"","4","SUBTRACTION-TEST.01","","Fri Dec 06 22:13:17 GMT 2024","passed","Fri Dec 06 22:13:17 GMT 2024","","HYPERON-METTALOG-SANITY","HYPERON-METTALOG-SANITY",""
"","20","LIMIT-TESTS.13","","Fri Dec 06 22:13:17 GMT 2024","passed","Fri Dec 06 22:13:17 GMT 2024","","HYPERON-METTALOG-SANITY","HYPERON-METTALOG-SANITY",""
"","1","RUST-TESTS.05","","Fri Dec 06 22:13:17 GMT 2024","passed","Fri Dec 06 22:13:17 GMT 2024","","HYPERON-METTALOG-SANITY","HYPERON-METTALOG-SANITY",""
"","4","SUPERPOSE-NESTED.01","","Fri Dec 06 22:33:19 GMT 2024","passed","Fri Dec 06 22:33:19 GMT 2024","","METTA-MORPH-TESTS","METTA-MORPH-TESTS",""
"","74","TYPE-CHECKING-SYMBOL-HE-673.05","","Fri Dec 06 22:13:17 GMT 2024","failed","Fri Dec 06 22:13:17 GMT 2024","","HYPERON-METTALOG-SANITY","HYPERON-METTALOG-SANITY",""
"","12","D1-GADT.05","","Fri Dec 06 22:09:12 GMT 2024","passed","Fri Dec 06 22:09:12 GMT 2024","","HYPERON-EXPERIMENTAL-SCRIPTS","HYPERON-EXPERIMENTAL-SCRIPTS",""
"","2","B3-DIRECT.03","","Fri Dec 06 22:09:12 GMT 2024","passed","Fri Dec 06 22:09:12 GMT 2024","","HYPERON-EXPERIMENTAL-SCRIPTS","HYPERON-EXPERIMENTAL-SCRIPTS",""
"","42","MATH-HYPHEN-FUNCTIONS.31","","Fri Dec 06 22:13:17 GMT 2024","failed","Fri Dec 06 22:13:17 GMT 2024","","HYPERON-METTALOG-SANITY","HYPERON-METTALOG-SANITY",""
"","8000","hyperon-mettalog_sanity.eval_for_tests_mw","","Fri Dec 06 22:09:04 GMT 2024","passed","Fri Dec 06 22:09:12 GMT 2024","","WHOLE-TESTS","WHOLE-TESTS",""
"","2","C3-PLN-STV.02","","Fri Dec 06 22:09:12 GMT 2024","passed","Fri Dec 06 22:09:12 GMT 2024","","HYPERON-EXPERIMENTAL-SCRIPTS","HYPERON-EXPERIMENTAL-SCRIPTS",""
"","41000","module-system.f1_imports","","Fri Dec 06 22:09:04 GMT 2024","failed","Fri Dec 06 22:09:45 GMT 2024","","WHOLE-TESTS","WHOLE-TESTS",""
"","99","INDEX-MIN-FUNCTIONS-EXTRA-2.07","","Fri Dec 06 22:13:17 GMT 2024","failed","Fri Dec 06 22:13:17 GMT 2024","","HYPERON-METTALOG-SANITY","HYPERON-METTALOG-SANITY",""
"","1","UNBOUNDED-FREE-VARIABLES-HE-787.02","","Fri Dec 06 22:13:17 GMT 2024","passed","Fri Dec 06 22:13:17 GMT 2024","","HYPERON-METTALOG-SANITY","HYPERON-METTALOG-SANITY",""
"","41000","hyperon-experimental_scripts.f1_imports","","Fri Dec 06 22:09:04 GMT 2024","failed","Fri Dec 06 22:09:45 GMT 2024","","WHOLE-TESTS","WHOLE-TESTS",""
"","2","OUTPUT-LOAD-TESTS.02","","Fri Dec 06 22:13:17 GMT 2024","passed","Fri Dec 06 22:13:17 GMT 2024","","HYPERON-METTALOG-SANITY","HYPERON-METTALOG-SANITY",""
"","2","INTERSECTION-TESTS.17","","Fri Dec 06 22:13:17 GMT 2024","passed","Fri Dec 06 22:13:17 GMT 2024","","HYPERON-METTALOG-SANITY","HYPERON-METTALOG-SANITY",""
"","3","B5-TYPES-PRELIM.22","","Fri Dec 06 22:09:12 GMT 2024","passed","Fri Dec 06 22:09:12 GMT 2024","","HYPERON-EXPERIMENTAL-SCRIPTS","HYPERON-EXPERIMENTAL-SCRIPTS",""
"","94","INTERSECTION-TESTS.29","","Fri Dec 06 22:13:17 GMT 2024","failed","Fri Dec 06 22:13:17 GMT 2024","","HYPERON-METTALOG-SANITY","HYPERON-METTALOG-SANITY",""
"","1","INDEX-MIN-FUNCTIONS-EXTRA-2.05","","Fri Dec 06 22:13:17 GMT 2024","passed","Fri Dec 06 22:13:17 GMT 2024","","HYPERON-METTALOG-SANITY","HYPERON-METTALOG-SANITY",""
"","2","F1-MODULEA.03","","Fri Dec 06 22:08:23 GMT 2024","passed","Fri Dec 06 22:08:23 GMT 2024","","MODULE-SYSTEM","MODULE-SYSTEM",""
"","1","LIMIT-TESTS.12","","Fri Dec 06 22:13:17 GMT 2024","passed","Fri Dec 06 22:13:17 GMT 2024","","HYPERON-METTALOG-SANITY","HYPERON-METTALOG-SANITY",""
"","2","SEQUENTIAL-NESTED.08","","Fri Dec 06 22:33:19 GMT 2024","passed","Fri Dec 06 22:33:19 GMT 2024","","METTA-MORPH-TESTS","METTA-MORPH-TESTS",""
"","78","EVAL-FOR-TESTS.05","","Fri Dec 06 22:13:17 GMT 2024","failed","Fri Dec 06 22:13:17 GMT 2024","","HYPERON-METTALOG-SANITY","HYPERON-METTALOG-SANITY",""
"","1","INTERSECTION-TESTS.07","","Fri Dec 06 22:13:17 GMT 2024","passed","Fri Dec 06 22:13:17 GMT 2024","","HYPERON-METTALOG-SANITY","HYPERON-METTALOG-SANITY",""
"","3","CALL-TESTS.12","","Fri Dec 06 22:13:17 GMT 2024","passed","Fri Dec 06 22:13:17 GMT 2024","","HYPERON-METTALOG-SANITY","HYPERON-METTALOG-SANITY",""
"","1","LIMIT-TESTS.05","","Fri Dec 06 22:13:17 GMT 2024","passed","Fri Dec 06 22:13:17 GMT 2024","","HYPERON-METTALOG-SANITY","HYPERON-METTALOG-SANITY",""
"","4","METTA-THE-FUNCTION.01","","Fri Dec 06 22:13:17 GMT 2024","passed","Fri Dec 06 22:13:17 GMT 2024","","HYPERON-METTALOG-SANITY","HYPERON-METTALOG-SANITY",""
"","1","FUNCTIONAL-PROGRAMMING-TESTS.09","","Fri Dec 06 22:13:17 GMT 2024","passed","Fri Dec 06 22:13:17 GMT 2024","","HYPERON-METTALOG-SANITY","HYPERON-METTALOG-SANITY",""
"","11","ARITY-TESTS.04","","Fri Dec 06 22:13:17 GMT 2024","failed","Fri Dec 06 22:13:17 GMT 2024","","HYPERON-METTALOG-SANITY","HYPERON-METTALOG-SANITY",""
"","1","SUBTRACTION-TEST.04","","Fri Dec 06 22:13:17 GMT 2024","passed","Fri Dec 06 22:13:17 GMT 2024","","HYPERON-METTALOG-SANITY","HYPERON-METTALOG-SANITY",""
"","1","INDEX-MIN-FUNCTIONS-EXTRA-1.51","","Fri Dec 06 22:13:17 GMT 2024","passed","Fri Dec 06 22:13:17 GMT 2024","","HYPERON-METTALOG-SANITY","HYPERON-METTALOG-SANITY",""
"","42000","hyperon-mettalog_sanity.output_load_tests","","Fri Dec 06 22:09:04 GMT 2024","failed","Fri Dec 06 22:09:46 GMT 2024","","WHOLE-TESTS","WHOLE-TESTS",""
"","3","HYPERPOSE.10","","Fri Dec 06 22:33:19 GMT 2024","passed","Fri Dec 06 22:33:19 GMT 2024","","METTA-MORPH-TESTS","METTA-MORPH-TESTS",""
"","64","INDEX-MIN-FUNCTIONS-EXTRA-2.21","","Fri Dec 06 22:13:17 GMT 2024","failed","Fri Dec 06 22:13:17 GMT 2024","","HYPERON-METTALOG-SANITY","HYPERON-METTALOG-SANITY",""
"","1","F1-IMPORTS.02","","Fri Dec 06 22:08:23 GMT 2024","passed","Fri Dec 06 22:08:23 GMT 2024","","MODULE-SYSTEM","MODULE-SYSTEM",""
"","4","SEALED-TEST.07","","Fri Dec 06 22:13:17 GMT 2024","passed","Fri Dec 06 22:13:17 GMT 2024","","HYPERON-METTALOG-SANITY","HYPERON-METTALOG-SANITY",""
"","37","D5-AUTO-TYPES.02","","Fri Dec 06 22:09:12 GMT 2024","failed","Fri Dec 06 22:09:12 GMT 2024","","HYPERON-EXPERIMENTAL-SCRIPTS","HYPERON-EXPERIMENTAL-SCRIPTS",""
"","2","E3-MATCH-STATES.04","","Fri Dec 06 22:09:12 GMT 2024","passed","Fri Dec 06 22:09:12 GMT 2024","","HYPERON-EXPERIMENTAL-SCRIPTS","HYPERON-EXPERIMENTAL-SCRIPTS",""
"","48","F1-IMPORTS.11","","Fri Dec 06 22:09:12 GMT 2024","failed","Fri Dec 06 22:09:12 GMT 2024","","HYPERON-EXPERIMENTAL-SCRIPTS","HYPERON-EXPERIMENTAL-SCRIPTS",""
"","1","LIMIT-TESTS.16","","Fri Dec 06 22:13:17 GMT 2024","passed","Fri Dec 06 22:13:17 GMT 2024","","HYPERON-METTALOG-SANITY","HYPERON-METTALOG-SANITY",""
"","3","TYPES.01","","Fri Dec 06 22:33:19 GMT 2024","passed","Fri Dec 06 22:33:19 GMT 2024","","METTA-MORPH-TESTS","METTA-MORPH-TESTS",""
"","15","OUTPUT-LOAD-TESTS.17","","Fri Dec 06 22:13:17 GMT 2024","failed","Fri Dec 06 22:13:17 GMT 2024","","HYPERON-METTALOG-SANITY","HYPERON-METTALOG-SANITY",""
"","3","MINIMAL-METTA-TESTS.01","","Fri Dec 06 22:13:17 GMT 2024","passed","Fri Dec 06 22:13:17 GMT 2024","","HYPERON-METTALOG-SANITY","HYPERON-METTALOG-SANITY",""
"","2","STRING-TESTS.02","","Fri Dec 06 22:13:17 GMT 2024","passed","Fri Dec 06 22:13:17 GMT 2024","","HYPERON-METTALOG-SANITY","HYPERON-METTALOG-SANITY",""
"","8000","hyperon-mettalog_sanity.rust_tests_mw","","Fri Dec 06 22:09:04 GMT 2024","passed","Fri Dec 06 22:09:12 GMT 2024","","WHOLE-TESTS","WHOLE-TESTS",""
"","1","SEQUENTIAL-NESTED.07","","Fri Dec 06 22:33:19 GMT 2024","passed","Fri Dec 06 22:33:19 GMT 2024","","METTA-MORPH-TESTS","METTA-MORPH-TESTS",""
"","1","PARTITIONING-ATOMSPACES-AND-PERFORMANCE-HE-774.05","","Fri Dec 06 22:13:17 GMT 2024","passed","Fri Dec 06 22:13:17 GMT 2024","","HYPERON-METTALOG-SANITY","HYPERON-METTALOG-SANITY",""
"","10000","hyperon-mettalog_sanity.sealed_test","","Fri Dec 06 22:09:04 GMT 2024","passed","Fri Dec 06 22:09:14 GMT 2024","","WHOLE-TESTS","WHOLE-TESTS",""
"","15","D2-HIGHERFUNC.17","","Fri Dec 06 22:09:12 GMT 2024","failed","Fri Dec 06 22:09:12 GMT 2024","","HYPERON-EXPERIMENTAL-SCRIPTS","HYPERON-EXPERIMENTAL-SCRIPTS",""
"","40","AUTO-COERCE.46","","Fri Dec 06 22:13:17 GMT 2024","failed","Fri Dec 06 22:13:17 GMT 2024","","HYPERON-METTALOG-SANITY","HYPERON-METTALOG-SANITY",""
"","8000","metta-morph_tests.types","","Fri Dec 06 22:09:04 GMT 2024","passed","Fri Dec 06 22:09:12 GMT 2024","","WHOLE-TESTS","WHOLE-TESTS",""
"","1","LIMIT-TESTS.03","","Fri Dec 06 22:13:17 GMT 2024","passed","Fri Dec 06 22:13:17 GMT 2024","","HYPERON-METTALOG-SANITY","HYPERON-METTALOG-SANITY",""
"","109","PY-TYPES.06","","Fri Dec 06 22:13:17 GMT 2024","passed","Fri Dec 06 22:13:17 GMT 2024","","HYPERON-METTALOG-SANITY","HYPERON-METTALOG-SANITY",""
"","4","INTERSECTION-TESTS.01","","Fri Dec 06 22:13:17 GMT 2024","passed","Fri Dec 06 22:13:17 GMT 2024","","HYPERON-METTALOG-SANITY","HYPERON-METTALOG-SANITY",""
"","398","TESTS0.06","","Fri Dec 06 22:33:19 GMT 2024","passed","Fri Dec 06 22:33:19 GMT 2024","","METTA-MORPH-TESTS","METTA-MORPH-TESTS",""
"","1","03-SORING-VIA-INSERT.04","","Fri Dec 06 22:13:17 GMT 2024","passed","Fri Dec 06 22:13:17 GMT 2024","","HYPERON-METTALOG-SANITY","HYPERON-METTALOG-SANITY",""
"","2","AUTO-COERCE.15","","Fri Dec 06 22:13:17 GMT 2024","passed","Fri Dec 06 22:13:17 GMT 2024","","HYPERON-METTALOG-SANITY","HYPERON-METTALOG-SANITY",""
"","108","D5-AUTO-TYPES.04","","Fri Dec 06 22:09:12 GMT 2024","failed","Fri Dec 06 22:09:12 GMT 2024","","HYPERON-EXPERIMENTAL-SCRIPTS","HYPERON-EXPERIMENTAL-SCRIPTS",""
"","2","D4-TYPE-PROP.05","","Fri Dec 06 22:09:12 GMT 2024","passed","Fri Dec 06 22:09:12 GMT 2024","","HYPERON-EXPERIMENTAL-SCRIPTS","HYPERON-EXPERIMENTAL-SCRIPTS",""
"","75","INDEX-MIN-FUNCTIONS-EXTRA-2.20","","Fri Dec 06 22:13:17 GMT 2024","failed","Fri Dec 06 22:13:17 GMT 2024","","HYPERON-METTALOG-SANITY","HYPERON-METTALOG-SANITY",""
"","2","E1-KB-WRITE.02","","Fri Dec 06 22:09:12 GMT 2024","passed","Fri Dec 06 22:09:12 GMT 2024","","HYPERON-EXPERIMENTAL-SCRIPTS","HYPERON-EXPERIMENTAL-SCRIPTS",""
"","52","MATH-HYPHEN-FUNCTIONS.12","","Fri Dec 06 22:13:17 GMT 2024","failed","Fri Dec 06 22:13:17 GMT 2024","","HYPERON-METTALOG-SANITY","HYPERON-METTALOG-SANITY",""
"","1","STRING-TESTS.15","","Fri Dec 06 22:13:17 GMT 2024","passed","Fri Dec 06 22:13:17 GMT 2024","","HYPERON-METTALOG-SANITY","HYPERON-METTALOG-SANITY",""
"","4","E2-STATES.01","","Fri Dec 06 22:09:12 GMT 2024","passed","Fri Dec 06 22:09:12 GMT 2024","","HYPERON-EXPERIMENTAL-SCRIPTS","HYPERON-EXPERIMENTAL-SCRIPTS",""
"","2","XOR-TEST.03","","Fri Dec 06 22:13:17 GMT 2024","passed","Fri Dec 06 22:13:17 GMT 2024","","HYPERON-METTALOG-SANITY","HYPERON-METTALOG-SANITY",""
"","7000","metta-morph_tests.letlet","","Fri Dec 06 22:09:04 GMT 2024","passed","Fri Dec 06 22:09:11 GMT 2024","","WHOLE-TESTS","WHOLE-TESTS",""
"","1","DUPLICATION-SEMANTICS-HE-798.12","","Fri Dec 06 22:13:17 GMT 2024","passed","Fri Dec 06 22:13:17 GMT 2024","","HYPERON-METTALOG-SANITY","HYPERON-METTALOG-SANITY",""
"","1","INTERSECTION-TESTS.19","","Fri Dec 06 22:13:17 GMT 2024","passed","Fri Dec 06 22:13:17 GMT 2024","","HYPERON-METTALOG-SANITY","HYPERON-METTALOG-SANITY",""
"","41000","hyperon-mettalog_sanity.00_lang_case","","Fri Dec 06 22:09:04 GMT 2024","passed","Fri Dec 06 22:09:45 GMT 2024","","WHOLE-TESTS","WHOLE-TESTS",""
"","336","TIME-SYNTHESIZE-SHORT.02","","Fri Dec 06 22:29:49 GMT 2024","failed","Fri Dec 06 22:29:49 GMT 2024","","SYNTH-BUFFER","SYNTH-BUFFER",""
"","101","B4-NONDETERM.01","","Fri Dec 06 22:09:12 GMT 2024","passed","Fri Dec 06 22:09:12 GMT 2024","","HYPERON-EXPERIMENTAL-SCRIPTS","HYPERON-EXPERIMENTAL-SCRIPTS",""
"","154","G1-DOCS.05","","Fri Dec 06 22:09:12 GMT 2024","failed","Fri Dec 06 22:09:12 GMT 2024","","HYPERON-EXPERIMENTAL-SCRIPTS","HYPERON-EXPERIMENTAL-SCRIPTS",""
"","2","AUTO-COERCE.11","","Fri Dec 06 22:13:17 GMT 2024","passed","Fri Dec 06 22:13:17 GMT 2024","","HYPERON-METTALOG-SANITY","HYPERON-METTALOG-SANITY",""
"","10000","hyperon-mettalog_sanity.recursive_tuple_list_perf_he_394","","Fri Dec 06 22:09:04 GMT 2024","passed","Fri Dec 06 22:09:14 GMT 2024","","WHOLE-TESTS","WHOLE-TESTS",""
"","1","AUTO-COERCE.10","","Fri Dec 06 22:13:17 GMT 2024","passed","Fri Dec 06 22:13:17 GMT 2024","","HYPERON-METTALOG-SANITY","HYPERON-METTALOG-SANITY",""
"","711","SINGLE-SIDED-MATCHING-HE-674.02","","Fri Dec 06 22:13:17 GMT 2024","failed","Fri Dec 06 22:13:17 GMT 2024","","HYPERON-METTALOG-SANITY","HYPERON-METTALOG-SANITY",""
"","50","AUTO-COERCE.24","","Fri Dec 06 22:13:17 GMT 2024","failed","Fri Dec 06 22:13:17 GMT 2024","","HYPERON-METTALOG-SANITY","HYPERON-METTALOG-SANITY",""
"","5","DUPLICATION-SEMANTICS-HE-798.11","","Fri Dec 06 22:13:17 GMT 2024","passed","Fri Dec 06 22:13:17 GMT 2024","","HYPERON-METTALOG-SANITY","HYPERON-METTALOG-SANITY",""
"","85","MINIMAL-METTA-TESTS.20","","Fri Dec 06 22:13:17 GMT 2024","failed","Fri Dec 06 22:13:17 GMT 2024","","HYPERON-METTALOG-SANITY","HYPERON-METTALOG-SANITY",""
"","3","A1-SYMBOLS.02","","Fri Dec 06 22:09:12 GMT 2024","passed","Fri Dec 06 22:09:12 GMT 2024","","HYPERON-EXPERIMENTAL-SCRIPTS","HYPERON-EXPERIMENTAL-SCRIPTS",""
"","211","INDEX-MIN-FUNCTIONS-EXTRA-2.33","","Fri Dec 06 22:13:17 GMT 2024","failed","Fri Dec 06 22:13:17 GMT 2024","","HYPERON-METTALOG-SANITY","HYPERON-METTALOG-SANITY",""
"","44","MATH-HYPHEN-FUNCTIONS.43","","Fri Dec 06 22:13:17 GMT 2024","failed","Fri Dec 06 22:13:17 GMT 2024","","HYPERON-METTALOG-SANITY","HYPERON-METTALOG-SANITY",""
"","139","NALIFIER.01","","Fri Dec 06 22:33:19 GMT 2024","failed","Fri Dec 06 22:33:19 GMT 2024","","METTA-MORPH-TESTS","METTA-MORPH-TESTS",""
"","14","INDEX-MIN-FUNCTIONS-EXTRA-2.36","","Fri Dec 06 22:13:17 GMT 2024","failed","Fri Dec 06 22:13:17 GMT 2024","","HYPERON-METTALOG-SANITY","HYPERON-METTALOG-SANITY",""
"","109","MINIMAL-METTA-TESTS.42","","Fri Dec 06 22:13:17 GMT 2024","failed","Fri Dec 06 22:13:17 GMT 2024","","HYPERON-METTALOG-SANITY","HYPERON-METTALOG-SANITY",""
"","2","F1-IMPORTS.06","","Fri Dec 06 22:09:12 GMT 2024","passed","Fri Dec 06 22:09:12 GMT 2024","","HYPERON-EXPERIMENTAL-SCRIPTS","HYPERON-EXPERIMENTAL-SCRIPTS",""
"","255","TIME-SYNTHESIZE-SHORT.01","","Fri Dec 06 22:29:49 GMT 2024","passed","Fri Dec 06 22:29:49 GMT 2024","","SYNTH-BUFFER","SYNTH-BUFFER",""
"","3","A3-TWOSIDE.04","","Fri Dec 06 22:09:12 GMT 2024","passed","Fri Dec 06 22:09:12 GMT 2024","","HYPERON-EXPERIMENTAL-SCRIPTS","HYPERON-EXPERIMENTAL-SCRIPTS",""
"","2","MAX-TIME-TESTS.05","","Fri Dec 06 22:13:17 GMT 2024","passed","Fri Dec 06 22:13:17 GMT 2024","","HYPERON-METTALOG-SANITY","HYPERON-METTALOG-SANITY",""
"","4","TYPE-CHECKING-SYMBOL-HE-673.01","","Fri Dec 06 22:13:17 GMT 2024","passed","Fri Dec 06 22:13:17 GMT 2024","","HYPERON-METTALOG-SANITY","HYPERON-METTALOG-SANITY",""
"","2","C3-PLN-STV.04","","Fri Dec 06 22:09:12 GMT 2024","passed","Fri Dec 06 22:09:12 GMT 2024","","HYPERON-EXPERIMENTAL-SCRIPTS","HYPERON-EXPERIMENTAL-SCRIPTS",""
"","2","SEQUENTIAL-NESTED.03","","Fri Dec 06 22:33:19 GMT 2024","passed","Fri Dec 06 22:33:19 GMT 2024","","METTA-MORPH-TESTS","METTA-MORPH-TESTS",""
"","2","00-LANG-CASE.15","","Fri Dec 06 22:13:17 GMT 2024","passed","Fri Dec 06 22:13:17 GMT 2024","","HYPERON-METTALOG-SANITY","HYPERON-METTALOG-SANITY",""
"","1","E2-STATES.09","","Fri Dec 06 22:09:12 GMT 2024","passed","Fri Dec 06 22:09:12 GMT 2024","","HYPERON-EXPERIMENTAL-SCRIPTS","HYPERON-EXPERIMENTAL-SCRIPTS",""
"","8000","hyperon-experimental_scripts.e3_match_states","","Fri Dec 06 22:09:04 GMT 2024","passed","Fri Dec 06 22:09:12 GMT 2024","","WHOLE-TESTS","WHOLE-TESTS",""
"","2","LET-SUPERPOSE-LIST.02","","Fri Dec 06 22:33:19 GMT 2024","passed","Fri Dec 06 22:33:19 GMT 2024","","METTA-MORPH-TESTS","METTA-MORPH-TESTS",""
"","2","STATES-SPACES.05","","Fri Dec 06 22:33:19 GMT 2024","passed","Fri Dec 06 22:33:19 GMT 2024","","METTA-MORPH-TESTS","METTA-MORPH-TESTS",""
"","61","OR-TEST.02","","Fri Dec 06 22:13:17 GMT 2024","failed","Fri Dec 06 22:13:17 GMT 2024","","HYPERON-METTALOG-SANITY","HYPERON-METTALOG-SANITY",""
"","14","D2-HIGHERFUNC.05","","Fri Dec 06 22:09:12 GMT 2024","failed","Fri Dec 06 22:09:12 GMT 2024","","HYPERON-EXPERIMENTAL-SCRIPTS","HYPERON-EXPERIMENTAL-SCRIPTS",""
"","2","AUTO-COERCE.07","","Fri Dec 06 22:13:17 GMT 2024","passed","Fri Dec 06 22:13:17 GMT 2024","","HYPERON-METTALOG-SANITY","HYPERON-METTALOG-SANITY",""
"","2","MINIMAL-METTA-TESTS.46","","Fri Dec 06 22:13:17 GMT 2024","passed","Fri Dec 06 22:13:17 GMT 2024","","HYPERON-METTALOG-SANITY","HYPERON-METTALOG-SANITY",""
"","86","INDEX-MIN-FUNCTIONS-EXTRA-1.34","","Fri Dec 06 22:13:17 GMT 2024","failed","Fri Dec 06 22:13:17 GMT 2024","","HYPERON-METTALOG-SANITY","HYPERON-METTALOG-SANITY",""
"","3","OUTPUT-LOAD-TESTS.09","","Fri Dec 06 22:13:17 GMT 2024","passed","Fri Dec 06 22:13:17 GMT 2024","","HYPERON-METTALOG-SANITY","HYPERON-METTALOG-SANITY",""
"","3","SORTING-TESTS.15","","Fri Dec 06 22:13:17 GMT 2024","passed","Fri Dec 06 22:13:17 GMT 2024","","HYPERON-METTALOG-SANITY","HYPERON-METTALOG-SANITY",""
"","648","TESTS0.07","","Fri Dec 06 22:33:19 GMT 2024","passed","Fri Dec 06 22:33:19 GMT 2024","","METTA-MORPH-TESTS","METTA-MORPH-TESTS",""
"","59","B5-TYPES-PRELIM.24","","Fri Dec 06 22:09:12 GMT 2024","failed","Fri Dec 06 22:09:12 GMT 2024","","HYPERON-EXPERIMENTAL-SCRIPTS","HYPERON-EXPERIMENTAL-SCRIPTS",""
"","3","SPACE-INTERSECTION-TESTS.01","","Fri Dec 06 22:13:17 GMT 2024","passed","Fri Dec 06 22:13:17 GMT 2024","","HYPERON-METTALOG-SANITY","HYPERON-METTALOG-SANITY",""
"","85","INDEX-MIN-FUNCTIONS-EXTRA-1.57","","Fri Dec 06 22:13:17 GMT 2024","failed","Fri Dec 06 22:13:17 GMT 2024","","HYPERON-METTALOG-SANITY","HYPERON-METTALOG-SANITY",""
"","2","INTERSECTION-TESTS.04","","Fri Dec 06 22:13:17 GMT 2024","passed","Fri Dec 06 22:13:17 GMT 2024","","HYPERON-METTALOG-SANITY","HYPERON-METTALOG-SANITY",""
"","74","MINIMAL-METTA-TESTS.44","","Fri Dec 06 22:13:17 GMT 2024","passed","Fri Dec 06 22:13:17 GMT 2024","","HYPERON-METTALOG-SANITY","HYPERON-METTALOG-SANITY",""
"","2","RUST-TESTS.06","","Fri Dec 06 22:13:17 GMT 2024","passed","Fri Dec 06 22:13:17 GMT 2024","","HYPERON-METTALOG-SANITY","HYPERON-METTALOG-SANITY",""
"","55","PY-TYPES.05","","Fri Dec 06 22:13:17 GMT 2024","failed","Fri Dec 06 22:13:17 GMT 2024","","HYPERON-METTALOG-SANITY","HYPERON-METTALOG-SANITY",""
"","2","INTERSECTION-TESTS.24","","Fri Dec 06 22:13:17 GMT 2024","passed","Fri Dec 06 22:13:17 GMT 2024","","HYPERON-METTALOG-SANITY","HYPERON-METTALOG-SANITY",""
"","2","B2-BACKCHAIN.04","","Fri Dec 06 22:09:12 GMT 2024","passed","Fri Dec 06 22:09:12 GMT 2024","","HYPERON-EXPERIMENTAL-SCRIPTS","HYPERON-EXPERIMENTAL-SCRIPTS",""
"","7000","metta-morph_tests.collapse","","Fri Dec 06 22:09:04 GMT 2024","passed","Fri Dec 06 22:09:11 GMT 2024","","WHOLE-TESTS","WHOLE-TESTS",""
"","2","SEQUENTIAL-NESTED.10","","Fri Dec 06 22:33:19 GMT 2024","passed","Fri Dec 06 22:33:19 GMT 2024","","METTA-MORPH-TESTS","METTA-MORPH-TESTS",""
"","2","00-LANG-CASE.09","","Fri Dec 06 22:13:17 GMT 2024","passed","Fri Dec 06 22:13:17 GMT 2024","","HYPERON-METTALOG-SANITY","HYPERON-METTALOG-SANITY",""
"","87","MATH-HYPHEN-FUNCTIONS.48","","Fri Dec 06 22:13:17 GMT 2024","failed","Fri Dec 06 22:13:17 GMT 2024","","HYPERON-METTALOG-SANITY","HYPERON-METTALOG-SANITY",""
"","80","WHAT-EVALS-OR-NOT.02","","Fri Dec 06 22:13:17 GMT 2024","failed","Fri Dec 06 22:13:17 GMT 2024","","HYPERON-METTALOG-SANITY","HYPERON-METTALOG-SANITY",""
"","41000","hyperon-mettalog_sanity.unbounded_free_variables_he_787","","Fri Dec 06 22:09:04 GMT 2024","failed","Fri Dec 06 22:09:45 GMT 2024","","WHOLE-TESTS","WHOLE-TESTS",""
"","4","IS-SPACE.01","","Fri Dec 06 22:13:17 GMT 2024","passed","Fri Dec 06 22:13:17 GMT 2024","","HYPERON-METTALOG-SANITY","HYPERON-METTALOG-SANITY",""
"","1","DIFFEREN-ARITIES-ARE-FINE-HE-603.03","","Fri Dec 06 22:13:17 GMT 2024","passed","Fri Dec 06 22:13:17 GMT 2024","","HYPERON-METTALOG-SANITY","HYPERON-METTALOG-SANITY",""
"","8000","hyperon-mettalog_sanity.catch_throw_tests_mw","","Fri Dec 06 22:09:04 GMT 2024","passed","Fri Dec 06 22:09:12 GMT 2024","","WHOLE-TESTS","WHOLE-TESTS",""
"","1","B5-TYPES-PRELIM.20","","Fri Dec 06 22:09:12 GMT 2024","passed","Fri Dec 06 22:09:12 GMT 2024","","HYPERON-EXPERIMENTAL-SCRIPTS","HYPERON-EXPERIMENTAL-SCRIPTS",""
"","3","AUTO-COERCE.40","","Fri Dec 06 22:13:17 GMT 2024","passed","Fri Dec 06 22:13:17 GMT 2024","","HYPERON-METTALOG-SANITY","HYPERON-METTALOG-SANITY",""
"","4","LET-SUPERPOSE-IF-CASE.01","","Fri Dec 06 22:33:19 GMT 2024","passed","Fri Dec 06 22:33:19 GMT 2024","","METTA-MORPH-TESTS","METTA-MORPH-TESTS",""
"","2","AUTO-COERCE.04","","Fri Dec 06 22:13:17 GMT 2024","passed","Fri Dec 06 22:13:17 GMT 2024","","HYPERON-METTALOG-SANITY","HYPERON-METTALOG-SANITY",""
"","8000","hyperon-mettalog_sanity.represent_and_parse_tests","","Fri Dec 06 22:09:04 GMT 2024","passed","Fri Dec 06 22:09:12 GMT 2024","","WHOLE-TESTS","WHOLE-TESTS",""
"","1","B5-TYPES-PRELIM.23","","Fri Dec 06 22:09:12 GMT 2024","passed","Fri Dec 06 22:09:12 GMT 2024","","HYPERON-EXPERIMENTAL-SCRIPTS","HYPERON-EXPERIMENTAL-SCRIPTS",""
"","1","LIMIT-TESTS.11","","Fri Dec 06 22:13:17 GMT 2024","passed","Fri Dec 06 22:13:17 GMT 2024","","HYPERON-METTALOG-SANITY","HYPERON-METTALOG-SANITY",""
"","2","A1-SYMBOLS.06","","Fri Dec 06 22:09:12 GMT 2024","passed","Fri Dec 06 22:09:12 GMT 2024","","HYPERON-EXPERIMENTAL-SCRIPTS","HYPERON-EXPERIMENTAL-SCRIPTS",""
"","8000","hyperon-mettalog_sanity.max_time_tests","","Fri Dec 06 22:09:04 GMT 2024","passed","Fri Dec 06 22:09:12 GMT 2024","","WHOLE-TESTS","WHOLE-TESTS",""
"","5","RECURSIVE-TUPLE-LIST-PERF-HE-394.01","","Fri Dec 06 22:13:17 GMT 2024","passed","Fri Dec 06 22:13:17 GMT 2024","","HYPERON-METTALOG-SANITY","HYPERON-METTALOG-SANITY",""
"","1","SUBTRACTION-TEST.07","","Fri Dec 06 22:13:17 GMT 2024","passed","Fri Dec 06 22:13:17 GMT 2024","","HYPERON-METTALOG-SANITY","HYPERON-METTALOG-SANITY",""
"","37","INDEX-MIN-FUNCTIONS-EXTRA-1.45","","Fri Dec 06 22:13:17 GMT 2024","failed","Fri Dec 06 22:13:17 GMT 2024","","HYPERON-METTALOG-SANITY","HYPERON-METTALOG-SANITY",""
"","122","B5-TYPES-PRELIM.08","","Fri Dec 06 22:09:12 GMT 2024","failed","Fri Dec 06 22:09:12 GMT 2024","","HYPERON-EXPERIMENTAL-SCRIPTS","HYPERON-EXPERIMENTAL-SCRIPTS",""
"","1","SUBTRACTION-TEST.02","","Fri Dec 06 22:13:17 GMT 2024","passed","Fri Dec 06 22:13:17 GMT 2024","","HYPERON-METTALOG-SANITY","HYPERON-METTALOG-SANITY",""
"","2","STRING-TESTS.06","","Fri Dec 06 22:13:17 GMT 2024","passed","Fri Dec 06 22:13:17 GMT 2024","","HYPERON-METTALOG-SANITY","HYPERON-METTALOG-SANITY",""
"","4","E2-STATES.02","","Fri Dec 06 22:09:12 GMT 2024","passed","Fri Dec 06 22:09:12 GMT 2024","","HYPERON-EXPERIMENTAL-SCRIPTS","HYPERON-EXPERIMENTAL-SCRIPTS",""
"","58","E3-MATCH-STATES.03","","Fri Dec 06 22:09:12 GMT 2024","failed","Fri Dec 06 22:09:12 GMT 2024","","HYPERON-EXPERIMENTAL-SCRIPTS","HYPERON-EXPERIMENTAL-SCRIPTS",""
"","84","MATH-HYPHEN-FUNCTIONS.42","","Fri Dec 06 22:13:17 GMT 2024","failed","Fri Dec 06 22:13:17 GMT 2024","","HYPERON-METTALOG-SANITY","HYPERON-METTALOG-SANITY",""
"","1","HYPERPOSE.05","","Fri Dec 06 22:33:19 GMT 2024","passed","Fri Dec 06 22:33:19 GMT 2024","","METTA-MORPH-TESTS","METTA-MORPH-TESTS",""
"","2","FIND-ALL-TESTS.03","","Fri Dec 06 22:13:17 GMT 2024","passed","Fri Dec 06 22:13:17 GMT 2024","","HYPERON-METTALOG-SANITY","HYPERON-METTALOG-SANITY",""
"","13","D1-GADT.04","","Fri Dec 06 22:09:12 GMT 2024","passed","Fri Dec 06 22:09:12 GMT 2024","","HYPERON-EXPERIMENTAL-SCRIPTS","HYPERON-EXPERIMENTAL-SCRIPTS",""
"","4","MAX-TIME-TESTS.01","","Fri Dec 06 22:13:17 GMT 2024","passed","Fri Dec 06 22:13:17 GMT 2024","","HYPERON-METTALOG-SANITY","HYPERON-METTALOG-SANITY",""
"","3","CATCH-THROW-TESTS.06","","Fri Dec 06 22:13:17 GMT 2024","passed","Fri Dec 06 22:13:17 GMT 2024","","HYPERON-METTALOG-SANITY","HYPERON-METTALOG-SANITY",""
"","2","STRING-TESTS.10","","Fri Dec 06 22:13:17 GMT 2024","passed","Fri Dec 06 22:13:17 GMT 2024","","HYPERON-METTALOG-SANITY","HYPERON-METTALOG-SANITY",""
"","1","LIMIT-TESTS.09","","Fri Dec 06 22:13:17 GMT 2024","passed","Fri Dec 06 22:13:17 GMT 2024","","HYPERON-METTALOG-SANITY","HYPERON-METTALOG-SANITY",""
"","43000","hyperon-mettalog_sanity.compile_tests_mw","","Fri Dec 06 22:09:04 GMT 2024","failed","Fri Dec 06 22:09:47 GMT 2024","","WHOLE-TESTS","WHOLE-TESTS",""
"","3","STRING-TESTS.09","","Fri Dec 06 22:13:17 GMT 2024","passed","Fri Dec 06 22:13:17 GMT 2024","","HYPERON-METTALOG-SANITY","HYPERON-METTALOG-SANITY",""
"","8000","hyperon-mettalog_sanity.limit_tests","","Fri Dec 06 22:09:04 GMT 2024","passed","Fri Dec 06 22:09:12 GMT 2024","","WHOLE-TESTS","WHOLE-TESTS",""
"","3","RUST-TESTS.10","","Fri Dec 06 22:13:17 GMT 2024","passed","Fri Dec 06 22:13:17 GMT 2024","","HYPERON-METTALOG-SANITY","HYPERON-METTALOG-SANITY",""
"","46","TYPE-CHECKING-SYMBOL-HE-673.10","","Fri Dec 06 22:13:17 GMT 2024","failed","Fri Dec 06 22:13:17 GMT 2024","","HYPERON-METTALOG-SANITY","HYPERON-METTALOG-SANITY",""
"","2","D4-TYPE-PROP.09","","Fri Dec 06 22:09:12 GMT 2024","passed","Fri Dec 06 22:09:12 GMT 2024","","HYPERON-EXPERIMENTAL-SCRIPTS","HYPERON-EXPERIMENTAL-SCRIPTS",""
"","2","CATCH-THROW-TESTS.05","","Fri Dec 06 22:13:17 GMT 2024","passed","Fri Dec 06 22:13:17 GMT 2024","","HYPERON-METTALOG-SANITY","HYPERON-METTALOG-SANITY",""
"","118","MINIMAL-METTA-TESTS.07","","Fri Dec 06 22:13:17 GMT 2024","failed","Fri Dec 06 22:13:17 GMT 2024","","HYPERON-METTALOG-SANITY","HYPERON-METTALOG-SANITY",""
"","2","FUNCTIONAL-PROGRAMMING-TESTS.05","","Fri Dec 06 22:13:17 GMT 2024","passed","Fri Dec 06 22:13:17 GMT 2024","","HYPERON-METTALOG-SANITY","HYPERON-METTALOG-SANITY",""
"","1","D2-HIGHERFUNC.11","","Fri Dec 06 22:09:12 GMT 2024","passed","Fri Dec 06 22:09:12 GMT 2024","","HYPERON-EXPERIMENTAL-SCRIPTS","HYPERON-EXPERIMENTAL-SCRIPTS",""
"","2","SUPERPOSE-NESTED.02","","Fri Dec 06 22:33:19 GMT 2024","passed","Fri Dec 06 22:33:19 GMT 2024","","METTA-MORPH-TESTS","METTA-MORPH-TESTS",""
"","7000","hyperon-mettalog_sanity.idiomatic_negation_and_set_difference_he_805","","Fri Dec 06 22:09:04 GMT 2024","passed","Fri Dec 06 22:09:11 GMT 2024","","WHOLE-TESTS","WHOLE-TESTS",""
"","5","B0-CHAINING-PRELIM.01","","Fri Dec 06 22:09:12 GMT 2024","passed","Fri Dec 06 22:09:12 GMT 2024","","HYPERON-EXPERIMENTAL-SCRIPTS","HYPERON-EXPERIMENTAL-SCRIPTS",""
"","1","DIFFEREN-ARITIES-ARE-FINE-HE-603.06","","Fri Dec 06 22:13:17 GMT 2024","passed","Fri Dec 06 22:13:17 GMT 2024","","HYPERON-METTALOG-SANITY","HYPERON-METTALOG-SANITY",""
"","3","INDEX-MIN-FUNCTIONS-EXTRA-1.01","","Fri Dec 06 22:13:17 GMT 2024","passed","Fri Dec 06 22:13:17 GMT 2024","","HYPERON-METTALOG-SANITY","HYPERON-METTALOG-SANITY",""
"","7","OR-TEST.01","","Fri Dec 06 22:13:17 GMT 2024","passed","Fri Dec 06 22:13:17 GMT 2024","","HYPERON-METTALOG-SANITY","HYPERON-METTALOG-SANITY",""
"","2","AUTO-COERCE.03","","Fri Dec 06 22:13:17 GMT 2024","passed","Fri Dec 06 22:13:17 GMT 2024","","HYPERON-METTALOG-SANITY","HYPERON-METTALOG-SANITY",""
"","87","MATH-HYPHEN-FUNCTIONS.10","","Fri Dec 06 22:13:17 GMT 2024","failed","Fri Dec 06 22:13:17 GMT 2024","","HYPERON-METTALOG-SANITY","HYPERON-METTALOG-SANITY",""
"","1","D2-HIGHERFUNC.04","","Fri Dec 06 22:09:12 GMT 2024","passed","Fri Dec 06 22:09:12 GMT 2024","","HYPERON-EXPERIMENTAL-SCRIPTS","HYPERON-EXPERIMENTAL-SCRIPTS",""
"","2","INHERIT-OR-NOT-TESTS.03","","Fri Dec 06 22:13:17 GMT 2024","passed","Fri Dec 06 22:13:17 GMT 2024","","HYPERON-METTALOG-SANITY","HYPERON-METTALOG-SANITY",""
"","2","OR-TEST.03","","Fri Dec 06 22:13:17 GMT 2024","passed","Fri Dec 06 22:13:17 GMT 2024","","HYPERON-METTALOG-SANITY","HYPERON-METTALOG-SANITY",""
"","2","AUTO-COERCE.14","","Fri Dec 06 22:13:17 GMT 2024","passed","Fri Dec 06 22:13:17 GMT 2024","","HYPERON-METTALOG-SANITY","HYPERON-METTALOG-SANITY",""
"","1","UNIQUE-TEST.03","","Fri Dec 06 22:13:17 GMT 2024","passed","Fri Dec 06 22:13:17 GMT 2024","","HYPERON-METTALOG-SANITY","HYPERON-METTALOG-SANITY",""
"","43000","hyperon-mettalog_sanity.space_intersection_tests","","Fri Dec 06 22:09:04 GMT 2024","failed","Fri Dec 06 22:09:47 GMT 2024","","WHOLE-TESTS","WHOLE-TESTS",""
"","47","INDEX-MIN-FUNCTIONS-EXTRA-2.46","","Fri Dec 06 22:13:17 GMT 2024","failed","Fri Dec 06 22:13:17 GMT 2024","","HYPERON-METTALOG-SANITY","HYPERON-METTALOG-SANITY",""
"","9000","hyperon-mettalog_sanity.unique_test","","Fri Dec 06 22:09:04 GMT 2024","passed","Fri Dec 06 22:09:13 GMT 2024","","WHOLE-TESTS","WHOLE-TESTS",""
"","85","MATH-HYPHEN-FUNCTIONS.27","","Fri Dec 06 22:13:17 GMT 2024","failed","Fri Dec 06 22:13:17 GMT 2024","","HYPERON-METTALOG-SANITY","HYPERON-METTALOG-SANITY",""
"","4","CATCH-THROW-TESTS.01","","Fri Dec 06 22:13:17 GMT 2024","passed","Fri Dec 06 22:13:17 GMT 2024","","HYPERON-METTALOG-SANITY","HYPERON-METTALOG-SANITY",""
"","3","C2-SPACES.05","","Fri Dec 06 22:09:12 GMT 2024","passed","Fri Dec 06 22:09:12 GMT 2024","","HYPERON-EXPERIMENTAL-SCRIPTS","HYPERON-EXPERIMENTAL-SCRIPTS",""
"","13","PARTITIONING-ATOMSPACES-AND-PERFORMANCE-HE-774.10","","Fri Dec 06 22:13:17 GMT 2024","failed","Fri Dec 06 22:13:17 GMT 2024","","HYPERON-METTALOG-SANITY","HYPERON-METTALOG-SANITY",""
"","11","MINIMAL-METTA-TESTS.05","","Fri Dec 06 22:13:17 GMT 2024","failed","Fri Dec 06 22:13:17 GMT 2024","","HYPERON-METTALOG-SANITY","HYPERON-METTALOG-SANITY",""
"","3","C3-PLN-STV.03","","Fri Dec 06 22:09:12 GMT 2024","passed","Fri Dec 06 22:09:12 GMT 2024","","HYPERON-EXPERIMENTAL-SCRIPTS","HYPERON-EXPERIMENTAL-SCRIPTS",""
"","1","INDEX-MIN-FUNCTIONS-EXTRA-2.06","","Fri Dec 06 22:13:17 GMT 2024","passed","Fri Dec 06 22:13:17 GMT 2024","","HYPERON-METTALOG-SANITY","HYPERON-METTALOG-SANITY",""
"","13","D2-HIGHERFUNC.01","","Fri Dec 06 22:09:12 GMT 2024","failed","Fri Dec 06 22:09:12 GMT 2024","","HYPERON-EXPERIMENTAL-SCRIPTS","HYPERON-EXPERIMENTAL-SCRIPTS",""
"","1","EVAL-FOR-TESTS.07","","Fri Dec 06 22:13:17 GMT 2024","passed","Fri Dec 06 22:13:17 GMT 2024","","HYPERON-METTALOG-SANITY","HYPERON-METTALOG-SANITY",""
"","1","INTERSECTION-TESTS.32","","Fri Dec 06 22:13:17 GMT 2024","passed","Fri Dec 06 22:13:17 GMT 2024","","HYPERON-METTALOG-SANITY","HYPERON-METTALOG-SANITY",""
"","2","MINIMAL-METTA-TESTS.03","","Fri Dec 06 22:13:17 GMT 2024","passed","Fri Dec 06 22:13:17 GMT 2024","","HYPERON-METTALOG-SANITY","HYPERON-METTALOG-SANITY",""
"","97","INDEX-MIN-FUNCTIONS-EXTRA-2.44","","Fri Dec 06 22:13:17 GMT 2024","failed","Fri Dec 06 22:13:17 GMT 2024","","HYPERON-METTALOG-SANITY","HYPERON-METTALOG-SANITY",""
"","2","XOR-TEST.04","","Fri Dec 06 22:13:17 GMT 2024","passed","Fri Dec 06 22:13:17 GMT 2024","","HYPERON-METTALOG-SANITY","HYPERON-METTALOG-SANITY",""
"","3","E3-MATCH-STATES.01","","Fri Dec 06 22:09:12 GMT 2024","passed","Fri Dec 06 22:09:12 GMT 2024","","HYPERON-EXPERIMENTAL-SCRIPTS","HYPERON-EXPERIMENTAL-SCRIPTS",""
"","90","INDEX-MIN-FUNCTIONS-EXTRA-2.39","","Fri Dec 06 22:13:17 GMT 2024","failed","Fri Dec 06 22:13:17 GMT 2024","","HYPERON-METTALOG-SANITY","HYPERON-METTALOG-SANITY",""
"","3","STRING-TESTS.08","","Fri Dec 06 22:13:17 GMT 2024","passed","Fri Dec 06 22:13:17 GMT 2024","","HYPERON-METTALOG-SANITY","HYPERON-METTALOG-SANITY",""
"","112","MINIMAL-METTA-TESTS.43","","Fri Dec 06 22:13:17 GMT 2024","failed","Fri Dec 06 22:13:17 GMT 2024","","HYPERON-METTALOG-SANITY","HYPERON-METTALOG-SANITY",""
"","41000","metta-morph_tests.match_superposed_spaces","","Fri Dec 06 22:09:04 GMT 2024","failed","Fri Dec 06 22:09:45 GMT 2024","","WHOLE-TESTS","WHOLE-TESTS",""
"","1","INTERSECTION-TESTS.03","","Fri Dec 06 22:13:17 GMT 2024","passed","Fri Dec 06 22:13:17 GMT 2024","","HYPERON-METTALOG-SANITY","HYPERON-METTALOG-SANITY",""
"","1","B1-EQUAL-CHAIN.05","","Fri Dec 06 22:09:12 GMT 2024","passed","Fri Dec 06 22:09:12 GMT 2024","","HYPERON-EXPERIMENTAL-SCRIPTS","HYPERON-EXPERIMENTAL-SCRIPTS",""
"","2","BASE-TEST-REPR-PARSE-INTERSECTION.03","","Fri Dec 06 22:13:17 GMT 2024","passed","Fri Dec 06 22:13:17 GMT 2024","","HYPERON-METTALOG-SANITY","HYPERON-METTALOG-SANITY",""
"","3","SORTING-TESTS.02","","Fri Dec 06 22:13:17 GMT 2024","passed","Fri Dec 06 22:13:17 GMT 2024","","HYPERON-METTALOG-SANITY","HYPERON-METTALOG-SANITY",""
"","2","INTERSECTION-TESTS.14","","Fri Dec 06 22:13:17 GMT 2024","passed","Fri Dec 06 22:13:17 GMT 2024","","HYPERON-METTALOG-SANITY","HYPERON-METTALOG-SANITY",""
"","14","D2-HIGHERFUNC.20","","Fri Dec 06 22:09:12 GMT 2024","passed","Fri Dec 06 22:09:12 GMT 2024","","HYPERON-EXPERIMENTAL-SCRIPTS","HYPERON-EXPERIMENTAL-SCRIPTS",""
"","2","D2-HIGHERFUNC.14","","Fri Dec 06 22:09:12 GMT 2024","passed","Fri Dec 06 22:09:12 GMT 2024","","HYPERON-EXPERIMENTAL-SCRIPTS","HYPERON-EXPERIMENTAL-SCRIPTS",""
"","2","B5-TYPES-PRELIM.18","","Fri Dec 06 22:09:12 GMT 2024","passed","Fri Dec 06 22:09:12 GMT 2024","","HYPERON-EXPERIMENTAL-SCRIPTS","HYPERON-EXPERIMENTAL-SCRIPTS",""
"","5","OR-TEST.11","","Fri Dec 06 22:13:17 GMT 2024","passed","Fri Dec 06 22:13:17 GMT 2024","","HYPERON-METTALOG-SANITY","HYPERON-METTALOG-SANITY",""
"","8000","metta-morph_tests.factorial","","Fri Dec 06 22:09:04 GMT 2024","passed","Fri Dec 06 22:09:12 GMT 2024","","WHOLE-TESTS","WHOLE-TESTS",""
"","124","AUTO-COERCE.33","","Fri Dec 06 22:13:17 GMT 2024","failed","Fri Dec 06 22:13:17 GMT 2024","","HYPERON-METTALOG-SANITY","HYPERON-METTALOG-SANITY",""
"","2","06-MATCH-IN-SPACE.04","","Fri Dec 06 22:13:17 GMT 2024","passed","Fri Dec 06 22:13:17 GMT 2024","","HYPERON-METTALOG-SANITY","HYPERON-METTALOG-SANITY",""
"","2","SEQUENTIAL-NESTED.12","","Fri Dec 06 22:33:19 GMT 2024","passed","Fri Dec 06 22:33:19 GMT 2024","","METTA-MORPH-TESTS","METTA-MORPH-TESTS",""
"","82","INDEX-MIN-FUNCTIONS-EXTRA-2.10","","Fri Dec 06 22:13:17 GMT 2024","failed","Fri Dec 06 22:13:17 GMT 2024","","HYPERON-METTALOG-SANITY","HYPERON-METTALOG-SANITY",""
"","81","MINIMAL-METTA-TESTS.22","","Fri Dec 06 22:13:17 GMT 2024","failed","Fri Dec 06 22:13:17 GMT 2024","","HYPERON-METTALOG-SANITY","HYPERON-METTALOG-SANITY",""
"","2","SORTING-TESTS.10","","Fri Dec 06 22:13:17 GMT 2024","passed","Fri Dec 06 22:13:17 GMT 2024","","HYPERON-METTALOG-SANITY","HYPERON-METTALOG-SANITY",""
"","8000","hyperon-experimental_scripts.e2_states","","Fri Dec 06 22:09:04 GMT 2024","passed","Fri Dec 06 22:09:12 GMT 2024","","WHOLE-TESTS","WHOLE-TESTS",""
"","2","D2-HIGHERFUNC.16","","Fri Dec 06 22:09:12 GMT 2024","passed","Fri Dec 06 22:09:12 GMT 2024","","HYPERON-EXPERIMENTAL-SCRIPTS","HYPERON-EXPERIMENTAL-SCRIPTS",""
"","100","MINIMAL-METTA-TESTS.16","","Fri Dec 06 22:13:17 GMT 2024","failed","Fri Dec 06 22:13:17 GMT 2024","","HYPERON-METTALOG-SANITY","HYPERON-METTALOG-SANITY",""
"","2","INDEX-MIN-FUNCTIONS-EXTRA-1.13","","Fri Dec 06 22:13:17 GMT 2024","passed","Fri Dec 06 22:13:17 GMT 2024","","HYPERON-METTALOG-SANITY","HYPERON-METTALOG-SANITY",""
"","102","B5-TYPES-PRELIM.11","","Fri Dec 06 22:09:12 GMT 2024","failed","Fri Dec 06 22:09:12 GMT 2024","","HYPERON-EXPERIMENTAL-SCRIPTS","HYPERON-EXPERIMENTAL-SCRIPTS",""
"","8","TYPE-CHECKING-SYMBOL-HE-673.07","","Fri Dec 06 22:13:17 GMT 2024","failed","Fri Dec 06 22:13:17 GMT 2024","","HYPERON-METTALOG-SANITY","HYPERON-METTALOG-SANITY",""
"","1","SUBTRACTION-TEST.03","","Fri Dec 06 22:13:17 GMT 2024","passed","Fri Dec 06 22:13:17 GMT 2024","","HYPERON-METTALOG-SANITY","HYPERON-METTALOG-SANITY",""
"","7000","hyperon-experimental_scripts.a3_twoside","","Fri Dec 06 22:09:04 GMT 2024","passed","Fri Dec 06 22:09:11 GMT 2024","","WHOLE-TESTS","WHOLE-TESTS",""
"","1","LIMIT-TESTS.18","","Fri Dec 06 22:13:17 GMT 2024","passed","Fri Dec 06 22:13:17 GMT 2024","","HYPERON-METTALOG-SANITY","HYPERON-METTALOG-SANITY",""
"","46","AUTO-COERCE.41","","Fri Dec 06 22:13:17 GMT 2024","failed","Fri Dec 06 22:13:17 GMT 2024","","HYPERON-METTALOG-SANITY","HYPERON-METTALOG-SANITY",""
"","89","MATH-HYPHEN-FUNCTIONS.07","","Fri Dec 06 22:13:17 GMT 2024","failed","Fri Dec 06 22:13:17 GMT 2024","","HYPERON-METTALOG-SANITY","HYPERON-METTALOG-SANITY",""
"","1","OR-TEST.13","","Fri Dec 06 22:13:17 GMT 2024","passed","Fri Dec 06 22:13:17 GMT 2024","","HYPERON-METTALOG-SANITY","HYPERON-METTALOG-SANITY",""
"","2","CALL-TESTS.07","","Fri Dec 06 22:13:17 GMT 2024","passed","Fri Dec 06 22:13:17 GMT 2024","","HYPERON-METTALOG-SANITY","HYPERON-METTALOG-SANITY",""
"","3","PEANO.01","","Fri Dec 06 22:33:19 GMT 2024","passed","Fri Dec 06 22:33:19 GMT 2024","","METTA-MORPH-TESTS","METTA-MORPH-TESTS",""
"","1","B4-NONDETERM.02","","Fri Dec 06 22:09:12 GMT 2024","passed","Fri Dec 06 22:09:12 GMT 2024","","HYPERON-EXPERIMENTAL-SCRIPTS","HYPERON-EXPERIMENTAL-SCRIPTS",""
"","3","SUPERCOLLAPSE.01","","Fri Dec 06 22:33:19 GMT 2024","passed","Fri Dec 06 22:33:19 GMT 2024","","METTA-MORPH-TESTS","METTA-MORPH-TESTS",""
"","4","UNIQUE-TEST.10","","Fri Dec 06 22:13:17 GMT 2024","passed","Fri Dec 06 22:13:17 GMT 2024","","HYPERON-METTALOG-SANITY","HYPERON-METTALOG-SANITY",""
"","4","INDEX-MIN-FUNCTIONS-EXTRA-2.43","","Fri Dec 06 22:13:17 GMT 2024","passed","Fri Dec 06 22:13:17 GMT 2024","","HYPERON-METTALOG-SANITY","HYPERON-METTALOG-SANITY",""
"","41000","hyperon-experimental_scripts.d4_type_prop","","Fri Dec 06 22:09:04 GMT 2024","failed","Fri Dec 06 22:09:45 GMT 2024","","WHOLE-TESTS","WHOLE-TESTS",""
"","8000","hyperon-mettalog_sanity.sorting_tests","","Fri Dec 06 22:09:04 GMT 2024","passed","Fri Dec 06 22:09:12 GMT 2024","","WHOLE-TESTS","WHOLE-TESTS",""
"","2","INDEX-MIN-FUNCTIONS-EXTRA-1.59","","Fri Dec 06 22:13:17 GMT 2024","passed","Fri Dec 06 22:13:17 GMT 2024","","HYPERON-METTALOG-SANITY","HYPERON-METTALOG-SANITY",""
"","2","AUTO-COERCE.42","","Fri Dec 06 22:13:17 GMT 2024","passed","Fri Dec 06 22:13:17 GMT 2024","","HYPERON-METTALOG-SANITY","HYPERON-METTALOG-SANITY",""
"","8000","metta-morph_tests.nested_parameters","","Fri Dec 06 22:09:04 GMT 2024","passed","Fri Dec 06 22:09:12 GMT 2024","","WHOLE-TESTS","WHOLE-TESTS",""
"","38","MATH-HYPHEN-FUNCTIONS.17","","Fri Dec 06 22:13:17 GMT 2024","failed","Fri Dec 06 22:13:17 GMT 2024","","HYPERON-METTALOG-SANITY","HYPERON-METTALOG-SANITY",""
"","2","DIFFEREN-ARITIES-ARE-FINE-HE-603.04","","Fri Dec 06 22:13:17 GMT 2024","passed","Fri Dec 06 22:13:17 GMT 2024","","HYPERON-METTALOG-SANITY","HYPERON-METTALOG-SANITY",""
"","2","STRING-TESTS.14","","Fri Dec 06 22:13:17 GMT 2024","passed","Fri Dec 06 22:13:17 GMT 2024","","HYPERON-METTALOG-SANITY","HYPERON-METTALOG-SANITY",""
"","2","CAR-ATOM-BUG-HE-621.04","","Fri Dec 06 22:13:17 GMT 2024","passed","Fri Dec 06 22:13:17 GMT 2024","","HYPERON-METTALOG-SANITY","HYPERON-METTALOG-SANITY",""
"","2","C2-SPACES.02","","Fri Dec 06 22:09:12 GMT 2024","passed","Fri Dec 06 22:09:12 GMT 2024","","HYPERON-EXPERIMENTAL-SCRIPTS","HYPERON-EXPERIMENTAL-SCRIPTS",""
"","5","UNIQUE-TEST.14","","Fri Dec 06 22:13:17 GMT 2024","passed","Fri Dec 06 22:13:17 GMT 2024","","HYPERON-METTALOG-SANITY","HYPERON-METTALOG-SANITY",""
"","75","D5-AUTO-TYPES.07","","Fri Dec 06 22:09:12 GMT 2024","failed","Fri Dec 06 22:09:12 GMT 2024","","HYPERON-EXPERIMENTAL-SCRIPTS","HYPERON-EXPERIMENTAL-SCRIPTS",""
"","53","OUTPUT-LOAD-TESTS.12","","Fri Dec 06 22:13:17 GMT 2024","failed","Fri Dec 06 22:13:17 GMT 2024","","HYPERON-METTALOG-SANITY","HYPERON-METTALOG-SANITY",""
"","55","MINIMAL-METTA-TESTS.12","","Fri Dec 06 22:13:17 GMT 2024","passed","Fri Dec 06 22:13:17 GMT 2024","","HYPERON-METTALOG-SANITY","HYPERON-METTALOG-SANITY",""
"","32","MATH-HYPHEN-FUNCTIONS.46","","Fri Dec 06 22:13:17 GMT 2024","failed","Fri Dec 06 22:13:17 GMT 2024","","HYPERON-METTALOG-SANITY","HYPERON-METTALOG-SANITY",""
"","7000","hyperon-mettalog_sanity.string-tests","","Fri Dec 06 22:09:04 GMT 2024","passed","Fri Dec 06 22:09:11 GMT 2024","","WHOLE-TESTS","WHOLE-TESTS",""
"","2","D1-GADT.07","","Fri Dec 06 22:09:12 GMT 2024","passed","Fri Dec 06 22:09:12 GMT 2024","","HYPERON-EXPERIMENTAL-SCRIPTS","HYPERON-EXPERIMENTAL-SCRIPTS",""
"","55","E2-STATES.08","","Fri Dec 06 22:09:12 GMT 2024","failed","Fri Dec 06 22:09:12 GMT 2024","","HYPERON-EXPERIMENTAL-SCRIPTS","HYPERON-EXPERIMENTAL-SCRIPTS",""
"","8000","hyperon-experimental_scripts.e1_kb_write","","Fri Dec 06 22:09:04 GMT 2024","passed","Fri Dec 06 22:09:12 GMT 2024","","WHOLE-TESTS","WHOLE-TESTS",""
"","3","SORTING-TESTS.03","","Fri Dec 06 22:13:17 GMT 2024","passed","Fri Dec 06 22:13:17 GMT 2024","","HYPERON-METTALOG-SANITY","HYPERON-METTALOG-SANITY",""
"","3","FUNCTIONAL-PROGRAMMING-TESTS.04","","Fri Dec 06 22:13:17 GMT 2024","passed","Fri Dec 06 22:13:17 GMT 2024","","HYPERON-METTALOG-SANITY","HYPERON-METTALOG-SANITY",""
"","47","MATH-HYPHEN-FUNCTIONS.20","","Fri Dec 06 22:13:17 GMT 2024","failed","Fri Dec 06 22:13:17 GMT 2024","","HYPERON-METTALOG-SANITY","HYPERON-METTALOG-SANITY",""
"","54","INDEX-MIN-FUNCTIONS-EXTRA-1.36","","Fri Dec 06 22:13:17 GMT 2024","failed","Fri Dec 06 22:13:17 GMT 2024","","HYPERON-METTALOG-SANITY","HYPERON-METTALOG-SANITY",""
"","35","MATH-HYPHEN-FUNCTIONS.40","","Fri Dec 06 22:13:17 GMT 2024","failed","Fri Dec 06 22:13:17 GMT 2024","","HYPERON-METTALOG-SANITY","HYPERON-METTALOG-SANITY",""
"","10000","hyperon-mettalog_sanity.call_cleanup_tests_mw","","Fri Dec 06 22:09:04 GMT 2024","passed","Fri Dec 06 22:09:14 GMT 2024","","WHOLE-TESTS","WHOLE-TESTS",""
"","1","UNIQUE-TEST.05","","Fri Dec 06 22:13:17 GMT 2024","passed","Fri Dec 06 22:13:17 GMT 2024","","HYPERON-METTALOG-SANITY","HYPERON-METTALOG-SANITY",""
"","2","SUBTRACTION-TEST.05","","Fri Dec 06 22:13:17 GMT 2024","passed","Fri Dec 06 22:13:17 GMT 2024","","HYPERON-METTALOG-SANITY","HYPERON-METTALOG-SANITY",""
"","1","D1-GADT.10","","Fri Dec 06 22:09:12 GMT 2024","passed","Fri Dec 06 22:09:12 GMT 2024","","HYPERON-EXPERIMENTAL-SCRIPTS","HYPERON-EXPERIMENTAL-SCRIPTS",""
"","9000","hyperon-experimental_scripts.b5_types_prelim","","Fri Dec 06 22:09:04 GMT 2024","passed","Fri Dec 06 22:09:13 GMT 2024","","WHOLE-TESTS","WHOLE-TESTS",""
"","1","B2-BACKCHAIN.02","","Fri Dec 06 22:09:12 GMT 2024","passed","Fri Dec 06 22:09:12 GMT 2024","","HYPERON-EXPERIMENTAL-SCRIPTS","HYPERON-EXPERIMENTAL-SCRIPTS",""
"","1","OUTPUT-LOAD-TESTS.06","","Fri Dec 06 22:13:17 GMT 2024","passed","Fri Dec 06 22:13:17 GMT 2024","","HYPERON-METTALOG-SANITY","HYPERON-METTALOG-SANITY",""
"","1","INDEX-MIN-FUNCTIONS-EXTRA-2.28","","Fri Dec 06 22:13:17 GMT 2024","passed","Fri Dec 06 22:13:17 GMT 2024","","HYPERON-METTALOG-SANITY","HYPERON-METTALOG-SANITY",""
"","8000","hyperon-mettalog_sanity.metta_the_function","","Fri Dec 06 22:09:04 GMT 2024","passed","Fri Dec 06 22:09:12 GMT 2024","","WHOLE-TESTS","WHOLE-TESTS",""
"","2","OR-TEST.09","","Fri Dec 06 22:13:17 GMT 2024","passed","Fri Dec 06 22:13:17 GMT 2024","","HYPERON-METTALOG-SANITY","HYPERON-METTALOG-SANITY",""
"","107","WHAT-EVALS-OR-NOT.01","","Fri Dec 06 22:13:17 GMT 2024","failed","Fri Dec 06 22:13:17 GMT 2024","","HYPERON-METTALOG-SANITY","HYPERON-METTALOG-SANITY",""
"","8000","hyperon-mettalog_sanity.first_answer","","Fri Dec 06 22:09:04 GMT 2024","passed","Fri Dec 06 22:09:12 GMT 2024","","WHOLE-TESTS","WHOLE-TESTS",""
"","3","INDEX-MIN-FUNCTIONS-EXTRA-2.01","","Fri Dec 06 22:13:17 GMT 2024","passed","Fri Dec 06 22:13:17 GMT 2024","","HYPERON-METTALOG-SANITY","HYPERON-METTALOG-SANITY",""
"","2","B5-TYPES-PRELIM.13","","Fri Dec 06 22:09:12 GMT 2024","passed","Fri Dec 06 22:09:12 GMT 2024","","HYPERON-EXPERIMENTAL-SCRIPTS","HYPERON-EXPERIMENTAL-SCRIPTS",""
"","8000","hyperon-experimental_scripts.c3_pln_stv","","Fri Dec 06 22:09:04 GMT 2024","passed","Fri Dec 06 22:09:12 GMT 2024","","WHOLE-TESTS","WHOLE-TESTS",""
"","3","A1-SYMBOLS.07","","Fri Dec 06 22:09:12 GMT 2024","passed","Fri Dec 06 22:09:12 GMT 2024","","HYPERON-EXPERIMENTAL-SCRIPTS","HYPERON-EXPERIMENTAL-SCRIPTS",""
"","141","OUTPUT-LOAD-TESTS.11","","Fri Dec 06 22:13:17 GMT 2024","failed","Fri Dec 06 22:13:17 GMT 2024","","HYPERON-METTALOG-SANITY","HYPERON-METTALOG-SANITY",""
"","5","SEALED-TEST.10","","Fri Dec 06 22:13:17 GMT 2024","passed","Fri Dec 06 22:13:17 GMT 2024","","HYPERON-METTALOG-SANITY","HYPERON-METTALOG-SANITY",""
"","1","SORTING-TESTS.07","","Fri Dec 06 22:13:17 GMT 2024","passed","Fri Dec 06 22:13:17 GMT 2024","","HYPERON-METTALOG-SANITY","HYPERON-METTALOG-SANITY",""
"","2","CAR-ATOM-BUG-HE-621.02","","Fri Dec 06 22:13:17 GMT 2024","passed","Fri Dec 06 22:13:17 GMT 2024","","HYPERON-METTALOG-SANITY","HYPERON-METTALOG-SANITY",""
"","2","AUTO-COERCE.35","","Fri Dec 06 22:13:17 GMT 2024","passed","Fri Dec 06 22:13:17 GMT 2024","","HYPERON-METTALOG-SANITY","HYPERON-METTALOG-SANITY",""
"","41","INDEX-MIN-FUNCTIONS-EXTRA-2.45","","Fri Dec 06 22:13:17 GMT 2024","failed","Fri Dec 06 22:13:17 GMT 2024","","HYPERON-METTALOG-SANITY","HYPERON-METTALOG-SANITY",""
"","1","06-MATCH-IN-SPACE.02","","Fri Dec 06 22:13:17 GMT 2024","passed","Fri Dec 06 22:13:17 GMT 2024","","HYPERON-METTALOG-SANITY","HYPERON-METTALOG-SANITY",""
"","2","SUPERPOSE-NESTED.04","","Fri Dec 06 22:33:19 GMT 2024","passed","Fri Dec 06 22:33:19 GMT 2024","","METTA-MORPH-TESTS","METTA-MORPH-TESTS",""
"","64","INDEX-MIN-FUNCTIONS-EXTRA-2.22","","Fri Dec 06 22:13:17 GMT 2024","failed","Fri Dec 06 22:13:17 GMT 2024","","HYPERON-METTALOG-SANITY","HYPERON-METTALOG-SANITY",""
"","3","OR-TEST.05","","Fri Dec 06 22:13:17 GMT 2024","passed","Fri Dec 06 22:13:17 GMT 2024","","HYPERON-METTALOG-SANITY","HYPERON-METTALOG-SANITY",""
"","2","INTERSECTION-TESTS.11","","Fri Dec 06 22:13:17 GMT 2024","passed","Fri Dec 06 22:13:17 GMT 2024","","HYPERON-METTALOG-SANITY","HYPERON-METTALOG-SANITY",""
"","41","MATH-HYPHEN-FUNCTIONS.32","","Fri Dec 06 22:13:17 GMT 2024","failed","Fri Dec 06 22:13:17 GMT 2024","","HYPERON-METTALOG-SANITY","HYPERON-METTALOG-SANITY",""
"","2","AUTO-COERCE.05","","Fri Dec 06 22:13:17 GMT 2024","passed","Fri Dec 06 22:13:17 GMT 2024","","HYPERON-METTALOG-SANITY","HYPERON-METTALOG-SANITY",""
"","2","D2-HIGHERFUNC.27","","Fri Dec 06 22:09:12 GMT 2024","passed","Fri Dec 06 22:09:12 GMT 2024","","HYPERON-EXPERIMENTAL-SCRIPTS","HYPERON-EXPERIMENTAL-SCRIPTS",""
"","8000","hyperon-experimental_scripts.f1_moduleA","","Fri Dec 06 22:09:04 GMT 2024","passed","Fri Dec 06 22:09:12 GMT 2024","","WHOLE-TESTS","WHOLE-TESTS",""
"","1","PARTITIONING-ATOMSPACES-AND-PERFORMANCE-HE-774.04","","Fri Dec 06 22:13:17 GMT 2024","passed","Fri Dec 06 22:13:17 GMT 2024","","HYPERON-METTALOG-SANITY","HYPERON-METTALOG-SANITY",""
"","3","SEALED-TEST.02","","Fri Dec 06 22:13:17 GMT 2024","passed","Fri Dec 06 22:13:17 GMT 2024","","HYPERON-METTALOG-SANITY","HYPERON-METTALOG-SANITY",""
"","1","00-LANG-CASE.10","","Fri Dec 06 22:13:17 GMT 2024","passed","Fri Dec 06 22:13:17 GMT 2024","","HYPERON-METTALOG-SANITY","HYPERON-METTALOG-SANITY",""
"","3","DUPLICATION-SEMANTICS-HE-798.17","","Fri Dec 06 22:13:17 GMT 2024","passed","Fri Dec 06 22:13:17 GMT 2024","","HYPERON-METTALOG-SANITY","HYPERON-METTALOG-SANITY",""
"","47","B5-TYPES-PRELIM.15","","Fri Dec 06 22:09:12 GMT 2024","failed","Fri Dec 06 22:09:12 GMT 2024","","HYPERON-EXPERIMENTAL-SCRIPTS","HYPERON-EXPERIMENTAL-SCRIPTS",""
"","3","00-LANG-CASE.16","","Fri Dec 06 22:13:17 GMT 2024","passed","Fri Dec 06 22:13:17 GMT 2024","","HYPERON-METTALOG-SANITY","HYPERON-METTALOG-SANITY",""
"","2","OUTPUT-LOAD-TESTS.04","","Fri Dec 06 22:13:17 GMT 2024","passed","Fri Dec 06 22:13:17 GMT 2024","","HYPERON-METTALOG-SANITY","HYPERON-METTALOG-SANITY",""
"","1","B5-TYPES-PRELIM.26","","Fri Dec 06 22:09:12 GMT 2024","passed","Fri Dec 06 22:09:12 GMT 2024","","HYPERON-EXPERIMENTAL-SCRIPTS","HYPERON-EXPERIMENTAL-SCRIPTS",""
"","2","AUTO-COERCE.39","","Fri Dec 06 22:13:17 GMT 2024","passed","Fri Dec 06 22:13:17 GMT 2024","","HYPERON-METTALOG-SANITY","HYPERON-METTALOG-SANITY",""
"","2","06-MATCH-IN-SPACE.05","","Fri Dec 06 22:13:17 GMT 2024","passed","Fri Dec 06 22:13:17 GMT 2024","","HYPERON-METTALOG-SANITY","HYPERON-METTALOG-SANITY",""
"","1","SUPERCOLLAPSE.03","","Fri Dec 06 22:33:19 GMT 2024","passed","Fri Dec 06 22:33:19 GMT 2024","","METTA-MORPH-TESTS","METTA-MORPH-TESTS",""
"","22","INDEX-MIN-FUNCTIONS-EXTRA-1.32","","Fri Dec 06 22:13:17 GMT 2024","failed","Fri Dec 06 22:13:17 GMT 2024","","HYPERON-METTALOG-SANITY","HYPERON-METTALOG-SANITY",""
"","2","AUTO-COERCE.32","","Fri Dec 06 22:13:17 GMT 2024","passed","Fri Dec 06 22:13:17 GMT 2024","","HYPERON-METTALOG-SANITY","HYPERON-METTALOG-SANITY",""
"","3","INDEX-MIN-FUNCTIONS-EXTRA-2.42","","Fri Dec 06 22:13:17 GMT 2024","passed","Fri Dec 06 22:13:17 GMT 2024","","HYPERON-METTALOG-SANITY","HYPERON-METTALOG-SANITY",""
"","8000","hyperon-mettalog_sanity.non_deterministic_functions_he_744","","Fri Dec 06 22:09:04 GMT 2024","passed","Fri Dec 06 22:09:12 GMT 2024","","WHOLE-TESTS","WHOLE-TESTS",""
"","34","MATH-HYPHEN-FUNCTIONS.11","","Fri Dec 06 22:13:17 GMT 2024","failed","Fri Dec 06 22:13:17 GMT 2024","","HYPERON-METTALOG-SANITY","HYPERON-METTALOG-SANITY",""
"","58","PY-TYPES-2.01","","Fri Dec 06 22:13:17 GMT 2024","failed","Fri Dec 06 22:13:17 GMT 2024","","HYPERON-METTALOG-SANITY","HYPERON-METTALOG-SANITY",""
"","2","MINIMAL-METTA-TESTS.35","","Fri Dec 06 22:13:17 GMT 2024","passed","Fri Dec 06 22:13:17 GMT 2024","","HYPERON-METTALOG-SANITY","HYPERON-METTALOG-SANITY",""
"","3","STRING-TESTS.18","","Fri Dec 06 22:13:17 GMT 2024","passed","Fri Dec 06 22:13:17 GMT 2024","","HYPERON-METTALOG-SANITY","HYPERON-METTALOG-SANITY",""
"","46","INDEX-MIN-FUNCTIONS-EXTRA-2.13","","Fri Dec 06 22:13:17 GMT 2024","failed","Fri Dec 06 22:13:17 GMT 2024","","HYPERON-METTALOG-SANITY","HYPERON-METTALOG-SANITY",""
"","22","FIRST-ANSWER.01","","Fri Dec 06 22:13:17 GMT 2024","failed","Fri Dec 06 22:13:17 GMT 2024","","HYPERON-METTALOG-SANITY","HYPERON-METTALOG-SANITY",""
"","2","TESTS0.05","","Fri Dec 06 22:33:19 GMT 2024","passed","Fri Dec 06 22:33:19 GMT 2024","","METTA-MORPH-TESTS","METTA-MORPH-TESTS",""
"","2","06-MATCH-IN-SPACE.06","","Fri Dec 06 22:13:17 GMT 2024","passed","Fri Dec 06 22:13:17 GMT 2024","","HYPERON-METTALOG-SANITY","HYPERON-METTALOG-SANITY",""
"","2","SEQUENTIAL-NESTED.09","","Fri Dec 06 22:33:19 GMT 2024","passed","Fri Dec 06 22:33:19 GMT 2024","","METTA-MORPH-TESTS","METTA-MORPH-TESTS",""
"","41","INDEX-MIN-FUNCTIONS-EXTRA-2.49","","Fri Dec 06 22:13:17 GMT 2024","failed","Fri Dec 06 22:13:17 GMT 2024","","HYPERON-METTALOG-SANITY","HYPERON-METTALOG-SANITY",""
"","3","INTERSECTION-TESTS.18","","Fri Dec 06 22:13:17 GMT 2024","passed","Fri Dec 06 22:13:17 GMT 2024","","HYPERON-METTALOG-SANITY","HYPERON-METTALOG-SANITY",""
"","8000","hyperon-mettalog_sanity.02-curried-plus","","Fri Dec 06 22:09:04 GMT 2024","passed","Fri Dec 06 22:09:12 GMT 2024","","WHOLE-TESTS","WHOLE-TESTS",""
"","1","FIND-ALL-TESTS.07","","Fri Dec 06 22:13:17 GMT 2024","passed","Fri Dec 06 22:13:17 GMT 2024","","HYPERON-METTALOG-SANITY","HYPERON-METTALOG-SANITY",""
"","1","AUTO-COERCE.27","","Fri Dec 06 22:13:17 GMT 2024","passed","Fri Dec 06 22:13:17 GMT 2024","","HYPERON-METTALOG-SANITY","HYPERON-METTALOG-SANITY",""
"","2","LIMIT-TESTS.02","","Fri Dec 06 22:13:17 GMT 2024","passed","Fri Dec 06 22:13:17 GMT 2024","","HYPERON-METTALOG-SANITY","HYPERON-METTALOG-SANITY",""
"","8000","hyperon-experimental_scripts.d1_gadt","","Fri Dec 06 22:09:04 GMT 2024","passed","Fri Dec 06 22:09:12 GMT 2024","","WHOLE-TESTS","WHOLE-TESTS",""
"","2","03-SORING-VIA-INSERT.02","","Fri Dec 06 22:13:17 GMT 2024","passed","Fri Dec 06 22:13:17 GMT 2024","","HYPERON-METTALOG-SANITY","HYPERON-METTALOG-SANITY",""
"","8000","hyperon-mettalog_sanity.01_lang_inc","","Fri Dec 06 22:09:04 GMT 2024","passed","Fri Dec 06 22:09:12 GMT 2024","","WHOLE-TESTS","WHOLE-TESTS",""
"","75","EVAL-FOR-TESTS.14","","Fri Dec 06 22:13:17 GMT 2024","failed","Fri Dec 06 22:13:17 GMT 2024","","HYPERON-METTALOG-SANITY","HYPERON-METTALOG-SANITY",""
"","16","CALL-TESTS.02","","Fri Dec 06 22:13:17 GMT 2024","passed","Fri Dec 06 22:13:17 GMT 2024","","HYPERON-METTALOG-SANITY","HYPERON-METTALOG-SANITY",""
"","1","FACTORIAL.02","","Fri Dec 06 22:33:19 GMT 2024","passed","Fri Dec 06 22:33:19 GMT 2024","","METTA-MORPH-TESTS","METTA-MORPH-TESTS",""
"","1","B0-CHAINING-PRELIM.02","","Fri Dec 06 22:09:12 GMT 2024","passed","Fri Dec 06 22:09:12 GMT 2024","","HYPERON-EXPERIMENTAL-SCRIPTS","HYPERON-EXPERIMENTAL-SCRIPTS",""
"","2","STRING-TESTS.20","","Fri Dec 06 22:13:17 GMT 2024","passed","Fri Dec 06 22:13:17 GMT 2024","","HYPERON-METTALOG-SANITY","HYPERON-METTALOG-SANITY",""
"","2","FLIP-TEST.02","","Fri Dec 06 22:13:17 GMT 2024","passed","Fri Dec 06 22:13:17 GMT 2024","","HYPERON-METTALOG-SANITY","HYPERON-METTALOG-SANITY",""
"","2","00-LANG-CASE.17","","Fri Dec 06 22:13:17 GMT 2024","passed","Fri Dec 06 22:13:17 GMT 2024","","HYPERON-METTALOG-SANITY","HYPERON-METTALOG-SANITY",""
"","2","CALL-CLEANUP-TESTS.01","","Fri Dec 06 22:13:17 GMT 2024","passed","Fri Dec 06 22:13:17 GMT 2024","","HYPERON-METTALOG-SANITY","HYPERON-METTALOG-SANITY",""
"","2","D1-GADT.06","","Fri Dec 06 22:09:12 GMT 2024","passed","Fri Dec 06 22:09:12 GMT 2024","","HYPERON-EXPERIMENTAL-SCRIPTS","HYPERON-EXPERIMENTAL-SCRIPTS",""
"","2","D2-HIGHERFUNC.25","","Fri Dec 06 22:09:12 GMT 2024","passed","Fri Dec 06 22:09:12 GMT 2024","","HYPERON-EXPERIMENTAL-SCRIPTS","HYPERON-EXPERIMENTAL-SCRIPTS",""
"","4","D1-GADT.01","","Fri Dec 06 22:09:12 GMT 2024","passed","Fri Dec 06 22:09:12 GMT 2024","","HYPERON-EXPERIMENTAL-SCRIPTS","HYPERON-EXPERIMENTAL-SCRIPTS",""
"","16","INDEX-MIN-FUNCTIONS-EXTRA-2.17","","Fri Dec 06 22:13:17 GMT 2024","failed","Fri Dec 06 22:13:17 GMT 2024","","HYPERON-METTALOG-SANITY","HYPERON-METTALOG-SANITY",""
"","8000","hyperon-experimental_scripts.d2_higherfunc","","Fri Dec 06 22:09:04 GMT 2024","passed","Fri Dec 06 22:09:12 GMT 2024","","WHOLE-TESTS","WHOLE-TESTS",""
"","1","DIFFEREN-ARITIES-ARE-FINE-HE-603.07","","Fri Dec 06 22:13:17 GMT 2024","passed","Fri Dec 06 22:13:17 GMT 2024","","HYPERON-METTALOG-SANITY","HYPERON-METTALOG-SANITY",""
"","4","IDENTITY.01","","Fri Dec 06 22:33:19 GMT 2024","passed","Fri Dec 06 22:33:19 GMT 2024","","METTA-MORPH-TESTS","METTA-MORPH-TESTS",""
"","1","B5-TYPES-PRELIM.19","","Fri Dec 06 22:09:12 GMT 2024","passed","Fri Dec 06 22:09:12 GMT 2024","","HYPERON-EXPERIMENTAL-SCRIPTS","HYPERON-EXPERIMENTAL-SCRIPTS",""
"","2","MINIMAL-METTA-TESTS.06","","Fri Dec 06 22:13:17 GMT 2024","passed","Fri Dec 06 22:13:17 GMT 2024","","HYPERON-METTALOG-SANITY","HYPERON-METTALOG-SANITY",""
"","133472","INDEX-MIN-FUNCTIONS-EXTRA-3.02","","Fri Dec 06 22:13:17 GMT 2024","failed","Fri Dec 06 22:15:30 GMT 2024","","HYPERON-METTALOG-SANITY","HYPERON-METTALOG-SANITY",""
"","97","INDEX-MIN-FUNCTIONS-EXTRA-2.14","","Fri Dec 06 22:13:17 GMT 2024","failed","Fri Dec 06 22:13:17 GMT 2024","","HYPERON-METTALOG-SANITY","HYPERON-METTALOG-SANITY",""
"","8000","metta-morph_tests.sequential_nested","","Fri Dec 06 22:09:04 GMT 2024","passed","Fri Dec 06 22:09:12 GMT 2024","","WHOLE-TESTS","WHOLE-TESTS",""
"","4","LETLET.01","","Fri Dec 06 22:33:19 GMT 2024","passed","Fri Dec 06 22:33:19 GMT 2024","","METTA-MORPH-TESTS","METTA-MORPH-TESTS",""
"","3","C3-PLN-STV.01","","Fri Dec 06 22:09:12 GMT 2024","passed","Fri Dec 06 22:09:12 GMT 2024","","HYPERON-EXPERIMENTAL-SCRIPTS","HYPERON-EXPERIMENTAL-SCRIPTS",""
"","1","STATES-SPACES.02","","Fri Dec 06 22:33:19 GMT 2024","passed","Fri Dec 06 22:33:19 GMT 2024","","METTA-MORPH-TESTS","METTA-MORPH-TESTS",""
"","91","FUNCTIONAL-PROGRAMMING-TESTS.06","","Fri Dec 06 22:13:17 GMT 2024","failed","Fri Dec 06 22:13:17 GMT 2024","","HYPERON-METTALOG-SANITY","HYPERON-METTALOG-SANITY",""
"","1","STRING-TESTS.19","","Fri Dec 06 22:13:17 GMT 2024","passed","Fri Dec 06 22:13:17 GMT 2024","","HYPERON-METTALOG-SANITY","HYPERON-METTALOG-SANITY",""
"","8000","hyperon-mettalog_sanity.lambda_abstraction_bc_he_556","","Fri Dec 06 22:09:04 GMT 2024","passed","Fri Dec 06 22:09:12 GMT 2024","","WHOLE-TESTS","WHOLE-TESTS",""
"","8000","hyperon-mettalog_sanity.is_space","","Fri Dec 06 22:09:04 GMT 2024","passed","Fri Dec 06 22:09:12 GMT 2024","","WHOLE-TESTS","WHOLE-TESTS",""
"","5","SINGLE-SIDED-MATCHING-HE-674.01","","Fri Dec 06 22:13:17 GMT 2024","passed","Fri Dec 06 22:13:17 GMT 2024","","HYPERON-METTALOG-SANITY","HYPERON-METTALOG-SANITY",""
"","2","D3-DEPTYPES.05","","Fri Dec 06 22:09:12 GMT 2024","passed","Fri Dec 06 22:09:12 GMT 2024","","HYPERON-EXPERIMENTAL-SCRIPTS","HYPERON-EXPERIMENTAL-SCRIPTS",""
"","93","MATH-HYPHEN-FUNCTIONS.30","","Fri Dec 06 22:13:17 GMT 2024","failed","Fri Dec 06 22:13:17 GMT 2024","","HYPERON-METTALOG-SANITY","HYPERON-METTALOG-SANITY",""
"","2","E2-STATES.11","","Fri Dec 06 22:09:12 GMT 2024","passed","Fri Dec 06 22:09:12 GMT 2024","","HYPERON-EXPERIMENTAL-SCRIPTS","HYPERON-EXPERIMENTAL-SCRIPTS",""
"","4","B3-DIRECT.01","","Fri Dec 06 22:09:12 GMT 2024","passed","Fri Dec 06 22:09:12 GMT 2024","","HYPERON-EXPERIMENTAL-SCRIPTS","HYPERON-EXPERIMENTAL-SCRIPTS",""
"","3","REPRESENT-AND-PARSE-TESTS.02","","Fri Dec 06 22:13:17 GMT 2024","passed","Fri Dec 06 22:13:17 GMT 2024","","HYPERON-METTALOG-SANITY","HYPERON-METTALOG-SANITY",""
"","89","INDEX-MIN-FUNCTIONS-EXTRA-1.39","","Fri Dec 06 22:13:17 GMT 2024","failed","Fri Dec 06 22:13:17 GMT 2024","","HYPERON-METTALOG-SANITY","HYPERON-METTALOG-SANITY",""
"","41","MATH-HYPHEN-FUNCTIONS.05","","Fri Dec 06 22:13:17 GMT 2024","failed","Fri Dec 06 22:13:17 GMT 2024","","HYPERON-METTALOG-SANITY","HYPERON-METTALOG-SANITY",""
"","10","D2-HIGHERFUNC.02","","Fri Dec 06 22:09:12 GMT 2024","failed","Fri Dec 06 22:09:12 GMT 2024","","HYPERON-EXPERIMENTAL-SCRIPTS","HYPERON-EXPERIMENTAL-SCRIPTS",""
"","2","AUTO-COERCE.16","","Fri Dec 06 22:13:17 GMT 2024","passed","Fri Dec 06 22:13:17 GMT 2024","","HYPERON-METTALOG-SANITY","HYPERON-METTALOG-SANITY",""
"","3","MAX-TIME-TESTS.02","","Fri Dec 06 22:13:17 GMT 2024","passed","Fri Dec 06 22:13:17 GMT 2024","","HYPERON-METTALOG-SANITY","HYPERON-METTALOG-SANITY",""
"","2","BASE-TEST-REPR-PARSE-INTERSECTION.04","","Fri Dec 06 22:13:17 GMT 2024","passed","Fri Dec 06 22:13:17 GMT 2024","","HYPERON-METTALOG-SANITY","HYPERON-METTALOG-SANITY",""
"","97","INDEX-MIN-FUNCTIONS-EXTRA-1.41","","Fri Dec 06 22:13:17 GMT 2024","failed","Fri Dec 06 22:13:17 GMT 2024","","HYPERON-METTALOG-SANITY","HYPERON-METTALOG-SANITY",""
"","17","TYPE-CHECKING-SYMBOL-HE-673.11","","Fri Dec 06 22:13:17 GMT 2024","failed","Fri Dec 06 22:13:17 GMT 2024","","HYPERON-METTALOG-SANITY","HYPERON-METTALOG-SANITY",""
"","2","FUNCTIONAL-PROGRAMMING-TESTS.03","","Fri Dec 06 22:13:17 GMT 2024","passed","Fri Dec 06 22:13:17 GMT 2024","","HYPERON-METTALOG-SANITY","HYPERON-METTALOG-SANITY",""
"","4","NON-DETERMINISTIC-FUNCTIONS-HE-744.01","","Fri Dec 06 22:13:17 GMT 2024","passed","Fri Dec 06 22:13:17 GMT 2024","","HYPERON-METTALOG-SANITY","HYPERON-METTALOG-SANITY",""
"","48","MATH-HYPHEN-FUNCTIONS.26","","Fri Dec 06 22:13:17 GMT 2024","failed","Fri Dec 06 22:13:17 GMT 2024","","HYPERON-METTALOG-SANITY","HYPERON-METTALOG-SANITY",""
"","112","COMPILE-TESTS.03","","Fri Dec 06 22:13:17 GMT 2024","failed","Fri Dec 06 22:13:17 GMT 2024","","HYPERON-METTALOG-SANITY","HYPERON-METTALOG-SANITY",""
"","60","EVAL-FOR-TESTS.15","","Fri Dec 06 22:13:17 GMT 2024","failed","Fri Dec 06 22:13:17 GMT 2024","","HYPERON-METTALOG-SANITY","HYPERON-METTALOG-SANITY",""
"","8","D1-GADT.13","","Fri Dec 06 22:09:12 GMT 2024","passed","Fri Dec 06 22:09:12 GMT 2024","","HYPERON-EXPERIMENTAL-SCRIPTS","HYPERON-EXPERIMENTAL-SCRIPTS",""
"","2","INTERSECTION-TESTS.08","","Fri Dec 06 22:13:17 GMT 2024","passed","Fri Dec 06 22:13:17 GMT 2024","","HYPERON-METTALOG-SANITY","HYPERON-METTALOG-SANITY",""
"","1","INHERIT-OR-NOT-TESTS.08","","Fri Dec 06 22:13:17 GMT 2024","passed","Fri Dec 06 22:13:17 GMT 2024","","HYPERON-METTALOG-SANITY","HYPERON-METTALOG-SANITY",""
"","2","CALL-CLEANUP-TESTS.03","","Fri Dec 06 22:13:17 GMT 2024","passed","Fri Dec 06 22:13:17 GMT 2024","","HYPERON-METTALOG-SANITY","HYPERON-METTALOG-SANITY",""
"","1","PARTITIONING-ATOMSPACES-AND-PERFORMANCE-HE-774.08","","Fri Dec 06 22:13:17 GMT 2024","passed","Fri Dec 06 22:13:17 GMT 2024","","HYPERON-METTALOG-SANITY","HYPERON-METTALOG-SANITY",""
"","2","PARTITIONING-ATOMSPACES-AND-PERFORMANCE-HE-774.02","","Fri Dec 06 22:13:17 GMT 2024","passed","Fri Dec 06 22:13:17 GMT 2024","","HYPERON-METTALOG-SANITY","HYPERON-METTALOG-SANITY",""
"","1","OUTPUT-LOAD-TESTS.16","","Fri Dec 06 22:13:17 GMT 2024","passed","Fri Dec 06 22:13:17 GMT 2024","","HYPERON-METTALOG-SANITY","HYPERON-METTALOG-SANITY",""
"","50","MATH-HYPHEN-FUNCTIONS.41","","Fri Dec 06 22:13:17 GMT 2024","failed","Fri Dec 06 22:13:17 GMT 2024","","HYPERON-METTALOG-SANITY","HYPERON-METTALOG-SANITY",""
"","126","AUTO-COERCE.38","","Fri Dec 06 22:13:17 GMT 2024","failed","Fri Dec 06 22:13:17 GMT 2024","","HYPERON-METTALOG-SANITY","HYPERON-METTALOG-SANITY",""
"","90","MATH-HYPHEN-FUNCTIONS.04","","Fri Dec 06 22:13:17 GMT 2024","failed","Fri Dec 06 22:13:17 GMT 2024","","HYPERON-METTALOG-SANITY","HYPERON-METTALOG-SANITY",""
"","2","CALL-TESTS.03","","Fri Dec 06 22:13:17 GMT 2024","passed","Fri Dec 06 22:13:17 GMT 2024","","HYPERON-METTALOG-SANITY","HYPERON-METTALOG-SANITY",""
"","2","CALL-CLEANUP-TESTS.05","","Fri Dec 06 22:13:17 GMT 2024","passed","Fri Dec 06 22:13:17 GMT 2024","","HYPERON-METTALOG-SANITY","HYPERON-METTALOG-SANITY",""
"","2","AUTO-COERCE.23","","Fri Dec 06 22:13:17 GMT 2024","passed","Fri Dec 06 22:13:17 GMT 2024","","HYPERON-METTALOG-SANITY","HYPERON-METTALOG-SANITY",""
"","3","OUTPUT-LOAD-TESTS.07","","Fri Dec 06 22:13:17 GMT 2024","passed","Fri Dec 06 22:13:17 GMT 2024","","HYPERON-METTALOG-SANITY","HYPERON-METTALOG-SANITY",""
"","2","D2-HIGHERFUNC.13","","Fri Dec 06 22:09:12 GMT 2024","passed","Fri Dec 06 22:09:12 GMT 2024","","HYPERON-EXPERIMENTAL-SCRIPTS","HYPERON-EXPERIMENTAL-SCRIPTS",""
"","11","D3-DEPTYPES.04","","Fri Dec 06 22:09:12 GMT 2024","passed","Fri Dec 06 22:09:12 GMT 2024","","HYPERON-EXPERIMENTAL-SCRIPTS","HYPERON-EXPERIMENTAL-SCRIPTS",""
"","1","UNIQUE-TEST.02","","Fri Dec 06 22:13:17 GMT 2024","passed","Fri Dec 06 22:13:17 GMT 2024","","HYPERON-METTALOG-SANITY","HYPERON-METTALOG-SANITY",""
"","4","ALPHA-EQUIVALENCE-ASSERTIONS-HE-744.01","","Fri Dec 06 22:13:17 GMT 2024","passed","Fri Dec 06 22:13:17 GMT 2024","","HYPERON-METTALOG-SANITY","HYPERON-METTALOG-SANITY",""
"","2","PY-TYPES.02","","Fri Dec 06 22:13:17 GMT 2024","passed","Fri Dec 06 22:13:17 GMT 2024","","HYPERON-METTALOG-SANITY","HYPERON-METTALOG-SANITY",""
"","4","SEALED-TEST.03","","Fri Dec 06 22:13:17 GMT 2024","passed","Fri Dec 06 22:13:17 GMT 2024","","HYPERON-METTALOG-SANITY","HYPERON-METTALOG-SANITY",""
"","36","AUTO-COERCE.31","","Fri Dec 06 22:13:17 GMT 2024","failed","Fri Dec 06 22:13:17 GMT 2024","","HYPERON-METTALOG-SANITY","HYPERON-METTALOG-SANITY",""
"","43","PY-TYPES.04","","Fri Dec 06 22:13:17 GMT 2024","failed","Fri Dec 06 22:13:17 GMT 2024","","HYPERON-METTALOG-SANITY","HYPERON-METTALOG-SANITY",""
"","2","D2-HIGHERFUNC.23","","Fri Dec 06 22:09:12 GMT 2024","passed","Fri Dec 06 22:09:12 GMT 2024","","HYPERON-EXPERIMENTAL-SCRIPTS","HYPERON-EXPERIMENTAL-SCRIPTS",""
"","1423","F1-IMPORTS.02","","Fri Dec 06 22:09:12 GMT 2024","failed","Fri Dec 06 22:09:13 GMT 2024","","HYPERON-EXPERIMENTAL-SCRIPTS","HYPERON-EXPERIMENTAL-SCRIPTS",""
"","3","LAMBDA-ABSTRACTION-BC-HE-556.01","","Fri Dec 06 22:13:17 GMT 2024","passed","Fri Dec 06 22:13:17 GMT 2024","","HYPERON-METTALOG-SANITY","HYPERON-METTALOG-SANITY",""
"","2","STRING-TESTS.17","","Fri Dec 06 22:13:17 GMT 2024","passed","Fri Dec 06 22:13:17 GMT 2024","","HYPERON-METTALOG-SANITY","HYPERON-METTALOG-SANITY",""
"","1","INDEX-MIN-FUNCTIONS-EXTRA-1.53","","Fri Dec 06 22:13:17 GMT 2024","passed","Fri Dec 06 22:13:17 GMT 2024","","HYPERON-METTALOG-SANITY","HYPERON-METTALOG-SANITY",""
"","5","ZEROARGS.01","","Fri Dec 06 22:33:19 GMT 2024","passed","Fri Dec 06 22:33:19 GMT 2024","","METTA-MORPH-TESTS","METTA-MORPH-TESTS",""
"","1","SPACE-SUBTRACTION-TESTS.03","","Fri Dec 06 22:13:17 GMT 2024","passed","Fri Dec 06 22:13:17 GMT 2024","","HYPERON-METTALOG-SANITY","HYPERON-METTALOG-SANITY",""
"","70","INDEX-MIN-FUNCTIONS-EXTRA-2.26","","Fri Dec 06 22:13:17 GMT 2024","failed","Fri Dec 06 22:13:17 GMT 2024","","HYPERON-METTALOG-SANITY","HYPERON-METTALOG-SANITY",""
"","46","INDEX-MIN-FUNCTIONS-EXTRA-2.11","","Fri Dec 06 22:13:17 GMT 2024","failed","Fri Dec 06 22:13:17 GMT 2024","","HYPERON-METTALOG-SANITY","HYPERON-METTALOG-SANITY",""
"","3","INDEX-MIN-FUNCTIONS-EXTRA-1.46","","Fri Dec 06 22:13:17 GMT 2024","passed","Fri Dec 06 22:13:17 GMT 2024","","HYPERON-METTALOG-SANITY","HYPERON-METTALOG-SANITY",""
"","94","MATH-HYPHEN-FUNCTIONS.36","","Fri Dec 06 22:13:17 GMT 2024","failed","Fri Dec 06 22:13:17 GMT 2024","","HYPERON-METTALOG-SANITY","HYPERON-METTALOG-SANITY",""
"","3","SUPERCOLLAPSE.07","","Fri Dec 06 22:33:19 GMT 2024","passed","Fri Dec 06 22:33:19 GMT 2024","","METTA-MORPH-TESTS","METTA-MORPH-TESTS",""
"","8000","hyperon-mettalog_sanity.auto_coerce_mw","","Fri Dec 06 22:09:04 GMT 2024","passed","Fri Dec 06 22:09:12 GMT 2024","","WHOLE-TESTS","WHOLE-TESTS",""
"","2","SEQUENTIAL-NESTED.02","","Fri Dec 06 22:33:19 GMT 2024","passed","Fri Dec 06 22:33:19 GMT 2024","","METTA-MORPH-TESTS","METTA-MORPH-TESTS",""
"","2","FIND-ALL-TESTS.06","","Fri Dec 06 22:13:17 GMT 2024","passed","Fri Dec 06 22:13:17 GMT 2024","","HYPERON-METTALOG-SANITY","HYPERON-METTALOG-SANITY",""
"","3","F1-MODULEA.01","","Fri Dec 06 22:09:12 GMT 2024","passed","Fri Dec 06 22:09:12 GMT 2024","","HYPERON-EXPERIMENTAL-SCRIPTS","HYPERON-EXPERIMENTAL-SCRIPTS",""
"","2","INDEX-MIN-FUNCTIONS-EXTRA-1.03","","Fri Dec 06 22:13:17 GMT 2024","passed","Fri Dec 06 22:13:17 GMT 2024","","HYPERON-METTALOG-SANITY","HYPERON-METTALOG-SANITY",""
"","1","AUTO-COERCE.20","","Fri Dec 06 22:13:17 GMT 2024","passed","Fri Dec 06 22:13:17 GMT 2024","","HYPERON-METTALOG-SANITY","HYPERON-METTALOG-SANITY",""
"","2","MINIMAL-METTA-TESTS.38","","Fri Dec 06 22:13:17 GMT 2024","passed","Fri Dec 06 22:13:17 GMT 2024","","HYPERON-METTALOG-SANITY","HYPERON-METTALOG-SANITY",""
"","2","B5-TYPES-PRELIM.09","","Fri Dec 06 22:09:12 GMT 2024","passed","Fri Dec 06 22:09:12 GMT 2024","","HYPERON-EXPERIMENTAL-SCRIPTS","HYPERON-EXPERIMENTAL-SCRIPTS",""
"","40","TYPE-CHECKING-SYMBOL-HE-673.12","","Fri Dec 06 22:13:17 GMT 2024","failed","Fri Dec 06 22:13:17 GMT 2024","","HYPERON-METTALOG-SANITY","HYPERON-METTALOG-SANITY",""
"","8000","hyperon-experimental_scripts.b3_direct","","Fri Dec 06 22:09:04 GMT 2024","passed","Fri Dec 06 22:09:12 GMT 2024","","WHOLE-TESTS","WHOLE-TESTS",""
"","2","METTA-THE-FUNCTION.02","","Fri Dec 06 22:13:17 GMT 2024","passed","Fri Dec 06 22:13:17 GMT 2024","","HYPERON-METTALOG-SANITY","HYPERON-METTALOG-SANITY",""
"","1","INDEX-MIN-FUNCTIONS-EXTRA-2.04","","Fri Dec 06 22:13:17 GMT 2024","passed","Fri Dec 06 22:13:17 GMT 2024","","HYPERON-METTALOG-SANITY","HYPERON-METTALOG-SANITY",""
"","95","MATH-HYPHEN-FUNCTIONS.18","","Fri Dec 06 22:13:17 GMT 2024","failed","Fri Dec 06 22:13:17 GMT 2024","","HYPERON-METTALOG-SANITY","HYPERON-METTALOG-SANITY",""
"","2","SORTING-TESTS.13","","Fri Dec 06 22:13:17 GMT 2024","passed","Fri Dec 06 22:13:17 GMT 2024","","HYPERON-METTALOG-SANITY","HYPERON-METTALOG-SANITY",""
"","96","INDEX-MIN-FUNCTIONS-EXTRA-1.56","","Fri Dec 06 22:13:17 GMT 2024","failed","Fri Dec 06 22:13:17 GMT 2024","","HYPERON-METTALOG-SANITY","HYPERON-METTALOG-SANITY",""
"","1","AUTO-COERCE.09","","Fri Dec 06 22:13:17 GMT 2024","passed","Fri Dec 06 22:13:17 GMT 2024","","HYPERON-METTALOG-SANITY","HYPERON-METTALOG-SANITY",""
"","1","B5-TYPES-PRELIM.16","","Fri Dec 06 22:09:12 GMT 2024","passed","Fri Dec 06 22:09:12 GMT 2024","","HYPERON-EXPERIMENTAL-SCRIPTS","HYPERON-EXPERIMENTAL-SCRIPTS",""
"","97","B4-NONDETERM.11","","Fri Dec 06 22:09:12 GMT 2024","passed","Fri Dec 06 22:09:12 GMT 2024","","HYPERON-EXPERIMENTAL-SCRIPTS","HYPERON-EXPERIMENTAL-SCRIPTS",""
"","3","D3-DEPTYPES.01","","Fri Dec 06 22:09:12 GMT 2024","passed","Fri Dec 06 22:09:12 GMT 2024","","HYPERON-EXPERIMENTAL-SCRIPTS","HYPERON-EXPERIMENTAL-SCRIPTS",""
"","135","MINIMAL-METTA-TESTS.31","","Fri Dec 06 22:13:17 GMT 2024","failed","Fri Dec 06 22:13:17 GMT 2024","","HYPERON-METTALOG-SANITY","HYPERON-METTALOG-SANITY",""
"","179","00-LANG-CASE.13","","Fri Dec 06 22:13:17 GMT 2024","passed","Fri Dec 06 22:13:17 GMT 2024","","HYPERON-METTALOG-SANITY","HYPERON-METTALOG-SANITY",""
"","3","QUOTING-SCOPING-HE-579.01","","Fri Dec 06 22:13:17 GMT 2024","passed","Fri Dec 06 22:13:17 GMT 2024","","HYPERON-METTALOG-SANITY","HYPERON-METTALOG-SANITY",""
"","2","OR-TEST.06","","Fri Dec 06 22:13:17 GMT 2024","passed","Fri Dec 06 22:13:17 GMT 2024","","HYPERON-METTALOG-SANITY","HYPERON-METTALOG-SANITY",""
"","11","IDIOMATIC-NEGATION-AND-SET-DIFFERENCE-HE-805.05","","Fri Dec 06 22:13:17 GMT 2024","failed","Fri Dec 06 22:13:17 GMT 2024","","HYPERON-METTALOG-SANITY","HYPERON-METTALOG-SANITY",""
"","64","INDEX-MIN-FUNCTIONS-EXTRA-2.23","","Fri Dec 06 22:13:17 GMT 2024","failed","Fri Dec 06 22:13:17 GMT 2024","","HYPERON-METTALOG-SANITY","HYPERON-METTALOG-SANITY",""
"","1","CATCH-THROW-TESTS.03","","Fri Dec 06 22:13:17 GMT 2024","passed","Fri Dec 06 22:13:17 GMT 2024","","HYPERON-METTALOG-SANITY","HYPERON-METTALOG-SANITY",""
"","85","MINIMAL-METTA-TESTS.15","","Fri Dec 06 22:13:17 GMT 2024","passed","Fri Dec 06 22:13:17 GMT 2024","","HYPERON-METTALOG-SANITY","HYPERON-METTALOG-SANITY",""
"","8000","hyperon-mettalog_sanity.index_min_functions_extra_1","","Fri Dec 06 22:09:04 GMT 2024","passed","Fri Dec 06 22:09:12 GMT 2024","","WHOLE-TESTS","WHOLE-TESTS",""
"","4","STATES-SPACES.01","","Fri Dec 06 22:33:19 GMT 2024","passed","Fri Dec 06 22:33:19 GMT 2024","","METTA-MORPH-TESTS","METTA-MORPH-TESTS",""
"","1","SORTING-TESTS.08","","Fri Dec 06 22:13:17 GMT 2024","passed","Fri Dec 06 22:13:17 GMT 2024","","HYPERON-METTALOG-SANITY","HYPERON-METTALOG-SANITY",""
"","2","00-LANG-CASE.08","","Fri Dec 06 22:13:17 GMT 2024","passed","Fri Dec 06 22:13:17 GMT 2024","","HYPERON-METTALOG-SANITY","HYPERON-METTALOG-SANITY",""
"","8000","hyperon-mettalog_sanity.rule_macros_mw","","Fri Dec 06 22:09:04 GMT 2024","passed","Fri Dec 06 22:09:12 GMT 2024","","WHOLE-TESTS","WHOLE-TESTS",""
"","2","AUTO-COERCE.48","","Fri Dec 06 22:13:17 GMT 2024","passed","Fri Dec 06 22:13:17 GMT 2024","","HYPERON-METTALOG-SANITY","HYPERON-METTALOG-SANITY",""
"","2","AUTO-COERCE.08","","Fri Dec 06 22:13:17 GMT 2024","passed","Fri Dec 06 22:13:17 GMT 2024","","HYPERON-METTALOG-SANITY","HYPERON-METTALOG-SANITY",""
"","2","UNIQUE-TEST.04","","Fri Dec 06 22:13:17 GMT 2024","passed","Fri Dec 06 22:13:17 GMT 2024","","HYPERON-METTALOG-SANITY","HYPERON-METTALOG-SANITY",""
"","4","TYPES2.01","","Fri Dec 06 22:33:19 GMT 2024","passed","Fri Dec 06 22:33:19 GMT 2024","","METTA-MORPH-TESTS","METTA-MORPH-TESTS",""
"","2","ZEROARGS.02","","Fri Dec 06 22:33:19 GMT 2024","passed","Fri Dec 06 22:33:19 GMT 2024","","METTA-MORPH-TESTS","METTA-MORPH-TESTS",""
"","1","STRING-TESTS.07","","Fri Dec 06 22:13:17 GMT 2024","passed","Fri Dec 06 22:13:17 GMT 2024","","HYPERON-METTALOG-SANITY","HYPERON-METTALOG-SANITY",""
"","2","CAR-ATOM-BUG-HE-621.01","","Fri Dec 06 22:13:17 GMT 2024","passed","Fri Dec 06 22:13:17 GMT 2024","","HYPERON-METTALOG-SANITY","HYPERON-METTALOG-SANITY",""
"","3","B0-CHAINING-PRELIM.04","","Fri Dec 06 22:09:12 GMT 2024","passed","Fri Dec 06 22:09:12 GMT 2024","","HYPERON-EXPERIMENTAL-SCRIPTS","HYPERON-EXPERIMENTAL-SCRIPTS",""
"","14","ARITY-TESTS.05","","Fri Dec 06 22:13:17 GMT 2024","failed","Fri Dec 06 22:13:17 GMT 2024","","HYPERON-METTALOG-SANITY","HYPERON-METTALOG-SANITY",""
"","1","B5-TYPES-PRELIM.17","","Fri Dec 06 22:09:12 GMT 2024","passed","Fri Dec 06 22:09:12 GMT 2024","","HYPERON-EXPERIMENTAL-SCRIPTS","HYPERON-EXPERIMENTAL-SCRIPTS",""
"","3","CALL-TESTS.04","","Fri Dec 06 22:13:17 GMT 2024","passed","Fri Dec 06 22:13:17 GMT 2024","","HYPERON-METTALOG-SANITY","HYPERON-METTALOG-SANITY",""
"","5","A1-SYMBOLS.01","","Fri Dec 06 22:09:12 GMT 2024","passed","Fri Dec 06 22:09:12 GMT 2024","","HYPERON-EXPERIMENTAL-SCRIPTS","HYPERON-EXPERIMENTAL-SCRIPTS",""
"","2","AUTO-COERCE.45","","Fri Dec 06 22:13:17 GMT 2024","passed","Fri Dec 06 22:13:17 GMT 2024","","HYPERON-METTALOG-SANITY","HYPERON-METTALOG-SANITY",""
"","1","INDEX-MIN-FUNCTIONS-EXTRA-2.03","","Fri Dec 06 22:13:17 GMT 2024","passed","Fri Dec 06 22:13:17 GMT 2024","","HYPERON-METTALOG-SANITY","HYPERON-METTALOG-SANITY",""
"","142","INDEX-MIN-FUNCTIONS-EXTRA-2.40","","Fri Dec 06 22:13:17 GMT 2024","failed","Fri Dec 06 22:13:17 GMT 2024","","HYPERON-METTALOG-SANITY","HYPERON-METTALOG-SANITY",""
"","51","MATH-HYPHEN-FUNCTIONS.06","","Fri Dec 06 22:13:17 GMT 2024","failed","Fri Dec 06 22:13:17 GMT 2024","","HYPERON-METTALOG-SANITY","HYPERON-METTALOG-SANITY",""
"","2","00-LANG-CASE.14","","Fri Dec 06 22:13:17 GMT 2024","passed","Fri Dec 06 22:13:17 GMT 2024","","HYPERON-METTALOG-SANITY","HYPERON-METTALOG-SANITY",""
"","84","MINIMAL-METTA-TESTS.08","","Fri Dec 06 22:13:17 GMT 2024","failed","Fri Dec 06 22:13:17 GMT 2024","","HYPERON-METTALOG-SANITY","HYPERON-METTALOG-SANITY",""
"","3","TYPES3.01","","Fri Dec 06 22:33:19 GMT 2024","passed","Fri Dec 06 22:33:19 GMT 2024","","METTA-MORPH-TESTS","METTA-MORPH-TESTS",""
"","2","LIMIT-TESTS.14","","Fri Dec 06 22:13:17 GMT 2024","passed","Fri Dec 06 22:13:17 GMT 2024","","HYPERON-METTALOG-SANITY","HYPERON-METTALOG-SANITY",""
"","7000","metta-morph_tests.supercollapse","","Fri Dec 06 22:09:04 GMT 2024","passed","Fri Dec 06 22:09:11 GMT 2024","","WHOLE-TESTS","WHOLE-TESTS",""
"","2","INTERSECTION-TESTS.09","","Fri Dec 06 22:13:17 GMT 2024","passed","Fri Dec 06 22:13:17 GMT 2024","","HYPERON-METTALOG-SANITY","HYPERON-METTALOG-SANITY",""
"","1","STRING-TESTS.16","","Fri Dec 06 22:13:17 GMT 2024","passed","Fri Dec 06 22:13:17 GMT 2024","","HYPERON-METTALOG-SANITY","HYPERON-METTALOG-SANITY",""
"","3","AUTO-COERCE.36","","Fri Dec 06 22:13:17 GMT 2024","passed","Fri Dec 06 22:13:17 GMT 2024","","HYPERON-METTALOG-SANITY","HYPERON-METTALOG-SANITY",""
"","2","FIND-ALL-TESTS.04","","Fri Dec 06 22:13:17 GMT 2024","passed","Fri Dec 06 22:13:17 GMT 2024","","HYPERON-METTALOG-SANITY","HYPERON-METTALOG-SANITY",""
"","5","INHERIT-OR-NOT-TESTS.01","","Fri Dec 06 22:13:17 GMT 2024","passed","Fri Dec 06 22:13:17 GMT 2024","","HYPERON-METTALOG-SANITY","HYPERON-METTALOG-SANITY",""
"","1","HYPERPOSE-TESTS.03","","Fri Dec 06 22:13:17 GMT 2024","passed","Fri Dec 06 22:13:17 GMT 2024","","HYPERON-METTALOG-SANITY","HYPERON-METTALOG-SANITY",""
"","2","EVAL-FOR-TESTS.08","","Fri Dec 06 22:13:17 GMT 2024","passed","Fri Dec 06 22:13:17 GMT 2024","","HYPERON-METTALOG-SANITY","HYPERON-METTALOG-SANITY",""
"","1","STRING-TESTS.13","","Fri Dec 06 22:13:17 GMT 2024","passed","Fri Dec 06 22:13:17 GMT 2024","","HYPERON-METTALOG-SANITY","HYPERON-METTALOG-SANITY",""
"","52","INDEX-MIN-FUNCTIONS-EXTRA-2.08","","Fri Dec 06 22:13:17 GMT 2024","failed","Fri Dec 06 22:13:17 GMT 2024","","HYPERON-METTALOG-SANITY","HYPERON-METTALOG-SANITY",""
"","3","PARTITIONING-ATOMSPACES-AND-PERFORMANCE-HE-774.03","","Fri Dec 06 22:13:17 GMT 2024","passed","Fri Dec 06 22:13:17 GMT 2024","","HYPERON-METTALOG-SANITY","HYPERON-METTALOG-SANITY",""
"","8000","metta-morph_tests.tests0","","Fri Dec 06 22:09:04 GMT 2024","passed","Fri Dec 06 22:09:12 GMT 2024","","WHOLE-TESTS","WHOLE-TESTS",""
"","1","IS-SPACE.02","","Fri Dec 06 22:13:17 GMT 2024","passed","Fri Dec 06 22:13:17 GMT 2024","","HYPERON-METTALOG-SANITY","HYPERON-METTALOG-SANITY",""
"","89","MATH-HYPHEN-FUNCTIONS.45","","Fri Dec 06 22:13:17 GMT 2024","failed","Fri Dec 06 22:13:17 GMT 2024","","HYPERON-METTALOG-SANITY","HYPERON-METTALOG-SANITY",""
"","2","INTERSECTION-TESTS.26","","Fri Dec 06 22:13:17 GMT 2024","passed","Fri Dec 06 22:13:17 GMT 2024","","HYPERON-METTALOG-SANITY","HYPERON-METTALOG-SANITY",""
"","55","D5-AUTO-TYPES.01","","Fri Dec 06 22:09:12 GMT 2024","failed","Fri Dec 06 22:09:12 GMT 2024","","HYPERON-EXPERIMENTAL-SCRIPTS","HYPERON-EXPERIMENTAL-SCRIPTS",""
"","4","COMPILE-TESTS.01","","Fri Dec 06 22:13:17 GMT 2024","passed","Fri Dec 06 22:13:17 GMT 2024","","HYPERON-METTALOG-SANITY","HYPERON-METTALOG-SANITY",""
"","46000","synth_buffer.time_synthesize_long","","Fri Dec 06 22:09:04 GMT 2024","failed","Fri Dec 06 22:09:50 GMT 2024","","WHOLE-TESTS","WHOLE-TESTS",""
"","3","SPACE-SUBTRACTION-TESTS.01","","Fri Dec 06 22:13:17 GMT 2024","passed","Fri Dec 06 22:13:17 GMT 2024","","HYPERON-METTALOG-SANITY","HYPERON-METTALOG-SANITY",""
"","39","MATH-HYPHEN-FUNCTIONS.44","","Fri Dec 06 22:13:17 GMT 2024","failed","Fri Dec 06 22:13:17 GMT 2024","","HYPERON-METTALOG-SANITY","HYPERON-METTALOG-SANITY",""
"","2","B2-BACKCHAIN.05","","Fri Dec 06 22:09:12 GMT 2024","passed","Fri Dec 06 22:09:12 GMT 2024","","HYPERON-EXPERIMENTAL-SCRIPTS","HYPERON-EXPERIMENTAL-SCRIPTS",""
"","136","G1-DOCS.02","","Fri Dec 06 22:09:12 GMT 2024","failed","Fri Dec 06 22:09:12 GMT 2024","","HYPERON-EXPERIMENTAL-SCRIPTS","HYPERON-EXPERIMENTAL-SCRIPTS",""
"","127","03-SORING-VIA-INSERT.01","","Fri Dec 06 22:13:17 GMT 2024","failed","Fri Dec 06 22:13:17 GMT 2024","","HYPERON-METTALOG-SANITY","HYPERON-METTALOG-SANITY",""
"","9","PARTITIONING-ATOMSPACES-AND-PERFORMANCE-HE-774.07","","Fri Dec 06 22:13:17 GMT 2024","failed","Fri Dec 06 22:13:17 GMT 2024","","HYPERON-METTALOG-SANITY","HYPERON-METTALOG-SANITY",""
"","2","TYPES2.03","","Fri Dec 06 22:33:19 GMT 2024","passed","Fri Dec 06 22:33:19 GMT 2024","","METTA-MORPH-TESTS","METTA-MORPH-TESTS",""
"","3","A3-TWOSIDE.01","","Fri Dec 06 22:09:12 GMT 2024","passed","Fri Dec 06 22:09:12 GMT 2024","","HYPERON-EXPERIMENTAL-SCRIPTS","HYPERON-EXPERIMENTAL-SCRIPTS",""
"","80","INDEX-MIN-FUNCTIONS-EXTRA-2.25","","Fri Dec 06 22:13:17 GMT 2024","failed","Fri Dec 06 22:13:17 GMT 2024","","HYPERON-METTALOG-SANITY","HYPERON-METTALOG-SANITY",""
"","2","MATCH-SUPERPOSED-SPACES.02","","Fri Dec 06 22:33:19 GMT 2024","passed","Fri Dec 06 22:33:19 GMT 2024","","METTA-MORPH-TESTS","METTA-MORPH-TESTS",""
"","2","LIMIT-TESTS.04","","Fri Dec 06 22:13:17 GMT 2024","passed","Fri Dec 06 22:13:17 GMT 2024","","HYPERON-METTALOG-SANITY","HYPERON-METTALOG-SANITY",""
"","67","EVAL-FOR-TESTS.02","","Fri Dec 06 22:13:17 GMT 2024","failed","Fri Dec 06 22:13:17 GMT 2024","","HYPERON-METTALOG-SANITY","HYPERON-METTALOG-SANITY",""
"","2","OR-TEST.12","","Fri Dec 06 22:13:17 GMT 2024","passed","Fri Dec 06 22:13:17 GMT 2024","","HYPERON-METTALOG-SANITY","HYPERON-METTALOG-SANITY",""
"","2","D1-GADT.08","","Fri Dec 06 22:09:12 GMT 2024","passed","Fri Dec 06 22:09:12 GMT 2024","","HYPERON-EXPERIMENTAL-SCRIPTS","HYPERON-EXPERIMENTAL-SCRIPTS",""
"","93","INDEX-MIN-FUNCTIONS-EXTRA-2.34","","Fri Dec 06 22:13:17 GMT 2024","failed","Fri Dec 06 22:13:17 GMT 2024","","HYPERON-METTALOG-SANITY","HYPERON-METTALOG-SANITY",""
"","2","PY-TYPES-2.02","","Fri Dec 06 22:13:17 GMT 2024","passed","Fri Dec 06 22:13:17 GMT 2024","","HYPERON-METTALOG-SANITY","HYPERON-METTALOG-SANITY",""
"","2","SEQUENTIAL-NESTED.06","","Fri Dec 06 22:33:19 GMT 2024","passed","Fri Dec 06 22:33:19 GMT 2024","","METTA-MORPH-TESTS","METTA-MORPH-TESTS",""
"","2","AUTO-COERCE.22","","Fri Dec 06 22:13:17 GMT 2024","passed","Fri Dec 06 22:13:17 GMT 2024","","HYPERON-METTALOG-SANITY","HYPERON-METTALOG-SANITY",""
"","50","INDEX-MIN-FUNCTIONS-EXTRA-1.47","","Fri Dec 06 22:13:17 GMT 2024","failed","Fri Dec 06 22:13:17 GMT 2024","","HYPERON-METTALOG-SANITY","HYPERON-METTALOG-SANITY",""
"","3","A1-SYMBOLS.03","","Fri Dec 06 22:09:12 GMT 2024","passed","Fri Dec 06 22:09:12 GMT 2024","","HYPERON-EXPERIMENTAL-SCRIPTS","HYPERON-EXPERIMENTAL-SCRIPTS",""
"","2","AUTO-COERCE.12","","Fri Dec 06 22:13:17 GMT 2024","passed","Fri Dec 06 22:13:17 GMT 2024","","HYPERON-METTALOG-SANITY","HYPERON-METTALOG-SANITY",""
"","1","XOR-TEST.07","","Fri Dec 06 22:13:17 GMT 2024","passed","Fri Dec 06 22:13:17 GMT 2024","","HYPERON-METTALOG-SANITY","HYPERON-METTALOG-SANITY",""
"","2","OR-TEST.04","","Fri Dec 06 22:13:17 GMT 2024","passed","Fri Dec 06 22:13:17 GMT 2024","","HYPERON-METTALOG-SANITY","HYPERON-METTALOG-SANITY",""
"","2","AUTO-COERCE.30","","Fri Dec 06 22:13:17 GMT 2024","passed","Fri Dec 06 22:13:17 GMT 2024","","HYPERON-METTALOG-SANITY","HYPERON-METTALOG-SANITY",""
"","2","03-SORING-VIA-INSERT.03","","Fri Dec 06 22:13:17 GMT 2024","passed","Fri Dec 06 22:13:17 GMT 2024","","HYPERON-METTALOG-SANITY","HYPERON-METTALOG-SANITY",""
"","331","G1-DOCS.01","","Fri Dec 06 22:09:12 GMT 2024","failed","Fri Dec 06 22:09:12 GMT 2024","","HYPERON-EXPERIMENTAL-SCRIPTS","HYPERON-EXPERIMENTAL-SCRIPTS",""
"","19","ARITY-TESTS.08","","Fri Dec 06 22:13:17 GMT 2024","failed","Fri Dec 06 22:13:17 GMT 2024","","HYPERON-METTALOG-SANITY","HYPERON-METTALOG-SANITY",""
"","2","F1-IMPORTS.09","","Fri Dec 06 22:09:12 GMT 2024","passed","Fri Dec 06 22:09:12 GMT 2024","","HYPERON-EXPERIMENTAL-SCRIPTS","HYPERON-EXPERIMENTAL-SCRIPTS",""
"","2","OR-TEST.15","","Fri Dec 06 22:13:17 GMT 2024","passed","Fri Dec 06 22:13:17 GMT 2024","","HYPERON-METTALOG-SANITY","HYPERON-METTALOG-SANITY",""
"","104","INDEX-MIN-FUNCTIONS-EXTRA-1.37","","Fri Dec 06 22:13:17 GMT 2024","failed","Fri Dec 06 22:13:17 GMT 2024","","HYPERON-METTALOG-SANITY","HYPERON-METTALOG-SANITY",""
"","1","INTERSECTION-TESTS.16","","Fri Dec 06 22:13:17 GMT 2024","passed","Fri Dec 06 22:13:17 GMT 2024","","HYPERON-METTALOG-SANITY","HYPERON-METTALOG-SANITY",""
"","116","CALL-CLEANUP-TESTS.04","","Fri Dec 06 22:13:17 GMT 2024","failed","Fri Dec 06 22:13:17 GMT 2024","","HYPERON-METTALOG-SANITY","HYPERON-METTALOG-SANITY",""
"","43000","hyperon-mettalog_sanity.py_types","","Fri Dec 06 22:09:04 GMT 2024","failed","Fri Dec 06 22:09:47 GMT 2024","","WHOLE-TESTS","WHOLE-TESTS",""
"","12","IDIOMATIC-NEGATION-AND-SET-DIFFERENCE-HE-805.02","","Fri Dec 06 22:13:17 GMT 2024","failed","Fri Dec 06 22:13:17 GMT 2024","","HYPERON-METTALOG-SANITY","HYPERON-METTALOG-SANITY",""
"","71","INDEX-MIN-FUNCTIONS-EXTRA-2.31","","Fri Dec 06 22:13:17 GMT 2024","failed","Fri Dec 06 22:13:17 GMT 2024","","HYPERON-METTALOG-SANITY","HYPERON-METTALOG-SANITY",""
"","2","SORTING-TESTS.14","","Fri Dec 06 22:13:17 GMT 2024","passed","Fri Dec 06 22:13:17 GMT 2024","","HYPERON-METTALOG-SANITY","HYPERON-METTALOG-SANITY",""
"","3","FUNCTIONAL-PROGRAMMING-TESTS.07","","Fri Dec 06 22:13:17 GMT 2024","passed","Fri Dec 06 22:13:17 GMT 2024","","HYPERON-METTALOG-SANITY","HYPERON-METTALOG-SANITY",""
"","1","QUOTING-SCOPING-HE-579.02","","Fri Dec 06 22:13:17 GMT 2024","passed","Fri Dec 06 22:13:17 GMT 2024","","HYPERON-METTALOG-SANITY","HYPERON-METTALOG-SANITY",""
"","2","D4-TYPE-PROP.02","","Fri Dec 06 22:09:12 GMT 2024","passed","Fri Dec 06 22:09:12 GMT 2024","","HYPERON-EXPERIMENTAL-SCRIPTS","HYPERON-EXPERIMENTAL-SCRIPTS",""
"","8000","hyperon-experimental_scripts.a2_opencoggy","","Fri Dec 06 22:09:04 GMT 2024","passed","Fri Dec 06 22:09:12 GMT 2024","","WHOLE-TESTS","WHOLE-TESTS",""
"","1","AUTO-COERCE.29","","Fri Dec 06 22:13:17 GMT 2024","passed","Fri Dec 06 22:13:17 GMT 2024","","HYPERON-METTALOG-SANITY","HYPERON-METTALOG-SANITY",""
"","1","DUPLICATION-SEMANTICS-HE-798.13","","Fri Dec 06 22:13:17 GMT 2024","passed","Fri Dec 06 22:13:17 GMT 2024","","HYPERON-METTALOG-SANITY","HYPERON-METTALOG-SANITY",""
"","2","FIND-ALL-TESTS.05","","Fri Dec 06 22:13:17 GMT 2024","passed","Fri Dec 06 22:13:17 GMT 2024","","HYPERON-METTALOG-SANITY","HYPERON-METTALOG-SANITY",""
"","3","UNIQUE-TEST.09","","Fri Dec 06 22:13:17 GMT 2024","passed","Fri Dec 06 22:13:17 GMT 2024","","HYPERON-METTALOG-SANITY","HYPERON-METTALOG-SANITY",""
"","2","INTERSECTION-TESTS.12","","Fri Dec 06 22:13:17 GMT 2024","passed","Fri Dec 06 22:13:17 GMT 2024","","HYPERON-METTALOG-SANITY","HYPERON-METTALOG-SANITY",""
"","78","BASE-TEST-REPR-PARSE-INTERSECTION.02","","Fri Dec 06 22:13:17 GMT 2024","passed","Fri Dec 06 22:13:17 GMT 2024","","HYPERON-METTALOG-SANITY","HYPERON-METTALOG-SANITY",""
"","41000","hyperon-mettalog_sanity.single_sided_matching_he_674","","Fri Dec 06 22:09:04 GMT 2024","failed","Fri Dec 06 22:09:45 GMT 2024","","WHOLE-TESTS","WHOLE-TESTS",""
"","51","MATH-HYPHEN-FUNCTIONS.35","","Fri Dec 06 22:13:17 GMT 2024","failed","Fri Dec 06 22:13:17 GMT 2024","","HYPERON-METTALOG-SANITY","HYPERON-METTALOG-SANITY",""
"","8000","hyperon-mettalog_sanity.inherit_or_not_tests","","Fri Dec 06 22:09:04 GMT 2024","passed","Fri Dec 06 22:09:12 GMT 2024","","WHOLE-TESTS","WHOLE-TESTS",""
"","15","INDEX-MIN-FUNCTIONS-EXTRA-1.31","","Fri Dec 06 22:13:17 GMT 2024","passed","Fri Dec 06 22:13:17 GMT 2024","","HYPERON-METTALOG-SANITY","HYPERON-METTALOG-SANITY",""
"","3","E1-KB-WRITE.01","","Fri Dec 06 22:09:12 GMT 2024","passed","Fri Dec 06 22:09:12 GMT 2024","","HYPERON-EXPERIMENTAL-SCRIPTS","HYPERON-EXPERIMENTAL-SCRIPTS",""
"","3","LAMBDA-ABSTRACTION-BC-HE-556.02","","Fri Dec 06 22:13:17 GMT 2024","passed","Fri Dec 06 22:13:17 GMT 2024","","HYPERON-METTALOG-SANITY","HYPERON-METTALOG-SANITY",""
"","2","D4-TYPE-PROP.07","","Fri Dec 06 22:09:12 GMT 2024","passed","Fri Dec 06 22:09:12 GMT 2024","","HYPERON-EXPERIMENTAL-SCRIPTS","HYPERON-EXPERIMENTAL-SCRIPTS",""
"","8000","hyperon-mettalog_sanity.partitioning_atomspaces_and_performance_he_774","","Fri Dec 06 22:09:04 GMT 2024","passed","Fri Dec 06 22:09:12 GMT 2024","","WHOLE-TESTS","WHOLE-TESTS",""
"","3","COLLAPSE.01","","Fri Dec 06 22:33:19 GMT 2024","passed","Fri Dec 06 22:33:19 GMT 2024","","METTA-MORPH-TESTS","METTA-MORPH-TESTS",""
"","14","E3-MATCH-STATES.06","","Fri Dec 06 22:09:12 GMT 2024","failed","Fri Dec 06 22:09:12 GMT 2024","","HYPERON-EXPERIMENTAL-SCRIPTS","HYPERON-EXPERIMENTAL-SCRIPTS",""
"","46","RUST-TESTS.09","","Fri Dec 06 22:13:17 GMT 2024","failed","Fri Dec 06 22:13:17 GMT 2024","","HYPERON-METTALOG-SANITY","HYPERON-METTALOG-SANITY",""
"","2","DUPLICATION-SEMANTICS-HE-798.14","","Fri Dec 06 22:13:17 GMT 2024","passed","Fri Dec 06 22:13:17 GMT 2024","","HYPERON-METTALOG-SANITY","HYPERON-METTALOG-SANITY",""
"","130","TUPLE-TYPE-CHECKING-HE-669.01","","Fri Dec 06 22:13:17 GMT 2024","failed","Fri Dec 06 22:13:17 GMT 2024","","HYPERON-METTALOG-SANITY","HYPERON-METTALOG-SANITY",""
"","8000","hyperon-mettalog_sanity.or_test","","Fri Dec 06 22:09:04 GMT 2024","passed","Fri Dec 06 22:09:12 GMT 2024","","WHOLE-TESTS","WHOLE-TESTS",""
"","2","F1-MODULEA.05","","Fri Dec 06 22:09:12 GMT 2024","passed","Fri Dec 06 22:09:12 GMT 2024","","HYPERON-EXPERIMENTAL-SCRIPTS","HYPERON-EXPERIMENTAL-SCRIPTS",""
"","1","HYPERPOSE.07","","Fri Dec 06 22:33:19 GMT 2024","passed","Fri Dec 06 22:33:19 GMT 2024","","METTA-MORPH-TESTS","METTA-MORPH-TESTS",""
"","2","UNBOUNDED-FREE-VARIABLES-HE-787.03","","Fri Dec 06 22:13:17 GMT 2024","passed","Fri Dec 06 22:13:17 GMT 2024","","HYPERON-METTALOG-SANITY","HYPERON-METTALOG-SANITY",""
"","1","B5-TYPES-PRELIM.12","","Fri Dec 06 22:09:12 GMT 2024","passed","Fri Dec 06 22:09:12 GMT 2024","","HYPERON-EXPERIMENTAL-SCRIPTS","HYPERON-EXPERIMENTAL-SCRIPTS",""
"","8000","synth_buffer.time_synthesize_short","","Fri Dec 06 22:09:04 GMT 2024","passed","Fri Dec 06 22:09:12 GMT 2024","","WHOLE-TESTS","WHOLE-TESTS",""
"","2","SORTING-TESTS.04","","Fri Dec 06 22:13:17 GMT 2024","passed","Fri Dec 06 22:13:17 GMT 2024","","HYPERON-METTALOG-SANITY","HYPERON-METTALOG-SANITY",""
"","1","INTERSECTION-TESTS.10","","Fri Dec 06 22:13:17 GMT 2024","passed","Fri Dec 06 22:13:17 GMT 2024","","HYPERON-METTALOG-SANITY","HYPERON-METTALOG-SANITY",""
"","135","MINIMAL-METTA-TESTS.32","","Fri Dec 06 22:13:17 GMT 2024","failed","Fri Dec 06 22:13:17 GMT 2024","","HYPERON-METTALOG-SANITY","HYPERON-METTALOG-SANITY",""
"","7000","hyperon-experimental_scripts.b0_chaining_prelim","","Fri Dec 06 22:09:04 GMT 2024","passed","Fri Dec 06 22:09:11 GMT 2024","","WHOLE-TESTS","WHOLE-TESTS",""
"","2","INDEX-MIN-FUNCTIONS-EXTRA-1.04","","Fri Dec 06 22:13:17 GMT 2024","passed","Fri Dec 06 22:13:17 GMT 2024","","HYPERON-METTALOG-SANITY","HYPERON-METTALOG-SANITY",""
"","41","INDEX-MIN-FUNCTIONS-EXTRA-1.44","","Fri Dec 06 22:13:17 GMT 2024","failed","Fri Dec 06 22:13:17 GMT 2024","","HYPERON-METTALOG-SANITY","HYPERON-METTALOG-SANITY",""
"","117","EVALUATION-CACHING-HE-553.01","","Fri Dec 06 22:13:17 GMT 2024","failed","Fri Dec 06 22:13:17 GMT 2024","","HYPERON-METTALOG-SANITY","HYPERON-METTALOG-SANITY",""
"","1","HYPERPOSE.08","","Fri Dec 06 22:33:19 GMT 2024","passed","Fri Dec 06 22:33:19 GMT 2024","","METTA-MORPH-TESTS","METTA-MORPH-TESTS",""
"","2","D4-TYPE-PROP.13","","Fri Dec 06 22:09:12 GMT 2024","passed","Fri Dec 06 22:09:12 GMT 2024","","HYPERON-EXPERIMENTAL-SCRIPTS","HYPERON-EXPERIMENTAL-SCRIPTS",""
"","2","D3-DEPTYPES.07","","Fri Dec 06 22:09:12 GMT 2024","passed","Fri Dec 06 22:09:12 GMT 2024","","HYPERON-EXPERIMENTAL-SCRIPTS","HYPERON-EXPERIMENTAL-SCRIPTS",""
"","1","INTERSECTION-TESTS.13","","Fri Dec 06 22:13:17 GMT 2024","passed","Fri Dec 06 22:13:17 GMT 2024","","HYPERON-METTALOG-SANITY","HYPERON-METTALOG-SANITY",""
"","2","EVAL-FOR-TESTS.11","","Fri Dec 06 22:13:17 GMT 2024","passed","Fri Dec 06 22:13:17 GMT 2024","","HYPERON-METTALOG-SANITY","HYPERON-METTALOG-SANITY",""
"","4","06-MATCH-IN-SPACE.01","","Fri Dec 06 22:13:17 GMT 2024","passed","Fri Dec 06 22:13:17 GMT 2024","","HYPERON-METTALOG-SANITY","HYPERON-METTALOG-SANITY",""
"","7000","hyperon-experimental_scripts.g1_docs","","Fri Dec 06 22:09:04 GMT 2024","passed","Fri Dec 06 22:09:11 GMT 2024","","WHOLE-TESTS","WHOLE-TESTS",""
"","8000","metta-morph_tests.zeroargs","","Fri Dec 06 22:09:04 GMT 2024","passed","Fri Dec 06 22:09:12 GMT 2024","","WHOLE-TESTS","WHOLE-TESTS",""
"","1","AUTO-COERCE.02","","Fri Dec 06 22:13:17 GMT 2024","passed","Fri Dec 06 22:13:17 GMT 2024","","HYPERON-METTALOG-SANITY","HYPERON-METTALOG-SANITY",""
"","3","OR-TEST.14","","Fri Dec 06 22:13:17 GMT 2024","passed","Fri Dec 06 22:13:17 GMT 2024","","HYPERON-METTALOG-SANITY","HYPERON-METTALOG-SANITY",""
"","284","G1-DOCS.03","","Fri Dec 06 22:09:12 GMT 2024","failed","Fri Dec 06 22:09:12 GMT 2024","","HYPERON-EXPERIMENTAL-SCRIPTS","HYPERON-EXPERIMENTAL-SCRIPTS",""
"","8000","metta-morph_tests.let_superpose_list","","Fri Dec 06 22:09:04 GMT 2024","passed","Fri Dec 06 22:09:12 GMT 2024","","WHOLE-TESTS","WHOLE-TESTS",""
"","8000","hyperon-mettalog_sanity.type_checking_symbol_he_673","","Fri Dec 06 22:09:04 GMT 2024","passed","Fri Dec 06 22:09:12 GMT 2024","","WHOLE-TESTS","WHOLE-TESTS",""
"","8000","hyperon-mettalog_sanity.sorting_tests_nats_mw","","Fri Dec 06 22:09:04 GMT 2024","passed","Fri Dec 06 22:09:12 GMT 2024","","WHOLE-TESTS","WHOLE-TESTS",""
"","2","SUPERCOLLAPSE.04","","Fri Dec 06 22:33:19 GMT 2024","passed","Fri Dec 06 22:33:19 GMT 2024","","METTA-MORPH-TESTS","METTA-MORPH-TESTS",""
"","2","CALL-TESTS.08","","Fri Dec 06 22:13:17 GMT 2024","passed","Fri Dec 06 22:13:17 GMT 2024","","HYPERON-METTALOG-SANITY","HYPERON-METTALOG-SANITY",""
"","1","CATCH-THROW-TESTS.08","","Fri Dec 06 22:13:17 GMT 2024","passed","Fri Dec 06 22:13:17 GMT 2024","","HYPERON-METTALOG-SANITY","HYPERON-METTALOG-SANITY",""
"","2","TESTS0.02","","Fri Dec 06 22:33:19 GMT 2024","passed","Fri Dec 06 22:33:19 GMT 2024","","METTA-MORPH-TESTS","METTA-MORPH-TESTS",""
"","4","B1-EQUAL-CHAIN.01","","Fri Dec 06 22:09:12 GMT 2024","passed","Fri Dec 06 22:09:12 GMT 2024","","HYPERON-EXPERIMENTAL-SCRIPTS","HYPERON-EXPERIMENTAL-SCRIPTS",""
"","2","D1-GADT.14","","Fri Dec 06 22:09:12 GMT 2024","passed","Fri Dec 06 22:09:12 GMT 2024","","HYPERON-EXPERIMENTAL-SCRIPTS","HYPERON-EXPERIMENTAL-SCRIPTS",""
"","42000","hyperon-mettalog_sanity.tuple_type_checking_he_669","","Fri Dec 06 22:09:04 GMT 2024","failed","Fri Dec 06 22:09:46 GMT 2024","","WHOLE-TESTS","WHOLE-TESTS",""
"","2","SORTING-TESTS.11","","Fri Dec 06 22:13:17 GMT 2024","passed","Fri Dec 06 22:13:17 GMT 2024","","HYPERON-METTALOG-SANITY","HYPERON-METTALOG-SANITY",""
"","2","00-LANG-CASE.06","","Fri Dec 06 22:13:17 GMT 2024","passed","Fri Dec 06 22:13:17 GMT 2024","","HYPERON-METTALOG-SANITY","HYPERON-METTALOG-SANITY",""
"","57","B5-TYPES-PRELIM.02","","Fri Dec 06 22:09:12 GMT 2024","failed","Fri Dec 06 22:09:12 GMT 2024","","HYPERON-EXPERIMENTAL-SCRIPTS","HYPERON-EXPERIMENTAL-SCRIPTS",""
"","2","INDEX-MIN-FUNCTIONS-EXTRA-2.18","","Fri Dec 06 22:13:17 GMT 2024","passed","Fri Dec 06 22:13:17 GMT 2024","","HYPERON-METTALOG-SANITY","HYPERON-METTALOG-SANITY",""
"","182","STATES-SPACES.06","","Fri Dec 06 22:33:19 GMT 2024","passed","Fri Dec 06 22:33:19 GMT 2024","","METTA-MORPH-TESTS","METTA-MORPH-TESTS",""
"","1","C2-SPACES.03","","Fri Dec 06 22:09:12 GMT 2024","passed","Fri Dec 06 22:09:12 GMT 2024","","HYPERON-EXPERIMENTAL-SCRIPTS","HYPERON-EXPERIMENTAL-SCRIPTS",""
"","1","CALL-CLEANUP-TESTS.08","","Fri Dec 06 22:13:17 GMT 2024","passed","Fri Dec 06 22:13:17 GMT 2024","","HYPERON-METTALOG-SANITY","HYPERON-METTALOG-SANITY",""
"","3","D2-HIGHERFUNC.15","","Fri Dec 06 22:09:12 GMT 2024","passed","Fri Dec 06 22:09:12 GMT 2024","","HYPERON-EXPERIMENTAL-SCRIPTS","HYPERON-EXPERIMENTAL-SCRIPTS",""
"","2","UNIQUE-TEST.07","","Fri Dec 06 22:13:17 GMT 2024","passed","Fri Dec 06 22:13:17 GMT 2024","","HYPERON-METTALOG-SANITY","HYPERON-METTALOG-SANITY",""
"","2","LIMIT-TESTS.17","","Fri Dec 06 22:13:17 GMT 2024","passed","Fri Dec 06 22:13:17 GMT 2024","","HYPERON-METTALOG-SANITY","HYPERON-METTALOG-SANITY",""
"","2","D4-TYPE-PROP.10","","Fri Dec 06 22:09:12 GMT 2024","passed","Fri Dec 06 22:09:12 GMT 2024","","HYPERON-EXPERIMENTAL-SCRIPTS","HYPERON-EXPERIMENTAL-SCRIPTS",""
"","13","D2-HIGHERFUNC.07","","Fri Dec 06 22:09:12 GMT 2024","passed","Fri Dec 06 22:09:12 GMT 2024","","HYPERON-EXPERIMENTAL-SCRIPTS","HYPERON-EXPERIMENTAL-SCRIPTS",""
"","1","METTA-THE-FUNCTION.03","","Fri Dec 06 22:13:17 GMT 2024","passed","Fri Dec 06 22:13:17 GMT 2024","","HYPERON-METTALOG-SANITY","HYPERON-METTALOG-SANITY",""
"","45","MATH-HYPHEN-FUNCTIONS.38","","Fri Dec 06 22:13:17 GMT 2024","failed","Fri Dec 06 22:13:17 GMT 2024","","HYPERON-METTALOG-SANITY","HYPERON-METTALOG-SANITY",""
"","3","INDEX-MIN-FUNCTIONS-EXTRA-1.40","","Fri Dec 06 22:13:17 GMT 2024","passed","Fri Dec 06 22:13:17 GMT 2024","","HYPERON-METTALOG-SANITY","HYPERON-METTALOG-SANITY",""
"","1","OUTPUT-LOAD-TESTS.14","","Fri Dec 06 22:13:17 GMT 2024","passed","Fri Dec 06 22:13:17 GMT 2024","","HYPERON-METTALOG-SANITY","HYPERON-METTALOG-SANITY",""
"","8000","hyperon-mettalog_sanity.structure-tests","","Fri Dec 06 22:09:04 GMT 2024","passed","Fri Dec 06 22:09:12 GMT 2024","","WHOLE-TESTS","WHOLE-TESTS",""
"","6","INDEX-MIN-FUNCTIONS-EXTRA-1.49","","Fri Dec 06 22:13:17 GMT 2024","passed","Fri Dec 06 22:13:17 GMT 2024","","HYPERON-METTALOG-SANITY","HYPERON-METTALOG-SANITY",""
"","4","DUPLICATION-SEMANTICS-HE-798.01","","Fri Dec 06 22:13:17 GMT 2024","passed","Fri Dec 06 22:13:17 GMT 2024","","HYPERON-METTALOG-SANITY","HYPERON-METTALOG-SANITY",""
"","111","RECURSIVE-TUPLE-LIST-BENCHMARK-HE-394.01","","Fri Dec 06 22:13:17 GMT 2024","failed","Fri Dec 06 22:13:17 GMT 2024","","HYPERON-METTALOG-SANITY","HYPERON-METTALOG-SANITY",""
"","73","E2-STATES.07","","Fri Dec 06 22:09:12 GMT 2024","failed","Fri Dec 06 22:09:12 GMT 2024","","HYPERON-EXPERIMENTAL-SCRIPTS","HYPERON-EXPERIMENTAL-SCRIPTS",""
"","3","SUPERCOLLAPSE.06","","Fri Dec 06 22:33:19 GMT 2024","passed","Fri Dec 06 22:33:19 GMT 2024","","METTA-MORPH-TESTS","METTA-MORPH-TESTS",""
"","5","INDEX-MIN-FUNCTIONS-EXTRA-2.41","","Fri Dec 06 22:13:17 GMT 2024","passed","Fri Dec 06 22:13:17 GMT 2024","","HYPERON-METTALOG-SANITY","HYPERON-METTALOG-SANITY",""
"","60","MINIMAL-METTA-TESTS.09","","Fri Dec 06 22:13:17 GMT 2024","passed","Fri Dec 06 22:13:17 GMT 2024","","HYPERON-METTALOG-SANITY","HYPERON-METTALOG-SANITY",""
"","186","RECURSIVE-TUPLE-LIST-PERF-HE-394.03","","Fri Dec 06 22:13:17 GMT 2024","failed","Fri Dec 06 22:13:17 GMT 2024","","HYPERON-METTALOG-SANITY","HYPERON-METTALOG-SANITY",""
"","8000","hyperon-mettalog_sanity.first_answer_long","","Fri Dec 06 22:09:04 GMT 2024","passed","Fri Dec 06 22:09:12 GMT 2024","","WHOLE-TESTS","WHOLE-TESTS",""
"","2","SORTING-TESTS.16","","Fri Dec 06 22:13:17 GMT 2024","passed","Fri Dec 06 22:13:17 GMT 2024","","HYPERON-METTALOG-SANITY","HYPERON-METTALOG-SANITY",""
"","10","00-LANG-CASE.11","","Fri Dec 06 22:13:17 GMT 2024","passed","Fri Dec 06 22:13:17 GMT 2024","","HYPERON-METTALOG-SANITY","HYPERON-METTALOG-SANITY",""
"","11","ARITY-TESTS.03","","Fri Dec 06 22:13:17 GMT 2024","failed","Fri Dec 06 22:13:17 GMT 2024","","HYPERON-METTALOG-SANITY","HYPERON-METTALOG-SANITY",""
"","2","DUPLICATION-SEMANTICS-HE-798.08","","Fri Dec 06 22:13:17 GMT 2024","passed","Fri Dec 06 22:13:17 GMT 2024","","HYPERON-METTALOG-SANITY","HYPERON-METTALOG-SANITY",""
"","64","INDEX-MIN-FUNCTIONS-EXTRA-1.10","","Fri Dec 06 22:13:17 GMT 2024","failed","Fri Dec 06 22:13:17 GMT 2024","","HYPERON-METTALOG-SANITY","HYPERON-METTALOG-SANITY",""
"","2","OR-TEST.08","","Fri Dec 06 22:13:17 GMT 2024","passed","Fri Dec 06 22:13:17 GMT 2024","","HYPERON-METTALOG-SANITY","HYPERON-METTALOG-SANITY",""
"","48","MATH-HYPHEN-FUNCTIONS.14","","Fri Dec 06 22:13:17 GMT 2024","failed","Fri Dec 06 22:13:17 GMT 2024","","HYPERON-METTALOG-SANITY","HYPERON-METTALOG-SANITY",""
"","1","HYPERPOSE.06","","Fri Dec 06 22:33:19 GMT 2024","passed","Fri Dec 06 22:33:19 GMT 2024","","METTA-MORPH-TESTS","METTA-MORPH-TESTS",""
"","8000","hyperon-mettalog_sanity.find_all_tests_mw","","Fri Dec 06 22:09:04 GMT 2024","passed","Fri Dec 06 22:09:12 GMT 2024","","WHOLE-TESTS","WHOLE-TESTS",""
"","2","INTERSECTION-TESTS.15","","Fri Dec 06 22:13:17 GMT 2024","passed","Fri Dec 06 22:13:17 GMT 2024","","HYPERON-METTALOG-SANITY","HYPERON-METTALOG-SANITY",""
"","3","UNBOUNDED-FREE-VARIABLES-HE-787.01","","Fri Dec 06 22:13:17 GMT 2024","passed","Fri Dec 06 22:13:17 GMT 2024","","HYPERON-METTALOG-SANITY","HYPERON-METTALOG-SANITY",""
"","48","B5-TYPES-PRELIM.14","","Fri Dec 06 22:09:12 GMT 2024","failed","Fri Dec 06 22:09:12 GMT 2024","","HYPERON-EXPERIMENTAL-SCRIPTS","HYPERON-EXPERIMENTAL-SCRIPTS",""
"","8000","metta-morph_tests.add_atom_match","","Fri Dec 06 22:09:04 GMT 2024","passed","Fri Dec 06 22:09:12 GMT 2024","","WHOLE-TESTS","WHOLE-TESTS",""
"","4","00-LANG-CASE.01","","Fri Dec 06 22:13:17 GMT 2024","passed","Fri Dec 06 22:13:17 GMT 2024","","HYPERON-METTALOG-SANITY","HYPERON-METTALOG-SANITY",""
"","2","LIMIT-TESTS.07","","Fri Dec 06 22:13:17 GMT 2024","passed","Fri Dec 06 22:13:17 GMT 2024","","HYPERON-METTALOG-SANITY","HYPERON-METTALOG-SANITY",""
"","2","D1-GADT.12","","Fri Dec 06 22:09:12 GMT 2024","passed","Fri Dec 06 22:09:12 GMT 2024","","HYPERON-EXPERIMENTAL-SCRIPTS","HYPERON-EXPERIMENTAL-SCRIPTS",""
"","47","MATH-HYPHEN-FUNCTIONS.08","","Fri Dec 06 22:13:17 GMT 2024","failed","Fri Dec 06 22:13:17 GMT 2024","","HYPERON-METTALOG-SANITY","HYPERON-METTALOG-SANITY",""
"","75","INDEX-MIN-FUNCTIONS-EXTRA-1.58","","Fri Dec 06 22:13:17 GMT 2024","failed","Fri Dec 06 22:13:17 GMT 2024","","HYPERON-METTALOG-SANITY","HYPERON-METTALOG-SANITY",""
"","72","INDEX-MIN-FUNCTIONS-EXTRA-2.24","","Fri Dec 06 22:13:17 GMT 2024","failed","Fri Dec 06 22:13:17 GMT 2024","","HYPERON-METTALOG-SANITY","HYPERON-METTALOG-SANITY",""
"","3","03-SORING-VIA-INSERT.05","","Fri Dec 06 22:13:17 GMT 2024","passed","Fri Dec 06 22:13:17 GMT 2024","","HYPERON-METTALOG-SANITY","HYPERON-METTALOG-SANITY",""
"","4","DIFFEREN-ARITIES-ARE-FINE-HE-603.01","","Fri Dec 06 22:13:17 GMT 2024","passed","Fri Dec 06 22:13:17 GMT 2024","","HYPERON-METTALOG-SANITY","HYPERON-METTALOG-SANITY",""
"","1","SPACE-SUBTRACTION-TESTS.02","","Fri Dec 06 22:13:17 GMT 2024","passed","Fri Dec 06 22:13:17 GMT 2024","","HYPERON-METTALOG-SANITY","HYPERON-METTALOG-SANITY",""
"","8000","hyperon-mettalog_sanity.duplication_semantics_he_798","","Fri Dec 06 22:09:04 GMT 2024","passed","Fri Dec 06 22:09:12 GMT 2024","","WHOLE-TESTS","WHOLE-TESTS",""
"","2","OR-TEST.10","","Fri Dec 06 22:13:17 GMT 2024","passed","Fri Dec 06 22:13:17 GMT 2024","","HYPERON-METTALOG-SANITY","HYPERON-METTALOG-SANITY",""
"","2","RUST-TESTS.07","","Fri Dec 06 22:13:17 GMT 2024","passed","Fri Dec 06 22:13:17 GMT 2024","","HYPERON-METTALOG-SANITY","HYPERON-METTALOG-SANITY",""
"","1","INDEX-MIN-FUNCTIONS-EXTRA-1.54","","Fri Dec 06 22:13:17 GMT 2024","passed","Fri Dec 06 22:13:17 GMT 2024","","HYPERON-METTALOG-SANITY","HYPERON-METTALOG-SANITY",""
"","2","DUPLICATION-SEMANTICS-HE-798.07","","Fri Dec 06 22:13:17 GMT 2024","passed","Fri Dec 06 22:13:17 GMT 2024","","HYPERON-METTALOG-SANITY","HYPERON-METTALOG-SANITY",""
"","3","OR-TEST.07","","Fri Dec 06 22:13:17 GMT 2024","passed","Fri Dec 06 22:13:17 GMT 2024","","HYPERON-METTALOG-SANITY","HYPERON-METTALOG-SANITY",""
"","44000","hyperon-mettalog_sanity.evaluation_caching_he_553","","Fri Dec 06 22:09:04 GMT 2024","failed","Fri Dec 06 22:09:48 GMT 2024","","WHOLE-TESTS","WHOLE-TESTS",""
"","88","INDEX-MIN-FUNCTIONS-EXTRA-2.15","","Fri Dec 06 22:13:17 GMT 2024","failed","Fri Dec 06 22:13:17 GMT 2024","","HYPERON-METTALOG-SANITY","HYPERON-METTALOG-SANITY",""
"","136","NON-DETERMINISTIC-FUNCTIONS-HE-744.03","","Fri Dec 06 22:13:17 GMT 2024","failed","Fri Dec 06 22:13:17 GMT 2024","","HYPERON-METTALOG-SANITY","HYPERON-METTALOG-SANITY",""
"","75","INDEX-MIN-FUNCTIONS-EXTRA-1.61","","Fri Dec 06 22:13:17 GMT 2024","failed","Fri Dec 06 22:13:17 GMT 2024","","HYPERON-METTALOG-SANITY","HYPERON-METTALOG-SANITY",""
"","4","UNIQUE-TEST.13","","Fri Dec 06 22:13:17 GMT 2024","passed","Fri Dec 06 22:13:17 GMT 2024","","HYPERON-METTALOG-SANITY","HYPERON-METTALOG-SANITY",""
"","7000","hyperon-mettalog_sanity.subtraction_test","","Fri Dec 06 22:09:04 GMT 2024","passed","Fri Dec 06 22:09:11 GMT 2024","","WHOLE-TESTS","WHOLE-TESTS",""
"","3","STRING-TESTS.11","","Fri Dec 06 22:13:17 GMT 2024","passed","Fri Dec 06 22:13:17 GMT 2024","","HYPERON-METTALOG-SANITY","HYPERON-METTALOG-SANITY",""
"","2","B1-EQUAL-CHAIN.02","","Fri Dec 06 22:09:12 GMT 2024","passed","Fri Dec 06 22:09:12 GMT 2024","","HYPERON-EXPERIMENTAL-SCRIPTS","HYPERON-EXPERIMENTAL-SCRIPTS",""
"","2","CATCH-THROW-TESTS.04","","Fri Dec 06 22:13:17 GMT 2024","passed","Fri Dec 06 22:13:17 GMT 2024","","HYPERON-METTALOG-SANITY","HYPERON-METTALOG-SANITY",""
"","16","MINIMAL-METTA-TESTS.10","","Fri Dec 06 22:13:17 GMT 2024","failed","Fri Dec 06 22:13:17 GMT 2024","","HYPERON-METTALOG-SANITY","HYPERON-METTALOG-SANITY",""
"","1","SEQUENTIAL-NESTED.04","","Fri Dec 06 22:33:19 GMT 2024","passed","Fri Dec 06 22:33:19 GMT 2024","","METTA-MORPH-TESTS","METTA-MORPH-TESTS",""
"","85","INTERSECTION-TESTS.06","","Fri Dec 06 22:13:17 GMT 2024","passed","Fri Dec 06 22:13:17 GMT 2024","","HYPERON-METTALOG-SANITY","HYPERON-METTALOG-SANITY",""
"","2","XOR-TEST.02","","Fri Dec 06 22:13:17 GMT 2024","passed","Fri Dec 06 22:13:17 GMT 2024","","HYPERON-METTALOG-SANITY","HYPERON-METTALOG-SANITY",""
"","3","B1-EQUAL-CHAIN.03","","Fri Dec 06 22:09:12 GMT 2024","passed","Fri Dec 06 22:09:12 GMT 2024","","HYPERON-EXPERIMENTAL-SCRIPTS","HYPERON-EXPERIMENTAL-SCRIPTS",""
"","2","MINIMAL-METTA-TESTS.39","","Fri Dec 06 22:13:17 GMT 2024","passed","Fri Dec 06 22:13:17 GMT 2024","","HYPERON-METTALOG-SANITY","HYPERON-METTALOG-SANITY",""
"","2","A3-TWOSIDE.02","","Fri Dec 06 22:09:12 GMT 2024","passed","Fri Dec 06 22:09:12 GMT 2024","","HYPERON-EXPERIMENTAL-SCRIPTS","HYPERON-EXPERIMENTAL-SCRIPTS",""
"","113","MATH-HYPHEN-FUNCTIONS.02","","Fri Dec 06 22:13:17 GMT 2024","failed","Fri Dec 06 22:13:17 GMT 2024","","HYPERON-METTALOG-SANITY","HYPERON-METTALOG-SANITY",""
"","1","FIND-ALL-TESTS.02","","Fri Dec 06 22:13:17 GMT 2024","passed","Fri Dec 06 22:13:17 GMT 2024","","HYPERON-METTALOG-SANITY","HYPERON-METTALOG-SANITY",""
"","9000","hyperon-mettalog_sanity.index_min_functions_extra_2","","Fri Dec 06 22:09:04 GMT 2024","passed","Fri Dec 06 22:09:13 GMT 2024","","WHOLE-TESTS","WHOLE-TESTS",""
"","3","INTERSECTION-TESTS.27","","Fri Dec 06 22:13:17 GMT 2024","passed","Fri Dec 06 22:13:17 GMT 2024","","HYPERON-METTALOG-SANITY","HYPERON-METTALOG-SANITY",""
"","2","03-SORING-VIA-INSERT.06","","Fri Dec 06 22:13:17 GMT 2024","passed","Fri Dec 06 22:13:17 GMT 2024","","HYPERON-METTALOG-SANITY","HYPERON-METTALOG-SANITY",""
"","8000","metta-morph_tests.let_superpose_if_case","","Fri Dec 06 22:09:04 GMT 2024","passed","Fri Dec 06 22:09:12 GMT 2024","","WHOLE-TESTS","WHOLE-TESTS",""
"","1","DUPLICATION-SEMANTICS-HE-798.15","","Fri Dec 06 22:13:17 GMT 2024","passed","Fri Dec 06 22:13:17 GMT 2024","","HYPERON-METTALOG-SANITY","HYPERON-METTALOG-SANITY",""
"","3","MINIMAL-METTA-TESTS.47","","Fri Dec 06 22:13:17 GMT 2024","passed","Fri Dec 06 22:13:17 GMT 2024","","HYPERON-METTALOG-SANITY","HYPERON-METTALOG-SANITY",""
"","3","STRING-TESTS.01","","Fri Dec 06 22:13:17 GMT 2024","passed","Fri Dec 06 22:13:17 GMT 2024","","HYPERON-METTALOG-SANITY","HYPERON-METTALOG-SANITY",""
"","14","MINIMAL-METTA-TESTS.13","","Fri Dec 06 22:13:17 GMT 2024","failed","Fri Dec 06 22:13:17 GMT 2024","","HYPERON-METTALOG-SANITY","HYPERON-METTALOG-SANITY",""
"","1","INDEX-MIN-FUNCTIONS-EXTRA-1.52","","Fri Dec 06 22:13:17 GMT 2024","passed","Fri Dec 06 22:13:17 GMT 2024","","HYPERON-METTALOG-SANITY","HYPERON-METTALOG-SANITY",""
"","7000","metta-morph_tests.superpose_nested","","Fri Dec 06 22:09:04 GMT 2024","passed","Fri Dec 06 22:09:11 GMT 2024","","WHOLE-TESTS","WHOLE-TESTS",""
"","1","DUPLICATION-SEMANTICS-HE-798.03","","Fri Dec 06 22:13:17 GMT 2024","passed","Fri Dec 06 22:13:17 GMT 2024","","HYPERON-METTALOG-SANITY","HYPERON-METTALOG-SANITY",""
"","7000","hyperon-mettalog_sanity.type_filtering_tests","","Fri Dec 06 22:09:04 GMT 2024","passed","Fri Dec 06 22:09:11 GMT 2024","","WHOLE-TESTS","WHOLE-TESTS",""
"","237","INDEX-MIN-FUNCTIONS-EXTRA-2.32","","Fri Dec 06 22:13:17 GMT 2024","failed","Fri Dec 06 22:13:17 GMT 2024","","HYPERON-METTALOG-SANITY","HYPERON-METTALOG-SANITY",""
"","2","UNIQUE-TEST.08","","Fri Dec 06 22:13:17 GMT 2024","passed","Fri Dec 06 22:13:17 GMT 2024","","HYPERON-METTALOG-SANITY","HYPERON-METTALOG-SANITY",""
"","2","OUTPUT-LOAD-TESTS.05","","Fri Dec 06 22:13:17 GMT 2024","passed","Fri Dec 06 22:13:17 GMT 2024","","HYPERON-METTALOG-SANITY","HYPERON-METTALOG-SANITY",""
"","132872","MATCH-SUPERPOSED-SPACES.03","","Fri Dec 06 22:33:19 GMT 2024","failed","Fri Dec 06 22:35:31 GMT 2024","","METTA-MORPH-TESTS","METTA-MORPH-TESTS",""
"","15","MINNARS.01","","Fri Dec 06 22:33:19 GMT 2024","failed","Fri Dec 06 22:33:19 GMT 2024","","METTA-MORPH-TESTS","METTA-MORPH-TESTS",""
"","4","LET-SUPERPOSE-LIST.01","","Fri Dec 06 22:33:19 GMT 2024","passed","Fri Dec 06 22:33:19 GMT 2024","","METTA-MORPH-TESTS","METTA-MORPH-TESTS",""
"","4","FIND-ALL-TESTS.01","","Fri Dec 06 22:13:17 GMT 2024","passed","Fri Dec 06 22:13:17 GMT 2024","","HYPERON-METTALOG-SANITY","HYPERON-METTALOG-SANITY",""
"","1","B3-DIRECT.02","","Fri Dec 06 22:09:12 GMT 2024","passed","Fri Dec 06 22:09:12 GMT 2024","","HYPERON-EXPERIMENTAL-SCRIPTS","HYPERON-EXPERIMENTAL-SCRIPTS",""
"","2","D4-TYPE-PROP.06","","Fri Dec 06 22:09:12 GMT 2024","passed","Fri Dec 06 22:09:12 GMT 2024","","HYPERON-EXPERIMENTAL-SCRIPTS","HYPERON-EXPERIMENTAL-SCRIPTS",""
"","1","E3-MATCH-STATES.02","","Fri Dec 06 22:09:12 GMT 2024","passed","Fri Dec 06 22:09:12 GMT 2024","","HYPERON-EXPERIMENTAL-SCRIPTS","HYPERON-EXPERIMENTAL-SCRIPTS",""
"","53","AUTO-COERCE.37","","Fri Dec 06 22:13:17 GMT 2024","failed","Fri Dec 06 22:13:17 GMT 2024","","HYPERON-METTALOG-SANITY","HYPERON-METTALOG-SANITY",""
"","43","TUPLE-TYPE-CHECKING-HE-669.03","","Fri Dec 06 22:13:17 GMT 2024","failed","Fri Dec 06 22:13:17 GMT 2024","","HYPERON-METTALOG-SANITY","HYPERON-METTALOG-SANITY",""
"","42000","hyperon-mettalog_sanity.index_min_functions_extra_3","","Fri Dec 06 22:09:04 GMT 2024","failed","Fri Dec 06 22:09:46 GMT 2024","","WHOLE-TESTS","WHOLE-TESTS",""
"","2","01-LANG-INC.02","","Fri Dec 06 22:13:17 GMT 2024","passed","Fri Dec 06 22:13:17 GMT 2024","","HYPERON-METTALOG-SANITY","HYPERON-METTALOG-SANITY",""
"","2","D2-HIGHERFUNC.12","","Fri Dec 06 22:09:12 GMT 2024","passed","Fri Dec 06 22:09:12 GMT 2024","","HYPERON-EXPERIMENTAL-SCRIPTS","HYPERON-EXPERIMENTAL-SCRIPTS",""
"","3","EVAL-FOR-TESTS.03","","Fri Dec 06 22:13:17 GMT 2024","passed","Fri Dec 06 22:13:17 GMT 2024","","HYPERON-METTALOG-SANITY","HYPERON-METTALOG-SANITY",""
"","105","TYPE-CHECKING-SYMBOL-HE-673.08","","Fri Dec 06 22:13:17 GMT 2024","failed","Fri Dec 06 22:13:17 GMT 2024","","HYPERON-METTALOG-SANITY","HYPERON-METTALOG-SANITY",""
"","71","MINIMAL-METTA-TESTS.14","","Fri Dec 06 22:13:17 GMT 2024","passed","Fri Dec 06 22:13:17 GMT 2024","","HYPERON-METTALOG-SANITY","HYPERON-METTALOG-SANITY",""
"","4","AUTO-COERCE.01","","Fri Dec 06 22:13:17 GMT 2024","passed","Fri Dec 06 22:13:17 GMT 2024","","HYPERON-METTALOG-SANITY","HYPERON-METTALOG-SANITY",""
"","8000","hyperon-mettalog_sanity.sequential_tests","","Fri Dec 06 22:09:04 GMT 2024","passed","Fri Dec 06 22:09:12 GMT 2024","","WHOLE-TESTS","WHOLE-TESTS",""
"","8000","hyperon-mettalog_sanity.flip_test","","Fri Dec 06 22:09:04 GMT 2024","passed","Fri Dec 06 22:09:12 GMT 2024","","WHOLE-TESTS","WHOLE-TESTS",""
"","2","E2-STATES.05","","Fri Dec 06 22:09:12 GMT 2024","passed","Fri Dec 06 22:09:12 GMT 2024","","HYPERON-EXPERIMENTAL-SCRIPTS","HYPERON-EXPERIMENTAL-SCRIPTS",""
"","2","D4-TYPE-PROP.04","","Fri Dec 06 22:09:12 GMT 2024","passed","Fri Dec 06 22:09:12 GMT 2024","","HYPERON-EXPERIMENTAL-SCRIPTS","HYPERON-EXPERIMENTAL-SCRIPTS",""
"","2","AUTO-COERCE.17","","Fri Dec 06 22:13:17 GMT 2024","passed","Fri Dec 06 22:13:17 GMT 2024","","HYPERON-METTALOG-SANITY","HYPERON-METTALOG-SANITY",""
"","89","MINIMAL-METTA-TESTS.18","","Fri Dec 06 22:13:17 GMT 2024","failed","Fri Dec 06 22:13:17 GMT 2024","","HYPERON-METTALOG-SANITY","HYPERON-METTALOG-SANITY",""
"","56","D1-GADT.03","","Fri Dec 06 22:09:12 GMT 2024","failed","Fri Dec 06 22:09:12 GMT 2024","","HYPERON-EXPERIMENTAL-SCRIPTS","HYPERON-EXPERIMENTAL-SCRIPTS",""
"","86","MATH-HYPHEN-FUNCTIONS.33","","Fri Dec 06 22:13:17 GMT 2024","failed","Fri Dec 06 22:13:17 GMT 2024","","HYPERON-METTALOG-SANITY","HYPERON-METTALOG-SANITY",""
"","8000","hyperon-mettalog_sanity.differen_arities_are_fine_he_603","","Fri Dec 06 22:09:04 GMT 2024","passed","Fri Dec 06 22:09:12 GMT 2024","","WHOLE-TESTS","WHOLE-TESTS",""
"","68","INDEX-MIN-FUNCTIONS-EXTRA-1.33","","Fri Dec 06 22:13:17 GMT 2024","failed","Fri Dec 06 22:13:17 GMT 2024","","HYPERON-METTALOG-SANITY","HYPERON-METTALOG-SANITY",""
"","4","PARTITIONING-ATOMSPACES-AND-PERFORMANCE-HE-774.01","","Fri Dec 06 22:13:17 GMT 2024","passed","Fri Dec 06 22:13:17 GMT 2024","","HYPERON-METTALOG-SANITY","HYPERON-METTALOG-SANITY",""
"","1","00-LANG-CASE.04","","Fri Dec 06 22:13:17 GMT 2024","passed","Fri Dec 06 22:13:17 GMT 2024","","HYPERON-METTALOG-SANITY","HYPERON-METTALOG-SANITY",""
"","5","DUPLICATION-SEMANTICS-HE-798.06","","Fri Dec 06 22:13:17 GMT 2024","passed","Fri Dec 06 22:13:17 GMT 2024","","HYPERON-METTALOG-SANITY","HYPERON-METTALOG-SANITY",""
"","2","OUTPUT-LOAD-TESTS.03","","Fri Dec 06 22:13:17 GMT 2024","passed","Fri Dec 06 22:13:17 GMT 2024","","HYPERON-METTALOG-SANITY","HYPERON-METTALOG-SANITY",""
"","119","MINIMAL-METTA-TESTS.33","","Fri Dec 06 22:13:17 GMT 2024","failed","Fri Dec 06 22:13:17 GMT 2024","","HYPERON-METTALOG-SANITY","HYPERON-METTALOG-SANITY",""
"","45","AUTO-COERCE.44","","Fri Dec 06 22:13:17 GMT 2024","failed","Fri Dec 06 22:13:17 GMT 2024","","HYPERON-METTALOG-SANITY","HYPERON-METTALOG-SANITY",""
"","2","B2-BACKCHAIN.03","","Fri Dec 06 22:09:12 GMT 2024","passed","Fri Dec 06 22:09:12 GMT 2024","","HYPERON-EXPERIMENTAL-SCRIPTS","HYPERON-EXPERIMENTAL-SCRIPTS",""
"","1","INTERSECTION-TESTS.20","","Fri Dec 06 22:13:17 GMT 2024","passed","Fri Dec 06 22:13:17 GMT 2024","","HYPERON-METTALOG-SANITY","HYPERON-METTALOG-SANITY",""
"","2","B4-NONDETERM.08","","Fri Dec 06 22:09:12 GMT 2024","passed","Fri Dec 06 22:09:12 GMT 2024","","HYPERON-EXPERIMENTAL-SCRIPTS","HYPERON-EXPERIMENTAL-SCRIPTS",""
"","7000","metta-morph_tests.peano","","Fri Dec 06 22:09:04 GMT 2024","passed","Fri Dec 06 22:09:11 GMT 2024","","WHOLE-TESTS","WHOLE-TESTS",""
"","18","INDEX-MIN-FUNCTIONS-EXTRA-2.38","","Fri Dec 06 22:13:17 GMT 2024","failed","Fri Dec 06 22:13:17 GMT 2024","","HYPERON-METTALOG-SANITY","HYPERON-METTALOG-SANITY",""
"","2","D2-HIGHERFUNC.03","","Fri Dec 06 22:09:12 GMT 2024","passed","Fri Dec 06 22:09:12 GMT 2024","","HYPERON-EXPERIMENTAL-SCRIPTS","HYPERON-EXPERIMENTAL-SCRIPTS",""
"","3","FUNCTIONAL-PROGRAMMING-TESTS.01","","Fri Dec 06 22:13:17 GMT 2024","passed","Fri Dec 06 22:13:17 GMT 2024","","HYPERON-METTALOG-SANITY","HYPERON-METTALOG-SANITY",""
"","47","RUST-TESTS.02","","Fri Dec 06 22:13:17 GMT 2024","failed","Fri Dec 06 22:13:17 GMT 2024","","HYPERON-METTALOG-SANITY","HYPERON-METTALOG-SANITY",""
"","8000","hyperon-mettalog_sanity.car_atom_bug_he_621","","Fri Dec 06 22:09:04 GMT 2024","passed","Fri Dec 06 22:09:12 GMT 2024","","WHOLE-TESTS","WHOLE-TESTS",""
"","1","IS-SPACE.03","","Fri Dec 06 22:13:17 GMT 2024","passed","Fri Dec 06 22:13:17 GMT 2024","","HYPERON-METTALOG-SANITY","HYPERON-METTALOG-SANITY",""
"","19","IDIOMATIC-NEGATION-AND-SET-DIFFERENCE-HE-805.01","","Fri Dec 06 22:13:17 GMT 2024","failed","Fri Dec 06 22:13:17 GMT 2024","","HYPERON-METTALOG-SANITY","HYPERON-METTALOG-SANITY",""
"","42000","metta-morph_tests.states_spaces","","Fri Dec 06 22:09:04 GMT 2024","failed","Fri Dec 06 22:09:46 GMT 2024","","WHOLE-TESTS","WHOLE-TESTS",""
"","7000","metta-morph_tests.types2","","Fri Dec 06 22:09:04 GMT 2024","passed","Fri Dec 06 22:09:11 GMT 2024","","WHOLE-TESTS","WHOLE-TESTS",""
"","37","D5-AUTO-TYPES.03","","Fri Dec 06 22:09:12 GMT 2024","failed","Fri Dec 06 22:09:12 GMT 2024","","HYPERON-EXPERIMENTAL-SCRIPTS","HYPERON-EXPERIMENTAL-SCRIPTS",""
"","1","HYPERPOSE.02","","Fri Dec 06 22:33:19 GMT 2024","passed","Fri Dec 06 22:33:19 GMT 2024","","METTA-MORPH-TESTS","METTA-MORPH-TESTS",""
"","7000","metta-morph_tests.if","","Fri Dec 06 22:09:04 GMT 2024","passed","Fri Dec 06 22:09:11 GMT 2024","","WHOLE-TESTS","WHOLE-TESTS",""
"","2","LIMIT-TESTS.06","","Fri Dec 06 22:13:17 GMT 2024","passed","Fri Dec 06 22:13:17 GMT 2024","","HYPERON-METTALOG-SANITY","HYPERON-METTALOG-SANITY",""
"","67","RUST-TESTS.01","","Fri Dec 06 22:13:17 GMT 2024","failed","Fri Dec 06 22:13:17 GMT 2024","","HYPERON-METTALOG-SANITY","HYPERON-METTALOG-SANITY",""
"","1","EVAL-FOR-TESTS.09","","Fri Dec 06 22:13:17 GMT 2024","passed","Fri Dec 06 22:13:17 GMT 2024","","HYPERON-METTALOG-SANITY","HYPERON-METTALOG-SANITY",""
"","8000","hyperon-mettalog_sanity.math_hyphen_functions","","Fri Dec 06 22:09:04 GMT 2024","passed","Fri Dec 06 22:09:12 GMT 2024","","WHOLE-TESTS","WHOLE-TESTS",""
"","1","HYPERPOSE.03","","Fri Dec 06 22:33:19 GMT 2024","passed","Fri Dec 06 22:33:19 GMT 2024","","METTA-MORPH-TESTS","METTA-MORPH-TESTS",""
"","8000","hyperon-experimental_scripts.c2_spaces","","Fri Dec 06 22:09:04 GMT 2024","passed","Fri Dec 06 22:09:12 GMT 2024","","WHOLE-TESTS","WHOLE-TESTS",""
"","8000","hyperon-mettalog_sanity.py_types_2","","Fri Dec 06 22:09:04 GMT 2024","passed","Fri Dec 06 22:09:12 GMT 2024","","WHOLE-TESTS","WHOLE-TESTS",""
"","14","D2-HIGHERFUNC.22","","Fri Dec 06 22:09:12 GMT 2024","passed","Fri Dec 06 22:09:12 GMT 2024","","HYPERON-EXPERIMENTAL-SCRIPTS","HYPERON-EXPERIMENTAL-SCRIPTS",""
"","99","OUTPUT-LOAD-TESTS.15","","Fri Dec 06 22:13:17 GMT 2024","failed","Fri Dec 06 22:13:17 GMT 2024","","HYPERON-METTALOG-SANITY","HYPERON-METTALOG-SANITY",""
"","133062","STATES-SPACES.03","","Fri Dec 06 22:33:19 GMT 2024","failed","Fri Dec 06 22:35:32 GMT 2024","","METTA-MORPH-TESTS","METTA-MORPH-TESTS",""
"","1","INDEX-MIN-FUNCTIONS-EXTRA-2.02","","Fri Dec 06 22:13:17 GMT 2024","passed","Fri Dec 06 22:13:17 GMT 2024","","HYPERON-METTALOG-SANITY","HYPERON-METTALOG-SANITY",""
"","8000","hyperon-mettalog_sanity.hyperpose_tests","","Fri Dec 06 22:09:04 GMT 2024","passed","Fri Dec 06 22:09:12 GMT 2024","","WHOLE-TESTS","WHOLE-TESTS",""
"","7","D2-HIGHERFUNC.06","","Fri Dec 06 22:09:12 GMT 2024","failed","Fri Dec 06 22:09:12 GMT 2024","","HYPERON-EXPERIMENTAL-SCRIPTS","HYPERON-EXPERIMENTAL-SCRIPTS",""
"","1","AUTO-COERCE.28","","Fri Dec 06 22:13:17 GMT 2024","passed","Fri Dec 06 22:13:17 GMT 2024","","HYPERON-METTALOG-SANITY","HYPERON-METTALOG-SANITY",""
"","86","INDEX-MIN-FUNCTIONS-EXTRA-2.30","","Fri Dec 06 22:13:17 GMT 2024","failed","Fri Dec 06 22:13:17 GMT 2024","","HYPERON-METTALOG-SANITY","HYPERON-METTALOG-SANITY",""
"","34","MATH-HYPHEN-FUNCTIONS.16","","Fri Dec 06 22:13:17 GMT 2024","failed","Fri Dec 06 22:13:17 GMT 2024","","HYPERON-METTALOG-SANITY","HYPERON-METTALOG-SANITY",""
"","7000","synth_buffer.synthesize","","Fri Dec 06 22:09:04 GMT 2024","passed","Fri Dec 06 22:09:11 GMT 2024","","WHOLE-TESTS","WHOLE-TESTS",""
"","2","SORTING-TESTS.05","","Fri Dec 06 22:13:17 GMT 2024","passed","Fri Dec 06 22:13:17 GMT 2024","","HYPERON-METTALOG-SANITY","HYPERON-METTALOG-SANITY",""
"","2","FUNCTIONAL-PROGRAMMING-TESTS.02","","Fri Dec 06 22:13:17 GMT 2024","passed","Fri Dec 06 22:13:17 GMT 2024","","HYPERON-METTALOG-SANITY","HYPERON-METTALOG-SANITY",""
"","2","SORTING-TESTS.17","","Fri Dec 06 22:13:17 GMT 2024","passed","Fri Dec 06 22:13:17 GMT 2024","","HYPERON-METTALOG-SANITY","HYPERON-METTALOG-SANITY",""
"","13","IDIOMATIC-NEGATION-AND-SET-DIFFERENCE-HE-805.03","","Fri Dec 06 22:13:17 GMT 2024","failed","Fri Dec 06 22:13:17 GMT 2024","","HYPERON-METTALOG-SANITY","HYPERON-METTALOG-SANITY",""
"","100","B4-NONDETERM.10","","Fri Dec 06 22:09:12 GMT 2024","passed","Fri Dec 06 22:09:12 GMT 2024","","HYPERON-EXPERIMENTAL-SCRIPTS","HYPERON-EXPERIMENTAL-SCRIPTS",""
"","2","CALL-CLEANUP-TESTS.07","","Fri Dec 06 22:13:17 GMT 2024","passed","Fri Dec 06 22:13:17 GMT 2024","","HYPERON-METTALOG-SANITY","HYPERON-METTALOG-SANITY",""
"","8000","metta-morph_tests.identity","","Fri Dec 06 22:09:04 GMT 2024","passed","Fri Dec 06 22:09:12 GMT 2024","","WHOLE-TESTS","WHOLE-TESTS",""
"","3","SEQUENTIAL-TESTS.01","","Fri Dec 06 22:13:17 GMT 2024","passed","Fri Dec 06 22:13:17 GMT 2024","","HYPERON-METTALOG-SANITY","HYPERON-METTALOG-SANITY",""
"","1","CAR-ATOM-BUG-HE-621.03","","Fri Dec 06 22:13:17 GMT 2024","passed","Fri Dec 06 22:13:17 GMT 2024","","HYPERON-METTALOG-SANITY","HYPERON-METTALOG-SANITY",""
"","2","LIMIT-TESTS.10","","Fri Dec 06 22:13:17 GMT 2024","passed","Fri Dec 06 22:13:17 GMT 2024","","HYPERON-METTALOG-SANITY","HYPERON-METTALOG-SANITY",""
"","1","00-LANG-CASE.02","","Fri Dec 06 22:13:17 GMT 2024","passed","Fri Dec 06 22:13:17 GMT 2024","","HYPERON-METTALOG-SANITY","HYPERON-METTALOG-SANITY",""
"","2","SORTING-TESTS.19","","Fri Dec 06 22:13:17 GMT 2024","passed","Fri Dec 06 22:13:17 GMT 2024","","HYPERON-METTALOG-SANITY","HYPERON-METTALOG-SANITY",""
"","1","AUTO-COERCE.06","","Fri Dec 06 22:13:17 GMT 2024","passed","Fri Dec 06 22:13:17 GMT 2024","","HYPERON-METTALOG-SANITY","HYPERON-METTALOG-SANITY",""
"","105","EVAL-FOR-TESTS.04","","Fri Dec 06 22:13:17 GMT 2024","failed","Fri Dec 06 22:13:17 GMT 2024","","HYPERON-METTALOG-SANITY","HYPERON-METTALOG-SANITY",""
"","108","EVAL-FOR-TESTS.01","","Fri Dec 06 22:13:17 GMT 2024","failed","Fri Dec 06 22:13:17 GMT 2024","","HYPERON-METTALOG-SANITY","HYPERON-METTALOG-SANITY",""
"","138","G1-DOCS.04","","Fri Dec 06 22:09:12 GMT 2024","failed","Fri Dec 06 22:09:12 GMT 2024","","HYPERON-EXPERIMENTAL-SCRIPTS","HYPERON-EXPERIMENTAL-SCRIPTS",""
"","2","SORTING-TESTS.18","","Fri Dec 06 22:13:17 GMT 2024","passed","Fri Dec 06 22:13:17 GMT 2024","","HYPERON-METTALOG-SANITY","HYPERON-METTALOG-SANITY",""
"","8000","hyperon-experimental_scripts.b1_equal_chain","","Fri Dec 06 22:09:04 GMT 2024","passed","Fri Dec 06 22:09:12 GMT 2024","","WHOLE-TESTS","WHOLE-TESTS",""
"","1","INTERSECTION-TESTS.25","","Fri Dec 06 22:13:17 GMT 2024","passed","Fri Dec 06 22:13:17 GMT 2024","","HYPERON-METTALOG-SANITY","HYPERON-METTALOG-SANITY",""
"","2","AUTO-COERCE.18","","Fri Dec 06 22:13:17 GMT 2024","passed","Fri Dec 06 22:13:17 GMT 2024","","HYPERON-METTALOG-SANITY","HYPERON-METTALOG-SANITY",""
"","1","COMPILE-TESTS.02","","Fri Dec 06 22:13:17 GMT 2024","passed","Fri Dec 06 22:13:17 GMT 2024","","HYPERON-METTALOG-SANITY","HYPERON-METTALOG-SANITY",""
"","3","A1-SYMBOLS.04","","Fri Dec 06 22:09:12 GMT 2024","passed","Fri Dec 06 22:09:12 GMT 2024","","HYPERON-EXPERIMENTAL-SCRIPTS","HYPERON-EXPERIMENTAL-SCRIPTS",""
"","1","CATCH-THROW-TESTS.02","","Fri Dec 06 22:13:17 GMT 2024","passed","Fri Dec 06 22:13:17 GMT 2024","","HYPERON-METTALOG-SANITY","HYPERON-METTALOG-SANITY",""
"","3","SORTING-TESTS.09","","Fri Dec 06 22:13:17 GMT 2024","passed","Fri Dec 06 22:13:17 GMT 2024","","HYPERON-METTALOG-SANITY","HYPERON-METTALOG-SANITY",""
"","97","TYPE-CHECKING-SYMBOL-HE-673.09","","Fri Dec 06 22:13:17 GMT 2024","failed","Fri Dec 06 22:13:17 GMT 2024","","HYPERON-METTALOG-SANITY","HYPERON-METTALOG-SANITY",""
"","100","MINIMAL-METTA-TESTS.24","","Fri Dec 06 22:13:17 GMT 2024","failed","Fri Dec 06 22:13:17 GMT 2024","","HYPERON-METTALOG-SANITY","HYPERON-METTALOG-SANITY",""
"","14","MINIMAL-METTA-TESTS.45","","Fri Dec 06 22:13:17 GMT 2024","failed","Fri Dec 06 22:13:17 GMT 2024","","HYPERON-METTALOG-SANITY","HYPERON-METTALOG-SANITY",""
"","8000","metta-morph_tests.types3","","Fri Dec 06 22:09:04 GMT 2024","passed","Fri Dec 06 22:09:12 GMT 2024","","WHOLE-TESTS","WHOLE-TESTS",""
"","103","EVAL-FOR-TESTS.12","","Fri Dec 06 22:13:17 GMT 2024","failed","Fri Dec 06 22:13:17 GMT 2024","","HYPERON-METTALOG-SANITY","HYPERON-METTALOG-SANITY",""
"","3","XOR-TEST.01","","Fri Dec 06 22:13:17 GMT 2024","passed","Fri Dec 06 22:13:17 GMT 2024","","HYPERON-METTALOG-SANITY","HYPERON-METTALOG-SANITY",""
"","4","SEALED-TEST.08","","Fri Dec 06 22:13:17 GMT 2024","passed","Fri Dec 06 22:13:17 GMT 2024","","HYPERON-METTALOG-SANITY","HYPERON-METTALOG-SANITY",""
"","1","00-LANG-CASE.05","","Fri Dec 06 22:13:17 GMT 2024","passed","Fri Dec 06 22:13:17 GMT 2024","","HYPERON-METTALOG-SANITY","HYPERON-METTALOG-SANITY",""
"","2","EVAL-FOR-TESTS.10","","Fri Dec 06 22:13:17 GMT 2024","passed","Fri Dec 06 22:13:17 GMT 2024","","HYPERON-METTALOG-SANITY","HYPERON-METTALOG-SANITY",""
"","5","SEALED-TEST.05","","Fri Dec 06 22:13:17 GMT 2024","passed","Fri Dec 06 22:13:17 GMT 2024","","HYPERON-METTALOG-SANITY","HYPERON-METTALOG-SANITY",""
"","3","AND-OR.01","","Fri Dec 06 22:33:19 GMT 2024","passed","Fri Dec 06 22:33:19 GMT 2024","","METTA-MORPH-TESTS","METTA-MORPH-TESTS",""
"","3","01-LANG-INC.01","","Fri Dec 06 22:13:17 GMT 2024","passed","Fri Dec 06 22:13:17 GMT 2024","","HYPERON-METTALOG-SANITY","HYPERON-METTALOG-SANITY",""
"","15","ARITY-TESTS.09","","Fri Dec 06 22:13:17 GMT 2024","failed","Fri Dec 06 22:13:17 GMT 2024","","HYPERON-METTALOG-SANITY","HYPERON-METTALOG-SANITY",""
"","40","INDEX-MIN-FUNCTIONS-EXTRA-2.48","","Fri Dec 06 22:13:17 GMT 2024","failed","Fri Dec 06 22:13:17 GMT 2024","","HYPERON-METTALOG-SANITY","HYPERON-METTALOG-SANITY",""
"","38","INDEX-MIN-FUNCTIONS-EXTRA-2.09","","Fri Dec 06 22:13:17 GMT 2024","failed","Fri Dec 06 22:13:17 GMT 2024","","HYPERON-METTALOG-SANITY","HYPERON-METTALOG-SANITY",""
"","83","TYPE-CHECKING-SYMBOL-HE-673.03","","Fri Dec 06 22:13:17 GMT 2024","failed","Fri Dec 06 22:13:17 GMT 2024","","HYPERON-METTALOG-SANITY","HYPERON-METTALOG-SANITY",""
"","2","D2-HIGHERFUNC.09","","Fri Dec 06 22:09:12 GMT 2024","passed","Fri Dec 06 22:09:12 GMT 2024","","HYPERON-EXPERIMENTAL-SCRIPTS","HYPERON-EXPERIMENTAL-SCRIPTS",""
"","13","ARITY-TESTS.07","","Fri Dec 06 22:13:17 GMT 2024","failed","Fri Dec 06 22:13:17 GMT 2024","","HYPERON-METTALOG-SANITY","HYPERON-METTALOG-SANITY",""
"","4","SPACE-SUBTRACTION-TESTS.04","","Fri Dec 06 22:13:17 GMT 2024","passed","Fri Dec 06 22:13:17 GMT 2024","","HYPERON-METTALOG-SANITY","HYPERON-METTALOG-SANITY",""
"","3","NESTED-PARAMETERS.01","","Fri Dec 06 22:33:19 GMT 2024","passed","Fri Dec 06 22:33:19 GMT 2024","","METTA-MORPH-TESTS","METTA-MORPH-TESTS",""
"","2","SEALED-TEST.06","","Fri Dec 06 22:13:17 GMT 2024","passed","Fri Dec 06 22:13:17 GMT 2024","","HYPERON-METTALOG-SANITY","HYPERON-METTALOG-SANITY",""
"","4","UNIQUE-TEST.11","","Fri Dec 06 22:13:17 GMT 2024","passed","Fri Dec 06 22:13:17 GMT 2024","","HYPERON-METTALOG-SANITY","HYPERON-METTALOG-SANITY",""
"","8000","hyperon-experimental_scripts.d5_auto_types","","Fri Dec 06 22:09:04 GMT 2024","passed","Fri Dec 06 22:09:12 GMT 2024","","WHOLE-TESTS","WHOLE-TESTS",""
"","94","TUPLE-TYPE-CHECKING-HE-669.02","","Fri Dec 06 22:13:17 GMT 2024","failed","Fri Dec 06 22:13:17 GMT 2024","","HYPERON-METTALOG-SANITY","HYPERON-METTALOG-SANITY",""
"","4","CALL-TESTS.01","","Fri Dec 06 22:13:17 GMT 2024","passed","Fri Dec 06 22:13:17 GMT 2024","","HYPERON-METTALOG-SANITY","HYPERON-METTALOG-SANITY",""
"","8000","hyperon-mettalog_sanity.06_match_in_space","","Fri Dec 06 22:09:04 GMT 2024","passed","Fri Dec 06 22:09:12 GMT 2024","","WHOLE-TESTS","WHOLE-TESTS",""
"","84","MATH-HYPHEN-FUNCTIONS.39","","Fri Dec 06 22:13:17 GMT 2024","failed","Fri Dec 06 22:13:17 GMT 2024","","HYPERON-METTALOG-SANITY","HYPERON-METTALOG-SANITY",""
"","1","CALL-TESTS.10","","Fri Dec 06 22:13:17 GMT 2024","passed","Fri Dec 06 22:13:17 GMT 2024","","HYPERON-METTALOG-SANITY","HYPERON-METTALOG-SANITY",""
"","2","E2-STATES.10","","Fri Dec 06 22:09:12 GMT 2024","passed","Fri Dec 06 22:09:12 GMT 2024","","HYPERON-EXPERIMENTAL-SCRIPTS","HYPERON-EXPERIMENTAL-SCRIPTS",""
"","2","STRING-TESTS.03","","Fri Dec 06 22:13:17 GMT 2024","passed","Fri Dec 06 22:13:17 GMT 2024","","HYPERON-METTALOG-SANITY","HYPERON-METTALOG-SANITY",""
"","58","MATH-HYPHEN-FUNCTIONS.01","","Fri Dec 06 22:13:17 GMT 2024","failed","Fri Dec 06 22:13:17 GMT 2024","","HYPERON-METTALOG-SANITY","HYPERON-METTALOG-SANITY",""
"","1","00-LANG-CASE.07","","Fri Dec 06 22:13:17 GMT 2024","passed","Fri Dec 06 22:13:17 GMT 2024","","HYPERON-METTALOG-SANITY","HYPERON-METTALOG-SANITY",""
"","2","FLIP-TEST.01","","Fri Dec 06 22:13:17 GMT 2024","passed","Fri Dec 06 22:13:17 GMT 2024","","HYPERON-METTALOG-SANITY","HYPERON-METTALOG-SANITY",""
"","2","D2-HIGHERFUNC.18","","Fri Dec 06 22:09:12 GMT 2024","passed","Fri Dec 06 22:09:12 GMT 2024","","HYPERON-EXPERIMENTAL-SCRIPTS","HYPERON-EXPERIMENTAL-SCRIPTS",""
"","2","CALL-TESTS.09","","Fri Dec 06 22:13:17 GMT 2024","passed","Fri Dec 06 22:13:17 GMT 2024","","HYPERON-METTALOG-SANITY","HYPERON-METTALOG-SANITY",""
"","107","BASE-TEST-REPR-PARSE-INTERSECTION.01","","Fri Dec 06 22:13:17 GMT 2024","passed","Fri Dec 06 22:13:17 GMT 2024","","HYPERON-METTALOG-SANITY","HYPERON-METTALOG-SANITY",""
"","7000","hyperon-mettalog_sanity.what_evals_or_not","","Fri Dec 06 22:09:04 GMT 2024","passed","Fri Dec 06 22:09:11 GMT 2024","","WHOLE-TESTS","WHOLE-TESTS",""
"","1","INTERSECTION-TESTS.22","","Fri Dec 06 22:13:17 GMT 2024","passed","Fri Dec 06 22:13:17 GMT 2024","","HYPERON-METTALOG-SANITY","HYPERON-METTALOG-SANITY",""
"","1","DUPLICATION-SEMANTICS-HE-798.09","","Fri Dec 06 22:13:17 GMT 2024","passed","Fri Dec 06 22:13:17 GMT 2024","","HYPERON-METTALOG-SANITY","HYPERON-METTALOG-SANITY",""
"","3","F1-MODULEA.07","","Fri Dec 06 22:09:12 GMT 2024","passed","Fri Dec 06 22:09:12 GMT 2024","","HYPERON-EXPERIMENTAL-SCRIPTS","HYPERON-EXPERIMENTAL-SCRIPTS",""
"","47","MATH-HYPHEN-FUNCTIONS.19","","Fri Dec 06 22:13:17 GMT 2024","failed","Fri Dec 06 22:13:17 GMT 2024","","HYPERON-METTALOG-SANITY","HYPERON-METTALOG-SANITY",""
"","7000","hyperon-mettalog_sanity.arity_tests_mw","","Fri Dec 06 22:09:04 GMT 2024","passed","Fri Dec 06 22:09:11 GMT 2024","","WHOLE-TESTS","WHOLE-TESTS",""
"","106","INDEX-MIN-FUNCTIONS-EXTRA-1.48","","Fri Dec 06 22:13:17 GMT 2024","failed","Fri Dec 06 22:13:17 GMT 2024","","HYPERON-METTALOG-SANITY","HYPERON-METTALOG-SANITY",""
"","1","TYPES2.05","","Fri Dec 06 22:33:19 GMT 2024","passed","Fri Dec 06 22:33:19 GMT 2024","","METTA-MORPH-TESTS","METTA-MORPH-TESTS",""
"","803","REPRESENT-AND-PARSE-TESTS.01","","Fri Dec 06 22:13:17 GMT 2024","failed","Fri Dec 06 22:13:17 GMT 2024","","HYPERON-METTALOG-SANITY","HYPERON-METTALOG-SANITY",""
"","2","INDEX-MIN-FUNCTIONS-EXTRA-1.14","","Fri Dec 06 22:13:17 GMT 2024","passed","Fri Dec 06 22:13:17 GMT 2024","","HYPERON-METTALOG-SANITY","HYPERON-METTALOG-SANITY",""
"","14","D5-AUTO-TYPES.06","","Fri Dec 06 22:09:12 GMT 2024","passed","Fri Dec 06 22:09:12 GMT 2024","","HYPERON-EXPERIMENTAL-SCRIPTS","HYPERON-EXPERIMENTAL-SCRIPTS",""
"","5","SEALED-TEST.09","","Fri Dec 06 22:13:17 GMT 2024","passed","Fri Dec 06 22:13:17 GMT 2024","","HYPERON-METTALOG-SANITY","HYPERON-METTALOG-SANITY",""
"","1","B4-NONDETERM.05","","Fri Dec 06 22:09:12 GMT 2024","passed","Fri Dec 06 22:09:12 GMT 2024","","HYPERON-EXPERIMENTAL-SCRIPTS","HYPERON-EXPERIMENTAL-SCRIPTS",""
"","2","LET-SUPERPOSE-IF-CASE.02","","Fri Dec 06 22:33:19 GMT 2024","passed","Fri Dec 06 22:33:19 GMT 2024","","METTA-MORPH-TESTS","METTA-MORPH-TESTS",""
"","2","E2-STATES.12","","Fri Dec 06 22:09:12 GMT 2024","passed","Fri Dec 06 22:09:12 GMT 2024","","HYPERON-EXPERIMENTAL-SCRIPTS","HYPERON-EXPERIMENTAL-SCRIPTS",""
"","3","D2-HIGHERFUNC.19","","Fri Dec 06 22:09:12 GMT 2024","passed","Fri Dec 06 22:09:12 GMT 2024","","HYPERON-EXPERIMENTAL-SCRIPTS","HYPERON-EXPERIMENTAL-SCRIPTS",""
"","2","DUPLICATION-SEMANTICS-HE-798.02","","Fri Dec 06 22:13:17 GMT 2024","passed","Fri Dec 06 22:13:17 GMT 2024","","HYPERON-METTALOG-SANITY","HYPERON-METTALOG-SANITY",""
"","24","FIRST-ANSWER.02","","Fri Dec 06 22:13:17 GMT 2024","failed","Fri Dec 06 22:13:17 GMT 2024","","HYPERON-METTALOG-SANITY","HYPERON-METTALOG-SANITY",""
"","4","02-CURRIED-PLUS.01","","Fri Dec 06 22:13:17 GMT 2024","passed","Fri Dec 06 22:13:17 GMT 2024","","HYPERON-METTALOG-SANITY","HYPERON-METTALOG-SANITY",""
"","3","MATCH-VOID.02","","Fri Dec 06 22:33:19 GMT 2024","passed","Fri Dec 06 22:33:19 GMT 2024","","METTA-MORPH-TESTS","METTA-MORPH-TESTS",""
"","85","MINIMAL-METTA-TESTS.23","","Fri Dec 06 22:13:17 GMT 2024","passed","Fri Dec 06 22:13:17 GMT 2024","","HYPERON-METTALOG-SANITY","HYPERON-METTALOG-SANITY",""
"","86","MINIMAL-METTA-TESTS.17","","Fri Dec 06 22:13:17 GMT 2024","failed","Fri Dec 06 22:13:17 GMT 2024","","HYPERON-METTALOG-SANITY","HYPERON-METTALOG-SANITY",""
"","2","F1-IMPORTS.10","","Fri Dec 06 22:09:12 GMT 2024","passed","Fri Dec 06 22:09:12 GMT 2024","","HYPERON-EXPERIMENTAL-SCRIPTS","HYPERON-EXPERIMENTAL-SCRIPTS",""
"","3","AUTO-COERCE.43","","Fri Dec 06 22:13:17 GMT 2024","passed","Fri Dec 06 22:13:17 GMT 2024","","HYPERON-METTALOG-SANITY","HYPERON-METTALOG-SANITY",""
"","1","DUPLICATION-SEMANTICS-HE-798.16","","Fri Dec 06 22:13:17 GMT 2024","passed","Fri Dec 06 22:13:17 GMT 2024","","HYPERON-METTALOG-SANITY","HYPERON-METTALOG-SANITY",""
"","2","TESTS0.03","","Fri Dec 06 22:33:19 GMT 2024","passed","Fri Dec 06 22:33:19 GMT 2024","","METTA-MORPH-TESTS","METTA-MORPH-TESTS",""
"","2","C2-SPACES.04","","Fri Dec 06 22:09:12 GMT 2024","passed","Fri Dec 06 22:09:12 GMT 2024","","HYPERON-EXPERIMENTAL-SCRIPTS","HYPERON-EXPERIMENTAL-SCRIPTS",""
"","8","INDEX-MIN-FUNCTIONS-EXTRA-1.12","","Fri Dec 06 22:13:17 GMT 2024","passed","Fri Dec 06 22:13:17 GMT 2024","","HYPERON-METTALOG-SANITY","HYPERON-METTALOG-SANITY",""
"","50","INDEX-MIN-FUNCTIONS-EXTRA-2.12","","Fri Dec 06 22:13:17 GMT 2024","failed","Fri Dec 06 22:13:17 GMT 2024","","HYPERON-METTALOG-SANITY","HYPERON-METTALOG-SANITY",""
"","87","MATH-HYPHEN-FUNCTIONS.21","","Fri Dec 06 22:13:17 GMT 2024","failed","Fri Dec 06 22:13:17 GMT 2024","","HYPERON-METTALOG-SANITY","HYPERON-METTALOG-SANITY",""
"","3","SEQUENTIAL-TESTS.02","","Fri Dec 06 22:13:17 GMT 2024","passed","Fri Dec 06 22:13:17 GMT 2024","","HYPERON-METTALOG-SANITY","HYPERON-METTALOG-SANITY",""
"","163","TESTS0.01","","Fri Dec 06 22:33:19 GMT 2024","passed","Fri Dec 06 22:33:19 GMT 2024","","METTA-MORPH-TESTS","METTA-MORPH-TESTS",""
"","50","MATH-HYPHEN-FUNCTIONS.29","","Fri Dec 06 22:13:17 GMT 2024","failed","Fri Dec 06 22:13:17 GMT 2024","","HYPERON-METTALOG-SANITY","HYPERON-METTALOG-SANITY",""
"","3","CALL-TESTS.05","","Fri Dec 06 22:13:17 GMT 2024","passed","Fri Dec 06 22:13:17 GMT 2024","","HYPERON-METTALOG-SANITY","HYPERON-METTALOG-SANITY",""
"","1","INDEX-MIN-FUNCTIONS-EXTRA-2.27","","Fri Dec 06 22:13:17 GMT 2024","passed","Fri Dec 06 22:13:17 GMT 2024","","HYPERON-METTALOG-SANITY","HYPERON-METTALOG-SANITY",""
"","8000","module-system.f1_moduleA","","Fri Dec 06 22:09:04 GMT 2024","passed","Fri Dec 06 22:09:12 GMT 2024","","WHOLE-TESTS","WHOLE-TESTS",""
"","38","MATH-HYPHEN-FUNCTIONS.47","","Fri Dec 06 22:13:17 GMT 2024","failed","Fri Dec 06 22:13:17 GMT 2024","","HYPERON-METTALOG-SANITY","HYPERON-METTALOG-SANITY",""
"","6","RECURSIVE-TUPLE-LIST-PERF-HE-394.02","","Fri Dec 06 22:13:17 GMT 2024","passed","Fri Dec 06 22:13:17 GMT 2024","","HYPERON-METTALOG-SANITY","HYPERON-METTALOG-SANITY",""
"","3","A2-OPENCOGGY.01","","Fri Dec 06 22:09:12 GMT 2024","passed","Fri Dec 06 22:09:12 GMT 2024","","HYPERON-EXPERIMENTAL-SCRIPTS","HYPERON-EXPERIMENTAL-SCRIPTS",""
"","3","F1-MODULEA.04","","Fri Dec 06 22:09:12 GMT 2024","passed","Fri Dec 06 22:09:12 GMT 2024","","HYPERON-EXPERIMENTAL-SCRIPTS","HYPERON-EXPERIMENTAL-SCRIPTS",""
"","4","B5-TYPES-PRELIM.01","","Fri Dec 06 22:09:12 GMT 2024","passed","Fri Dec 06 22:09:12 GMT 2024","","HYPERON-EXPERIMENTAL-SCRIPTS","HYPERON-EXPERIMENTAL-SCRIPTS",""
"","43","MATH-HYPHEN-FUNCTIONS.23","","Fri Dec 06 22:13:17 GMT 2024","failed","Fri Dec 06 22:13:17 GMT 2024","","HYPERON-METTALOG-SANITY","HYPERON-METTALOG-SANITY",""
"","3","F1-MODULEA.02","","Fri Dec 06 22:09:12 GMT 2024","passed","Fri Dec 06 22:09:12 GMT 2024","","HYPERON-EXPERIMENTAL-SCRIPTS","HYPERON-EXPERIMENTAL-SCRIPTS",""
"","2","D4-TYPE-PROP.12","","Fri Dec 06 22:09:12 GMT 2024","passed","Fri Dec 06 22:09:12 GMT 2024","","HYPERON-EXPERIMENTAL-SCRIPTS","HYPERON-EXPERIMENTAL-SCRIPTS",""
"","45","INDEX-MIN-FUNCTIONS-EXTRA-2.35","","Fri Dec 06 22:13:17 GMT 2024","failed","Fri Dec 06 22:13:17 GMT 2024","","HYPERON-METTALOG-SANITY","HYPERON-METTALOG-SANITY",""
"","2","B1-EQUAL-CHAIN.06","","Fri Dec 06 22:09:12 GMT 2024","passed","Fri Dec 06 22:09:12 GMT 2024","","HYPERON-EXPERIMENTAL-SCRIPTS","HYPERON-EXPERIMENTAL-SCRIPTS",""
"","2","STRING-TESTS.12","","Fri Dec 06 22:13:17 GMT 2024","passed","Fri Dec 06 22:13:17 GMT 2024","","HYPERON-METTALOG-SANITY","HYPERON-METTALOG-SANITY",""
"","2","EVAL-FOR-TESTS.06","","Fri Dec 06 22:13:17 GMT 2024","passed","Fri Dec 06 22:13:17 GMT 2024","","HYPERON-METTALOG-SANITY","HYPERON-METTALOG-SANITY",""
"","1","B5-TYPES-PRELIM.03","","Fri Dec 06 22:09:12 GMT 2024","passed","Fri Dec 06 22:09:12 GMT 2024","","HYPERON-EXPERIMENTAL-SCRIPTS","HYPERON-EXPERIMENTAL-SCRIPTS",""
"","7000","metta-morph_tests.and_or","","Fri Dec 06 22:09:04 GMT 2024","passed","Fri Dec 06 22:09:11 GMT 2024","","WHOLE-TESTS","WHOLE-TESTS",""
"","3","MATCH-SUPERPOSED-SPACES.01","","Fri Dec 06 22:33:19 GMT 2024","passed","Fri Dec 06 22:33:19 GMT 2024","","METTA-MORPH-TESTS","METTA-MORPH-TESTS",""
"","2","STRING-TESTS.04","","Fri Dec 06 22:13:17 GMT 2024","passed","Fri Dec 06 22:13:17 GMT 2024","","HYPERON-METTALOG-SANITY","HYPERON-METTALOG-SANITY",""
"","4","MULTIFUNCTION.01","","Fri Dec 06 22:33:19 GMT 2024","passed","Fri Dec 06 22:33:19 GMT 2024","","METTA-MORPH-TESTS","METTA-MORPH-TESTS",""
"","8000","hyperon-mettalog_sanity.intersection_tests","","Fri Dec 06 22:09:04 GMT 2024","passed","Fri Dec 06 22:09:12 GMT 2024","","WHOLE-TESTS","WHOLE-TESTS",""
"","27000","synth_buffer.time_synthesize","","Fri Dec 06 22:09:04 GMT 2024","passed","Fri Dec 06 22:09:31 GMT 2024","","WHOLE-TESTS","WHOLE-TESTS",""
"","2","B5-TYPES-PRELIM.25","","Fri Dec 06 22:09:12 GMT 2024","passed","Fri Dec 06 22:09:12 GMT 2024","","HYPERON-EXPERIMENTAL-SCRIPTS","HYPERON-EXPERIMENTAL-SCRIPTS",""
"","1","SORTING-TESTS.12","","Fri Dec 06 22:13:17 GMT 2024","passed","Fri Dec 06 22:13:17 GMT 2024","","HYPERON-METTALOG-SANITY","HYPERON-METTALOG-SANITY",""
"","3","A3-TWOSIDE.03","","Fri Dec 06 22:09:12 GMT 2024","passed","Fri Dec 06 22:09:12 GMT 2024","","HYPERON-EXPERIMENTAL-SCRIPTS","HYPERON-EXPERIMENTAL-SCRIPTS",""
"","79","INDEX-MIN-FUNCTIONS-EXTRA-1.09","","Fri Dec 06 22:13:17 GMT 2024","failed","Fri Dec 06 22:13:17 GMT 2024","","HYPERON-METTALOG-SANITY","HYPERON-METTALOG-SANITY",""
"","15","IDIOMATIC-NEGATION-AND-SET-DIFFERENCE-HE-805.04","","Fri Dec 06 22:13:17 GMT 2024","failed","Fri Dec 06 22:13:17 GMT 2024","","HYPERON-METTALOG-SANITY","HYPERON-METTALOG-SANITY",""
"","88","MINIMAL-METTA-TESTS.19","","Fri Dec 06 22:13:17 GMT 2024","failed","Fri Dec 06 22:13:17 GMT 2024","","HYPERON-METTALOG-SANITY","HYPERON-METTALOG-SANITY",""
"","10000","hyperon-mettalog_sanity.functional_programming_tests","","Fri Dec 06 22:09:04 GMT 2024","passed","Fri Dec 06 22:09:14 GMT 2024","","WHOLE-TESTS","WHOLE-TESTS",""
"","3","TESTS0.04","","Fri Dec 06 22:33:19 GMT 2024","passed","Fri Dec 06 22:33:19 GMT 2024","","METTA-MORPH-TESTS","METTA-MORPH-TESTS",""
"","2","D2-HIGHERFUNC.08","","Fri Dec 06 22:09:12 GMT 2024","passed","Fri Dec 06 22:09:12 GMT 2024","","HYPERON-EXPERIMENTAL-SCRIPTS","HYPERON-EXPERIMENTAL-SCRIPTS",""
"","2","SUBTRACTION-TEST.10","","Fri Dec 06 22:13:17 GMT 2024","passed","Fri Dec 06 22:13:17 GMT 2024","","HYPERON-METTALOG-SANITY","HYPERON-METTALOG-SANITY",""
"","3","SEQUENTIAL-NESTED.01","","Fri Dec 06 22:33:19 GMT 2024","passed","Fri Dec 06 22:33:19 GMT 2024","","METTA-MORPH-TESTS","METTA-MORPH-TESTS",""
"","6","UNIQUE-TEST.12","","Fri Dec 06 22:13:17 GMT 2024","passed","Fri Dec 06 22:13:17 GMT 2024","","HYPERON-METTALOG-SANITY","HYPERON-METTALOG-SANITY",""
"","1","INTERSECTION-TESTS.05","","Fri Dec 06 22:13:17 GMT 2024","passed","Fri Dec 06 22:13:17 GMT 2024","","HYPERON-METTALOG-SANITY","HYPERON-METTALOG-SANITY",""
"","10","D1-GADT.02","","Fri Dec 06 22:09:12 GMT 2024","failed","Fri Dec 06 22:09:12 GMT 2024","","HYPERON-EXPERIMENTAL-SCRIPTS","HYPERON-EXPERIMENTAL-SCRIPTS",""
"","2","D4-TYPE-PROP.11","","Fri Dec 06 22:09:12 GMT 2024","passed","Fri Dec 06 22:09:12 GMT 2024","","HYPERON-EXPERIMENTAL-SCRIPTS","HYPERON-EXPERIMENTAL-SCRIPTS",""
"","2","D2-HIGHERFUNC.26","","Fri Dec 06 22:09:12 GMT 2024","passed","Fri Dec 06 22:09:12 GMT 2024","","HYPERON-EXPERIMENTAL-SCRIPTS","HYPERON-EXPERIMENTAL-SCRIPTS",""
"","1","DIFFEREN-ARITIES-ARE-FINE-HE-603.05","","Fri Dec 06 22:13:17 GMT 2024","passed","Fri Dec 06 22:13:17 GMT 2024","","HYPERON-METTALOG-SANITY","HYPERON-METTALOG-SANITY",""
"","8000","hyperon-mettalog_sanity.quoting_scoping_he_579","","Fri Dec 06 22:09:04 GMT 2024","passed","Fri Dec 06 22:09:12 GMT 2024","","WHOLE-TESTS","WHOLE-TESTS",""
"","5","MATCH-FEVAL.01","","Fri Dec 06 22:33:19 GMT 2024","passed","Fri Dec 06 22:33:19 GMT 2024","","METTA-MORPH-TESTS","METTA-MORPH-TESTS",""
"","1","XOR-TEST.06","","Fri Dec 06 22:13:17 GMT 2024","passed","Fri Dec 06 22:13:17 GMT 2024","","HYPERON-METTALOG-SANITY","HYPERON-METTALOG-SANITY",""
"","1","DUPLICATION-SEMANTICS-HE-798.10","","Fri Dec 06 22:13:17 GMT 2024","passed","Fri Dec 06 22:13:17 GMT 2024","","HYPERON-METTALOG-SANITY","HYPERON-METTALOG-SANITY",""
"","2","OUTPUT-LOAD-TESTS.08","","Fri Dec 06 22:13:17 GMT 2024","passed","Fri Dec 06 22:13:17 GMT 2024","","HYPERON-METTALOG-SANITY","HYPERON-METTALOG-SANITY",""
"","1","SUBTRACTION-TEST.06","","Fri Dec 06 22:13:17 GMT 2024","passed","Fri Dec 06 22:13:17 GMT 2024","","HYPERON-METTALOG-SANITY","HYPERON-METTALOG-SANITY",""
"","4","MINIMAL-METTA-TESTS.04","","Fri Dec 06 22:13:17 GMT 2024","passed","Fri Dec 06 22:13:17 GMT 2024","","HYPERON-METTALOG-SANITY","HYPERON-METTALOG-SANITY",""
"","1","MAX-TIME-TESTS.03","","Fri Dec 06 22:13:17 GMT 2024","passed","Fri Dec 06 22:13:17 GMT 2024","","HYPERON-METTALOG-SANITY","HYPERON-METTALOG-SANITY",""
"","3","F1-MODULEA.08","","Fri Dec 06 22:09:12 GMT 2024","passed","Fri Dec 06 22:09:12 GMT 2024","","HYPERON-EXPERIMENTAL-SCRIPTS","HYPERON-EXPERIMENTAL-SCRIPTS",""
"","1","SUBTRACTION-TEST.09","","Fri Dec 06 22:13:17 GMT 2024","passed","Fri Dec 06 22:13:17 GMT 2024","","HYPERON-METTALOG-SANITY","HYPERON-METTALOG-SANITY",""
"","3","06-MATCH-IN-SPACE.03","","Fri Dec 06 22:13:17 GMT 2024","passed","Fri Dec 06 22:13:17 GMT 2024","","HYPERON-METTALOG-SANITY","HYPERON-METTALOG-SANITY",""
