"DESCRIPTION","DURATION IN MS","NAME","PARENT SUITE","START TIME","STATUS","STOP TIME","SUB SUITE","SUITE","TEST CLASS","TEST METHOD"
"","1","XOR-TEST.07","","Fri Nov 08 22:25:38 GMT 2024","passed","Fri Nov 08 22:25:38 GMT 2024","","HYPERON-METTALOG-SANITY","HYPERON-METTALOG-SANITY",""
"","3","F1-MODULEA.05","","Fri Nov 08 22:38:55 GMT 2024","passed","Fri Nov 08 22:38:55 GMT 2024","","QUICK","QUICK",""
"","97","MINIMAL-METTA-TESTS.16","","Fri Nov 08 22:25:38 GMT 2024","failed","Fri Nov 08 22:25:38 GMT 2024","","HYPERON-METTALOG-SANITY","HYPERON-METTALOG-SANITY",""
"","69","SEQUENTIAL-NESTED.11","","Fri Nov 08 22:35:04 GMT 2024","passed","Fri Nov 08 22:35:04 GMT 2024","","METTA-MORPH-TESTS","METTA-MORPH-TESTS",""
"","47000","hyperon-mettalog_sanity.py_types","","Fri Nov 08 22:17:10 GMT 2024","failed","Fri Nov 08 22:17:57 GMT 2024","","WHOLE-TESTS","WHOLE-TESTS",""
"","8000","metta-morph_tests.sequential_nested","","Fri Nov 08 22:17:10 GMT 2024","passed","Fri Nov 08 22:17:18 GMT 2024","","WHOLE-TESTS","WHOLE-TESTS",""
"","2","F1-IMPORTS.14","","Fri Nov 08 22:17:01 GMT 2024","passed","Fri Nov 08 22:17:01 GMT 2024","","MODULE-SYSTEM","MODULE-SYSTEM",""
"","3","C3-PLN-STV.04","","Fri Nov 08 22:22:27 GMT 2024","passed","Fri Nov 08 22:22:27 GMT 2024","","HYPERON-EXPERIMENTAL-SCRIPTS","HYPERON-EXPERIMENTAL-SCRIPTS",""
"","3","06-MATCH-IN-SPACE.04","","Fri Nov 08 22:25:38 GMT 2024","passed","Fri Nov 08 22:25:38 GMT 2024","","HYPERON-METTALOG-SANITY","HYPERON-METTALOG-SANITY",""
"","2","F1-MODULEA.05","","Fri Nov 08 22:22:27 GMT 2024","passed","Fri Nov 08 22:22:27 GMT 2024","","HYPERON-EXPERIMENTAL-SCRIPTS","HYPERON-EXPERIMENTAL-SCRIPTS",""
"","1","CALL-CLEANUP-TESTS.07","","Fri Nov 08 22:25:38 GMT 2024","passed","Fri Nov 08 22:25:38 GMT 2024","","HYPERON-METTALOG-SANITY","HYPERON-METTALOG-SANITY",""
"","55","OR-TEST.02","","Fri Nov 08 22:25:38 GMT 2024","failed","Fri Nov 08 22:25:38 GMT 2024","","HYPERON-METTALOG-SANITY","HYPERON-METTALOG-SANITY",""
"","4","02-CURRIED-PLUS.01","","Fri Nov 08 22:25:38 GMT 2024","passed","Fri Nov 08 22:25:38 GMT 2024","","HYPERON-METTALOG-SANITY","HYPERON-METTALOG-SANITY",""
"","2","SUBTRACTION-TEST.03","","Fri Nov 08 22:25:38 GMT 2024","passed","Fri Nov 08 22:25:38 GMT 2024","","HYPERON-METTALOG-SANITY","HYPERON-METTALOG-SANITY",""
"","9","D1-GADT.05","","Fri Nov 08 22:22:27 GMT 2024","passed","Fri Nov 08 22:22:27 GMT 2024","","HYPERON-EXPERIMENTAL-SCRIPTS","HYPERON-EXPERIMENTAL-SCRIPTS",""
"","1","FUNCTIONAL-PROGRAMMING-TESTS.09","","Fri Nov 08 22:25:38 GMT 2024","passed","Fri Nov 08 22:25:38 GMT 2024","","HYPERON-METTALOG-SANITY","HYPERON-METTALOG-SANITY",""
"","2","E2-STATES.12","","Fri Nov 08 22:22:27 GMT 2024","passed","Fri Nov 08 22:22:27 GMT 2024","","HYPERON-EXPERIMENTAL-SCRIPTS","HYPERON-EXPERIMENTAL-SCRIPTS",""
"","4","TIME-SYNTHESIZE-SHORT.03","","Fri Nov 08 22:32:26 GMT 2024","passed","Fri Nov 08 22:32:26 GMT 2024","","SYNTH-BUFFER","SYNTH-BUFFER",""
"","2","HYPERPOSE.05","","Fri Nov 08 22:35:04 GMT 2024","passed","Fri Nov 08 22:35:04 GMT 2024","","METTA-MORPH-TESTS","METTA-MORPH-TESTS",""
"","72","MINIMAL-METTA-TESTS.15","","Fri Nov 08 22:25:38 GMT 2024","passed","Fri Nov 08 22:25:38 GMT 2024","","HYPERON-METTALOG-SANITY","HYPERON-METTALOG-SANITY",""
"","105","MINIMAL-METTA-TESTS.26","","Fri Nov 08 22:25:38 GMT 2024","failed","Fri Nov 08 22:25:38 GMT 2024","","HYPERON-METTALOG-SANITY","HYPERON-METTALOG-SANITY",""
"","8000","hyperon-mettalog_sanity.03-soring-via-insert","","Fri Nov 08 22:17:10 GMT 2024","passed","Fri Nov 08 22:17:18 GMT 2024","","WHOLE-TESTS","WHOLE-TESTS",""
"","1","D2-HIGHERFUNC.12","","Fri Nov 08 22:38:55 GMT 2024","passed","Fri Nov 08 22:38:55 GMT 2024","","QUICK","QUICK",""
"","2","D2-HIGHERFUNC.06","","Fri Nov 08 22:22:27 GMT 2024","passed","Fri Nov 08 22:22:27 GMT 2024","","HYPERON-EXPERIMENTAL-SCRIPTS","HYPERON-EXPERIMENTAL-SCRIPTS",""
"","1","F1-IMPORTS.13","","Fri Nov 08 22:38:55 GMT 2024","passed","Fri Nov 08 22:38:55 GMT 2024","","QUICK","QUICK",""
"","2","LIMIT-TESTS.14","","Fri Nov 08 22:25:38 GMT 2024","passed","Fri Nov 08 22:25:38 GMT 2024","","HYPERON-METTALOG-SANITY","HYPERON-METTALOG-SANITY",""
"","4","TESTS0.05","","Fri Nov 08 22:35:04 GMT 2024","passed","Fri Nov 08 22:35:04 GMT 2024","","METTA-MORPH-TESTS","METTA-MORPH-TESTS",""
"","77","CALL-CLEANUP-TESTS.06","","Fri Nov 08 22:25:38 GMT 2024","failed","Fri Nov 08 22:25:38 GMT 2024","","HYPERON-METTALOG-SANITY","HYPERON-METTALOG-SANITY",""
"","1","D2-HIGHERFUNC.17","","Fri Nov 08 22:38:55 GMT 2024","passed","Fri Nov 08 22:38:55 GMT 2024","","QUICK","QUICK",""
"","8000","hyperon-mettalog_sanity.py_types_2","","Fri Nov 08 22:17:10 GMT 2024","passed","Fri Nov 08 22:17:18 GMT 2024","","WHOLE-TESTS","WHOLE-TESTS",""
"","102","SPACE-INTERSECTION-TESTS.09","","Fri Nov 08 22:25:38 GMT 2024","failed","Fri Nov 08 22:25:38 GMT 2024","","HYPERON-METTALOG-SANITY","HYPERON-METTALOG-SANITY",""
"","3","A1-SYMBOLS.03","","Fri Nov 08 22:22:27 GMT 2024","passed","Fri Nov 08 22:22:27 GMT 2024","","HYPERON-EXPERIMENTAL-SCRIPTS","HYPERON-EXPERIMENTAL-SCRIPTS",""
"","3","ARITY-TESTS.01","","Fri Nov 08 22:25:38 GMT 2024","passed","Fri Nov 08 22:25:38 GMT 2024","","HYPERON-METTALOG-SANITY","HYPERON-METTALOG-SANITY",""
"","3","EVAL-FOR-TESTS.07","","Fri Nov 08 22:25:38 GMT 2024","passed","Fri Nov 08 22:25:38 GMT 2024","","HYPERON-METTALOG-SANITY","HYPERON-METTALOG-SANITY",""
"","4","TYPES.01","","Fri Nov 08 22:35:04 GMT 2024","passed","Fri Nov 08 22:35:04 GMT 2024","","METTA-MORPH-TESTS","METTA-MORPH-TESTS",""
"","5","SEALED-TEST.08","","Fri Nov 08 22:25:38 GMT 2024","passed","Fri Nov 08 22:25:38 GMT 2024","","HYPERON-METTALOG-SANITY","HYPERON-METTALOG-SANITY",""
"","2","INTERSECTION-TESTS.17","","Fri Nov 08 22:25:38 GMT 2024","passed","Fri Nov 08 22:25:38 GMT 2024","","HYPERON-METTALOG-SANITY","HYPERON-METTALOG-SANITY",""
"","3","OUTPUT-LOAD-TESTS.05","","Fri Nov 08 22:25:38 GMT 2024","passed","Fri Nov 08 22:25:38 GMT 2024","","HYPERON-METTALOG-SANITY","HYPERON-METTALOG-SANITY",""
"","2","OUTPUT-LOAD-TESTS.10","","Fri Nov 08 22:25:38 GMT 2024","passed","Fri Nov 08 22:25:38 GMT 2024","","HYPERON-METTALOG-SANITY","HYPERON-METTALOG-SANITY",""
"","2","D4-TYPE-PROP.01","","Fri Nov 08 22:38:55 GMT 2024","passed","Fri Nov 08 22:38:55 GMT 2024","","QUICK","QUICK",""
"","3","TYPES3.01","","Fri Nov 08 22:35:04 GMT 2024","passed","Fri Nov 08 22:35:04 GMT 2024","","METTA-MORPH-TESTS","METTA-MORPH-TESTS",""
"","2","INTERSECTION-TESTS.14","","Fri Nov 08 22:25:38 GMT 2024","passed","Fri Nov 08 22:25:38 GMT 2024","","HYPERON-METTALOG-SANITY","HYPERON-METTALOG-SANITY",""
"","3","B2-BACKCHAIN.04","","Fri Nov 08 22:22:27 GMT 2024","passed","Fri Nov 08 22:22:27 GMT 2024","","HYPERON-EXPERIMENTAL-SCRIPTS","HYPERON-EXPERIMENTAL-SCRIPTS",""
"","4","D1-GADT.01","","Fri Nov 08 22:38:55 GMT 2024","passed","Fri Nov 08 22:38:55 GMT 2024","","QUICK","QUICK",""
"","1","TMPMATCH1.02","","Fri Nov 08 22:17:18 GMT 2024","passed","Fri Nov 08 22:17:18 GMT 2024","","ANTI-REGRESSION","ANTI-REGRESSION",""
"","61","OUTPUT-LOAD-TESTS.12","","Fri Nov 08 22:25:38 GMT 2024","failed","Fri Nov 08 22:25:38 GMT 2024","","HYPERON-METTALOG-SANITY","HYPERON-METTALOG-SANITY",""
"","3","06-MATCH-IN-SPACE.03","","Fri Nov 08 22:25:38 GMT 2024","passed","Fri Nov 08 22:25:38 GMT 2024","","HYPERON-METTALOG-SANITY","HYPERON-METTALOG-SANITY",""
"","2","SPACE-INTERSECTION-TESTS.13","","Fri Nov 08 22:25:38 GMT 2024","passed","Fri Nov 08 22:25:38 GMT 2024","","HYPERON-METTALOG-SANITY","HYPERON-METTALOG-SANITY",""
"","8000","hyperon-experimental_scripts.b4_nondeterm","","Fri Nov 08 22:17:10 GMT 2024","passed","Fri Nov 08 22:17:18 GMT 2024","","WHOLE-TESTS","WHOLE-TESTS",""
"","1","D2-HIGHERFUNC.10","","Fri Nov 08 22:22:27 GMT 2024","passed","Fri Nov 08 22:22:27 GMT 2024","","HYPERON-EXPERIMENTAL-SCRIPTS","HYPERON-EXPERIMENTAL-SCRIPTS",""
"","4","B0-CHAINING-PRELIM.01","","Fri Nov 08 22:22:27 GMT 2024","passed","Fri Nov 08 22:22:27 GMT 2024","","HYPERON-EXPERIMENTAL-SCRIPTS","HYPERON-EXPERIMENTAL-SCRIPTS",""
"","8000","metta-morph_tests.letlet","","Fri Nov 08 22:17:10 GMT 2024","passed","Fri Nov 08 22:17:18 GMT 2024","","WHOLE-TESTS","WHOLE-TESTS",""
"","1","SEQUENTIAL-NESTED.06","","Fri Nov 08 22:35:04 GMT 2024","passed","Fri Nov 08 22:35:04 GMT 2024","","METTA-MORPH-TESTS","METTA-MORPH-TESTS",""
"","2","LIMIT-TESTS.15","","Fri Nov 08 22:25:38 GMT 2024","passed","Fri Nov 08 22:25:38 GMT 2024","","HYPERON-METTALOG-SANITY","HYPERON-METTALOG-SANITY",""
"","2","STRING-TESTS.08","","Fri Nov 08 22:25:38 GMT 2024","passed","Fri Nov 08 22:25:38 GMT 2024","","HYPERON-METTALOG-SANITY","HYPERON-METTALOG-SANITY",""
"","2","CATCH-THROW-TESTS.09","","Fri Nov 08 22:25:38 GMT 2024","passed","Fri Nov 08 22:25:38 GMT 2024","","HYPERON-METTALOG-SANITY","HYPERON-METTALOG-SANITY",""
"","2","HYPERPOSE.07","","Fri Nov 08 22:35:04 GMT 2024","passed","Fri Nov 08 22:35:04 GMT 2024","","METTA-MORPH-TESTS","METTA-MORPH-TESTS",""
"","2","MATCH-VOID.08","","Fri Nov 08 22:35:04 GMT 2024","passed","Fri Nov 08 22:35:04 GMT 2024","","METTA-MORPH-TESTS","METTA-MORPH-TESTS",""
"","2","D2-HIGHERFUNC.03","","Fri Nov 08 22:38:55 GMT 2024","passed","Fri Nov 08 22:38:55 GMT 2024","","QUICK","QUICK",""
"","3","MINIMAL-METTA-TESTS.43","","Fri Nov 08 22:25:38 GMT 2024","passed","Fri Nov 08 22:25:38 GMT 2024","","HYPERON-METTALOG-SANITY","HYPERON-METTALOG-SANITY",""
"","2","MATCH-VOID.10","","Fri Nov 08 22:35:04 GMT 2024","passed","Fri Nov 08 22:35:04 GMT 2024","","METTA-MORPH-TESTS","METTA-MORPH-TESTS",""
"","56","G1-DOCS.03","","Fri Nov 08 22:22:27 GMT 2024","failed","Fri Nov 08 22:22:27 GMT 2024","","HYPERON-EXPERIMENTAL-SCRIPTS","HYPERON-EXPERIMENTAL-SCRIPTS",""
"","4","F1-MODULEA.01","","Fri Nov 08 22:38:55 GMT 2024","passed","Fri Nov 08 22:38:55 GMT 2024","","QUICK","QUICK",""
"","1","OR-TEST.13","","Fri Nov 08 22:25:38 GMT 2024","passed","Fri Nov 08 22:25:38 GMT 2024","","HYPERON-METTALOG-SANITY","HYPERON-METTALOG-SANITY",""
"","3","FIRST-ANSWER.02","","Fri Nov 08 22:25:38 GMT 2024","passed","Fri Nov 08 22:25:38 GMT 2024","","HYPERON-METTALOG-SANITY","HYPERON-METTALOG-SANITY",""
"","198","TIME-SYNTHESIZE-LONG.03","","Fri Nov 08 22:32:26 GMT 2024","failed","Fri Nov 08 22:32:26 GMT 2024","","SYNTH-BUFFER","SYNTH-BUFFER",""
"","1","C1-GROUNDED-BASIC.06","","Fri Nov 08 22:22:27 GMT 2024","passed","Fri Nov 08 22:22:27 GMT 2024","","HYPERON-EXPERIMENTAL-SCRIPTS","HYPERON-EXPERIMENTAL-SCRIPTS",""
"","3","D4-TYPE-PROP.17","","Fri Nov 08 22:38:55 GMT 2024","passed","Fri Nov 08 22:38:55 GMT 2024","","QUICK","QUICK",""
"","2","LIMIT-TESTS.13","","Fri Nov 08 22:25:38 GMT 2024","passed","Fri Nov 08 22:25:38 GMT 2024","","HYPERON-METTALOG-SANITY","HYPERON-METTALOG-SANITY",""
"","138","MINIMAL-METTA-TESTS.39","","Fri Nov 08 22:25:38 GMT 2024","failed","Fri Nov 08 22:25:38 GMT 2024","","HYPERON-METTALOG-SANITY","HYPERON-METTALOG-SANITY",""
"","9","00-LANG-CASE.12","","Fri Nov 08 22:25:38 GMT 2024","passed","Fri Nov 08 22:25:38 GMT 2024","","HYPERON-METTALOG-SANITY","HYPERON-METTALOG-SANITY",""
"","87","EVAL-FOR-TESTS.12","","Fri Nov 08 22:25:38 GMT 2024","failed","Fri Nov 08 22:25:38 GMT 2024","","HYPERON-METTALOG-SANITY","HYPERON-METTALOG-SANITY",""
"","65","D2-HIGHERFUNC.07","","Fri Nov 08 22:22:27 GMT 2024","failed","Fri Nov 08 22:22:27 GMT 2024","","HYPERON-EXPERIMENTAL-SCRIPTS","HYPERON-EXPERIMENTAL-SCRIPTS",""
"","11","BCHAIN-COMP.05","","Fri Nov 08 22:17:18 GMT 2024","passed","Fri Nov 08 22:17:18 GMT 2024","","ANTI-REGRESSION","ANTI-REGRESSION",""
"","48","D5-AUTO-TYPES.02","","Fri Nov 08 22:22:27 GMT 2024","failed","Fri Nov 08 22:22:27 GMT 2024","","HYPERON-EXPERIMENTAL-SCRIPTS","HYPERON-EXPERIMENTAL-SCRIPTS",""
"","3","STRING-TESTS.12","","Fri Nov 08 22:25:38 GMT 2024","passed","Fri Nov 08 22:25:38 GMT 2024","","HYPERON-METTALOG-SANITY","HYPERON-METTALOG-SANITY",""
"","2","SUPERCOLLAPSE.03","","Fri Nov 08 22:35:04 GMT 2024","passed","Fri Nov 08 22:35:04 GMT 2024","","METTA-MORPH-TESTS","METTA-MORPH-TESTS",""
"","9000","hyperon-mettalog_sanity.structure-tests","","Fri Nov 08 22:17:10 GMT 2024","passed","Fri Nov 08 22:17:19 GMT 2024","","WHOLE-TESTS","WHOLE-TESTS",""
"","3","00-LANG-CASE.01","","Fri Nov 08 22:25:38 GMT 2024","passed","Fri Nov 08 22:25:38 GMT 2024","","HYPERON-METTALOG-SANITY","HYPERON-METTALOG-SANITY",""
"","2","UNIQUE-TEST.05","","Fri Nov 08 22:25:38 GMT 2024","passed","Fri Nov 08 22:25:38 GMT 2024","","HYPERON-METTALOG-SANITY","HYPERON-METTALOG-SANITY",""
"","141","PY-TYPES.05","","Fri Nov 08 22:25:38 GMT 2024","failed","Fri Nov 08 22:25:38 GMT 2024","","HYPERON-METTALOG-SANITY","HYPERON-METTALOG-SANITY",""
"","2","OUTPUT-LOAD-TESTS.06","","Fri Nov 08 22:25:38 GMT 2024","passed","Fri Nov 08 22:25:38 GMT 2024","","HYPERON-METTALOG-SANITY","HYPERON-METTALOG-SANITY",""
"","9000","anti-regression.bchain_comp","","Fri Nov 08 22:17:10 GMT 2024","passed","Fri Nov 08 22:17:19 GMT 2024","","WHOLE-TESTS","WHOLE-TESTS",""
"","1","C1-GROUNDED-BASIC.13","","Fri Nov 08 22:22:27 GMT 2024","passed","Fri Nov 08 22:22:27 GMT 2024","","HYPERON-EXPERIMENTAL-SCRIPTS","HYPERON-EXPERIMENTAL-SCRIPTS",""
"","50","F1-IMPORTS.19","","Fri Nov 08 22:38:55 GMT 2024","passed","Fri Nov 08 22:38:55 GMT 2024","","QUICK","QUICK",""
"","2","A3-TWOSIDE.01","","Fri Nov 08 22:22:27 GMT 2024","passed","Fri Nov 08 22:22:27 GMT 2024","","HYPERON-EXPERIMENTAL-SCRIPTS","HYPERON-EXPERIMENTAL-SCRIPTS",""
"","15","MATCH-VOID.05","","Fri Nov 08 22:35:04 GMT 2024","passed","Fri Nov 08 22:35:04 GMT 2024","","METTA-MORPH-TESTS","METTA-MORPH-TESTS",""
"","9000","hyperon-mettalog_sanity.find_all_tests","","Fri Nov 08 22:17:10 GMT 2024","passed","Fri Nov 08 22:17:19 GMT 2024","","WHOLE-TESTS","WHOLE-TESTS",""
"","8000","hyperon-experimental_scripts.b1_equal_chain","","Fri Nov 08 22:17:10 GMT 2024","passed","Fri Nov 08 22:17:18 GMT 2024","","WHOLE-TESTS","WHOLE-TESTS",""
"","3","D3-DEPTYPES.03","","Fri Nov 08 22:22:27 GMT 2024","passed","Fri Nov 08 22:22:27 GMT 2024","","HYPERON-EXPERIMENTAL-SCRIPTS","HYPERON-EXPERIMENTAL-SCRIPTS",""
"","2","FIND-ALL-TESTS.05","","Fri Nov 08 22:25:38 GMT 2024","passed","Fri Nov 08 22:25:38 GMT 2024","","HYPERON-METTALOG-SANITY","HYPERON-METTALOG-SANITY",""
"","3","HYPERPOSE-TESTS.01","","Fri Nov 08 22:25:38 GMT 2024","passed","Fri Nov 08 22:25:38 GMT 2024","","HYPERON-METTALOG-SANITY","HYPERON-METTALOG-SANITY",""
"","2","STRING-TESTS.05","","Fri Nov 08 22:25:38 GMT 2024","passed","Fri Nov 08 22:25:38 GMT 2024","","HYPERON-METTALOG-SANITY","HYPERON-METTALOG-SANITY",""
"","1","STRING-TESTS.10","","Fri Nov 08 22:25:38 GMT 2024","passed","Fri Nov 08 22:25:38 GMT 2024","","HYPERON-METTALOG-SANITY","HYPERON-METTALOG-SANITY",""
"","1","D1-GADT.08","","Fri Nov 08 22:38:55 GMT 2024","passed","Fri Nov 08 22:38:55 GMT 2024","","QUICK","QUICK",""
"","8000","hyperon-experimental_scripts.a2_opencoggy","","Fri Nov 08 22:17:10 GMT 2024","passed","Fri Nov 08 22:17:18 GMT 2024","","WHOLE-TESTS","WHOLE-TESTS",""
"","115","MINIMAL-METTA-TESTS.25","","Fri Nov 08 22:25:38 GMT 2024","failed","Fri Nov 08 22:25:38 GMT 2024","","HYPERON-METTALOG-SANITY","HYPERON-METTALOG-SANITY",""
"","384","TESTS0.06","","Fri Nov 08 22:35:04 GMT 2024","passed","Fri Nov 08 22:35:04 GMT 2024","","METTA-MORPH-TESTS","METTA-MORPH-TESTS",""
"","1","D1-GADT.07","","Fri Nov 08 22:38:55 GMT 2024","passed","Fri Nov 08 22:38:55 GMT 2024","","QUICK","QUICK",""
"","49","B5-TYPES-PRELIM.15","","Fri Nov 08 22:22:27 GMT 2024","failed","Fri Nov 08 22:22:27 GMT 2024","","HYPERON-EXPERIMENTAL-SCRIPTS","HYPERON-EXPERIMENTAL-SCRIPTS",""
"","1","C1-GROUNDED-BASIC.03","","Fri Nov 08 22:22:27 GMT 2024","passed","Fri Nov 08 22:22:27 GMT 2024","","HYPERON-EXPERIMENTAL-SCRIPTS","HYPERON-EXPERIMENTAL-SCRIPTS",""
"","1","F1-IMPORTS.10","","Fri Nov 08 22:22:27 GMT 2024","passed","Fri Nov 08 22:22:27 GMT 2024","","HYPERON-EXPERIMENTAL-SCRIPTS","HYPERON-EXPERIMENTAL-SCRIPTS",""
"","3","03-SORING-VIA-INSERT.02","","Fri Nov 08 22:25:38 GMT 2024","passed","Fri Nov 08 22:25:38 GMT 2024","","HYPERON-METTALOG-SANITY","HYPERON-METTALOG-SANITY",""
"","2","E2-STATES.11","","Fri Nov 08 22:22:27 GMT 2024","passed","Fri Nov 08 22:22:27 GMT 2024","","HYPERON-EXPERIMENTAL-SCRIPTS","HYPERON-EXPERIMENTAL-SCRIPTS",""
"","4","UNIQUE-TEST.13","","Fri Nov 08 22:25:38 GMT 2024","passed","Fri Nov 08 22:25:38 GMT 2024","","HYPERON-METTALOG-SANITY","HYPERON-METTALOG-SANITY",""
"","120","D5-AUTO-TYPES.04","","Fri Nov 08 22:22:27 GMT 2024","failed","Fri Nov 08 22:22:27 GMT 2024","","HYPERON-EXPERIMENTAL-SCRIPTS","HYPERON-EXPERIMENTAL-SCRIPTS",""
"","3","STRING-TESTS.21","","Fri Nov 08 22:25:38 GMT 2024","passed","Fri Nov 08 22:25:38 GMT 2024","","HYPERON-METTALOG-SANITY","HYPERON-METTALOG-SANITY",""
"","4","SEALED-TEST.07","","Fri Nov 08 22:25:38 GMT 2024","passed","Fri Nov 08 22:25:38 GMT 2024","","HYPERON-METTALOG-SANITY","HYPERON-METTALOG-SANITY",""
"","3","TEST-SPO-1000.01","","Fri Nov 08 22:18:34 GMT 2024","passed","Fri Nov 08 22:18:34 GMT 2024","","METTA-WAM-ISSUE-116","METTA-WAM-ISSUE-116",""
"","1","C1-GROUNDED-BASIC.10","","Fri Nov 08 22:38:55 GMT 2024","passed","Fri Nov 08 22:38:55 GMT 2024","","QUICK","QUICK",""
"","3","00-LANG-CASE.02","","Fri Nov 08 22:25:38 GMT 2024","passed","Fri Nov 08 22:25:38 GMT 2024","","HYPERON-METTALOG-SANITY","HYPERON-METTALOG-SANITY",""
"","1","LIMIT-TESTS.02","","Fri Nov 08 22:25:38 GMT 2024","passed","Fri Nov 08 22:25:38 GMT 2024","","HYPERON-METTALOG-SANITY","HYPERON-METTALOG-SANITY",""
"","8000","hyperon-experimental_scripts.c2_spaces","","Fri Nov 08 22:17:10 GMT 2024","passed","Fri Nov 08 22:17:18 GMT 2024","","WHOLE-TESTS","WHOLE-TESTS",""
"","2","STRING-TESTS.17","","Fri Nov 08 22:25:38 GMT 2024","passed","Fri Nov 08 22:25:38 GMT 2024","","HYPERON-METTALOG-SANITY","HYPERON-METTALOG-SANITY",""
"","2","F1-IMPORTS.10","","Fri Nov 08 22:38:55 GMT 2024","passed","Fri Nov 08 22:38:55 GMT 2024","","QUICK","QUICK",""
"","2","D1-GADT.11","","Fri Nov 08 22:22:27 GMT 2024","passed","Fri Nov 08 22:22:27 GMT 2024","","HYPERON-EXPERIMENTAL-SCRIPTS","HYPERON-EXPERIMENTAL-SCRIPTS",""
"","1","C1-GROUNDED-BASIC.03","","Fri Nov 08 22:38:55 GMT 2024","passed","Fri Nov 08 22:38:55 GMT 2024","","QUICK","QUICK",""
"","2","CALL-TESTS.04","","Fri Nov 08 22:25:38 GMT 2024","passed","Fri Nov 08 22:25:38 GMT 2024","","HYPERON-METTALOG-SANITY","HYPERON-METTALOG-SANITY",""
"","3","UNIQUE-TEST.06","","Fri Nov 08 22:25:38 GMT 2024","passed","Fri Nov 08 22:25:38 GMT 2024","","HYPERON-METTALOG-SANITY","HYPERON-METTALOG-SANITY",""
"","3923","PY-TYPES-2.01","","Fri Nov 08 22:25:38 GMT 2024","passed","Fri Nov 08 22:25:41 GMT 2024","","HYPERON-METTALOG-SANITY","HYPERON-METTALOG-SANITY",""
"","4","IDENTITY.01","","Fri Nov 08 22:35:04 GMT 2024","passed","Fri Nov 08 22:35:04 GMT 2024","","METTA-MORPH-TESTS","METTA-MORPH-TESTS",""
"","99","PY-TYPES.03","","Fri Nov 08 22:25:38 GMT 2024","passed","Fri Nov 08 22:25:38 GMT 2024","","HYPERON-METTALOG-SANITY","HYPERON-METTALOG-SANITY",""
"","2","UNIQUE-TEST.09","","Fri Nov 08 22:25:38 GMT 2024","passed","Fri Nov 08 22:25:38 GMT 2024","","HYPERON-METTALOG-SANITY","HYPERON-METTALOG-SANITY",""
"","1","B5-TYPES-PRELIM.12","","Fri Nov 08 22:22:27 GMT 2024","passed","Fri Nov 08 22:22:27 GMT 2024","","HYPERON-EXPERIMENTAL-SCRIPTS","HYPERON-EXPERIMENTAL-SCRIPTS",""
"","3","STRING-TESTS.11","","Fri Nov 08 22:25:38 GMT 2024","passed","Fri Nov 08 22:25:38 GMT 2024","","HYPERON-METTALOG-SANITY","HYPERON-METTALOG-SANITY",""
"","3","XOR-TEST.11","","Fri Nov 08 22:25:38 GMT 2024","passed","Fri Nov 08 22:25:38 GMT 2024","","HYPERON-METTALOG-SANITY","HYPERON-METTALOG-SANITY",""
"","3","ZEROARGS.01","","Fri Nov 08 22:35:04 GMT 2024","passed","Fri Nov 08 22:35:04 GMT 2024","","METTA-MORPH-TESTS","METTA-MORPH-TESTS",""
"","9","D4-TYPE-PROP.03","","Fri Nov 08 22:38:55 GMT 2024","passed","Fri Nov 08 22:38:55 GMT 2024","","QUICK","QUICK",""
"","3","D2-HIGHERFUNC.19","","Fri Nov 08 22:38:55 GMT 2024","passed","Fri Nov 08 22:38:55 GMT 2024","","QUICK","QUICK",""
"","8000","metta-morph_tests.add_atom_match","","Fri Nov 08 22:17:10 GMT 2024","passed","Fri Nov 08 22:17:18 GMT 2024","","WHOLE-TESTS","WHOLE-TESTS",""
"","8000","metta-morph_tests.types2","","Fri Nov 08 22:17:10 GMT 2024","passed","Fri Nov 08 22:17:18 GMT 2024","","WHOLE-TESTS","WHOLE-TESTS",""
"","2","D2-HIGHERFUNC.02","","Fri Nov 08 22:38:55 GMT 2024","passed","Fri Nov 08 22:38:55 GMT 2024","","QUICK","QUICK",""
"","1","TEST-IF-CLOSED.06","","Fri Nov 08 22:17:18 GMT 2024","passed","Fri Nov 08 22:17:18 GMT 2024","","ANTI-REGRESSION","ANTI-REGRESSION",""
"","1","F1-IMPORTS.18","","Fri Nov 08 22:22:27 GMT 2024","passed","Fri Nov 08 22:22:27 GMT 2024","","HYPERON-EXPERIMENTAL-SCRIPTS","HYPERON-EXPERIMENTAL-SCRIPTS",""
"","102","MINIMAL-METTA-TESTS.24","","Fri Nov 08 22:25:38 GMT 2024","failed","Fri Nov 08 22:25:38 GMT 2024","","HYPERON-METTALOG-SANITY","HYPERON-METTALOG-SANITY",""
"","48","MINIMAL-METTA-TESTS.09","","Fri Nov 08 22:25:38 GMT 2024","passed","Fri Nov 08 22:25:38 GMT 2024","","HYPERON-METTALOG-SANITY","HYPERON-METTALOG-SANITY",""
"","42000","anti-regression.debug_mettalogTestCurried","","Fri Nov 08 22:17:10 GMT 2024","failed","Fri Nov 08 22:17:52 GMT 2024","","WHOLE-TESTS","WHOLE-TESTS",""
"","22","BCHAIN-COMP.06","","Fri Nov 08 22:17:18 GMT 2024","passed","Fri Nov 08 22:17:18 GMT 2024","","ANTI-REGRESSION","ANTI-REGRESSION",""
"","3","D2-HIGHERFUNC.05","","Fri Nov 08 22:38:55 GMT 2024","passed","Fri Nov 08 22:38:55 GMT 2024","","QUICK","QUICK",""
"","4","PRINT-GRAPH.01","","Fri Nov 08 22:20:21 GMT 2024","passed","Fri Nov 08 22:20:21 GMT 2024","","METTA-WAM-ISSUE-145","METTA-WAM-ISSUE-145",""
"","8000","quick.d4_type_prop","","Fri Nov 08 22:17:10 GMT 2024","passed","Fri Nov 08 22:17:18 GMT 2024","","WHOLE-TESTS","WHOLE-TESTS",""
"","59","E3-MATCH-STATES.03","","Fri Nov 08 22:22:27 GMT 2024","failed","Fri Nov 08 22:22:27 GMT 2024","","HYPERON-EXPERIMENTAL-SCRIPTS","HYPERON-EXPERIMENTAL-SCRIPTS",""
"","3","INTERSECTION-TESTS.24","","Fri Nov 08 22:25:38 GMT 2024","passed","Fri Nov 08 22:25:38 GMT 2024","","HYPERON-METTALOG-SANITY","HYPERON-METTALOG-SANITY",""
"","3","D4-TYPE-PROP.12","","Fri Nov 08 22:38:55 GMT 2024","passed","Fri Nov 08 22:38:55 GMT 2024","","QUICK","QUICK",""
"","1","C1-GROUNDED-BASIC.10","","Fri Nov 08 22:22:27 GMT 2024","passed","Fri Nov 08 22:22:27 GMT 2024","","HYPERON-EXPERIMENTAL-SCRIPTS","HYPERON-EXPERIMENTAL-SCRIPTS",""
"","2","CATCH-THROW-TESTS.03","","Fri Nov 08 22:25:38 GMT 2024","passed","Fri Nov 08 22:25:38 GMT 2024","","HYPERON-METTALOG-SANITY","HYPERON-METTALOG-SANITY",""
"","2","B0-CHAINING-PRELIM.05","","Fri Nov 08 22:22:27 GMT 2024","passed","Fri Nov 08 22:22:27 GMT 2024","","HYPERON-EXPERIMENTAL-SCRIPTS","HYPERON-EXPERIMENTAL-SCRIPTS",""
"","8000","hyperon-mettalog_sanity.base_test_repr_parse_intersection","","Fri Nov 08 22:17:10 GMT 2024","passed","Fri Nov 08 22:17:18 GMT 2024","","WHOLE-TESTS","WHOLE-TESTS",""
"","2","C1-GROUNDED-BASIC.21","","Fri Nov 08 22:38:55 GMT 2024","passed","Fri Nov 08 22:38:55 GMT 2024","","QUICK","QUICK",""
"","8000","hyperon-mettalog_sanity.first_answer_long","","Fri Nov 08 22:17:10 GMT 2024","passed","Fri Nov 08 22:17:18 GMT 2024","","WHOLE-TESTS","WHOLE-TESTS",""
"","2","TEST-IF-CLOSED.10","","Fri Nov 08 22:17:18 GMT 2024","passed","Fri Nov 08 22:17:18 GMT 2024","","ANTI-REGRESSION","ANTI-REGRESSION",""
"","3","06-MATCH-IN-SPACE.05","","Fri Nov 08 22:25:38 GMT 2024","passed","Fri Nov 08 22:25:38 GMT 2024","","HYPERON-METTALOG-SANITY","HYPERON-METTALOG-SANITY",""
"","8000","module-system.c2_spaces","","Fri Nov 08 22:17:10 GMT 2024","passed","Fri Nov 08 22:17:18 GMT 2024","","WHOLE-TESTS","WHOLE-TESTS",""
"","1","D3-DEPTYPES.07","","Fri Nov 08 22:22:27 GMT 2024","passed","Fri Nov 08 22:22:27 GMT 2024","","HYPERON-EXPERIMENTAL-SCRIPTS","HYPERON-EXPERIMENTAL-SCRIPTS",""
"","1","XOR-TEST.08","","Fri Nov 08 22:25:38 GMT 2024","passed","Fri Nov 08 22:25:38 GMT 2024","","HYPERON-METTALOG-SANITY","HYPERON-METTALOG-SANITY",""
"","3","OUTPUT-LOAD-TESTS.09","","Fri Nov 08 22:25:38 GMT 2024","passed","Fri Nov 08 22:25:38 GMT 2024","","HYPERON-METTALOG-SANITY","HYPERON-METTALOG-SANITY",""
"","81","BASE-TEST-REPR-PARSE-INTERSECTION.02","","Fri Nov 08 22:25:38 GMT 2024","passed","Fri Nov 08 22:25:38 GMT 2024","","HYPERON-METTALOG-SANITY","HYPERON-METTALOG-SANITY",""
"","54","FUNCTIONAL-PROGRAMMING-TESTS.06","","Fri Nov 08 22:25:38 GMT 2024","failed","Fri Nov 08 22:25:38 GMT 2024","","HYPERON-METTALOG-SANITY","HYPERON-METTALOG-SANITY",""
"","50","F1-IMPORTS.19","","Fri Nov 08 22:22:27 GMT 2024","passed","Fri Nov 08 22:22:27 GMT 2024","","HYPERON-EXPERIMENTAL-SCRIPTS","HYPERON-EXPERIMENTAL-SCRIPTS",""
"","2","LET-SUPERPOSE-IF-CASE.02","","Fri Nov 08 22:35:04 GMT 2024","passed","Fri Nov 08 22:35:04 GMT 2024","","METTA-MORPH-TESTS","METTA-MORPH-TESTS",""
"","84","MINIMAL-METTA-TESTS.18","","Fri Nov 08 22:25:38 GMT 2024","failed","Fri Nov 08 22:25:38 GMT 2024","","HYPERON-METTALOG-SANITY","HYPERON-METTALOG-SANITY",""
"","4","G1-DOCS.01","","Fri Nov 08 22:22:27 GMT 2024","passed","Fri Nov 08 22:22:27 GMT 2024","","HYPERON-EXPERIMENTAL-SCRIPTS","HYPERON-EXPERIMENTAL-SCRIPTS",""
"","2","OR-TEST.06","","Fri Nov 08 22:25:38 GMT 2024","passed","Fri Nov 08 22:25:38 GMT 2024","","HYPERON-METTALOG-SANITY","HYPERON-METTALOG-SANITY",""
"","1","C1-GROUNDED-BASIC.09","","Fri Nov 08 22:38:55 GMT 2024","passed","Fri Nov 08 22:38:55 GMT 2024","","QUICK","QUICK",""
"","90","E2-STATES.07","","Fri Nov 08 22:22:27 GMT 2024","failed","Fri Nov 08 22:22:27 GMT 2024","","HYPERON-EXPERIMENTAL-SCRIPTS","HYPERON-EXPERIMENTAL-SCRIPTS",""
"","802","REPRESENT-AND-PARSE-TESTS.01","","Fri Nov 08 22:25:38 GMT 2024","failed","Fri Nov 08 22:25:38 GMT 2024","","HYPERON-METTALOG-SANITY","HYPERON-METTALOG-SANITY",""
"","1","B3-DIRECT.02","","Fri Nov 08 22:22:27 GMT 2024","passed","Fri Nov 08 22:22:27 GMT 2024","","HYPERON-EXPERIMENTAL-SCRIPTS","HYPERON-EXPERIMENTAL-SCRIPTS",""
"","2","B5-TYPES-PRELIM.16","","Fri Nov 08 22:22:27 GMT 2024","passed","Fri Nov 08 22:22:27 GMT 2024","","HYPERON-EXPERIMENTAL-SCRIPTS","HYPERON-EXPERIMENTAL-SCRIPTS",""
"","9000","anti-regression.bc_comp","","Fri Nov 08 22:17:10 GMT 2024","passed","Fri Nov 08 22:17:19 GMT 2024","","WHOLE-TESTS","WHOLE-TESTS",""
"","1","SPACE-SUBTRACTION-TESTS.06","","Fri Nov 08 22:25:38 GMT 2024","passed","Fri Nov 08 22:25:38 GMT 2024","","HYPERON-METTALOG-SANITY","HYPERON-METTALOG-SANITY",""
"","2","SUPERCOLLAPSE.02","","Fri Nov 08 22:35:04 GMT 2024","passed","Fri Nov 08 22:35:04 GMT 2024","","METTA-MORPH-TESTS","METTA-MORPH-TESTS",""
"","2","REPRESENT-AND-PARSE-TESTS.02","","Fri Nov 08 22:25:38 GMT 2024","passed","Fri Nov 08 22:25:38 GMT 2024","","HYPERON-METTALOG-SANITY","HYPERON-METTALOG-SANITY",""
"","2","B1-EQUAL-CHAIN.05","","Fri Nov 08 22:22:27 GMT 2024","passed","Fri Nov 08 22:22:27 GMT 2024","","HYPERON-EXPERIMENTAL-SCRIPTS","HYPERON-EXPERIMENTAL-SCRIPTS",""
"","11752","TIME-SYNTHESIZE.02","","Fri Nov 08 22:32:26 GMT 2024","failed","Fri Nov 08 22:32:37 GMT 2024","","SYNTH-BUFFER","SYNTH-BUFFER",""
"","3","FUNCTIONAL-PROGRAMMING-TESTS.01","","Fri Nov 08 22:25:38 GMT 2024","passed","Fri Nov 08 22:25:38 GMT 2024","","HYPERON-METTALOG-SANITY","HYPERON-METTALOG-SANITY",""
"","8000","hyperon-mettalog_sanity.sealed_test","","Fri Nov 08 22:17:10 GMT 2024","passed","Fri Nov 08 22:17:18 GMT 2024","","WHOLE-TESTS","WHOLE-TESTS",""
"","2","FIND-ALL-TESTS.04","","Fri Nov 08 22:25:38 GMT 2024","passed","Fri Nov 08 22:25:38 GMT 2024","","HYPERON-METTALOG-SANITY","HYPERON-METTALOG-SANITY",""
"","2","OUTPUT-LOAD-TESTS.02","","Fri Nov 08 22:25:38 GMT 2024","passed","Fri Nov 08 22:25:38 GMT 2024","","HYPERON-METTALOG-SANITY","HYPERON-METTALOG-SANITY",""
"","2","HYPERPOSE.04","","Fri Nov 08 22:35:04 GMT 2024","passed","Fri Nov 08 22:35:04 GMT 2024","","METTA-MORPH-TESTS","METTA-MORPH-TESTS",""
"","2","LIMIT-TESTS.07","","Fri Nov 08 22:25:38 GMT 2024","passed","Fri Nov 08 22:25:38 GMT 2024","","HYPERON-METTALOG-SANITY","HYPERON-METTALOG-SANITY",""
"","8000","hyperon-mettalog_sanity.or_test","","Fri Nov 08 22:17:10 GMT 2024","passed","Fri Nov 08 22:17:18 GMT 2024","","WHOLE-TESTS","WHOLE-TESTS",""
"","2","D2-HIGHERFUNC.15","","Fri Nov 08 22:38:55 GMT 2024","passed","Fri Nov 08 22:38:55 GMT 2024","","QUICK","QUICK",""
"","47","C1-GROUNDED-BASIC.15","","Fri Nov 08 22:38:55 GMT 2024","failed","Fri Nov 08 22:38:55 GMT 2024","","QUICK","QUICK",""
"","2","OUTPUT-LOAD-TESTS.13","","Fri Nov 08 22:25:38 GMT 2024","passed","Fri Nov 08 22:25:38 GMT 2024","","HYPERON-METTALOG-SANITY","HYPERON-METTALOG-SANITY",""
"","3","SPACE-SUBTRACTION-TESTS.01","","Fri Nov 08 22:25:38 GMT 2024","passed","Fri Nov 08 22:25:38 GMT 2024","","HYPERON-METTALOG-SANITY","HYPERON-METTALOG-SANITY",""
"","9000","metta-morph_tests.let_superpose_if_case","","Fri Nov 08 22:17:10 GMT 2024","passed","Fri Nov 08 22:17:19 GMT 2024","","WHOLE-TESTS","WHOLE-TESTS",""
"","2","00-LANG-CASE.14","","Fri Nov 08 22:25:38 GMT 2024","passed","Fri Nov 08 22:25:38 GMT 2024","","HYPERON-METTALOG-SANITY","HYPERON-METTALOG-SANITY",""
"","8000","metta-morph_tests.if","","Fri Nov 08 22:17:10 GMT 2024","passed","Fri Nov 08 22:17:18 GMT 2024","","WHOLE-TESTS","WHOLE-TESTS",""
"","59","BCHAIN-COMP.01","","Fri Nov 08 22:17:18 GMT 2024","failed","Fri Nov 08 22:17:18 GMT 2024","","ANTI-REGRESSION","ANTI-REGRESSION",""
"","1","TEST-IF-CLOSED.09","","Fri Nov 08 22:17:18 GMT 2024","passed","Fri Nov 08 22:17:18 GMT 2024","","ANTI-REGRESSION","ANTI-REGRESSION",""
"","8000","hyperon-mettalog_sanity.max_time_tests","","Fri Nov 08 22:17:10 GMT 2024","passed","Fri Nov 08 22:17:18 GMT 2024","","WHOLE-TESTS","WHOLE-TESTS",""
"","61","D5-AUTO-TYPES.01","","Fri Nov 08 22:22:27 GMT 2024","failed","Fri Nov 08 22:22:27 GMT 2024","","HYPERON-EXPERIMENTAL-SCRIPTS","HYPERON-EXPERIMENTAL-SCRIPTS",""
"","1","CALL-CLEANUP-TESTS.05","","Fri Nov 08 22:25:38 GMT 2024","passed","Fri Nov 08 22:25:38 GMT 2024","","HYPERON-METTALOG-SANITY","HYPERON-METTALOG-SANITY",""
"","1","F1-MODULEA.04","","Fri Nov 08 22:22:27 GMT 2024","passed","Fri Nov 08 22:22:27 GMT 2024","","HYPERON-EXPERIMENTAL-SCRIPTS","HYPERON-EXPERIMENTAL-SCRIPTS",""
"","3","SUPERCOLLAPSE.06","","Fri Nov 08 22:35:04 GMT 2024","passed","Fri Nov 08 22:35:04 GMT 2024","","METTA-MORPH-TESTS","METTA-MORPH-TESTS",""
"","2","SEQUENTIAL-TESTS.01","","Fri Nov 08 22:25:38 GMT 2024","passed","Fri Nov 08 22:25:38 GMT 2024","","HYPERON-METTALOG-SANITY","HYPERON-METTALOG-SANITY",""
"","4","SPACE-SUBTRACTION-TESTS.04","","Fri Nov 08 22:25:38 GMT 2024","passed","Fri Nov 08 22:25:38 GMT 2024","","HYPERON-METTALOG-SANITY","HYPERON-METTALOG-SANITY",""
"","2","SEQUENTIAL-NESTED.08","","Fri Nov 08 22:35:04 GMT 2024","passed","Fri Nov 08 22:35:04 GMT 2024","","METTA-MORPH-TESTS","METTA-MORPH-TESTS",""
"","4","E3-MATCH-STATES.01","","Fri Nov 08 22:22:27 GMT 2024","passed","Fri Nov 08 22:22:27 GMT 2024","","HYPERON-EXPERIMENTAL-SCRIPTS","HYPERON-EXPERIMENTAL-SCRIPTS",""
"","3","B4-NONDETERM.09","","Fri Nov 08 22:22:27 GMT 2024","passed","Fri Nov 08 22:22:27 GMT 2024","","HYPERON-EXPERIMENTAL-SCRIPTS","HYPERON-EXPERIMENTAL-SCRIPTS",""
"","2","D4-TYPE-PROP.07","","Fri Nov 08 22:22:27 GMT 2024","passed","Fri Nov 08 22:22:27 GMT 2024","","HYPERON-EXPERIMENTAL-SCRIPTS","HYPERON-EXPERIMENTAL-SCRIPTS",""
"","1","00-LANG-CASE.18","","Fri Nov 08 22:25:38 GMT 2024","passed","Fri Nov 08 22:25:38 GMT 2024","","HYPERON-METTALOG-SANITY","HYPERON-METTALOG-SANITY",""
"","9","SPACE-INTERSECTION-TESTS.16","","Fri Nov 08 22:25:38 GMT 2024","failed","Fri Nov 08 22:25:38 GMT 2024","","HYPERON-METTALOG-SANITY","HYPERON-METTALOG-SANITY",""
"","9","METTALOGTESTCURRIED2.07","","Fri Nov 08 22:17:18 GMT 2024","passed","Fri Nov 08 22:17:18 GMT 2024","","ANTI-REGRESSION","ANTI-REGRESSION",""
"","65","B4-NONDETERM.03","","Fri Nov 08 22:22:27 GMT 2024","passed","Fri Nov 08 22:22:27 GMT 2024","","HYPERON-EXPERIMENTAL-SCRIPTS","HYPERON-EXPERIMENTAL-SCRIPTS",""
"","2","XOR-TEST.05","","Fri Nov 08 22:25:38 GMT 2024","passed","Fri Nov 08 22:25:38 GMT 2024","","HYPERON-METTALOG-SANITY","HYPERON-METTALOG-SANITY",""
"","2","C1-GROUNDED-BASIC.17","","Fri Nov 08 22:38:55 GMT 2024","passed","Fri Nov 08 22:38:55 GMT 2024","","QUICK","QUICK",""
"","2","STRING-TESTS.18","","Fri Nov 08 22:25:38 GMT 2024","passed","Fri Nov 08 22:25:38 GMT 2024","","HYPERON-METTALOG-SANITY","HYPERON-METTALOG-SANITY",""
"","8000","metta-morph_tests.multifunction","","Fri Nov 08 22:17:10 GMT 2024","passed","Fri Nov 08 22:17:18 GMT 2024","","WHOLE-TESTS","WHOLE-TESTS",""
"","112","OUTPUT-LOAD-TESTS.15","","Fri Nov 08 22:25:38 GMT 2024","failed","Fri Nov 08 22:25:38 GMT 2024","","HYPERON-METTALOG-SANITY","HYPERON-METTALOG-SANITY",""
"","9000","hyperon-experimental_scripts.f1_imports","","Fri Nov 08 22:17:10 GMT 2024","passed","Fri Nov 08 22:17:19 GMT 2024","","WHOLE-TESTS","WHOLE-TESTS",""
"","1","F1-MODULEA.02","","Fri Nov 08 22:22:27 GMT 2024","passed","Fri Nov 08 22:22:27 GMT 2024","","HYPERON-EXPERIMENTAL-SCRIPTS","HYPERON-EXPERIMENTAL-SCRIPTS",""
"","2","OR-TEST.04","","Fri Nov 08 22:25:38 GMT 2024","passed","Fri Nov 08 22:25:38 GMT 2024","","HYPERON-METTALOG-SANITY","HYPERON-METTALOG-SANITY",""
"","8000","hyperon-experimental_scripts.f1_moduleA","","Fri Nov 08 22:17:10 GMT 2024","passed","Fri Nov 08 22:17:18 GMT 2024","","WHOLE-TESTS","WHOLE-TESTS",""
"","1","C2-SPACES.02","","Fri Nov 08 22:17:01 GMT 2024","passed","Fri Nov 08 22:17:01 GMT 2024","","MODULE-SYSTEM","MODULE-SYSTEM",""
"","5","OR-TEST.01","","Fri Nov 08 22:25:38 GMT 2024","passed","Fri Nov 08 22:25:38 GMT 2024","","HYPERON-METTALOG-SANITY","HYPERON-METTALOG-SANITY",""
"","1","INTERSECTION-TESTS.04","","Fri Nov 08 22:25:38 GMT 2024","passed","Fri Nov 08 22:25:38 GMT 2024","","HYPERON-METTALOG-SANITY","HYPERON-METTALOG-SANITY",""
"","666","TESTS0.07","","Fri Nov 08 22:35:04 GMT 2024","passed","Fri Nov 08 22:35:04 GMT 2024","","METTA-MORPH-TESTS","METTA-MORPH-TESTS",""
"","1","SPACE-INTERSECTION-TESTS.04","","Fri Nov 08 22:25:38 GMT 2024","passed","Fri Nov 08 22:25:38 GMT 2024","","HYPERON-METTALOG-SANITY","HYPERON-METTALOG-SANITY",""
"","3","SUPERPOSE-NESTED.04","","Fri Nov 08 22:35:04 GMT 2024","passed","Fri Nov 08 22:35:04 GMT 2024","","METTA-MORPH-TESTS","METTA-MORPH-TESTS",""
"","3","B1-EQUAL-CHAIN.03","","Fri Nov 08 22:22:27 GMT 2024","passed","Fri Nov 08 22:22:27 GMT 2024","","HYPERON-EXPERIMENTAL-SCRIPTS","HYPERON-EXPERIMENTAL-SCRIPTS",""
"","8000","metta-morph_tests.supercollapse","","Fri Nov 08 22:17:10 GMT 2024","passed","Fri Nov 08 22:17:18 GMT 2024","","WHOLE-TESTS","WHOLE-TESTS",""
"","3","COMMA-IS-NOT-SPECIAL.01","","Fri Nov 08 22:17:18 GMT 2024","passed","Fri Nov 08 22:17:18 GMT 2024","","ANTI-REGRESSION","ANTI-REGRESSION",""
"","135","MINIMAL-METTA-TESTS.30","","Fri Nov 08 22:25:38 GMT 2024","failed","Fri Nov 08 22:25:38 GMT 2024","","HYPERON-METTALOG-SANITY","HYPERON-METTALOG-SANITY",""
"","3","C2-SPACES.05","","Fri Nov 08 22:22:27 GMT 2024","passed","Fri Nov 08 22:22:27 GMT 2024","","HYPERON-EXPERIMENTAL-SCRIPTS","HYPERON-EXPERIMENTAL-SCRIPTS",""
"","2","FUNCTIONAL-PROGRAMMING-TESTS.04","","Fri Nov 08 22:25:38 GMT 2024","passed","Fri Nov 08 22:25:38 GMT 2024","","HYPERON-METTALOG-SANITY","HYPERON-METTALOG-SANITY",""
"","93","INTERSECTION-TESTS.28","","Fri Nov 08 22:25:38 GMT 2024","failed","Fri Nov 08 22:25:38 GMT 2024","","HYPERON-METTALOG-SANITY","HYPERON-METTALOG-SANITY",""
"","1","PRINT-GRAPH.04","","Fri Nov 08 22:20:21 GMT 2024","passed","Fri Nov 08 22:20:21 GMT 2024","","METTA-WAM-ISSUE-145","METTA-WAM-ISSUE-145",""
"","53","B5-TYPES-PRELIM.02","","Fri Nov 08 22:22:27 GMT 2024","failed","Fri Nov 08 22:22:27 GMT 2024","","HYPERON-EXPERIMENTAL-SCRIPTS","HYPERON-EXPERIMENTAL-SCRIPTS",""
"","8000","anti-regression.test_if_closed","","Fri Nov 08 22:17:10 GMT 2024","passed","Fri Nov 08 22:17:18 GMT 2024","","WHOLE-TESTS","WHOLE-TESTS",""
"","2","D1-GADT.02","","Fri Nov 08 22:22:27 GMT 2024","passed","Fri Nov 08 22:22:27 GMT 2024","","HYPERON-EXPERIMENTAL-SCRIPTS","HYPERON-EXPERIMENTAL-SCRIPTS",""
"","1","C1-GROUNDED-BASIC.02","","Fri Nov 08 22:22:27 GMT 2024","passed","Fri Nov 08 22:22:27 GMT 2024","","HYPERON-EXPERIMENTAL-SCRIPTS","HYPERON-EXPERIMENTAL-SCRIPTS",""
"","2","D1-GADT.02","","Fri Nov 08 22:38:55 GMT 2024","passed","Fri Nov 08 22:38:55 GMT 2024","","QUICK","QUICK",""
"","2","00-LANG-CASE.16","","Fri Nov 08 22:25:38 GMT 2024","passed","Fri Nov 08 22:25:38 GMT 2024","","HYPERON-METTALOG-SANITY","HYPERON-METTALOG-SANITY",""
"","2","STRING-TESTS.06","","Fri Nov 08 22:25:38 GMT 2024","passed","Fri Nov 08 22:25:38 GMT 2024","","HYPERON-METTALOG-SANITY","HYPERON-METTALOG-SANITY",""
"","2","D1-GADT.07","","Fri Nov 08 22:22:27 GMT 2024","passed","Fri Nov 08 22:22:27 GMT 2024","","HYPERON-EXPERIMENTAL-SCRIPTS","HYPERON-EXPERIMENTAL-SCRIPTS",""
"","1","XOR-TEST.06","","Fri Nov 08 22:25:38 GMT 2024","passed","Fri Nov 08 22:25:38 GMT 2024","","HYPERON-METTALOG-SANITY","HYPERON-METTALOG-SANITY",""
"","8000","hyperon-experimental_scripts.b0_chaining_prelim","","Fri Nov 08 22:17:10 GMT 2024","passed","Fri Nov 08 22:17:18 GMT 2024","","WHOLE-TESTS","WHOLE-TESTS",""
"","1","B4-NONDETERM.06","","Fri Nov 08 22:22:27 GMT 2024","passed","Fri Nov 08 22:22:27 GMT 2024","","HYPERON-EXPERIMENTAL-SCRIPTS","HYPERON-EXPERIMENTAL-SCRIPTS",""
"","2","D2-HIGHERFUNC.16","","Fri Nov 08 22:22:27 GMT 2024","passed","Fri Nov 08 22:22:27 GMT 2024","","HYPERON-EXPERIMENTAL-SCRIPTS","HYPERON-EXPERIMENTAL-SCRIPTS",""
"","2","C1-GROUNDED-BASIC.23","","Fri Nov 08 22:38:55 GMT 2024","passed","Fri Nov 08 22:38:55 GMT 2024","","QUICK","QUICK",""
"","80","MINIMAL-METTA-TESTS.31","","Fri Nov 08 22:25:38 GMT 2024","failed","Fri Nov 08 22:25:38 GMT 2024","","HYPERON-METTALOG-SANITY","HYPERON-METTALOG-SANITY",""
"","2","F1-MODULEA.07","","Fri Nov 08 22:22:27 GMT 2024","passed","Fri Nov 08 22:22:27 GMT 2024","","HYPERON-EXPERIMENTAL-SCRIPTS","HYPERON-EXPERIMENTAL-SCRIPTS",""
"","3","SPACE-INTERSECTION-TESTS.01","","Fri Nov 08 22:25:38 GMT 2024","passed","Fri Nov 08 22:25:38 GMT 2024","","HYPERON-METTALOG-SANITY","HYPERON-METTALOG-SANITY",""
"","2","FIND-ALL-TESTS.07","","Fri Nov 08 22:25:38 GMT 2024","passed","Fri Nov 08 22:25:38 GMT 2024","","HYPERON-METTALOG-SANITY","HYPERON-METTALOG-SANITY",""
"","2","D2-HIGHERFUNC.18","","Fri Nov 08 22:38:55 GMT 2024","passed","Fri Nov 08 22:38:55 GMT 2024","","QUICK","QUICK",""
"","8","D1-GADT.09","","Fri Nov 08 22:38:55 GMT 2024","passed","Fri Nov 08 22:38:55 GMT 2024","","QUICK","QUICK",""
"","1","D2-HIGHERFUNC.13","","Fri Nov 08 22:38:55 GMT 2024","passed","Fri Nov 08 22:38:55 GMT 2024","","QUICK","QUICK",""
"","3","D4-TYPE-PROP.04","","Fri Nov 08 22:22:27 GMT 2024","passed","Fri Nov 08 22:22:27 GMT 2024","","HYPERON-EXPERIMENTAL-SCRIPTS","HYPERON-EXPERIMENTAL-SCRIPTS",""
"","3","CALL-CLEANUP-TESTS.01","","Fri Nov 08 22:25:38 GMT 2024","passed","Fri Nov 08 22:25:38 GMT 2024","","HYPERON-METTALOG-SANITY","HYPERON-METTALOG-SANITY",""
"","1","F1-IMPORTS.15","","Fri Nov 08 22:17:01 GMT 2024","passed","Fri Nov 08 22:17:01 GMT 2024","","MODULE-SYSTEM","MODULE-SYSTEM",""
"","1","CALL-TESTS.10","","Fri Nov 08 22:25:38 GMT 2024","passed","Fri Nov 08 22:25:38 GMT 2024","","HYPERON-METTALOG-SANITY","HYPERON-METTALOG-SANITY",""
"","3","SUPERPOSE-NESTED.03","","Fri Nov 08 22:35:04 GMT 2024","passed","Fri Nov 08 22:35:04 GMT 2024","","METTA-MORPH-TESTS","METTA-MORPH-TESTS",""
"","10000","hyperon-mettalog_sanity.functional_programming_tests","","Fri Nov 08 22:17:10 GMT 2024","passed","Fri Nov 08 22:17:20 GMT 2024","","WHOLE-TESTS","WHOLE-TESTS",""
"","2","MINNARS.01","","Fri Nov 08 22:35:04 GMT 2024","passed","Fri Nov 08 22:35:04 GMT 2024","","METTA-MORPH-TESTS","METTA-MORPH-TESTS",""
"","2","SUPERCOLLAPSE.08","","Fri Nov 08 22:35:04 GMT 2024","passed","Fri Nov 08 22:35:04 GMT 2024","","METTA-MORPH-TESTS","METTA-MORPH-TESTS",""
"","1","IS-SPACE.02","","Fri Nov 08 22:25:38 GMT 2024","passed","Fri Nov 08 22:25:38 GMT 2024","","HYPERON-METTALOG-SANITY","HYPERON-METTALOG-SANITY",""
"","2","00-LANG-CASE.06","","Fri Nov 08 22:25:38 GMT 2024","passed","Fri Nov 08 22:25:38 GMT 2024","","HYPERON-METTALOG-SANITY","HYPERON-METTALOG-SANITY",""
"","4","FIND-ALL-TESTS.01","","Fri Nov 08 22:25:38 GMT 2024","passed","Fri Nov 08 22:25:38 GMT 2024","","HYPERON-METTALOG-SANITY","HYPERON-METTALOG-SANITY",""
"","57","FUNCTIONAL-PROGRAMMING-TESTS.08","","Fri Nov 08 22:25:38 GMT 2024","failed","Fri Nov 08 22:25:38 GMT 2024","","HYPERON-METTALOG-SANITY","HYPERON-METTALOG-SANITY",""
"","2","D4-TYPE-PROP.05","","Fri Nov 08 22:38:55 GMT 2024","passed","Fri Nov 08 22:38:55 GMT 2024","","QUICK","QUICK",""
"","2","CALL-TESTS.05","","Fri Nov 08 22:25:38 GMT 2024","passed","Fri Nov 08 22:25:38 GMT 2024","","HYPERON-METTALOG-SANITY","HYPERON-METTALOG-SANITY",""
"","3","MATCH-SUPERPOSED-SPACES.05","","Fri Nov 08 22:35:04 GMT 2024","passed","Fri Nov 08 22:35:04 GMT 2024","","METTA-MORPH-TESTS","METTA-MORPH-TESTS",""
"","1","C1-GROUNDED-BASIC.12","","Fri Nov 08 22:22:27 GMT 2024","passed","Fri Nov 08 22:22:27 GMT 2024","","HYPERON-EXPERIMENTAL-SCRIPTS","HYPERON-EXPERIMENTAL-SCRIPTS",""
"","8000","hyperon-mettalog_sanity.unique_test","","Fri Nov 08 22:17:10 GMT 2024","passed","Fri Nov 08 22:17:18 GMT 2024","","WHOLE-TESTS","WHOLE-TESTS",""
"","23754","TIME-SYNTHESIZE-SHORT.02","","Fri Nov 08 22:32:26 GMT 2024","passed","Fri Nov 08 22:32:49 GMT 2024","","SYNTH-BUFFER","SYNTH-BUFFER",""
"","8000","hyperon-experimental_scripts.d5_auto_types","","Fri Nov 08 22:17:10 GMT 2024","passed","Fri Nov 08 22:17:18 GMT 2024","","WHOLE-TESTS","WHOLE-TESTS",""
"","2","SEQUENTIAL-NESTED.01","","Fri Nov 08 22:35:04 GMT 2024","passed","Fri Nov 08 22:35:04 GMT 2024","","METTA-MORPH-TESTS","METTA-MORPH-TESTS",""
"","2","SUBTRACTION-TEST.09","","Fri Nov 08 22:25:38 GMT 2024","passed","Fri Nov 08 22:25:38 GMT 2024","","HYPERON-METTALOG-SANITY","HYPERON-METTALOG-SANITY",""
"","2","OR-TEST.03","","Fri Nov 08 22:25:38 GMT 2024","passed","Fri Nov 08 22:25:38 GMT 2024","","HYPERON-METTALOG-SANITY","HYPERON-METTALOG-SANITY",""
"","2","SEQUENTIAL-NESTED.03","","Fri Nov 08 22:35:04 GMT 2024","passed","Fri Nov 08 22:35:04 GMT 2024","","METTA-MORPH-TESTS","METTA-MORPH-TESTS",""
"","2","B5-TYPES-PRELIM.19","","Fri Nov 08 22:22:27 GMT 2024","passed","Fri Nov 08 22:22:27 GMT 2024","","HYPERON-EXPERIMENTAL-SCRIPTS","HYPERON-EXPERIMENTAL-SCRIPTS",""
"","4","UNIQUE-TEST.12","","Fri Nov 08 22:25:38 GMT 2024","passed","Fri Nov 08 22:25:38 GMT 2024","","HYPERON-METTALOG-SANITY","HYPERON-METTALOG-SANITY",""
"","1","F1-IMPORTS.18","","Fri Nov 08 22:38:55 GMT 2024","passed","Fri Nov 08 22:38:55 GMT 2024","","QUICK","QUICK",""
"","48","BC-COMP.02","","Fri Nov 08 22:17:18 GMT 2024","failed","Fri Nov 08 22:17:18 GMT 2024","","ANTI-REGRESSION","ANTI-REGRESSION",""
"","2","B5-TYPES-PRELIM.04","","Fri Nov 08 22:22:27 GMT 2024","passed","Fri Nov 08 22:22:27 GMT 2024","","HYPERON-EXPERIMENTAL-SCRIPTS","HYPERON-EXPERIMENTAL-SCRIPTS",""
"","72","MINIMAL-METTA-TESTS.08","","Fri Nov 08 22:25:38 GMT 2024","failed","Fri Nov 08 22:25:38 GMT 2024","","HYPERON-METTALOG-SANITY","HYPERON-METTALOG-SANITY",""
"","3","D2-HIGHERFUNC.24","","Fri Nov 08 22:38:55 GMT 2024","passed","Fri Nov 08 22:38:55 GMT 2024","","QUICK","QUICK",""
"","2","CATCH-THROW-TESTS.08","","Fri Nov 08 22:25:38 GMT 2024","passed","Fri Nov 08 22:25:38 GMT 2024","","HYPERON-METTALOG-SANITY","HYPERON-METTALOG-SANITY",""
"","1","SUPERCOLLAPSE.05","","Fri Nov 08 22:35:04 GMT 2024","passed","Fri Nov 08 22:35:04 GMT 2024","","METTA-MORPH-TESTS","METTA-MORPH-TESTS",""
"","2","F1-IMPORTS.12","","Fri Nov 08 22:22:27 GMT 2024","passed","Fri Nov 08 22:22:27 GMT 2024","","HYPERON-EXPERIMENTAL-SCRIPTS","HYPERON-EXPERIMENTAL-SCRIPTS",""
"","83","MINIMAL-METTA-TESTS.17","","Fri Nov 08 22:25:38 GMT 2024","failed","Fri Nov 08 22:25:38 GMT 2024","","HYPERON-METTALOG-SANITY","HYPERON-METTALOG-SANITY",""
"","345","TMPMATCH1.05","","Fri Nov 08 22:17:18 GMT 2024","failed","Fri Nov 08 22:17:18 GMT 2024","","ANTI-REGRESSION","ANTI-REGRESSION",""
"","2","D4-TYPE-PROP.12","","Fri Nov 08 22:22:27 GMT 2024","passed","Fri Nov 08 22:22:27 GMT 2024","","HYPERON-EXPERIMENTAL-SCRIPTS","HYPERON-EXPERIMENTAL-SCRIPTS",""
"","3","B5-TYPES-PRELIM.03","","Fri Nov 08 22:22:27 GMT 2024","passed","Fri Nov 08 22:22:27 GMT 2024","","HYPERON-EXPERIMENTAL-SCRIPTS","HYPERON-EXPERIMENTAL-SCRIPTS",""
"","3","03-SORING-VIA-INSERT.04","","Fri Nov 08 22:25:38 GMT 2024","passed","Fri Nov 08 22:25:38 GMT 2024","","HYPERON-METTALOG-SANITY","HYPERON-METTALOG-SANITY",""
"","8000","hyperon-experimental_scripts.b5_types_prelim","","Fri Nov 08 22:17:10 GMT 2024","passed","Fri Nov 08 22:17:18 GMT 2024","","WHOLE-TESTS","WHOLE-TESTS",""
"","68","EVAL-FOR-TESTS.02","","Fri Nov 08 22:25:38 GMT 2024","failed","Fri Nov 08 22:25:38 GMT 2024","","HYPERON-METTALOG-SANITY","HYPERON-METTALOG-SANITY",""
"","2","COMPILE-TESTS.02","","Fri Nov 08 22:25:38 GMT 2024","passed","Fri Nov 08 22:25:38 GMT 2024","","HYPERON-METTALOG-SANITY","HYPERON-METTALOG-SANITY",""
"","3","D2-HIGHERFUNC.26","","Fri Nov 08 22:22:27 GMT 2024","passed","Fri Nov 08 22:22:27 GMT 2024","","HYPERON-EXPERIMENTAL-SCRIPTS","HYPERON-EXPERIMENTAL-SCRIPTS",""
"","91","INTERSECTION-TESTS.29","","Fri Nov 08 22:25:38 GMT 2024","failed","Fri Nov 08 22:25:38 GMT 2024","","HYPERON-METTALOG-SANITY","HYPERON-METTALOG-SANITY",""
"","2","F1-IMPORTS.06","","Fri Nov 08 22:22:27 GMT 2024","passed","Fri Nov 08 22:22:27 GMT 2024","","HYPERON-EXPERIMENTAL-SCRIPTS","HYPERON-EXPERIMENTAL-SCRIPTS",""
"","2","D4-TYPE-PROP.13","","Fri Nov 08 22:38:55 GMT 2024","passed","Fri Nov 08 22:38:55 GMT 2024","","QUICK","QUICK",""
"","2","B4-NONDETERM.04","","Fri Nov 08 22:22:27 GMT 2024","passed","Fri Nov 08 22:22:27 GMT 2024","","HYPERON-EXPERIMENTAL-SCRIPTS","HYPERON-EXPERIMENTAL-SCRIPTS",""
"","2","OUTPUT-LOAD-TESTS.08","","Fri Nov 08 22:25:38 GMT 2024","passed","Fri Nov 08 22:25:38 GMT 2024","","HYPERON-METTALOG-SANITY","HYPERON-METTALOG-SANITY",""
"","2","TYPES2.03","","Fri Nov 08 22:35:04 GMT 2024","passed","Fri Nov 08 22:35:04 GMT 2024","","METTA-MORPH-TESTS","METTA-MORPH-TESTS",""
"","8000","anti-regression.tmpMatch2","","Fri Nov 08 22:17:10 GMT 2024","passed","Fri Nov 08 22:17:18 GMT 2024","","WHOLE-TESTS","WHOLE-TESTS",""
"","2","SPACE-INTERSECTION-TESTS.20","","Fri Nov 08 22:25:38 GMT 2024","passed","Fri Nov 08 22:25:38 GMT 2024","","HYPERON-METTALOG-SANITY","HYPERON-METTALOG-SANITY",""
"","2","D2-HIGHERFUNC.09","","Fri Nov 08 22:38:55 GMT 2024","passed","Fri Nov 08 22:38:55 GMT 2024","","QUICK","QUICK",""
"","2","C1-GROUNDED-BASIC.07","","Fri Nov 08 22:38:55 GMT 2024","passed","Fri Nov 08 22:38:55 GMT 2024","","QUICK","QUICK",""
"","6","MATCH-FEVAL.01","","Fri Nov 08 22:35:04 GMT 2024","passed","Fri Nov 08 22:35:04 GMT 2024","","METTA-MORPH-TESTS","METTA-MORPH-TESTS",""
"","3","MATCH-VOID.01","","Fri Nov 08 22:35:04 GMT 2024","passed","Fri Nov 08 22:35:04 GMT 2024","","METTA-MORPH-TESTS","METTA-MORPH-TESTS",""
"","3","D4-TYPE-PROP.02","","Fri Nov 08 22:38:55 GMT 2024","passed","Fri Nov 08 22:38:55 GMT 2024","","QUICK","QUICK",""
"","3","A1-SYMBOLS.05","","Fri Nov 08 22:22:27 GMT 2024","passed","Fri Nov 08 22:22:27 GMT 2024","","HYPERON-EXPERIMENTAL-SCRIPTS","HYPERON-EXPERIMENTAL-SCRIPTS",""
"","8000","anti-regression.bchain","","Fri Nov 08 22:17:10 GMT 2024","passed","Fri Nov 08 22:17:18 GMT 2024","","WHOLE-TESTS","WHOLE-TESTS",""
"","2","EVAL-FOR-TESTS.10","","Fri Nov 08 22:25:38 GMT 2024","passed","Fri Nov 08 22:25:38 GMT 2024","","HYPERON-METTALOG-SANITY","HYPERON-METTALOG-SANITY",""
"","1","E2-STATES.04","","Fri Nov 08 22:22:27 GMT 2024","passed","Fri Nov 08 22:22:27 GMT 2024","","HYPERON-EXPERIMENTAL-SCRIPTS","HYPERON-EXPERIMENTAL-SCRIPTS",""
"","139","SPACE-INTERSECTION-TESTS.07","","Fri Nov 08 22:25:38 GMT 2024","failed","Fri Nov 08 22:25:38 GMT 2024","","HYPERON-METTALOG-SANITY","HYPERON-METTALOG-SANITY",""
"","2","C1-GROUNDED-BASIC.19","","Fri Nov 08 22:38:55 GMT 2024","passed","Fri Nov 08 22:38:55 GMT 2024","","QUICK","QUICK",""
"","5","F1-IMPORTS.01","","Fri Nov 08 22:38:55 GMT 2024","passed","Fri Nov 08 22:38:55 GMT 2024","","QUICK","QUICK",""
"","4","SPACE-INTERSECTION-TESTS.03","","Fri Nov 08 22:25:38 GMT 2024","passed","Fri Nov 08 22:25:38 GMT 2024","","HYPERON-METTALOG-SANITY","HYPERON-METTALOG-SANITY",""
"","1","INTERSECTION-TESTS.10","","Fri Nov 08 22:25:38 GMT 2024","passed","Fri Nov 08 22:25:38 GMT 2024","","HYPERON-METTALOG-SANITY","HYPERON-METTALOG-SANITY",""
"","2","MINIMAL-METTA-TESTS.42","","Fri Nov 08 22:25:38 GMT 2024","passed","Fri Nov 08 22:25:38 GMT 2024","","HYPERON-METTALOG-SANITY","HYPERON-METTALOG-SANITY",""
"","2","D2-HIGHERFUNC.18","","Fri Nov 08 22:22:27 GMT 2024","passed","Fri Nov 08 22:22:27 GMT 2024","","HYPERON-EXPERIMENTAL-SCRIPTS","HYPERON-EXPERIMENTAL-SCRIPTS",""
"","3","XOR-TEST.09","","Fri Nov 08 22:25:38 GMT 2024","passed","Fri Nov 08 22:25:38 GMT 2024","","HYPERON-METTALOG-SANITY","HYPERON-METTALOG-SANITY",""
"","1","D4-TYPE-PROP.11","","Fri Nov 08 22:22:27 GMT 2024","passed","Fri Nov 08 22:22:27 GMT 2024","","HYPERON-EXPERIMENTAL-SCRIPTS","HYPERON-EXPERIMENTAL-SCRIPTS",""
"","2","EVAL-FOR-TESTS.11","","Fri Nov 08 22:25:38 GMT 2024","passed","Fri Nov 08 22:25:38 GMT 2024","","HYPERON-METTALOG-SANITY","HYPERON-METTALOG-SANITY",""
"","1","B4-NONDETERM.08","","Fri Nov 08 22:22:27 GMT 2024","passed","Fri Nov 08 22:22:27 GMT 2024","","HYPERON-EXPERIMENTAL-SCRIPTS","HYPERON-EXPERIMENTAL-SCRIPTS",""
"","3","INTERSECTION-TESTS.25","","Fri Nov 08 22:25:38 GMT 2024","passed","Fri Nov 08 22:25:38 GMT 2024","","HYPERON-METTALOG-SANITY","HYPERON-METTALOG-SANITY",""
"","185","TIME-SYNTHESIZE.01","","Fri Nov 08 22:32:26 GMT 2024","failed","Fri Nov 08 22:32:26 GMT 2024","","SYNTH-BUFFER","SYNTH-BUFFER",""
"","2","F1-MODULEA.08","","Fri Nov 08 22:38:55 GMT 2024","passed","Fri Nov 08 22:38:55 GMT 2024","","QUICK","QUICK",""
"","2","SEQUENTIAL-NESTED.02","","Fri Nov 08 22:35:04 GMT 2024","passed","Fri Nov 08 22:35:04 GMT 2024","","METTA-MORPH-TESTS","METTA-MORPH-TESTS",""
"","2","METTALOGTESTCURRIED2.06","","Fri Nov 08 22:17:18 GMT 2024","passed","Fri Nov 08 22:17:18 GMT 2024","","ANTI-REGRESSION","ANTI-REGRESSION",""
"","1","ARITY-TESTS.05","","Fri Nov 08 22:25:38 GMT 2024","passed","Fri Nov 08 22:25:38 GMT 2024","","HYPERON-METTALOG-SANITY","HYPERON-METTALOG-SANITY",""
"","3","FLIP-TEST.01","","Fri Nov 08 22:25:38 GMT 2024","passed","Fri Nov 08 22:25:38 GMT 2024","","HYPERON-METTALOG-SANITY","HYPERON-METTALOG-SANITY",""
"","9000","metta-morph_tests.states_spaces","","Fri Nov 08 22:17:10 GMT 2024","passed","Fri Nov 08 22:17:19 GMT 2024","","WHOLE-TESTS","WHOLE-TESTS",""
"","2","LIMIT-TESTS.06","","Fri Nov 08 22:25:38 GMT 2024","passed","Fri Nov 08 22:25:38 GMT 2024","","HYPERON-METTALOG-SANITY","HYPERON-METTALOG-SANITY",""
"","3","B5-TYPES-PRELIM.25","","Fri Nov 08 22:22:27 GMT 2024","passed","Fri Nov 08 22:22:27 GMT 2024","","HYPERON-EXPERIMENTAL-SCRIPTS","HYPERON-EXPERIMENTAL-SCRIPTS",""
"","2","B0-CHAINING-PRELIM.04","","Fri Nov 08 22:22:27 GMT 2024","passed","Fri Nov 08 22:22:27 GMT 2024","","HYPERON-EXPERIMENTAL-SCRIPTS","HYPERON-EXPERIMENTAL-SCRIPTS",""
"","1","LIMIT-TESTS.16","","Fri Nov 08 22:25:38 GMT 2024","passed","Fri Nov 08 22:25:38 GMT 2024","","HYPERON-METTALOG-SANITY","HYPERON-METTALOG-SANITY",""
"","37","BC-COMP.06","","Fri Nov 08 22:17:18 GMT 2024","passed","Fri Nov 08 22:17:18 GMT 2024","","ANTI-REGRESSION","ANTI-REGRESSION",""
"","3","SUBTRACTION-TEST.01","","Fri Nov 08 22:25:38 GMT 2024","passed","Fri Nov 08 22:25:38 GMT 2024","","HYPERON-METTALOG-SANITY","HYPERON-METTALOG-SANITY",""
"","1","BCHAIN.05","","Fri Nov 08 22:17:18 GMT 2024","passed","Fri Nov 08 22:17:18 GMT 2024","","ANTI-REGRESSION","ANTI-REGRESSION",""
"","15","CALL-TESTS.02","","Fri Nov 08 22:25:38 GMT 2024","passed","Fri Nov 08 22:25:38 GMT 2024","","HYPERON-METTALOG-SANITY","HYPERON-METTALOG-SANITY",""
"","8000","hyperon-mettalog_sanity.02-curried-plus","","Fri Nov 08 22:17:10 GMT 2024","passed","Fri Nov 08 22:17:18 GMT 2024","","WHOLE-TESTS","WHOLE-TESTS",""
"","109","MINIMAL-METTA-TESTS.36","","Fri Nov 08 22:25:38 GMT 2024","failed","Fri Nov 08 22:25:38 GMT 2024","","HYPERON-METTALOG-SANITY","HYPERON-METTALOG-SANITY",""
"","2","B5-TYPES-PRELIM.07","","Fri Nov 08 22:22:27 GMT 2024","passed","Fri Nov 08 22:22:27 GMT 2024","","HYPERON-EXPERIMENTAL-SCRIPTS","HYPERON-EXPERIMENTAL-SCRIPTS",""
"","114","MINIMAL-METTA-TESTS.29","","Fri Nov 08 22:25:38 GMT 2024","failed","Fri Nov 08 22:25:38 GMT 2024","","HYPERON-METTALOG-SANITY","HYPERON-METTALOG-SANITY",""
"","1","CALL-TESTS.11","","Fri Nov 08 22:25:38 GMT 2024","passed","Fri Nov 08 22:25:38 GMT 2024","","HYPERON-METTALOG-SANITY","HYPERON-METTALOG-SANITY",""
"","1","MATCH-VOID.06","","Fri Nov 08 22:35:04 GMT 2024","passed","Fri Nov 08 22:35:04 GMT 2024","","METTA-MORPH-TESTS","METTA-MORPH-TESTS",""
"","2","F1-IMPORTS.08","","Fri Nov 08 22:17:01 GMT 2024","passed","Fri Nov 08 22:17:01 GMT 2024","","MODULE-SYSTEM","MODULE-SYSTEM",""
"","2","B5-TYPES-PRELIM.20","","Fri Nov 08 22:22:27 GMT 2024","passed","Fri Nov 08 22:22:27 GMT 2024","","HYPERON-EXPERIMENTAL-SCRIPTS","HYPERON-EXPERIMENTAL-SCRIPTS",""
"","3","STRING-TESTS.15","","Fri Nov 08 22:25:38 GMT 2024","passed","Fri Nov 08 22:25:38 GMT 2024","","HYPERON-METTALOG-SANITY","HYPERON-METTALOG-SANITY",""
"","1","C1-GROUNDED-BASIC.04","","Fri Nov 08 22:22:27 GMT 2024","passed","Fri Nov 08 22:22:27 GMT 2024","","HYPERON-EXPERIMENTAL-SCRIPTS","HYPERON-EXPERIMENTAL-SCRIPTS",""
"","2","D1-GADT.03","","Fri Nov 08 22:22:27 GMT 2024","passed","Fri Nov 08 22:22:27 GMT 2024","","HYPERON-EXPERIMENTAL-SCRIPTS","HYPERON-EXPERIMENTAL-SCRIPTS",""
"","3874","PY-TYPES.01","","Fri Nov 08 22:25:38 GMT 2024","passed","Fri Nov 08 22:25:41 GMT 2024","","HYPERON-METTALOG-SANITY","HYPERON-METTALOG-SANITY",""
"","3","A2-OPENCOGGY.01","","Fri Nov 08 22:22:27 GMT 2024","passed","Fri Nov 08 22:22:27 GMT 2024","","HYPERON-EXPERIMENTAL-SCRIPTS","HYPERON-EXPERIMENTAL-SCRIPTS",""
"","2","UNIQUE-TEST.10","","Fri Nov 08 22:25:38 GMT 2024","passed","Fri Nov 08 22:25:38 GMT 2024","","HYPERON-METTALOG-SANITY","HYPERON-METTALOG-SANITY",""
"","98","SPACE-INTERSECTION-TESTS.08","","Fri Nov 08 22:25:38 GMT 2024","failed","Fri Nov 08 22:25:38 GMT 2024","","HYPERON-METTALOG-SANITY","HYPERON-METTALOG-SANITY",""
"","2","D2-HIGHERFUNC.08","","Fri Nov 08 22:38:55 GMT 2024","passed","Fri Nov 08 22:38:55 GMT 2024","","QUICK","QUICK",""
"","3","INTERSECTION-TESTS.01","","Fri Nov 08 22:25:38 GMT 2024","passed","Fri Nov 08 22:25:38 GMT 2024","","HYPERON-METTALOG-SANITY","HYPERON-METTALOG-SANITY",""
"","3","MAX-TIME-TESTS.04","","Fri Nov 08 22:25:38 GMT 2024","passed","Fri Nov 08 22:25:38 GMT 2024","","HYPERON-METTALOG-SANITY","HYPERON-METTALOG-SANITY",""
"","569","TMPMATCH2.05","","Fri Nov 08 22:17:18 GMT 2024","passed","Fri Nov 08 22:17:18 GMT 2024","","ANTI-REGRESSION","ANTI-REGRESSION",""
"","2","03-SORING-VIA-INSERT.03","","Fri Nov 08 22:25:38 GMT 2024","passed","Fri Nov 08 22:25:38 GMT 2024","","HYPERON-METTALOG-SANITY","HYPERON-METTALOG-SANITY",""
"","3","LET-SUPERPOSE-LIST.01","","Fri Nov 08 22:35:04 GMT 2024","passed","Fri Nov 08 22:35:04 GMT 2024","","METTA-MORPH-TESTS","METTA-MORPH-TESTS",""
"","2","CATCH-THROW-TESTS.10","","Fri Nov 08 22:25:38 GMT 2024","passed","Fri Nov 08 22:25:38 GMT 2024","","HYPERON-METTALOG-SANITY","HYPERON-METTALOG-SANITY",""
"","2","BCHAIN.04","","Fri Nov 08 22:17:18 GMT 2024","passed","Fri Nov 08 22:17:18 GMT 2024","","ANTI-REGRESSION","ANTI-REGRESSION",""
"","2","D2-HIGHERFUNC.10","","Fri Nov 08 22:38:55 GMT 2024","passed","Fri Nov 08 22:38:55 GMT 2024","","QUICK","QUICK",""
"","1","D4-TYPE-PROP.05","","Fri Nov 08 22:22:27 GMT 2024","passed","Fri Nov 08 22:22:27 GMT 2024","","HYPERON-EXPERIMENTAL-SCRIPTS","HYPERON-EXPERIMENTAL-SCRIPTS",""
"","1","SPACE-INTERSECTION-TESTS.11","","Fri Nov 08 22:25:38 GMT 2024","passed","Fri Nov 08 22:25:38 GMT 2024","","HYPERON-METTALOG-SANITY","HYPERON-METTALOG-SANITY",""
"","1","A3-TWOSIDE.03","","Fri Nov 08 22:22:27 GMT 2024","passed","Fri Nov 08 22:22:27 GMT 2024","","HYPERON-EXPERIMENTAL-SCRIPTS","HYPERON-EXPERIMENTAL-SCRIPTS",""
"","48641","TEST-SPO-116378.01","","Fri Nov 08 22:18:34 GMT 2024","passed","Fri Nov 08 22:19:22 GMT 2024","","METTA-WAM-ISSUE-116","METTA-WAM-ISSUE-116",""
"","1","FUNCTIONAL-PROGRAMMING-TESTS.03","","Fri Nov 08 22:25:38 GMT 2024","passed","Fri Nov 08 22:25:38 GMT 2024","","HYPERON-METTALOG-SANITY","HYPERON-METTALOG-SANITY",""
"","2","CATCH-THROW-TESTS.05","","Fri Nov 08 22:25:38 GMT 2024","passed","Fri Nov 08 22:25:38 GMT 2024","","HYPERON-METTALOG-SANITY","HYPERON-METTALOG-SANITY",""
"","2","UNIQUE-TEST.03","","Fri Nov 08 22:25:38 GMT 2024","passed","Fri Nov 08 22:25:38 GMT 2024","","HYPERON-METTALOG-SANITY","HYPERON-METTALOG-SANITY",""
"","8000","hyperon-experimental_scripts.a3_twoside","","Fri Nov 08 22:17:10 GMT 2024","passed","Fri Nov 08 22:17:18 GMT 2024","","WHOLE-TESTS","WHOLE-TESTS",""
"","82","F1-IMPORTS.16","","Fri Nov 08 22:22:27 GMT 2024","passed","Fri Nov 08 22:22:27 GMT 2024","","HYPERON-EXPERIMENTAL-SCRIPTS","HYPERON-EXPERIMENTAL-SCRIPTS",""
"","1","D4-TYPE-PROP.06","","Fri Nov 08 22:22:27 GMT 2024","passed","Fri Nov 08 22:22:27 GMT 2024","","HYPERON-EXPERIMENTAL-SCRIPTS","HYPERON-EXPERIMENTAL-SCRIPTS",""
"","3","A1-SYMBOLS.04","","Fri Nov 08 22:22:27 GMT 2024","passed","Fri Nov 08 22:22:27 GMT 2024","","HYPERON-EXPERIMENTAL-SCRIPTS","HYPERON-EXPERIMENTAL-SCRIPTS",""
"","3","FIND-ALL-TESTS.06","","Fri Nov 08 22:25:38 GMT 2024","passed","Fri Nov 08 22:25:38 GMT 2024","","HYPERON-METTALOG-SANITY","HYPERON-METTALOG-SANITY",""
"","2","B5-TYPES-PRELIM.23","","Fri Nov 08 22:22:27 GMT 2024","passed","Fri Nov 08 22:22:27 GMT 2024","","HYPERON-EXPERIMENTAL-SCRIPTS","HYPERON-EXPERIMENTAL-SCRIPTS",""
"","3","MULTIFUNCTION.01","","Fri Nov 08 22:35:04 GMT 2024","passed","Fri Nov 08 22:35:04 GMT 2024","","METTA-MORPH-TESTS","METTA-MORPH-TESTS",""
"","192","TIME-SYNTHESIZE-LONG.01","","Fri Nov 08 22:32:26 GMT 2024","failed","Fri Nov 08 22:32:26 GMT 2024","","SYNTH-BUFFER","SYNTH-BUFFER",""
"","56","E2-STATES.08","","Fri Nov 08 22:22:27 GMT 2024","failed","Fri Nov 08 22:22:27 GMT 2024","","HYPERON-EXPERIMENTAL-SCRIPTS","HYPERON-EXPERIMENTAL-SCRIPTS",""
"","2","B0-CHAINING-PRELIM.03","","Fri Nov 08 22:22:27 GMT 2024","passed","Fri Nov 08 22:22:27 GMT 2024","","HYPERON-EXPERIMENTAL-SCRIPTS","HYPERON-EXPERIMENTAL-SCRIPTS",""
"","195","TIME-SYNTHESIZE.03","","Fri Nov 08 22:32:26 GMT 2024","failed","Fri Nov 08 22:32:26 GMT 2024","","SYNTH-BUFFER","SYNTH-BUFFER",""
"","2","F1-IMPORTS.09","","Fri Nov 08 22:17:01 GMT 2024","passed","Fri Nov 08 22:17:01 GMT 2024","","MODULE-SYSTEM","MODULE-SYSTEM",""
"","3","IF.01","","Fri Nov 08 22:35:04 GMT 2024","passed","Fri Nov 08 22:35:04 GMT 2024","","METTA-MORPH-TESTS","METTA-MORPH-TESTS",""
"","2","STRING-TESTS.02","","Fri Nov 08 22:25:38 GMT 2024","passed","Fri Nov 08 22:25:38 GMT 2024","","HYPERON-METTALOG-SANITY","HYPERON-METTALOG-SANITY",""
"","3","D2-HIGHERFUNC.17","","Fri Nov 08 22:22:27 GMT 2024","passed","Fri Nov 08 22:22:27 GMT 2024","","HYPERON-EXPERIMENTAL-SCRIPTS","HYPERON-EXPERIMENTAL-SCRIPTS",""
"","2","D1-GADT.03","","Fri Nov 08 22:38:55 GMT 2024","passed","Fri Nov 08 22:38:55 GMT 2024","","QUICK","QUICK",""
"","2","D4-TYPE-PROP.15","","Fri Nov 08 22:22:27 GMT 2024","passed","Fri Nov 08 22:22:27 GMT 2024","","HYPERON-EXPERIMENTAL-SCRIPTS","HYPERON-EXPERIMENTAL-SCRIPTS",""
"","61","MINIMAL-METTA-TESTS.12","","Fri Nov 08 22:25:38 GMT 2024","passed","Fri Nov 08 22:25:38 GMT 2024","","HYPERON-METTALOG-SANITY","HYPERON-METTALOG-SANITY",""
"","2","F1-IMPORTS.09","","Fri Nov 08 22:22:27 GMT 2024","passed","Fri Nov 08 22:22:27 GMT 2024","","HYPERON-EXPERIMENTAL-SCRIPTS","HYPERON-EXPERIMENTAL-SCRIPTS",""
"","2","HYPERPOSE.08","","Fri Nov 08 22:35:04 GMT 2024","passed","Fri Nov 08 22:35:04 GMT 2024","","METTA-MORPH-TESTS","METTA-MORPH-TESTS",""
"","3","B4-NONDETERM.07","","Fri Nov 08 22:22:27 GMT 2024","passed","Fri Nov 08 22:22:27 GMT 2024","","HYPERON-EXPERIMENTAL-SCRIPTS","HYPERON-EXPERIMENTAL-SCRIPTS",""
"","1","TEST-IF-CLOSED.11","","Fri Nov 08 22:17:18 GMT 2024","passed","Fri Nov 08 22:17:18 GMT 2024","","ANTI-REGRESSION","ANTI-REGRESSION",""
"","9000","hyperon-mettalog_sanity.xor_test","","Fri Nov 08 22:17:10 GMT 2024","passed","Fri Nov 08 22:17:19 GMT 2024","","WHOLE-TESTS","WHOLE-TESTS",""
"","2","D2-HIGHERFUNC.08","","Fri Nov 08 22:22:27 GMT 2024","passed","Fri Nov 08 22:22:27 GMT 2024","","HYPERON-EXPERIMENTAL-SCRIPTS","HYPERON-EXPERIMENTAL-SCRIPTS",""
"","3","TMPMATCH2.01","","Fri Nov 08 22:17:18 GMT 2024","passed","Fri Nov 08 22:17:18 GMT 2024","","ANTI-REGRESSION","ANTI-REGRESSION",""
"","8000","metta-morph_tests.match_void","","Fri Nov 08 22:17:10 GMT 2024","passed","Fri Nov 08 22:17:18 GMT 2024","","WHOLE-TESTS","WHOLE-TESTS",""
"","8000","hyperon-mettalog_sanity.call_tests","","Fri Nov 08 22:17:10 GMT 2024","passed","Fri Nov 08 22:17:18 GMT 2024","","WHOLE-TESTS","WHOLE-TESTS",""
"","3","BASE-TEST-REPR-PARSE-INTERSECTION.04","","Fri Nov 08 22:25:38 GMT 2024","passed","Fri Nov 08 22:25:38 GMT 2024","","HYPERON-METTALOG-SANITY","HYPERON-METTALOG-SANITY",""
"","1","TEST-IF-CLOSED.08","","Fri Nov 08 22:17:18 GMT 2024","passed","Fri Nov 08 22:17:18 GMT 2024","","ANTI-REGRESSION","ANTI-REGRESSION",""
"","8000","hyperon-experimental_scripts.d4_type_prop","","Fri Nov 08 22:17:10 GMT 2024","passed","Fri Nov 08 22:17:18 GMT 2024","","WHOLE-TESTS","WHOLE-TESTS",""
"","1","C2-SPACES.02","","Fri Nov 08 22:22:27 GMT 2024","passed","Fri Nov 08 22:22:27 GMT 2024","","HYPERON-EXPERIMENTAL-SCRIPTS","HYPERON-EXPERIMENTAL-SCRIPTS",""
"","53","F1-IMPORTS.16","","Fri Nov 08 22:17:01 GMT 2024","passed","Fri Nov 08 22:17:01 GMT 2024","","MODULE-SYSTEM","MODULE-SYSTEM",""
"","111","MINIMAL-METTA-TESTS.38","","Fri Nov 08 22:25:38 GMT 2024","failed","Fri Nov 08 22:25:38 GMT 2024","","HYPERON-METTALOG-SANITY","HYPERON-METTALOG-SANITY",""
"","101","EVAL-FOR-TESTS.01","","Fri Nov 08 22:25:38 GMT 2024","failed","Fri Nov 08 22:25:38 GMT 2024","","HYPERON-METTALOG-SANITY","HYPERON-METTALOG-SANITY",""
"","2","A1-SYMBOLS.06","","Fri Nov 08 22:22:27 GMT 2024","passed","Fri Nov 08 22:22:27 GMT 2024","","HYPERON-EXPERIMENTAL-SCRIPTS","HYPERON-EXPERIMENTAL-SCRIPTS",""
"","6","SEALED-TEST.09","","Fri Nov 08 22:25:38 GMT 2024","passed","Fri Nov 08 22:25:38 GMT 2024","","HYPERON-METTALOG-SANITY","HYPERON-METTALOG-SANITY",""
"","3","METTALOGTESTCURRIED2.05","","Fri Nov 08 22:17:18 GMT 2024","passed","Fri Nov 08 22:17:18 GMT 2024","","ANTI-REGRESSION","ANTI-REGRESSION",""
"","1","PRINT-GRAPH.02","","Fri Nov 08 22:20:21 GMT 2024","passed","Fri Nov 08 22:20:21 GMT 2024","","METTA-WAM-ISSUE-145","METTA-WAM-ISSUE-145",""
"","1","B1-EQUAL-CHAIN.02","","Fri Nov 08 22:22:27 GMT 2024","passed","Fri Nov 08 22:22:27 GMT 2024","","HYPERON-EXPERIMENTAL-SCRIPTS","HYPERON-EXPERIMENTAL-SCRIPTS",""
"","94","OR-TEST.20","","Fri Nov 08 22:25:38 GMT 2024","failed","Fri Nov 08 22:25:38 GMT 2024","","HYPERON-METTALOG-SANITY","HYPERON-METTALOG-SANITY",""
"","11928","TIME-SYNTHESIZE-LONG.02","","Fri Nov 08 22:32:26 GMT 2024","failed","Fri Nov 08 22:32:37 GMT 2024","","SYNTH-BUFFER","SYNTH-BUFFER",""
"","2","OR-TEST.15","","Fri Nov 08 22:25:38 GMT 2024","passed","Fri Nov 08 22:25:38 GMT 2024","","HYPERON-METTALOG-SANITY","HYPERON-METTALOG-SANITY",""
"","127","PY-TYPES.04","","Fri Nov 08 22:25:38 GMT 2024","passed","Fri Nov 08 22:25:38 GMT 2024","","HYPERON-METTALOG-SANITY","HYPERON-METTALOG-SANITY",""
"","5","F1-IMPORTS.02","","Fri Nov 08 22:38:55 GMT 2024","passed","Fri Nov 08 22:38:55 GMT 2024","","QUICK","QUICK",""
"","60","EVAL-FOR-TESTS.15","","Fri Nov 08 22:25:38 GMT 2024","failed","Fri Nov 08 22:25:38 GMT 2024","","HYPERON-METTALOG-SANITY","HYPERON-METTALOG-SANITY",""
"","12","BC-COMP.05","","Fri Nov 08 22:17:18 GMT 2024","passed","Fri Nov 08 22:17:18 GMT 2024","","ANTI-REGRESSION","ANTI-REGRESSION",""
"","3","F1-IMPORTS.05","","Fri Nov 08 22:17:01 GMT 2024","passed","Fri Nov 08 22:17:01 GMT 2024","","MODULE-SYSTEM","MODULE-SYSTEM",""
"","3","D1-GADT.12","","Fri Nov 08 22:22:27 GMT 2024","passed","Fri Nov 08 22:22:27 GMT 2024","","HYPERON-EXPERIMENTAL-SCRIPTS","HYPERON-EXPERIMENTAL-SCRIPTS",""
"","8000","hyperon-mettalog_sanity.00_lang_case","","Fri Nov 08 22:17:10 GMT 2024","passed","Fri Nov 08 22:17:18 GMT 2024","","WHOLE-TESTS","WHOLE-TESTS",""
"","59","EVAL-FOR-TESTS.14","","Fri Nov 08 22:25:38 GMT 2024","failed","Fri Nov 08 22:25:38 GMT 2024","","HYPERON-METTALOG-SANITY","HYPERON-METTALOG-SANITY",""
"","1","D1-GADT.14","","Fri Nov 08 22:22:27 GMT 2024","passed","Fri Nov 08 22:22:27 GMT 2024","","HYPERON-EXPERIMENTAL-SCRIPTS","HYPERON-EXPERIMENTAL-SCRIPTS",""
"","2","MATCH-VOID.07","","Fri Nov 08 22:35:04 GMT 2024","passed","Fri Nov 08 22:35:04 GMT 2024","","METTA-MORPH-TESTS","METTA-MORPH-TESTS",""
"","1","SUPERCOLLAPSE.07","","Fri Nov 08 22:35:04 GMT 2024","passed","Fri Nov 08 22:35:04 GMT 2024","","METTA-MORPH-TESTS","METTA-MORPH-TESTS",""
"","1","SUBTRACTION-TEST.07","","Fri Nov 08 22:25:38 GMT 2024","passed","Fri Nov 08 22:25:38 GMT 2024","","HYPERON-METTALOG-SANITY","HYPERON-METTALOG-SANITY",""
"","1","OR-TEST.16","","Fri Nov 08 22:25:38 GMT 2024","passed","Fri Nov 08 22:25:38 GMT 2024","","HYPERON-METTALOG-SANITY","HYPERON-METTALOG-SANITY",""
"","84","MINIMAL-METTA-TESTS.20","","Fri Nov 08 22:25:38 GMT 2024","failed","Fri Nov 08 22:25:38 GMT 2024","","HYPERON-METTALOG-SANITY","HYPERON-METTALOG-SANITY",""
"","95","B4-NONDETERM.01","","Fri Nov 08 22:22:27 GMT 2024","passed","Fri Nov 08 22:22:27 GMT 2024","","HYPERON-EXPERIMENTAL-SCRIPTS","HYPERON-EXPERIMENTAL-SCRIPTS",""
"","2","MATCH-SUPERPOSED-SPACES.02","","Fri Nov 08 22:35:04 GMT 2024","passed","Fri Nov 08 22:35:04 GMT 2024","","METTA-MORPH-TESTS","METTA-MORPH-TESTS",""
"","3","D2-HIGHERFUNC.25","","Fri Nov 08 22:38:55 GMT 2024","passed","Fri Nov 08 22:38:55 GMT 2024","","QUICK","QUICK",""
"","2","D4-TYPE-PROP.18","","Fri Nov 08 22:22:27 GMT 2024","passed","Fri Nov 08 22:22:27 GMT 2024","","HYPERON-EXPERIMENTAL-SCRIPTS","HYPERON-EXPERIMENTAL-SCRIPTS",""
"","1","LIMIT-TESTS.11","","Fri Nov 08 22:25:38 GMT 2024","passed","Fri Nov 08 22:25:38 GMT 2024","","HYPERON-METTALOG-SANITY","HYPERON-METTALOG-SANITY",""
"","4","MINIMAL-METTA-TESTS.01","","Fri Nov 08 22:25:38 GMT 2024","passed","Fri Nov 08 22:25:38 GMT 2024","","HYPERON-METTALOG-SANITY","HYPERON-METTALOG-SANITY",""
"","2","00-LANG-CASE.15","","Fri Nov 08 22:25:38 GMT 2024","passed","Fri Nov 08 22:25:38 GMT 2024","","HYPERON-METTALOG-SANITY","HYPERON-METTALOG-SANITY",""
"","77","MINIMAL-METTA-TESTS.35","","Fri Nov 08 22:25:38 GMT 2024","failed","Fri Nov 08 22:25:38 GMT 2024","","HYPERON-METTALOG-SANITY","HYPERON-METTALOG-SANITY",""
"","2","INTERSECTION-TESTS.20","","Fri Nov 08 22:25:38 GMT 2024","passed","Fri Nov 08 22:25:38 GMT 2024","","HYPERON-METTALOG-SANITY","HYPERON-METTALOG-SANITY",""
"","1","F1-IMPORTS.03","","Fri Nov 08 22:22:27 GMT 2024","passed","Fri Nov 08 22:22:27 GMT 2024","","HYPERON-EXPERIMENTAL-SCRIPTS","HYPERON-EXPERIMENTAL-SCRIPTS",""
"","2","B5-TYPES-PRELIM.05","","Fri Nov 08 22:22:27 GMT 2024","passed","Fri Nov 08 22:22:27 GMT 2024","","HYPERON-EXPERIMENTAL-SCRIPTS","HYPERON-EXPERIMENTAL-SCRIPTS",""
"","2","SEQUENTIAL-NESTED.05","","Fri Nov 08 22:35:04 GMT 2024","passed","Fri Nov 08 22:35:04 GMT 2024","","METTA-MORPH-TESTS","METTA-MORPH-TESTS",""
"","6","PEANO.01","","Fri Nov 08 22:35:04 GMT 2024","passed","Fri Nov 08 22:35:04 GMT 2024","","METTA-MORPH-TESTS","METTA-MORPH-TESTS",""
"","100","SPACE-INTERSECTION-TESTS.17","","Fri Nov 08 22:25:38 GMT 2024","failed","Fri Nov 08 22:25:38 GMT 2024","","HYPERON-METTALOG-SANITY","HYPERON-METTALOG-SANITY",""
"","1","C2-SPACES.04","","Fri Nov 08 22:17:01 GMT 2024","passed","Fri Nov 08 22:17:01 GMT 2024","","MODULE-SYSTEM","MODULE-SYSTEM",""
"","70","MINIMAL-METTA-TESTS.22","","Fri Nov 08 22:25:38 GMT 2024","failed","Fri Nov 08 22:25:38 GMT 2024","","HYPERON-METTALOG-SANITY","HYPERON-METTALOG-SANITY",""
"","3","F1-MODULEA.02","","Fri Nov 08 22:38:55 GMT 2024","passed","Fri Nov 08 22:38:55 GMT 2024","","QUICK","QUICK",""
"","8000","hyperon-mettalog_sanity.represent_and_parse_tests","","Fri Nov 08 22:17:10 GMT 2024","passed","Fri Nov 08 22:17:18 GMT 2024","","WHOLE-TESTS","WHOLE-TESTS",""
"","8000","hyperon-mettalog_sanity.sequential_tests","","Fri Nov 08 22:17:10 GMT 2024","passed","Fri Nov 08 22:17:18 GMT 2024","","WHOLE-TESTS","WHOLE-TESTS",""
"","1","OR-TEST.05","","Fri Nov 08 22:25:38 GMT 2024","passed","Fri Nov 08 22:25:38 GMT 2024","","HYPERON-METTALOG-SANITY","HYPERON-METTALOG-SANITY",""
"","3","C1-GROUNDED-BASIC.13","","Fri Nov 08 22:38:55 GMT 2024","passed","Fri Nov 08 22:38:55 GMT 2024","","QUICK","QUICK",""
"","15","D1-GADT.04","","Fri Nov 08 22:22:27 GMT 2024","passed","Fri Nov 08 22:22:27 GMT 2024","","HYPERON-EXPERIMENTAL-SCRIPTS","HYPERON-EXPERIMENTAL-SCRIPTS",""
"","31","G1-DOCS.05","","Fri Nov 08 22:22:27 GMT 2024","failed","Fri Nov 08 22:22:27 GMT 2024","","HYPERON-EXPERIMENTAL-SCRIPTS","HYPERON-EXPERIMENTAL-SCRIPTS",""
"","8000","anti-regression.mettalogTestCurried2","","Fri Nov 08 22:17:10 GMT 2024","passed","Fri Nov 08 22:17:18 GMT 2024","","WHOLE-TESTS","WHOLE-TESTS",""
"","65","MINIMAL-METTA-TESTS.14","","Fri Nov 08 22:25:38 GMT 2024","passed","Fri Nov 08 22:25:38 GMT 2024","","HYPERON-METTALOG-SANITY","HYPERON-METTALOG-SANITY",""
"","97","B4-NONDETERM.11","","Fri Nov 08 22:22:27 GMT 2024","passed","Fri Nov 08 22:22:27 GMT 2024","","HYPERON-EXPERIMENTAL-SCRIPTS","HYPERON-EXPERIMENTAL-SCRIPTS",""
"","2","FIND-ALL-TESTS.02","","Fri Nov 08 22:25:38 GMT 2024","passed","Fri Nov 08 22:25:38 GMT 2024","","HYPERON-METTALOG-SANITY","HYPERON-METTALOG-SANITY",""
"","67","F1-IMPORTS.11","","Fri Nov 08 22:22:27 GMT 2024","failed","Fri Nov 08 22:22:27 GMT 2024","","HYPERON-EXPERIMENTAL-SCRIPTS","HYPERON-EXPERIMENTAL-SCRIPTS",""
"","11","F1-IMPORTS.04","","Fri Nov 08 22:17:01 GMT 2024","failed","Fri Nov 08 22:17:01 GMT 2024","","MODULE-SYSTEM","MODULE-SYSTEM",""
"","4","E2-STATES.02","","Fri Nov 08 22:22:27 GMT 2024","passed","Fri Nov 08 22:22:27 GMT 2024","","HYPERON-EXPERIMENTAL-SCRIPTS","HYPERON-EXPERIMENTAL-SCRIPTS",""
"","14","MATCH-VOID.11","","Fri Nov 08 22:35:04 GMT 2024","passed","Fri Nov 08 22:35:04 GMT 2024","","METTA-MORPH-TESTS","METTA-MORPH-TESTS",""
"","3","A1-SYMBOLS.07","","Fri Nov 08 22:22:27 GMT 2024","passed","Fri Nov 08 22:22:27 GMT 2024","","HYPERON-EXPERIMENTAL-SCRIPTS","HYPERON-EXPERIMENTAL-SCRIPTS",""
"","8000","anti-regression.comma_is_not_special","","Fri Nov 08 22:17:10 GMT 2024","passed","Fri Nov 08 22:17:18 GMT 2024","","WHOLE-TESTS","WHOLE-TESTS",""
"","33","BC-COMP.03","","Fri Nov 08 22:17:18 GMT 2024","failed","Fri Nov 08 22:17:18 GMT 2024","","ANTI-REGRESSION","ANTI-REGRESSION",""
"","9000","metta-morph_tests.minnars","","Fri Nov 08 22:17:10 GMT 2024","passed","Fri Nov 08 22:17:19 GMT 2024","","WHOLE-TESTS","WHOLE-TESTS",""
"","2","CATCH-THROW-TESTS.04","","Fri Nov 08 22:25:38 GMT 2024","passed","Fri Nov 08 22:25:38 GMT 2024","","HYPERON-METTALOG-SANITY","HYPERON-METTALOG-SANITY",""
"","2","D4-TYPE-PROP.10","","Fri Nov 08 22:22:27 GMT 2024","passed","Fri Nov 08 22:22:27 GMT 2024","","HYPERON-EXPERIMENTAL-SCRIPTS","HYPERON-EXPERIMENTAL-SCRIPTS",""
"","2","CATCH-THROW-TESTS.06","","Fri Nov 08 22:25:38 GMT 2024","passed","Fri Nov 08 22:25:38 GMT 2024","","HYPERON-METTALOG-SANITY","HYPERON-METTALOG-SANITY",""
"","8000","synth_buffer.time_synthesize_short","","Fri Nov 08 22:17:10 GMT 2024","passed","Fri Nov 08 22:17:18 GMT 2024","","WHOLE-TESTS","WHOLE-TESTS",""
"","1","F1-IMPORTS.12","","Fri Nov 08 22:38:55 GMT 2024","passed","Fri Nov 08 22:38:55 GMT 2024","","QUICK","QUICK",""
"","109","MINIMAL-METTA-TESTS.28","","Fri Nov 08 22:25:38 GMT 2024","failed","Fri Nov 08 22:25:38 GMT 2024","","HYPERON-METTALOG-SANITY","HYPERON-METTALOG-SANITY",""
"","3","F1-IMPORTS.14","","Fri Nov 08 22:22:27 GMT 2024","passed","Fri Nov 08 22:22:27 GMT 2024","","HYPERON-EXPERIMENTAL-SCRIPTS","HYPERON-EXPERIMENTAL-SCRIPTS",""
"","2","D4-TYPE-PROP.08","","Fri Nov 08 22:22:27 GMT 2024","passed","Fri Nov 08 22:22:27 GMT 2024","","HYPERON-EXPERIMENTAL-SCRIPTS","HYPERON-EXPERIMENTAL-SCRIPTS",""
"","42000","anti-regression.mettalogTestCurried","","Fri Nov 08 22:17:10 GMT 2024","failed","Fri Nov 08 22:17:52 GMT 2024","","WHOLE-TESTS","WHOLE-TESTS",""
"","2","EVAL-FOR-TESTS.08","","Fri Nov 08 22:25:38 GMT 2024","passed","Fri Nov 08 22:25:38 GMT 2024","","HYPERON-METTALOG-SANITY","HYPERON-METTALOG-SANITY",""
"","2","TMPMATCH2.03","","Fri Nov 08 22:17:18 GMT 2024","passed","Fri Nov 08 22:17:18 GMT 2024","","ANTI-REGRESSION","ANTI-REGRESSION",""
"","13","D2-HIGHERFUNC.21","","Fri Nov 08 22:22:27 GMT 2024","passed","Fri Nov 08 22:22:27 GMT 2024","","HYPERON-EXPERIMENTAL-SCRIPTS","HYPERON-EXPERIMENTAL-SCRIPTS",""
"","9000","module-system.f1_imports","","Fri Nov 08 22:17:10 GMT 2024","passed","Fri Nov 08 22:17:19 GMT 2024","","WHOLE-TESTS","WHOLE-TESTS",""
"","8000","hyperon-experimental_scripts.e2_states","","Fri Nov 08 22:17:10 GMT 2024","passed","Fri Nov 08 22:17:18 GMT 2024","","WHOLE-TESTS","WHOLE-TESTS",""
"","2","F1-IMPORTS.15","","Fri Nov 08 22:38:55 GMT 2024","passed","Fri Nov 08 22:38:55 GMT 2024","","QUICK","QUICK",""
"","317","SPACE-SUBTRACTION-TESTS.07","","Fri Nov 08 22:25:38 GMT 2024","passed","Fri Nov 08 22:25:38 GMT 2024","","HYPERON-METTALOG-SANITY","HYPERON-METTALOG-SANITY",""
"","1","ARITY-TESTS.03","","Fri Nov 08 22:25:38 GMT 2024","passed","Fri Nov 08 22:25:38 GMT 2024","","HYPERON-METTALOG-SANITY","HYPERON-METTALOG-SANITY",""
"","15","E3-MATCH-STATES.05","","Fri Nov 08 22:22:27 GMT 2024","failed","Fri Nov 08 22:22:27 GMT 2024","","HYPERON-EXPERIMENTAL-SCRIPTS","HYPERON-EXPERIMENTAL-SCRIPTS",""
"","2","D4-TYPE-PROP.13","","Fri Nov 08 22:22:27 GMT 2024","passed","Fri Nov 08 22:22:27 GMT 2024","","HYPERON-EXPERIMENTAL-SCRIPTS","HYPERON-EXPERIMENTAL-SCRIPTS",""
"","1","B4-NONDETERM.02","","Fri Nov 08 22:22:27 GMT 2024","passed","Fri Nov 08 22:22:27 GMT 2024","","HYPERON-EXPERIMENTAL-SCRIPTS","HYPERON-EXPERIMENTAL-SCRIPTS",""
"","3","MINIMAL-METTA-TESTS.41","","Fri Nov 08 22:25:38 GMT 2024","passed","Fri Nov 08 22:25:38 GMT 2024","","HYPERON-METTALOG-SANITY","HYPERON-METTALOG-SANITY",""
"","2","D3-DEPTYPES.06","","Fri Nov 08 22:22:27 GMT 2024","passed","Fri Nov 08 22:22:27 GMT 2024","","HYPERON-EXPERIMENTAL-SCRIPTS","HYPERON-EXPERIMENTAL-SCRIPTS",""
"","57","MINIMAL-METTA-TESTS.11","","Fri Nov 08 22:25:38 GMT 2024","passed","Fri Nov 08 22:25:38 GMT 2024","","HYPERON-METTALOG-SANITY","HYPERON-METTALOG-SANITY",""
"","2","D2-HIGHERFUNC.24","","Fri Nov 08 22:22:27 GMT 2024","passed","Fri Nov 08 22:22:27 GMT 2024","","HYPERON-EXPERIMENTAL-SCRIPTS","HYPERON-EXPERIMENTAL-SCRIPTS",""
"","1","LIMIT-TESTS.03","","Fri Nov 08 22:25:38 GMT 2024","passed","Fri Nov 08 22:25:38 GMT 2024","","HYPERON-METTALOG-SANITY","HYPERON-METTALOG-SANITY",""
"","1","OR-TEST.08","","Fri Nov 08 22:25:38 GMT 2024","passed","Fri Nov 08 22:25:38 GMT 2024","","HYPERON-METTALOG-SANITY","HYPERON-METTALOG-SANITY",""
"","2","SEQUENTIAL-NESTED.12","","Fri Nov 08 22:35:04 GMT 2024","passed","Fri Nov 08 22:35:04 GMT 2024","","METTA-MORPH-TESTS","METTA-MORPH-TESTS",""
"","120","BASE-TEST-REPR-PARSE-INTERSECTION.01","","Fri Nov 08 22:25:38 GMT 2024","passed","Fri Nov 08 22:25:38 GMT 2024","","HYPERON-METTALOG-SANITY","HYPERON-METTALOG-SANITY",""
"","1","TMPMATCH1.04","","Fri Nov 08 22:17:18 GMT 2024","passed","Fri Nov 08 22:17:18 GMT 2024","","ANTI-REGRESSION","ANTI-REGRESSION",""
"","13","ARITY-TESTS.04","","Fri Nov 08 22:25:38 GMT 2024","failed","Fri Nov 08 22:25:38 GMT 2024","","HYPERON-METTALOG-SANITY","HYPERON-METTALOG-SANITY",""
"","2","SEQUENTIAL-NESTED.04","","Fri Nov 08 22:35:04 GMT 2024","passed","Fri Nov 08 22:35:04 GMT 2024","","METTA-MORPH-TESTS","METTA-MORPH-TESTS",""
"","1","OUTPUT-LOAD-TESTS.03","","Fri Nov 08 22:25:38 GMT 2024","passed","Fri Nov 08 22:25:38 GMT 2024","","HYPERON-METTALOG-SANITY","HYPERON-METTALOG-SANITY",""
"","4","NESTED-PARAMETERS.01","","Fri Nov 08 22:35:04 GMT 2024","passed","Fri Nov 08 22:35:04 GMT 2024","","METTA-MORPH-TESTS","METTA-MORPH-TESTS",""
"","1","INTERSECTION-TESTS.05","","Fri Nov 08 22:25:38 GMT 2024","passed","Fri Nov 08 22:25:38 GMT 2024","","HYPERON-METTALOG-SANITY","HYPERON-METTALOG-SANITY",""
"","3","HYPERPOSE-TESTS.03","","Fri Nov 08 22:25:38 GMT 2024","passed","Fri Nov 08 22:25:38 GMT 2024","","HYPERON-METTALOG-SANITY","HYPERON-METTALOG-SANITY",""
"","2","STRING-TESTS.16","","Fri Nov 08 22:25:38 GMT 2024","passed","Fri Nov 08 22:25:38 GMT 2024","","HYPERON-METTALOG-SANITY","HYPERON-METTALOG-SANITY",""
"","2","D4-TYPE-PROP.18","","Fri Nov 08 22:38:55 GMT 2024","passed","Fri Nov 08 22:38:55 GMT 2024","","QUICK","QUICK",""
"","8000","metta-morph_tests.types","","Fri Nov 08 22:17:10 GMT 2024","passed","Fri Nov 08 22:17:18 GMT 2024","","WHOLE-TESTS","WHOLE-TESTS",""
"","79","MINIMAL-METTA-TESTS.32","","Fri Nov 08 22:25:38 GMT 2024","failed","Fri Nov 08 22:25:38 GMT 2024","","HYPERON-METTALOG-SANITY","HYPERON-METTALOG-SANITY",""
"","3","UNIQUE-TEST.01","","Fri Nov 08 22:25:38 GMT 2024","passed","Fri Nov 08 22:25:38 GMT 2024","","HYPERON-METTALOG-SANITY","HYPERON-METTALOG-SANITY",""
"","2","D1-GADT.08","","Fri Nov 08 22:22:27 GMT 2024","passed","Fri Nov 08 22:22:27 GMT 2024","","HYPERON-EXPERIMENTAL-SCRIPTS","HYPERON-EXPERIMENTAL-SCRIPTS",""
"","1","MATCH-SUPERPOSED-SPACES.04","","Fri Nov 08 22:35:04 GMT 2024","passed","Fri Nov 08 22:35:04 GMT 2024","","METTA-MORPH-TESTS","METTA-MORPH-TESTS",""
"","5","C3-PLN-STV.01","","Fri Nov 08 22:22:27 GMT 2024","passed","Fri Nov 08 22:22:27 GMT 2024","","HYPERON-EXPERIMENTAL-SCRIPTS","HYPERON-EXPERIMENTAL-SCRIPTS",""
"","2","STATES-SPACES.02","","Fri Nov 08 22:35:04 GMT 2024","passed","Fri Nov 08 22:35:04 GMT 2024","","METTA-MORPH-TESTS","METTA-MORPH-TESTS",""
"","3","C1-GROUNDED-BASIC.01","","Fri Nov 08 22:38:55 GMT 2024","passed","Fri Nov 08 22:38:55 GMT 2024","","QUICK","QUICK",""
"","7","SPACE-SUBTRACTION-TESTS.09","","Fri Nov 08 22:25:38 GMT 2024","passed","Fri Nov 08 22:25:38 GMT 2024","","HYPERON-METTALOG-SANITY","HYPERON-METTALOG-SANITY",""
"","8000","metta-morph_tests.factorial","","Fri Nov 08 22:17:10 GMT 2024","passed","Fri Nov 08 22:17:18 GMT 2024","","WHOLE-TESTS","WHOLE-TESTS",""
"","2","D4-TYPE-PROP.19","","Fri Nov 08 22:38:55 GMT 2024","passed","Fri Nov 08 22:38:55 GMT 2024","","QUICK","QUICK",""
"","8000","hyperon-mettalog_sanity.catch_throw_tests","","Fri Nov 08 22:17:10 GMT 2024","passed","Fri Nov 08 22:17:18 GMT 2024","","WHOLE-TESTS","WHOLE-TESTS",""
"","2","HYPERPOSE.02","","Fri Nov 08 22:35:04 GMT 2024","passed","Fri Nov 08 22:35:04 GMT 2024","","METTA-MORPH-TESTS","METTA-MORPH-TESTS",""
"","4","SUPERPOSE-NESTED.01","","Fri Nov 08 22:35:04 GMT 2024","passed","Fri Nov 08 22:35:04 GMT 2024","","METTA-MORPH-TESTS","METTA-MORPH-TESTS",""
"","2","EVAL-FOR-TESTS.06","","Fri Nov 08 22:25:38 GMT 2024","passed","Fri Nov 08 22:25:38 GMT 2024","","HYPERON-METTALOG-SANITY","HYPERON-METTALOG-SANITY",""
"","1","CALL-TESTS.09","","Fri Nov 08 22:25:38 GMT 2024","passed","Fri Nov 08 22:25:38 GMT 2024","","HYPERON-METTALOG-SANITY","HYPERON-METTALOG-SANITY",""
"","2","MATCH-VOID.02","","Fri Nov 08 22:35:04 GMT 2024","passed","Fri Nov 08 22:35:04 GMT 2024","","METTA-MORPH-TESTS","METTA-MORPH-TESTS",""
"","11000","metta-wam-issue-116.test_spo_1000","","Fri Nov 08 22:17:10 GMT 2024","passed","Fri Nov 08 22:17:21 GMT 2024","","WHOLE-TESTS","WHOLE-TESTS",""
"","1","OUTPUT-LOAD-TESTS.14","","Fri Nov 08 22:25:38 GMT 2024","passed","Fri Nov 08 22:25:38 GMT 2024","","HYPERON-METTALOG-SANITY","HYPERON-METTALOG-SANITY",""
"","1","C1-GROUNDED-BASIC.02","","Fri Nov 08 22:38:55 GMT 2024","passed","Fri Nov 08 22:38:55 GMT 2024","","QUICK","QUICK",""
"","47","D5-AUTO-TYPES.03","","Fri Nov 08 22:22:27 GMT 2024","failed","Fri Nov 08 22:22:27 GMT 2024","","HYPERON-EXPERIMENTAL-SCRIPTS","HYPERON-EXPERIMENTAL-SCRIPTS",""
"","17","MINIMAL-METTA-TESTS.13","","Fri Nov 08 22:25:38 GMT 2024","failed","Fri Nov 08 22:25:38 GMT 2024","","HYPERON-METTALOG-SANITY","HYPERON-METTALOG-SANITY",""
"","4","SEALED-TEST.05","","Fri Nov 08 22:25:38 GMT 2024","passed","Fri Nov 08 22:25:38 GMT 2024","","HYPERON-METTALOG-SANITY","HYPERON-METTALOG-SANITY",""
"","13","D2-HIGHERFUNC.22","","Fri Nov 08 22:22:27 GMT 2024","passed","Fri Nov 08 22:22:27 GMT 2024","","HYPERON-EXPERIMENTAL-SCRIPTS","HYPERON-EXPERIMENTAL-SCRIPTS",""
"","2","TMPMATCH1.03","","Fri Nov 08 22:17:18 GMT 2024","passed","Fri Nov 08 22:17:18 GMT 2024","","ANTI-REGRESSION","ANTI-REGRESSION",""
"","2","TEST-IF-CLOSED.03","","Fri Nov 08 22:17:18 GMT 2024","passed","Fri Nov 08 22:17:18 GMT 2024","","ANTI-REGRESSION","ANTI-REGRESSION",""
"","2","MAX-TIME-TESTS.03","","Fri Nov 08 22:25:38 GMT 2024","passed","Fri Nov 08 22:25:38 GMT 2024","","HYPERON-METTALOG-SANITY","HYPERON-METTALOG-SANITY",""
"","1","C1-GROUNDED-BASIC.20","","Fri Nov 08 22:22:27 GMT 2024","passed","Fri Nov 08 22:22:27 GMT 2024","","HYPERON-EXPERIMENTAL-SCRIPTS","HYPERON-EXPERIMENTAL-SCRIPTS",""
"","8","D4-TYPE-PROP.03","","Fri Nov 08 22:22:27 GMT 2024","passed","Fri Nov 08 22:22:27 GMT 2024","","HYPERON-EXPERIMENTAL-SCRIPTS","HYPERON-EXPERIMENTAL-SCRIPTS",""
"","3","COMPILE-TESTS.01","","Fri Nov 08 22:25:38 GMT 2024","passed","Fri Nov 08 22:25:38 GMT 2024","","HYPERON-METTALOG-SANITY","HYPERON-METTALOG-SANITY",""
"","8000","hyperon-mettalog_sanity.limit_tests","","Fri Nov 08 22:17:10 GMT 2024","passed","Fri Nov 08 22:17:18 GMT 2024","","WHOLE-TESTS","WHOLE-TESTS",""
"","1","D2-HIGHERFUNC.16","","Fri Nov 08 22:38:55 GMT 2024","passed","Fri Nov 08 22:38:55 GMT 2024","","QUICK","QUICK",""
"","45","BC-COMP.01","","Fri Nov 08 22:17:18 GMT 2024","failed","Fri Nov 08 22:17:18 GMT 2024","","ANTI-REGRESSION","ANTI-REGRESSION",""
"","2","UNIQUE-TEST.04","","Fri Nov 08 22:25:38 GMT 2024","passed","Fri Nov 08 22:25:38 GMT 2024","","HYPERON-METTALOG-SANITY","HYPERON-METTALOG-SANITY",""
"","46","BCHAIN-COMP.03","","Fri Nov 08 22:17:18 GMT 2024","failed","Fri Nov 08 22:17:18 GMT 2024","","ANTI-REGRESSION","ANTI-REGRESSION",""
"","3","B3-DIRECT.01","","Fri Nov 08 22:22:27 GMT 2024","passed","Fri Nov 08 22:22:27 GMT 2024","","HYPERON-EXPERIMENTAL-SCRIPTS","HYPERON-EXPERIMENTAL-SCRIPTS",""
"","3","06-MATCH-IN-SPACE.02","","Fri Nov 08 22:25:38 GMT 2024","passed","Fri Nov 08 22:25:38 GMT 2024","","HYPERON-METTALOG-SANITY","HYPERON-METTALOG-SANITY",""
"","3","SUBTRACTION-TEST.02","","Fri Nov 08 22:25:38 GMT 2024","passed","Fri Nov 08 22:25:38 GMT 2024","","HYPERON-METTALOG-SANITY","HYPERON-METTALOG-SANITY",""
"","2","OR-TEST.10","","Fri Nov 08 22:25:38 GMT 2024","passed","Fri Nov 08 22:25:38 GMT 2024","","HYPERON-METTALOG-SANITY","HYPERON-METTALOG-SANITY",""
"","3","D2-HIGHERFUNC.27","","Fri Nov 08 22:22:27 GMT 2024","passed","Fri Nov 08 22:22:27 GMT 2024","","HYPERON-EXPERIMENTAL-SCRIPTS","HYPERON-EXPERIMENTAL-SCRIPTS",""
"","4","C1-GROUNDED-BASIC.01","","Fri Nov 08 22:22:27 GMT 2024","passed","Fri Nov 08 22:22:27 GMT 2024","","HYPERON-EXPERIMENTAL-SCRIPTS","HYPERON-EXPERIMENTAL-SCRIPTS",""
"","3","D2-HIGHERFUNC.01","","Fri Nov 08 22:22:27 GMT 2024","passed","Fri Nov 08 22:22:27 GMT 2024","","HYPERON-EXPERIMENTAL-SCRIPTS","HYPERON-EXPERIMENTAL-SCRIPTS",""
"","148","NALIFIER.01","","Fri Nov 08 22:35:04 GMT 2024","passed","Fri Nov 08 22:35:04 GMT 2024","","METTA-MORPH-TESTS","METTA-MORPH-TESTS",""
"","2","XOR-TEST.10","","Fri Nov 08 22:25:38 GMT 2024","passed","Fri Nov 08 22:25:38 GMT 2024","","HYPERON-METTALOG-SANITY","HYPERON-METTALOG-SANITY",""
"","2","C1-GROUNDED-BASIC.08","","Fri Nov 08 22:38:55 GMT 2024","passed","Fri Nov 08 22:38:55 GMT 2024","","QUICK","QUICK",""
"","4","F1-IMPORTS.02","","Fri Nov 08 22:22:27 GMT 2024","passed","Fri Nov 08 22:22:27 GMT 2024","","HYPERON-EXPERIMENTAL-SCRIPTS","HYPERON-EXPERIMENTAL-SCRIPTS",""
"","3","TEST-IF-CLOSED.01","","Fri Nov 08 22:17:18 GMT 2024","passed","Fri Nov 08 22:17:18 GMT 2024","","ANTI-REGRESSION","ANTI-REGRESSION",""
"","8000","hyperon-experimental_scripts.e3_match_states","","Fri Nov 08 22:17:10 GMT 2024","passed","Fri Nov 08 22:17:18 GMT 2024","","WHOLE-TESTS","WHOLE-TESTS",""
"","3","A1-SYMBOLS.01","","Fri Nov 08 22:22:27 GMT 2024","passed","Fri Nov 08 22:22:27 GMT 2024","","HYPERON-EXPERIMENTAL-SCRIPTS","HYPERON-EXPERIMENTAL-SCRIPTS",""
"","2","SEQUENTIAL-NESTED.07","","Fri Nov 08 22:35:04 GMT 2024","passed","Fri Nov 08 22:35:04 GMT 2024","","METTA-MORPH-TESTS","METTA-MORPH-TESTS",""
"","3","00-LANG-CASE.17","","Fri Nov 08 22:25:38 GMT 2024","passed","Fri Nov 08 22:25:38 GMT 2024","","HYPERON-METTALOG-SANITY","HYPERON-METTALOG-SANITY",""
"","4","E2-STATES.01","","Fri Nov 08 22:22:27 GMT 2024","passed","Fri Nov 08 22:22:27 GMT 2024","","HYPERON-EXPERIMENTAL-SCRIPTS","HYPERON-EXPERIMENTAL-SCRIPTS",""
"","5","CALL-TESTS.01","","Fri Nov 08 22:25:38 GMT 2024","passed","Fri Nov 08 22:25:38 GMT 2024","","HYPERON-METTALOG-SANITY","HYPERON-METTALOG-SANITY",""
"","2","D1-GADT.06","","Fri Nov 08 22:22:27 GMT 2024","passed","Fri Nov 08 22:22:27 GMT 2024","","HYPERON-EXPERIMENTAL-SCRIPTS","HYPERON-EXPERIMENTAL-SCRIPTS",""
"","4","MAX-TIME-TESTS.01","","Fri Nov 08 22:25:38 GMT 2024","passed","Fri Nov 08 22:25:38 GMT 2024","","HYPERON-METTALOG-SANITY","HYPERON-METTALOG-SANITY",""
"","9000","hyperon-experimental_scripts.c1_grounded_basic","","Fri Nov 08 22:17:10 GMT 2024","passed","Fri Nov 08 22:17:19 GMT 2024","","WHOLE-TESTS","WHOLE-TESTS",""
"","2","INTERSECTION-TESTS.30","","Fri Nov 08 22:25:38 GMT 2024","passed","Fri Nov 08 22:25:38 GMT 2024","","HYPERON-METTALOG-SANITY","HYPERON-METTALOG-SANITY",""
"","2","STRING-TESTS.14","","Fri Nov 08 22:25:38 GMT 2024","passed","Fri Nov 08 22:25:38 GMT 2024","","HYPERON-METTALOG-SANITY","HYPERON-METTALOG-SANITY",""
"","2","F1-IMPORTS.06","","Fri Nov 08 22:38:55 GMT 2024","passed","Fri Nov 08 22:38:55 GMT 2024","","QUICK","QUICK",""
"","2","B5-TYPES-PRELIM.17","","Fri Nov 08 22:22:27 GMT 2024","passed","Fri Nov 08 22:22:27 GMT 2024","","HYPERON-EXPERIMENTAL-SCRIPTS","HYPERON-EXPERIMENTAL-SCRIPTS",""
"","2","B5-TYPES-PRELIM.09","","Fri Nov 08 22:22:27 GMT 2024","passed","Fri Nov 08 22:22:27 GMT 2024","","HYPERON-EXPERIMENTAL-SCRIPTS","HYPERON-EXPERIMENTAL-SCRIPTS",""
"","4","UNIQUE-TEST.14","","Fri Nov 08 22:25:38 GMT 2024","passed","Fri Nov 08 22:25:38 GMT 2024","","HYPERON-METTALOG-SANITY","HYPERON-METTALOG-SANITY",""
"","1","INTERSECTION-TESTS.08","","Fri Nov 08 22:25:38 GMT 2024","passed","Fri Nov 08 22:25:38 GMT 2024","","HYPERON-METTALOG-SANITY","HYPERON-METTALOG-SANITY",""
"","3","HYPERPOSE-TESTS.02","","Fri Nov 08 22:25:38 GMT 2024","passed","Fri Nov 08 22:25:38 GMT 2024","","HYPERON-METTALOG-SANITY","HYPERON-METTALOG-SANITY",""
"","3","SPACE-SUBTRACTION-TESTS.05","","Fri Nov 08 22:25:38 GMT 2024","passed","Fri Nov 08 22:25:38 GMT 2024","","HYPERON-METTALOG-SANITY","HYPERON-METTALOG-SANITY",""
"","3","UNIQUE-TEST.11","","Fri Nov 08 22:25:38 GMT 2024","passed","Fri Nov 08 22:25:38 GMT 2024","","HYPERON-METTALOG-SANITY","HYPERON-METTALOG-SANITY",""
"","2","D2-HIGHERFUNC.04","","Fri Nov 08 22:38:55 GMT 2024","passed","Fri Nov 08 22:38:55 GMT 2024","","QUICK","QUICK",""
"","89","EVAL-FOR-TESTS.13","","Fri Nov 08 22:25:38 GMT 2024","failed","Fri Nov 08 22:25:38 GMT 2024","","HYPERON-METTALOG-SANITY","HYPERON-METTALOG-SANITY",""
"","3","E1-KB-WRITE.01","","Fri Nov 08 22:22:27 GMT 2024","passed","Fri Nov 08 22:22:27 GMT 2024","","HYPERON-EXPERIMENTAL-SCRIPTS","HYPERON-EXPERIMENTAL-SCRIPTS",""
"","1","F1-MODULEA.06","","Fri Nov 08 22:17:01 GMT 2024","passed","Fri Nov 08 22:17:01 GMT 2024","","MODULE-SYSTEM","MODULE-SYSTEM",""
"","3","00-LANG-CASE.03","","Fri Nov 08 22:25:38 GMT 2024","passed","Fri Nov 08 22:25:38 GMT 2024","","HYPERON-METTALOG-SANITY","HYPERON-METTALOG-SANITY",""
"","2","F1-IMPORTS.14","","Fri Nov 08 22:38:55 GMT 2024","passed","Fri Nov 08 22:38:55 GMT 2024","","QUICK","QUICK",""
"","61","F1-IMPORTS.11","","Fri Nov 08 22:38:55 GMT 2024","failed","Fri Nov 08 22:38:55 GMT 2024","","QUICK","QUICK",""
"","1","STATES-SPACES.06","","Fri Nov 08 22:35:04 GMT 2024","passed","Fri Nov 08 22:35:04 GMT 2024","","METTA-MORPH-TESTS","METTA-MORPH-TESTS",""
"","2","B1-EQUAL-CHAIN.06","","Fri Nov 08 22:22:27 GMT 2024","passed","Fri Nov 08 22:22:27 GMT 2024","","HYPERON-EXPERIMENTAL-SCRIPTS","HYPERON-EXPERIMENTAL-SCRIPTS",""
"","8000","metta-morph_tests.and_or","","Fri Nov 08 22:17:10 GMT 2024","passed","Fri Nov 08 22:17:18 GMT 2024","","WHOLE-TESTS","WHOLE-TESTS",""
"","98","MINIMAL-METTA-TESTS.07","","Fri Nov 08 22:25:38 GMT 2024","failed","Fri Nov 08 22:25:38 GMT 2024","","HYPERON-METTALOG-SANITY","HYPERON-METTALOG-SANITY",""
"","2","D2-HIGHERFUNC.23","","Fri Nov 08 22:38:55 GMT 2024","passed","Fri Nov 08 22:38:55 GMT 2024","","QUICK","QUICK",""
"","3","CALL-TESTS.03","","Fri Nov 08 22:25:38 GMT 2024","passed","Fri Nov 08 22:25:38 GMT 2024","","HYPERON-METTALOG-SANITY","HYPERON-METTALOG-SANITY",""
"","9000","metta-wam-issue-116.test_spo_100","","Fri Nov 08 22:17:10 GMT 2024","passed","Fri Nov 08 22:17:19 GMT 2024","","WHOLE-TESTS","WHOLE-TESTS",""
"","3","INTERSECTION-TESTS.26","","Fri Nov 08 22:25:38 GMT 2024","passed","Fri Nov 08 22:25:38 GMT 2024","","HYPERON-METTALOG-SANITY","HYPERON-METTALOG-SANITY",""
"","2","D2-HIGHERFUNC.03","","Fri Nov 08 22:22:27 GMT 2024","passed","Fri Nov 08 22:22:27 GMT 2024","","HYPERON-EXPERIMENTAL-SCRIPTS","HYPERON-EXPERIMENTAL-SCRIPTS",""
"","1","INTERSECTION-TESTS.03","","Fri Nov 08 22:25:38 GMT 2024","passed","Fri Nov 08 22:25:38 GMT 2024","","HYPERON-METTALOG-SANITY","HYPERON-METTALOG-SANITY",""
"","3","TYPES2.05","","Fri Nov 08 22:35:04 GMT 2024","passed","Fri Nov 08 22:35:04 GMT 2024","","METTA-MORPH-TESTS","METTA-MORPH-TESTS",""
"","1","ZEROARGS.02","","Fri Nov 08 22:35:04 GMT 2024","passed","Fri Nov 08 22:35:04 GMT 2024","","METTA-MORPH-TESTS","METTA-MORPH-TESTS",""
"","9000","hyperon-experimental_scripts.d3_deptypes","","Fri Nov 08 22:17:10 GMT 2024","passed","Fri Nov 08 22:17:19 GMT 2024","","WHOLE-TESTS","WHOLE-TESTS",""
"","2","01-LANG-INC.02","","Fri Nov 08 22:25:38 GMT 2024","passed","Fri Nov 08 22:25:38 GMT 2024","","HYPERON-METTALOG-SANITY","HYPERON-METTALOG-SANITY",""
"","1","CALL-TESTS.07","","Fri Nov 08 22:25:38 GMT 2024","passed","Fri Nov 08 22:25:38 GMT 2024","","HYPERON-METTALOG-SANITY","HYPERON-METTALOG-SANITY",""
"","9000","quick.c1_grounded_basic","","Fri Nov 08 22:17:10 GMT 2024","passed","Fri Nov 08 22:17:19 GMT 2024","","WHOLE-TESTS","WHOLE-TESTS",""
"","2","IS-SPACE.03","","Fri Nov 08 22:25:38 GMT 2024","passed","Fri Nov 08 22:25:38 GMT 2024","","HYPERON-METTALOG-SANITY","HYPERON-METTALOG-SANITY",""
"","8000","quick.d1_gadt","","Fri Nov 08 22:17:10 GMT 2024","passed","Fri Nov 08 22:17:18 GMT 2024","","WHOLE-TESTS","WHOLE-TESTS",""
"","2","B5-TYPES-PRELIM.13","","Fri Nov 08 22:22:27 GMT 2024","passed","Fri Nov 08 22:22:27 GMT 2024","","HYPERON-EXPERIMENTAL-SCRIPTS","HYPERON-EXPERIMENTAL-SCRIPTS",""
"","2","D2-HIGHERFUNC.19","","Fri Nov 08 22:22:27 GMT 2024","passed","Fri Nov 08 22:22:27 GMT 2024","","HYPERON-EXPERIMENTAL-SCRIPTS","HYPERON-EXPERIMENTAL-SCRIPTS",""
"","2","FLIP-TEST.02","","Fri Nov 08 22:25:38 GMT 2024","passed","Fri Nov 08 22:25:38 GMT 2024","","HYPERON-METTALOG-SANITY","HYPERON-METTALOG-SANITY",""
"","3","F1-IMPORTS.15","","Fri Nov 08 22:22:27 GMT 2024","passed","Fri Nov 08 22:22:27 GMT 2024","","HYPERON-EXPERIMENTAL-SCRIPTS","HYPERON-EXPERIMENTAL-SCRIPTS",""
"","2","D2-HIGHERFUNC.11","","Fri Nov 08 22:38:55 GMT 2024","passed","Fri Nov 08 22:38:55 GMT 2024","","QUICK","QUICK",""
"","1","STRING-TESTS.09","","Fri Nov 08 22:25:38 GMT 2024","passed","Fri Nov 08 22:25:38 GMT 2024","","HYPERON-METTALOG-SANITY","HYPERON-METTALOG-SANITY",""
"","1","XOR-TEST.03","","Fri Nov 08 22:25:38 GMT 2024","passed","Fri Nov 08 22:25:38 GMT 2024","","HYPERON-METTALOG-SANITY","HYPERON-METTALOG-SANITY",""
"","2","D2-HIGHERFUNC.11","","Fri Nov 08 22:22:27 GMT 2024","passed","Fri Nov 08 22:22:27 GMT 2024","","HYPERON-EXPERIMENTAL-SCRIPTS","HYPERON-EXPERIMENTAL-SCRIPTS",""
"","2","HYPERPOSE.06","","Fri Nov 08 22:35:04 GMT 2024","passed","Fri Nov 08 22:35:04 GMT 2024","","METTA-MORPH-TESTS","METTA-MORPH-TESTS",""
"","3","E2-STATES.03","","Fri Nov 08 22:22:27 GMT 2024","passed","Fri Nov 08 22:22:27 GMT 2024","","HYPERON-EXPERIMENTAL-SCRIPTS","HYPERON-EXPERIMENTAL-SCRIPTS",""
"","140","TESTS0.01","","Fri Nov 08 22:35:04 GMT 2024","passed","Fri Nov 08 22:35:04 GMT 2024","","METTA-MORPH-TESTS","METTA-MORPH-TESTS",""
"","8000","module-system.f1_moduleA","","Fri Nov 08 22:17:10 GMT 2024","passed","Fri Nov 08 22:17:18 GMT 2024","","WHOLE-TESTS","WHOLE-TESTS",""
"","2","STATES-SPACES.01","","Fri Nov 08 22:35:04 GMT 2024","passed","Fri Nov 08 22:35:04 GMT 2024","","METTA-MORPH-TESTS","METTA-MORPH-TESTS",""
"","2","TYPES2.04","","Fri Nov 08 22:35:04 GMT 2024","passed","Fri Nov 08 22:35:04 GMT 2024","","METTA-MORPH-TESTS","METTA-MORPH-TESTS",""
"","3","00-LANG-CASE.13","","Fri Nov 08 22:25:38 GMT 2024","passed","Fri Nov 08 22:25:38 GMT 2024","","HYPERON-METTALOG-SANITY","HYPERON-METTALOG-SANITY",""
"","2","MATCH-SUPERPOSED-SPACES.03","","Fri Nov 08 22:35:04 GMT 2024","passed","Fri Nov 08 22:35:04 GMT 2024","","METTA-MORPH-TESTS","METTA-MORPH-TESTS",""
"","2","00-LANG-CASE.05","","Fri Nov 08 22:25:38 GMT 2024","passed","Fri Nov 08 22:25:38 GMT 2024","","HYPERON-METTALOG-SANITY","HYPERON-METTALOG-SANITY",""
"","2","METTALOGTESTCURRIED2.02","","Fri Nov 08 22:17:18 GMT 2024","passed","Fri Nov 08 22:17:18 GMT 2024","","ANTI-REGRESSION","ANTI-REGRESSION",""
"","2","B5-TYPES-PRELIM.10","","Fri Nov 08 22:22:27 GMT 2024","passed","Fri Nov 08 22:22:27 GMT 2024","","HYPERON-EXPERIMENTAL-SCRIPTS","HYPERON-EXPERIMENTAL-SCRIPTS",""
"","2","E2-STATES.09","","Fri Nov 08 22:22:27 GMT 2024","passed","Fri Nov 08 22:22:27 GMT 2024","","HYPERON-EXPERIMENTAL-SCRIPTS","HYPERON-EXPERIMENTAL-SCRIPTS",""
"","2","INTERSECTION-TESTS.32","","Fri Nov 08 22:25:38 GMT 2024","passed","Fri Nov 08 22:25:38 GMT 2024","","HYPERON-METTALOG-SANITY","HYPERON-METTALOG-SANITY",""
"","1","INTERSECTION-TESTS.19","","Fri Nov 08 22:25:38 GMT 2024","passed","Fri Nov 08 22:25:38 GMT 2024","","HYPERON-METTALOG-SANITY","HYPERON-METTALOG-SANITY",""
"","3","SPACE-INTERSECTION-TESTS.15","","Fri Nov 08 22:25:38 GMT 2024","passed","Fri Nov 08 22:25:38 GMT 2024","","HYPERON-METTALOG-SANITY","HYPERON-METTALOG-SANITY",""
"","3","D1-GADT.10","","Fri Nov 08 22:22:27 GMT 2024","passed","Fri Nov 08 22:22:27 GMT 2024","","HYPERON-EXPERIMENTAL-SCRIPTS","HYPERON-EXPERIMENTAL-SCRIPTS",""
"","1","OR-TEST.19","","Fri Nov 08 22:25:38 GMT 2024","passed","Fri Nov 08 22:25:38 GMT 2024","","HYPERON-METTALOG-SANITY","HYPERON-METTALOG-SANITY",""
"","3","F1-IMPORTS.01","","Fri Nov 08 22:22:27 GMT 2024","passed","Fri Nov 08 22:22:27 GMT 2024","","HYPERON-EXPERIMENTAL-SCRIPTS","HYPERON-EXPERIMENTAL-SCRIPTS",""
"","3","CATCH-THROW-TESTS.01","","Fri Nov 08 22:25:38 GMT 2024","passed","Fri Nov 08 22:25:38 GMT 2024","","HYPERON-METTALOG-SANITY","HYPERON-METTALOG-SANITY",""
"","3","00-LANG-CASE.07","","Fri Nov 08 22:25:38 GMT 2024","passed","Fri Nov 08 22:25:38 GMT 2024","","HYPERON-METTALOG-SANITY","HYPERON-METTALOG-SANITY",""
"","2","TYPES2.02","","Fri Nov 08 22:35:04 GMT 2024","passed","Fri Nov 08 22:35:04 GMT 2024","","METTA-MORPH-TESTS","METTA-MORPH-TESTS",""
"","3","XOR-TEST.01","","Fri Nov 08 22:25:38 GMT 2024","passed","Fri Nov 08 22:25:38 GMT 2024","","HYPERON-METTALOG-SANITY","HYPERON-METTALOG-SANITY",""
"","3","BASE-TEST-REPR-PARSE-INTERSECTION.03","","Fri Nov 08 22:25:38 GMT 2024","passed","Fri Nov 08 22:25:38 GMT 2024","","HYPERON-METTALOG-SANITY","HYPERON-METTALOG-SANITY",""
"","3","TMPMATCH1.01","","Fri Nov 08 22:17:18 GMT 2024","passed","Fri Nov 08 22:17:18 GMT 2024","","ANTI-REGRESSION","ANTI-REGRESSION",""
"","1","D4-TYPE-PROP.08","","Fri Nov 08 22:38:55 GMT 2024","passed","Fri Nov 08 22:38:55 GMT 2024","","QUICK","QUICK",""
"","8000","hyperon-mettalog_sanity.string-tests","","Fri Nov 08 22:17:10 GMT 2024","passed","Fri Nov 08 22:17:18 GMT 2024","","WHOLE-TESTS","WHOLE-TESTS",""
"","2","D1-GADT.12","","Fri Nov 08 22:38:55 GMT 2024","passed","Fri Nov 08 22:38:55 GMT 2024","","QUICK","QUICK",""
"","7","MINIMAL-METTA-TESTS.05","","Fri Nov 08 22:25:38 GMT 2024","failed","Fri Nov 08 22:25:38 GMT 2024","","HYPERON-METTALOG-SANITY","HYPERON-METTALOG-SANITY",""
"","1","C1-GROUNDED-BASIC.16","","Fri Nov 08 22:38:55 GMT 2024","passed","Fri Nov 08 22:38:55 GMT 2024","","QUICK","QUICK",""
"","9","D1-GADT.13","","Fri Nov 08 22:22:27 GMT 2024","passed","Fri Nov 08 22:22:27 GMT 2024","","HYPERON-EXPERIMENTAL-SCRIPTS","HYPERON-EXPERIMENTAL-SCRIPTS",""
"","8","D1-GADT.05","","Fri Nov 08 22:38:55 GMT 2024","passed","Fri Nov 08 22:38:55 GMT 2024","","QUICK","QUICK",""
"","13","MINIMAL-METTA-TESTS.02","","Fri Nov 08 22:25:38 GMT 2024","failed","Fri Nov 08 22:25:38 GMT 2024","","HYPERON-METTALOG-SANITY","HYPERON-METTALOG-SANITY",""
"","2","HYPERPOSE.03","","Fri Nov 08 22:35:04 GMT 2024","passed","Fri Nov 08 22:35:04 GMT 2024","","METTA-MORPH-TESTS","METTA-MORPH-TESTS",""
"","74","MINIMAL-METTA-TESTS.19","","Fri Nov 08 22:25:38 GMT 2024","failed","Fri Nov 08 22:25:38 GMT 2024","","HYPERON-METTALOG-SANITY","HYPERON-METTALOG-SANITY",""
"","2","C1-GROUNDED-BASIC.20","","Fri Nov 08 22:38:55 GMT 2024","passed","Fri Nov 08 22:38:55 GMT 2024","","QUICK","QUICK",""
"","2","B5-TYPES-PRELIM.22","","Fri Nov 08 22:22:27 GMT 2024","passed","Fri Nov 08 22:22:27 GMT 2024","","HYPERON-EXPERIMENTAL-SCRIPTS","HYPERON-EXPERIMENTAL-SCRIPTS",""
"","2","D2-HIGHERFUNC.25","","Fri Nov 08 22:22:27 GMT 2024","passed","Fri Nov 08 22:22:27 GMT 2024","","HYPERON-EXPERIMENTAL-SCRIPTS","HYPERON-EXPERIMENTAL-SCRIPTS",""
"","2","03-SORING-VIA-INSERT.06","","Fri Nov 08 22:25:38 GMT 2024","passed","Fri Nov 08 22:25:38 GMT 2024","","HYPERON-METTALOG-SANITY","HYPERON-METTALOG-SANITY",""
"","2","LET-SUPERPOSE-LIST.02","","Fri Nov 08 22:35:04 GMT 2024","passed","Fri Nov 08 22:35:04 GMT 2024","","METTA-MORPH-TESTS","METTA-MORPH-TESTS",""
"","1","TEST-IF-CLOSED.07","","Fri Nov 08 22:17:18 GMT 2024","passed","Fri Nov 08 22:17:18 GMT 2024","","ANTI-REGRESSION","ANTI-REGRESSION",""
"","2","C3-PLN-STV.02","","Fri Nov 08 22:22:27 GMT 2024","passed","Fri Nov 08 22:22:27 GMT 2024","","HYPERON-EXPERIMENTAL-SCRIPTS","HYPERON-EXPERIMENTAL-SCRIPTS",""
"","8000","anti-regression.tmpMatch1","","Fri Nov 08 22:17:10 GMT 2024","passed","Fri Nov 08 22:17:18 GMT 2024","","WHOLE-TESTS","WHOLE-TESTS",""
"","3","SPACE-INTERSECTION-TESTS.02","","Fri Nov 08 22:25:38 GMT 2024","passed","Fri Nov 08 22:25:38 GMT 2024","","HYPERON-METTALOG-SANITY","HYPERON-METTALOG-SANITY",""
"","2","C1-GROUNDED-BASIC.22","","Fri Nov 08 22:38:55 GMT 2024","passed","Fri Nov 08 22:38:55 GMT 2024","","QUICK","QUICK",""
"","10000","hyperon-mettalog_sanity.intersection_tests","","Fri Nov 08 22:17:10 GMT 2024","passed","Fri Nov 08 22:17:20 GMT 2024","","WHOLE-TESTS","WHOLE-TESTS",""
"","29000","metta-wam-issue-116.test_spo_116378","","Fri Nov 08 22:17:10 GMT 2024","passed","Fri Nov 08 22:17:39 GMT 2024","","WHOLE-TESTS","WHOLE-TESTS",""
"","8000","hyperon-mettalog_sanity.arity_tests","","Fri Nov 08 22:17:10 GMT 2024","passed","Fri Nov 08 22:17:18 GMT 2024","","WHOLE-TESTS","WHOLE-TESTS",""
"","8000","hyperon-mettalog_sanity.space_subtraction_tests","","Fri Nov 08 22:17:10 GMT 2024","passed","Fri Nov 08 22:17:18 GMT 2024","","WHOLE-TESTS","WHOLE-TESTS",""
"","10000","metta-morph_tests.nalifier","","Fri Nov 08 22:17:10 GMT 2024","passed","Fri Nov 08 22:17:20 GMT 2024","","WHOLE-TESTS","WHOLE-TESTS",""
"","1","C1-GROUNDED-BASIC.22","","Fri Nov 08 22:22:27 GMT 2024","passed","Fri Nov 08 22:22:27 GMT 2024","","HYPERON-EXPERIMENTAL-SCRIPTS","HYPERON-EXPERIMENTAL-SCRIPTS",""
"","1","PY-TYPES-2.02","","Fri Nov 08 22:25:38 GMT 2024","passed","Fri Nov 08 22:25:38 GMT 2024","","HYPERON-METTALOG-SANITY","HYPERON-METTALOG-SANITY",""
"","91","F1-IMPORTS.16","","Fri Nov 08 22:38:55 GMT 2024","passed","Fri Nov 08 22:38:55 GMT 2024","","QUICK","QUICK",""
"","2","D2-HIGHERFUNC.09","","Fri Nov 08 22:22:27 GMT 2024","passed","Fri Nov 08 22:22:27 GMT 2024","","HYPERON-EXPERIMENTAL-SCRIPTS","HYPERON-EXPERIMENTAL-SCRIPTS",""
"","1","MATCH-VOID.03","","Fri Nov 08 22:35:04 GMT 2024","passed","Fri Nov 08 22:35:04 GMT 2024","","METTA-MORPH-TESTS","METTA-MORPH-TESTS",""
"","1","XOR-TEST.02","","Fri Nov 08 22:25:38 GMT 2024","passed","Fri Nov 08 22:25:38 GMT 2024","","HYPERON-METTALOG-SANITY","HYPERON-METTALOG-SANITY",""
"","2","D2-HIGHERFUNC.01","","Fri Nov 08 22:38:55 GMT 2024","passed","Fri Nov 08 22:38:55 GMT 2024","","QUICK","QUICK",""
"","2","LIMIT-TESTS.17","","Fri Nov 08 22:25:38 GMT 2024","passed","Fri Nov 08 22:25:38 GMT 2024","","HYPERON-METTALOG-SANITY","HYPERON-METTALOG-SANITY",""
"","2","F1-IMPORTS.13","","Fri Nov 08 22:22:27 GMT 2024","passed","Fri Nov 08 22:22:27 GMT 2024","","HYPERON-EXPERIMENTAL-SCRIPTS","HYPERON-EXPERIMENTAL-SCRIPTS",""
"","85","INTERSECTION-TESTS.06","","Fri Nov 08 22:25:38 GMT 2024","passed","Fri Nov 08 22:25:38 GMT 2024","","HYPERON-METTALOG-SANITY","HYPERON-METTALOG-SANITY",""
"","30000","synth_buffer.time_synthesize","","Fri Nov 08 22:17:10 GMT 2024","passed","Fri Nov 08 22:17:40 GMT 2024","","WHOLE-TESTS","WHOLE-TESTS",""
"","2","TMPMATCH2.04","","Fri Nov 08 22:17:18 GMT 2024","passed","Fri Nov 08 22:17:18 GMT 2024","","ANTI-REGRESSION","ANTI-REGRESSION",""
"","2","B4-NONDETERM.05","","Fri Nov 08 22:22:27 GMT 2024","passed","Fri Nov 08 22:22:27 GMT 2024","","HYPERON-EXPERIMENTAL-SCRIPTS","HYPERON-EXPERIMENTAL-SCRIPTS",""
"","16","D2-HIGHERFUNC.21","","Fri Nov 08 22:38:55 GMT 2024","passed","Fri Nov 08 22:38:55 GMT 2024","","QUICK","QUICK",""
"","3","C1-GROUNDED-BASIC.21","","Fri Nov 08 22:22:27 GMT 2024","passed","Fri Nov 08 22:22:27 GMT 2024","","HYPERON-EXPERIMENTAL-SCRIPTS","HYPERON-EXPERIMENTAL-SCRIPTS",""
"","2","SUBTRACTION-TEST.08","","Fri Nov 08 22:25:38 GMT 2024","passed","Fri Nov 08 22:25:38 GMT 2024","","HYPERON-METTALOG-SANITY","HYPERON-METTALOG-SANITY",""
"","11000","hyperon-mettalog_sanity.call_cleanup_tests","","Fri Nov 08 22:17:10 GMT 2024","passed","Fri Nov 08 22:17:21 GMT 2024","","WHOLE-TESTS","WHOLE-TESTS",""
"","1","LIMIT-TESTS.05","","Fri Nov 08 22:25:38 GMT 2024","passed","Fri Nov 08 22:25:38 GMT 2024","","HYPERON-METTALOG-SANITY","HYPERON-METTALOG-SANITY",""
"","2","OUTPUT-LOAD-TESTS.07","","Fri Nov 08 22:25:38 GMT 2024","passed","Fri Nov 08 22:25:38 GMT 2024","","HYPERON-METTALOG-SANITY","HYPERON-METTALOG-SANITY",""
"","2","B1-EQUAL-CHAIN.01","","Fri Nov 08 22:22:27 GMT 2024","passed","Fri Nov 08 22:22:27 GMT 2024","","HYPERON-EXPERIMENTAL-SCRIPTS","HYPERON-EXPERIMENTAL-SCRIPTS",""
"","3","D2-HIGHERFUNC.12","","Fri Nov 08 22:22:27 GMT 2024","passed","Fri Nov 08 22:22:27 GMT 2024","","HYPERON-EXPERIMENTAL-SCRIPTS","HYPERON-EXPERIMENTAL-SCRIPTS",""
"","2","D2-HIGHERFUNC.15","","Fri Nov 08 22:22:27 GMT 2024","passed","Fri Nov 08 22:22:27 GMT 2024","","HYPERON-EXPERIMENTAL-SCRIPTS","HYPERON-EXPERIMENTAL-SCRIPTS",""
"","5","OR-TEST.14","","Fri Nov 08 22:25:38 GMT 2024","passed","Fri Nov 08 22:25:38 GMT 2024","","HYPERON-METTALOG-SANITY","HYPERON-METTALOG-SANITY",""
"","1","EVAL-FOR-TESTS.09","","Fri Nov 08 22:25:38 GMT 2024","passed","Fri Nov 08 22:25:38 GMT 2024","","HYPERON-METTALOG-SANITY","HYPERON-METTALOG-SANITY",""
"","2","TESTS0.02","","Fri Nov 08 22:35:04 GMT 2024","passed","Fri Nov 08 22:35:04 GMT 2024","","METTA-MORPH-TESTS","METTA-MORPH-TESTS",""
"","1","C2-SPACES.03","","Fri Nov 08 22:22:27 GMT 2024","passed","Fri Nov 08 22:22:27 GMT 2024","","HYPERON-EXPERIMENTAL-SCRIPTS","HYPERON-EXPERIMENTAL-SCRIPTS",""
"","3","INTERSECTION-TESTS.27","","Fri Nov 08 22:25:38 GMT 2024","passed","Fri Nov 08 22:25:38 GMT 2024","","HYPERON-METTALOG-SANITY","HYPERON-METTALOG-SANITY",""
"","1","F1-IMPORTS.17","","Fri Nov 08 22:22:27 GMT 2024","passed","Fri Nov 08 22:22:27 GMT 2024","","HYPERON-EXPERIMENTAL-SCRIPTS","HYPERON-EXPERIMENTAL-SCRIPTS",""
"","2","B2-BACKCHAIN.02","","Fri Nov 08 22:22:27 GMT 2024","passed","Fri Nov 08 22:22:27 GMT 2024","","HYPERON-EXPERIMENTAL-SCRIPTS","HYPERON-EXPERIMENTAL-SCRIPTS",""
"","23577","SYNTHESIZE.01","","Fri Nov 08 22:32:26 GMT 2024","passed","Fri Nov 08 22:32:49 GMT 2024","","SYNTH-BUFFER","SYNTH-BUFFER",""
"","1","INTERSECTION-TESTS.16","","Fri Nov 08 22:25:38 GMT 2024","passed","Fri Nov 08 22:25:38 GMT 2024","","HYPERON-METTALOG-SANITY","HYPERON-METTALOG-SANITY",""
"","2","D2-HIGHERFUNC.23","","Fri Nov 08 22:22:27 GMT 2024","passed","Fri Nov 08 22:22:27 GMT 2024","","HYPERON-EXPERIMENTAL-SCRIPTS","HYPERON-EXPERIMENTAL-SCRIPTS",""
"","2","D1-GADT.11","","Fri Nov 08 22:38:55 GMT 2024","passed","Fri Nov 08 22:38:55 GMT 2024","","QUICK","QUICK",""
"","15","E3-MATCH-STATES.06","","Fri Nov 08 22:22:27 GMT 2024","failed","Fri Nov 08 22:22:27 GMT 2024","","HYPERON-EXPERIMENTAL-SCRIPTS","HYPERON-EXPERIMENTAL-SCRIPTS",""
"","1","D4-TYPE-PROP.09","","Fri Nov 08 22:22:27 GMT 2024","passed","Fri Nov 08 22:22:27 GMT 2024","","HYPERON-EXPERIMENTAL-SCRIPTS","HYPERON-EXPERIMENTAL-SCRIPTS",""
"","2","SPACE-INTERSECTION-TESTS.05","","Fri Nov 08 22:25:38 GMT 2024","passed","Fri Nov 08 22:25:38 GMT 2024","","HYPERON-METTALOG-SANITY","HYPERON-METTALOG-SANITY",""
"","3","METTALOGTESTCURRIED2.01","","Fri Nov 08 22:17:18 GMT 2024","passed","Fri Nov 08 22:17:18 GMT 2024","","ANTI-REGRESSION","ANTI-REGRESSION",""
"","26","BCHAIN-COMP.04","","Fri Nov 08 22:17:18 GMT 2024","passed","Fri Nov 08 22:17:18 GMT 2024","","ANTI-REGRESSION","ANTI-REGRESSION",""
"","2","STRING-TESTS.07","","Fri Nov 08 22:25:38 GMT 2024","passed","Fri Nov 08 22:25:38 GMT 2024","","HYPERON-METTALOG-SANITY","HYPERON-METTALOG-SANITY",""
"","8000","hyperon-mettalog_sanity.minimal_metta_tests","","Fri Nov 08 22:17:10 GMT 2024","passed","Fri Nov 08 22:17:18 GMT 2024","","WHOLE-TESTS","WHOLE-TESTS",""
"","5","OR-TEST.07","","Fri Nov 08 22:25:38 GMT 2024","passed","Fri Nov 08 22:25:38 GMT 2024","","HYPERON-METTALOG-SANITY","HYPERON-METTALOG-SANITY",""
"","1","B0-CHAINING-PRELIM.02","","Fri Nov 08 22:22:27 GMT 2024","passed","Fri Nov 08 22:22:27 GMT 2024","","HYPERON-EXPERIMENTAL-SCRIPTS","HYPERON-EXPERIMENTAL-SCRIPTS",""
"","81","MINIMAL-METTA-TESTS.23","","Fri Nov 08 22:25:38 GMT 2024","passed","Fri Nov 08 22:25:38 GMT 2024","","HYPERON-METTALOG-SANITY","HYPERON-METTALOG-SANITY",""
"","2","BCHAIN.03","","Fri Nov 08 22:17:18 GMT 2024","passed","Fri Nov 08 22:17:18 GMT 2024","","ANTI-REGRESSION","ANTI-REGRESSION",""
"","2","PY-TYPES.02","","Fri Nov 08 22:25:38 GMT 2024","passed","Fri Nov 08 22:25:38 GMT 2024","","HYPERON-METTALOG-SANITY","HYPERON-METTALOG-SANITY",""
"","2","INTERSECTION-TESTS.02","","Fri Nov 08 22:25:38 GMT 2024","passed","Fri Nov 08 22:25:38 GMT 2024","","HYPERON-METTALOG-SANITY","HYPERON-METTALOG-SANITY",""
"","1","TEST-IF-CLOSED.05","","Fri Nov 08 22:17:18 GMT 2024","passed","Fri Nov 08 22:17:18 GMT 2024","","ANTI-REGRESSION","ANTI-REGRESSION",""
"","129","TEST-SPO-5000.01","","Fri Nov 08 22:18:34 GMT 2024","passed","Fri Nov 08 22:18:34 GMT 2024","","METTA-WAM-ISSUE-116","METTA-WAM-ISSUE-116",""
"","2","B5-TYPES-PRELIM.26","","Fri Nov 08 22:22:27 GMT 2024","passed","Fri Nov 08 22:22:27 GMT 2024","","HYPERON-EXPERIMENTAL-SCRIPTS","HYPERON-EXPERIMENTAL-SCRIPTS",""
"","4","SPACE-INTERSECTION-TESTS.06","","Fri Nov 08 22:25:38 GMT 2024","passed","Fri Nov 08 22:25:38 GMT 2024","","HYPERON-METTALOG-SANITY","HYPERON-METTALOG-SANITY",""
"","14","D2-HIGHERFUNC.20","","Fri Nov 08 22:38:55 GMT 2024","passed","Fri Nov 08 22:38:55 GMT 2024","","QUICK","QUICK",""
"","1","00-LANG-CASE.10","","Fri Nov 08 22:25:38 GMT 2024","passed","Fri Nov 08 22:25:38 GMT 2024","","HYPERON-METTALOG-SANITY","HYPERON-METTALOG-SANITY",""
"","1","F1-MODULEA.03","","Fri Nov 08 22:17:01 GMT 2024","passed","Fri Nov 08 22:17:01 GMT 2024","","MODULE-SYSTEM","MODULE-SYSTEM",""
"","8000","hyperon-experimental_scripts.a1_symbols","","Fri Nov 08 22:17:10 GMT 2024","passed","Fri Nov 08 22:17:18 GMT 2024","","WHOLE-TESTS","WHOLE-TESTS",""
"","2","06-MATCH-IN-SPACE.01","","Fri Nov 08 22:25:38 GMT 2024","passed","Fri Nov 08 22:25:38 GMT 2024","","HYPERON-METTALOG-SANITY","HYPERON-METTALOG-SANITY",""
"","2","SUBTRACTION-TEST.06","","Fri Nov 08 22:25:38 GMT 2024","passed","Fri Nov 08 22:25:38 GMT 2024","","HYPERON-METTALOG-SANITY","HYPERON-METTALOG-SANITY",""
"","8","D1-GADT.09","","Fri Nov 08 22:22:27 GMT 2024","passed","Fri Nov 08 22:22:27 GMT 2024","","HYPERON-EXPERIMENTAL-SCRIPTS","HYPERON-EXPERIMENTAL-SCRIPTS",""
"","2","F1-MODULEA.08","","Fri Nov 08 22:22:27 GMT 2024","passed","Fri Nov 08 22:22:27 GMT 2024","","HYPERON-EXPERIMENTAL-SCRIPTS","HYPERON-EXPERIMENTAL-SCRIPTS",""
"","2","D4-TYPE-PROP.16","","Fri Nov 08 22:22:27 GMT 2024","passed","Fri Nov 08 22:22:27 GMT 2024","","HYPERON-EXPERIMENTAL-SCRIPTS","HYPERON-EXPERIMENTAL-SCRIPTS",""
"","2","D1-GADT.10","","Fri Nov 08 22:38:55 GMT 2024","passed","Fri Nov 08 22:38:55 GMT 2024","","QUICK","QUICK",""
"","8000","hyperon-mettalog_sanity.is_space","","Fri Nov 08 22:17:10 GMT 2024","passed","Fri Nov 08 22:17:18 GMT 2024","","WHOLE-TESTS","WHOLE-TESTS",""
"","2","TEST-IF-CLOSED.04","","Fri Nov 08 22:17:18 GMT 2024","passed","Fri Nov 08 22:17:18 GMT 2024","","ANTI-REGRESSION","ANTI-REGRESSION",""
"","2","FIND-ALL-TESTS.03","","Fri Nov 08 22:25:38 GMT 2024","passed","Fri Nov 08 22:25:38 GMT 2024","","HYPERON-METTALOG-SANITY","HYPERON-METTALOG-SANITY",""
"","3","D3-DEPTYPES.02","","Fri Nov 08 22:22:27 GMT 2024","passed","Fri Nov 08 22:22:27 GMT 2024","","HYPERON-EXPERIMENTAL-SCRIPTS","HYPERON-EXPERIMENTAL-SCRIPTS",""
"","9000","hyperon-experimental_scripts.g1_docs","","Fri Nov 08 22:17:10 GMT 2024","passed","Fri Nov 08 22:17:19 GMT 2024","","WHOLE-TESTS","WHOLE-TESTS",""
"","3","EVAL-FOR-TESTS.03","","Fri Nov 08 22:25:38 GMT 2024","passed","Fri Nov 08 22:25:38 GMT 2024","","HYPERON-METTALOG-SANITY","HYPERON-METTALOG-SANITY",""
"","8000","metta-morph_tests.collapse","","Fri Nov 08 22:17:10 GMT 2024","passed","Fri Nov 08 22:17:18 GMT 2024","","WHOLE-TESTS","WHOLE-TESTS",""
"","30","STRUCTURE-TESTS.01","","Fri Nov 08 22:25:38 GMT 2024","passed","Fri Nov 08 22:25:38 GMT 2024","","HYPERON-METTALOG-SANITY","HYPERON-METTALOG-SANITY",""
"","2","SUBTRACTION-TEST.04","","Fri Nov 08 22:25:38 GMT 2024","passed","Fri Nov 08 22:25:38 GMT 2024","","HYPERON-METTALOG-SANITY","HYPERON-METTALOG-SANITY",""
"","1","INTERSECTION-TESTS.22","","Fri Nov 08 22:25:38 GMT 2024","passed","Fri Nov 08 22:25:38 GMT 2024","","HYPERON-METTALOG-SANITY","HYPERON-METTALOG-SANITY",""
"","155","OUTPUT-LOAD-TESTS.11","","Fri Nov 08 22:25:38 GMT 2024","failed","Fri Nov 08 22:25:38 GMT 2024","","HYPERON-METTALOG-SANITY","HYPERON-METTALOG-SANITY",""
"","75","D2-HIGHERFUNC.07","","Fri Nov 08 22:38:55 GMT 2024","failed","Fri Nov 08 22:38:55 GMT 2024","","QUICK","QUICK",""
"","3","D3-DEPTYPES.01","","Fri Nov 08 22:22:27 GMT 2024","passed","Fri Nov 08 22:22:27 GMT 2024","","HYPERON-EXPERIMENTAL-SCRIPTS","HYPERON-EXPERIMENTAL-SCRIPTS",""
"","2","ADD-ATOM-MATCH.01","","Fri Nov 08 22:35:04 GMT 2024","passed","Fri Nov 08 22:35:04 GMT 2024","","METTA-MORPH-TESTS","METTA-MORPH-TESTS",""
"","1","TMPMATCH2.02","","Fri Nov 08 22:17:18 GMT 2024","passed","Fri Nov 08 22:17:18 GMT 2024","","ANTI-REGRESSION","ANTI-REGRESSION",""
"","2","F1-IMPORTS.03","","Fri Nov 08 22:38:55 GMT 2024","passed","Fri Nov 08 22:38:55 GMT 2024","","QUICK","QUICK",""
"","1","STRING-TESTS.20","","Fri Nov 08 22:25:38 GMT 2024","passed","Fri Nov 08 22:25:38 GMT 2024","","HYPERON-METTALOG-SANITY","HYPERON-METTALOG-SANITY",""
"","1","OR-TEST.18","","Fri Nov 08 22:25:38 GMT 2024","passed","Fri Nov 08 22:25:38 GMT 2024","","HYPERON-METTALOG-SANITY","HYPERON-METTALOG-SANITY",""
"","2","MINIMAL-METTA-TESTS.03","","Fri Nov 08 22:25:38 GMT 2024","passed","Fri Nov 08 22:25:38 GMT 2024","","HYPERON-METTALOG-SANITY","HYPERON-METTALOG-SANITY",""
"","1","E3-MATCH-STATES.02","","Fri Nov 08 22:22:27 GMT 2024","passed","Fri Nov 08 22:22:27 GMT 2024","","HYPERON-EXPERIMENTAL-SCRIPTS","HYPERON-EXPERIMENTAL-SCRIPTS",""
"","3","SEALED-TEST.02","","Fri Nov 08 22:25:38 GMT 2024","passed","Fri Nov 08 22:25:38 GMT 2024","","HYPERON-METTALOG-SANITY","HYPERON-METTALOG-SANITY",""
"","129","PY-TYPES.06","","Fri Nov 08 22:25:38 GMT 2024","passed","Fri Nov 08 22:25:38 GMT 2024","","HYPERON-METTALOG-SANITY","HYPERON-METTALOG-SANITY",""
"","1","STRING-TESTS.13","","Fri Nov 08 22:25:38 GMT 2024","passed","Fri Nov 08 22:25:38 GMT 2024","","HYPERON-METTALOG-SANITY","HYPERON-METTALOG-SANITY",""
"","1","D4-TYPE-PROP.17","","Fri Nov 08 22:22:27 GMT 2024","passed","Fri Nov 08 22:22:27 GMT 2024","","HYPERON-EXPERIMENTAL-SCRIPTS","HYPERON-EXPERIMENTAL-SCRIPTS",""
"","8000","metta-morph_tests.nested_parameters","","Fri Nov 08 22:17:10 GMT 2024","passed","Fri Nov 08 22:17:18 GMT 2024","","WHOLE-TESTS","WHOLE-TESTS",""
"","3","F1-MODULEA.04","","Fri Nov 08 22:38:55 GMT 2024","passed","Fri Nov 08 22:38:55 GMT 2024","","QUICK","QUICK",""
"","78","INTERSECTION-TESTS.31","","Fri Nov 08 22:25:38 GMT 2024","failed","Fri Nov 08 22:25:38 GMT 2024","","HYPERON-METTALOG-SANITY","HYPERON-METTALOG-SANITY",""
"","4","IS-SPACE.01","","Fri Nov 08 22:25:38 GMT 2024","passed","Fri Nov 08 22:25:38 GMT 2024","","HYPERON-METTALOG-SANITY","HYPERON-METTALOG-SANITY",""
"","9000","hyperon-mettalog_sanity.01_lang_inc","","Fri Nov 08 22:17:10 GMT 2024","passed","Fri Nov 08 22:17:19 GMT 2024","","WHOLE-TESTS","WHOLE-TESTS",""
"","1","C1-GROUNDED-BASIC.05","","Fri Nov 08 22:22:27 GMT 2024","passed","Fri Nov 08 22:22:27 GMT 2024","","HYPERON-EXPERIMENTAL-SCRIPTS","HYPERON-EXPERIMENTAL-SCRIPTS",""
"","4","C2-SPACES.01","","Fri Nov 08 22:17:01 GMT 2024","passed","Fri Nov 08 22:17:01 GMT 2024","","MODULE-SYSTEM","MODULE-SYSTEM",""
"","2","00-LANG-CASE.09","","Fri Nov 08 22:25:38 GMT 2024","passed","Fri Nov 08 22:25:38 GMT 2024","","HYPERON-METTALOG-SANITY","HYPERON-METTALOG-SANITY",""
"","3","A1-SYMBOLS.02","","Fri Nov 08 22:22:27 GMT 2024","passed","Fri Nov 08 22:22:27 GMT 2024","","HYPERON-EXPERIMENTAL-SCRIPTS","HYPERON-EXPERIMENTAL-SCRIPTS",""
"","9000","metta-morph_tests.tests0","","Fri Nov 08 22:17:10 GMT 2024","passed","Fri Nov 08 22:17:19 GMT 2024","","WHOLE-TESTS","WHOLE-TESTS",""
"","3","UNIQUE-TEST.08","","Fri Nov 08 22:25:38 GMT 2024","passed","Fri Nov 08 22:25:38 GMT 2024","","HYPERON-METTALOG-SANITY","HYPERON-METTALOG-SANITY",""
"","2","OR-TEST.12","","Fri Nov 08 22:25:38 GMT 2024","passed","Fri Nov 08 22:25:38 GMT 2024","","HYPERON-METTALOG-SANITY","HYPERON-METTALOG-SANITY",""
"","8000","metta-morph_tests.match_superposed_spaces","","Fri Nov 08 22:17:10 GMT 2024","passed","Fri Nov 08 22:17:18 GMT 2024","","WHOLE-TESTS","WHOLE-TESTS",""
"","3","FACTORIAL.01","","Fri Nov 08 22:35:04 GMT 2024","passed","Fri Nov 08 22:35:04 GMT 2024","","METTA-MORPH-TESTS","METTA-MORPH-TESTS",""
"","2","D4-TYPE-PROP.16","","Fri Nov 08 22:38:55 GMT 2024","passed","Fri Nov 08 22:38:55 GMT 2024","","QUICK","QUICK",""
"","4","D4-TYPE-PROP.01","","Fri Nov 08 22:22:27 GMT 2024","passed","Fri Nov 08 22:22:27 GMT 2024","","HYPERON-EXPERIMENTAL-SCRIPTS","HYPERON-EXPERIMENTAL-SCRIPTS",""
"","2","B5-TYPES-PRELIM.21","","Fri Nov 08 22:22:27 GMT 2024","passed","Fri Nov 08 22:22:27 GMT 2024","","HYPERON-EXPERIMENTAL-SCRIPTS","HYPERON-EXPERIMENTAL-SCRIPTS",""
"","8000","hyperon-mettalog_sanity.first_answer","","Fri Nov 08 22:17:10 GMT 2024","passed","Fri Nov 08 22:17:18 GMT 2024","","WHOLE-TESTS","WHOLE-TESTS",""
"","2","C1-GROUNDED-BASIC.06","","Fri Nov 08 22:38:55 GMT 2024","passed","Fri Nov 08 22:38:55 GMT 2024","","QUICK","QUICK",""
"","2","LET-SUPERPOSE-IF-CASE.01","","Fri Nov 08 22:35:04 GMT 2024","passed","Fri Nov 08 22:35:04 GMT 2024","","METTA-MORPH-TESTS","METTA-MORPH-TESTS",""
"","8000","hyperon-mettalog_sanity.hyperpose_tests","","Fri Nov 08 22:17:10 GMT 2024","passed","Fri Nov 08 22:17:18 GMT 2024","","WHOLE-TESTS","WHOLE-TESTS",""
"","2","D1-GADT.14","","Fri Nov 08 22:38:55 GMT 2024","passed","Fri Nov 08 22:38:55 GMT 2024","","QUICK","QUICK",""
"","37","C1-GROUNDED-BASIC.15","","Fri Nov 08 22:22:27 GMT 2024","failed","Fri Nov 08 22:22:27 GMT 2024","","HYPERON-EXPERIMENTAL-SCRIPTS","HYPERON-EXPERIMENTAL-SCRIPTS",""
"","3","E2-STATES.06","","Fri Nov 08 22:22:27 GMT 2024","passed","Fri Nov 08 22:22:27 GMT 2024","","HYPERON-EXPERIMENTAL-SCRIPTS","HYPERON-EXPERIMENTAL-SCRIPTS",""
"","9","D1-GADT.04","","Fri Nov 08 22:38:55 GMT 2024","passed","Fri Nov 08 22:38:55 GMT 2024","","QUICK","QUICK",""
"","115","C1-GROUNDED-BASIC.14","","Fri Nov 08 22:38:55 GMT 2024","failed","Fri Nov 08 22:38:55 GMT 2024","","QUICK","QUICK",""
"","9000","hyperon-mettalog_sanity.flip_test","","Fri Nov 08 22:17:10 GMT 2024","passed","Fri Nov 08 22:17:19 GMT 2024","","WHOLE-TESTS","WHOLE-TESTS",""
"","2","06-MATCH-IN-SPACE.06","","Fri Nov 08 22:25:38 GMT 2024","passed","Fri Nov 08 22:25:38 GMT 2024","","HYPERON-METTALOG-SANITY","HYPERON-METTALOG-SANITY",""
"","8000","metta-morph_tests.identity","","Fri Nov 08 22:17:10 GMT 2024","passed","Fri Nov 08 22:17:18 GMT 2024","","WHOLE-TESTS","WHOLE-TESTS",""
"","113","B4-NONDETERM.10","","Fri Nov 08 22:22:27 GMT 2024","passed","Fri Nov 08 22:22:27 GMT 2024","","HYPERON-EXPERIMENTAL-SCRIPTS","HYPERON-EXPERIMENTAL-SCRIPTS",""
"","107","MINIMAL-METTA-TESTS.33","","Fri Nov 08 22:25:38 GMT 2024","failed","Fri Nov 08 22:25:38 GMT 2024","","HYPERON-METTALOG-SANITY","HYPERON-METTALOG-SANITY",""
"","2","D2-HIGHERFUNC.04","","Fri Nov 08 22:22:27 GMT 2024","passed","Fri Nov 08 22:22:27 GMT 2024","","HYPERON-EXPERIMENTAL-SCRIPTS","HYPERON-EXPERIMENTAL-SCRIPTS",""
"","4","LIMIT-TESTS.01","","Fri Nov 08 22:25:38 GMT 2024","passed","Fri Nov 08 22:25:38 GMT 2024","","HYPERON-METTALOG-SANITY","HYPERON-METTALOG-SANITY",""
"","2","SPACE-SUBTRACTION-TESTS.02","","Fri Nov 08 22:25:38 GMT 2024","passed","Fri Nov 08 22:25:38 GMT 2024","","HYPERON-METTALOG-SANITY","HYPERON-METTALOG-SANITY",""
"","101","MINIMAL-METTA-TESTS.37","","Fri Nov 08 22:25:38 GMT 2024","failed","Fri Nov 08 22:25:38 GMT 2024","","HYPERON-METTALOG-SANITY","HYPERON-METTALOG-SANITY",""
"","1","CALL-TESTS.12","","Fri Nov 08 22:25:38 GMT 2024","passed","Fri Nov 08 22:25:38 GMT 2024","","HYPERON-METTALOG-SANITY","HYPERON-METTALOG-SANITY",""
"","8000","hyperon-experimental_scripts.b3_direct","","Fri Nov 08 22:17:10 GMT 2024","passed","Fri Nov 08 22:17:18 GMT 2024","","WHOLE-TESTS","WHOLE-TESTS",""
"","8000","hyperon-mettalog_sanity.06_match_in_space","","Fri Nov 08 22:17:10 GMT 2024","passed","Fri Nov 08 22:17:18 GMT 2024","","WHOLE-TESTS","WHOLE-TESTS",""
"","9000","hyperon-experimental_scripts.e1_kb_write","","Fri Nov 08 22:17:10 GMT 2024","passed","Fri Nov 08 22:17:19 GMT 2024","","WHOLE-TESTS","WHOLE-TESTS",""
"","3","D2-HIGHERFUNC.02","","Fri Nov 08 22:22:27 GMT 2024","passed","Fri Nov 08 22:22:27 GMT 2024","","HYPERON-EXPERIMENTAL-SCRIPTS","HYPERON-EXPERIMENTAL-SCRIPTS",""
"","2","PRINT-GRAPH.03","","Fri Nov 08 22:20:21 GMT 2024","passed","Fri Nov 08 22:20:21 GMT 2024","","METTA-WAM-ISSUE-145","METTA-WAM-ISSUE-145",""
"","2","MAX-TIME-TESTS.05","","Fri Nov 08 22:25:38 GMT 2024","passed","Fri Nov 08 22:25:38 GMT 2024","","HYPERON-METTALOG-SANITY","HYPERON-METTALOG-SANITY",""
"","42","BCHAIN-COMP.02","","Fri Nov 08 22:17:18 GMT 2024","failed","Fri Nov 08 22:17:18 GMT 2024","","ANTI-REGRESSION","ANTI-REGRESSION",""
"","8","D3-DEPTYPES.04","","Fri Nov 08 22:22:27 GMT 2024","passed","Fri Nov 08 22:22:27 GMT 2024","","HYPERON-EXPERIMENTAL-SCRIPTS","HYPERON-EXPERIMENTAL-SCRIPTS",""
"","2","MATCH-VOID.09","","Fri Nov 08 22:35:04 GMT 2024","passed","Fri Nov 08 22:35:04 GMT 2024","","METTA-MORPH-TESTS","METTA-MORPH-TESTS",""
"","31","D5-AUTO-TYPES.06","","Fri Nov 08 22:22:27 GMT 2024","passed","Fri Nov 08 22:22:27 GMT 2024","","HYPERON-EXPERIMENTAL-SCRIPTS","HYPERON-EXPERIMENTAL-SCRIPTS",""
"","8000","hyperon-mettalog_sanity.eval_for_tests","","Fri Nov 08 22:17:10 GMT 2024","passed","Fri Nov 08 22:17:18 GMT 2024","","WHOLE-TESTS","WHOLE-TESTS",""
"","1","LIMIT-TESTS.04","","Fri Nov 08 22:25:38 GMT 2024","passed","Fri Nov 08 22:25:38 GMT 2024","","HYPERON-METTALOG-SANITY","HYPERON-METTALOG-SANITY",""
"","2","INTERSECTION-TESTS.13","","Fri Nov 08 22:25:38 GMT 2024","passed","Fri Nov 08 22:25:38 GMT 2024","","HYPERON-METTALOG-SANITY","HYPERON-METTALOG-SANITY",""
"","3","D3-DEPTYPES.05","","Fri Nov 08 22:22:27 GMT 2024","passed","Fri Nov 08 22:22:27 GMT 2024","","HYPERON-EXPERIMENTAL-SCRIPTS","HYPERON-EXPERIMENTAL-SCRIPTS",""
"","13","MINIMAL-METTA-TESTS.44","","Fri Nov 08 22:25:38 GMT 2024","failed","Fri Nov 08 22:25:38 GMT 2024","","HYPERON-METTALOG-SANITY","HYPERON-METTALOG-SANITY",""
"","14","ARITY-TESTS.06","","Fri Nov 08 22:25:38 GMT 2024","failed","Fri Nov 08 22:25:38 GMT 2024","","HYPERON-METTALOG-SANITY","HYPERON-METTALOG-SANITY",""
"","3","D4-TYPE-PROP.14","","Fri Nov 08 22:22:27 GMT 2024","passed","Fri Nov 08 22:22:27 GMT 2024","","HYPERON-EXPERIMENTAL-SCRIPTS","HYPERON-EXPERIMENTAL-SCRIPTS",""
"","2","SUBTRACTION-TEST.05","","Fri Nov 08 22:25:38 GMT 2024","passed","Fri Nov 08 22:25:38 GMT 2024","","HYPERON-METTALOG-SANITY","HYPERON-METTALOG-SANITY",""
"","4","TEST-SPO-100.01","","Fri Nov 08 22:18:34 GMT 2024","passed","Fri Nov 08 22:18:34 GMT 2024","","METTA-WAM-ISSUE-116","METTA-WAM-ISSUE-116",""
"","25","BC-COMP.04","","Fri Nov 08 22:17:18 GMT 2024","passed","Fri Nov 08 22:17:18 GMT 2024","","ANTI-REGRESSION","ANTI-REGRESSION",""
"","77","MINIMAL-METTA-TESTS.34","","Fri Nov 08 22:25:38 GMT 2024","failed","Fri Nov 08 22:25:38 GMT 2024","","HYPERON-METTALOG-SANITY","HYPERON-METTALOG-SANITY",""
"","2","D4-TYPE-PROP.10","","Fri Nov 08 22:38:55 GMT 2024","passed","Fri Nov 08 22:38:55 GMT 2024","","QUICK","QUICK",""
"","9000","hyperon-mettalog_sanity.output_load_tests","","Fri Nov 08 22:17:10 GMT 2024","passed","Fri Nov 08 22:17:19 GMT 2024","","WHOLE-TESTS","WHOLE-TESTS",""
"","3","C1-GROUNDED-BASIC.17","","Fri Nov 08 22:22:27 GMT 2024","passed","Fri Nov 08 22:22:27 GMT 2024","","HYPERON-EXPERIMENTAL-SCRIPTS","HYPERON-EXPERIMENTAL-SCRIPTS",""
"","3","HYPERPOSE.01","","Fri Nov 08 22:35:04 GMT 2024","passed","Fri Nov 08 22:35:04 GMT 2024","","METTA-MORPH-TESTS","METTA-MORPH-TESTS",""
"","2","C1-GROUNDED-BASIC.09","","Fri Nov 08 22:22:27 GMT 2024","passed","Fri Nov 08 22:22:27 GMT 2024","","HYPERON-EXPERIMENTAL-SCRIPTS","HYPERON-EXPERIMENTAL-SCRIPTS",""
"","1","D4-TYPE-PROP.19","","Fri Nov 08 22:22:27 GMT 2024","passed","Fri Nov 08 22:22:27 GMT 2024","","HYPERON-EXPERIMENTAL-SCRIPTS","HYPERON-EXPERIMENTAL-SCRIPTS",""
"","97","SPACE-INTERSECTION-TESTS.10","","Fri Nov 08 22:25:38 GMT 2024","failed","Fri Nov 08 22:25:38 GMT 2024","","HYPERON-METTALOG-SANITY","HYPERON-METTALOG-SANITY",""
"","16","MINIMAL-METTA-TESTS.10","","Fri Nov 08 22:25:38 GMT 2024","failed","Fri Nov 08 22:25:38 GMT 2024","","HYPERON-METTALOG-SANITY","HYPERON-METTALOG-SANITY",""
"","3","LETLET.01","","Fri Nov 08 22:35:04 GMT 2024","passed","Fri Nov 08 22:35:04 GMT 2024","","METTA-MORPH-TESTS","METTA-MORPH-TESTS",""
"","114","INTERSECTION-TESTS.21","","Fri Nov 08 22:25:38 GMT 2024","passed","Fri Nov 08 22:25:38 GMT 2024","","HYPERON-METTALOG-SANITY","HYPERON-METTALOG-SANITY",""
"","4","F1-MODULEA.01","","Fri Nov 08 22:22:27 GMT 2024","passed","Fri Nov 08 22:22:27 GMT 2024","","HYPERON-EXPERIMENTAL-SCRIPTS","HYPERON-EXPERIMENTAL-SCRIPTS",""
"","72","EVAL-FOR-TESTS.05","","Fri Nov 08 22:25:38 GMT 2024","failed","Fri Nov 08 22:25:38 GMT 2024","","HYPERON-METTALOG-SANITY","HYPERON-METTALOG-SANITY",""
"","1","XOR-TEST.04","","Fri Nov 08 22:25:38 GMT 2024","passed","Fri Nov 08 22:25:38 GMT 2024","","HYPERON-METTALOG-SANITY","HYPERON-METTALOG-SANITY",""
"","8000","hyperon-experimental_scripts.c3_pln_stv","","Fri Nov 08 22:17:10 GMT 2024","passed","Fri Nov 08 22:17:18 GMT 2024","","WHOLE-TESTS","WHOLE-TESTS",""
"","46000","synth_buffer.time_synthesize_long","","Fri Nov 08 22:17:10 GMT 2024","failed","Fri Nov 08 22:17:56 GMT 2024","","WHOLE-TESTS","WHOLE-TESTS",""
"","259","TIME-SYNTHESIZE-SHORT.01","","Fri Nov 08 22:32:26 GMT 2024","passed","Fri Nov 08 22:32:26 GMT 2024","","SYNTH-BUFFER","SYNTH-BUFFER",""
"","8000","hyperon-mettalog_sanity.subtraction_test","","Fri Nov 08 22:17:10 GMT 2024","passed","Fri Nov 08 22:17:18 GMT 2024","","WHOLE-TESTS","WHOLE-TESTS",""
"","1","C1-GROUNDED-BASIC.18","","Fri Nov 08 22:22:27 GMT 2024","passed","Fri Nov 08 22:22:27 GMT 2024","","HYPERON-EXPERIMENTAL-SCRIPTS","HYPERON-EXPERIMENTAL-SCRIPTS",""
"","2","SEQUENTIAL-NESTED.10","","Fri Nov 08 22:35:04 GMT 2024","passed","Fri Nov 08 22:35:04 GMT 2024","","METTA-MORPH-TESTS","METTA-MORPH-TESTS",""
"","15","ARITY-TESTS.02","","Fri Nov 08 22:25:38 GMT 2024","failed","Fri Nov 08 22:25:38 GMT 2024","","HYPERON-METTALOG-SANITY","HYPERON-METTALOG-SANITY",""
"","8000","synth_buffer.synthesize","","Fri Nov 08 22:17:10 GMT 2024","passed","Fri Nov 08 22:17:18 GMT 2024","","WHOLE-TESTS","WHOLE-TESTS",""
"","2","C3-PLN-STV.05","","Fri Nov 08 22:22:27 GMT 2024","passed","Fri Nov 08 22:22:27 GMT 2024","","HYPERON-EXPERIMENTAL-SCRIPTS","HYPERON-EXPERIMENTAL-SCRIPTS",""
"","14","MINIMAL-METTA-TESTS.40","","Fri Nov 08 22:25:38 GMT 2024","failed","Fri Nov 08 22:25:38 GMT 2024","","HYPERON-METTALOG-SANITY","HYPERON-METTALOG-SANITY",""
"","9000","metta-wam-issue-116.test_spo_5000","","Fri Nov 08 22:17:10 GMT 2024","passed","Fri Nov 08 22:17:19 GMT 2024","","WHOLE-TESTS","WHOLE-TESTS",""
"","4","OR-TEST.11","","Fri Nov 08 22:25:38 GMT 2024","passed","Fri Nov 08 22:25:38 GMT 2024","","HYPERON-METTALOG-SANITY","HYPERON-METTALOG-SANITY",""
"","5","STRING-TESTS.01","","Fri Nov 08 22:25:38 GMT 2024","passed","Fri Nov 08 22:25:38 GMT 2024","","HYPERON-METTALOG-SANITY","HYPERON-METTALOG-SANITY",""
"","5","C2-SPACES.01","","Fri Nov 08 22:22:27 GMT 2024","passed","Fri Nov 08 22:22:27 GMT 2024","","HYPERON-EXPERIMENTAL-SCRIPTS","HYPERON-EXPERIMENTAL-SCRIPTS",""
"","2","B3-DIRECT.03","","Fri Nov 08 22:22:27 GMT 2024","passed","Fri Nov 08 22:22:27 GMT 2024","","HYPERON-EXPERIMENTAL-SCRIPTS","HYPERON-EXPERIMENTAL-SCRIPTS",""
"","42000","anti-regression.system_proofTestCurried","","Fri Nov 08 22:17:10 GMT 2024","failed","Fri Nov 08 22:17:52 GMT 2024","","WHOLE-TESTS","WHOLE-TESTS",""
"","8000","hyperon-experimental_scripts.d2_higherfunc","","Fri Nov 08 22:17:10 GMT 2024","passed","Fri Nov 08 22:17:18 GMT 2024","","WHOLE-TESTS","WHOLE-TESTS",""
"","2","D4-TYPE-PROP.04","","Fri Nov 08 22:38:55 GMT 2024","passed","Fri Nov 08 22:38:55 GMT 2024","","QUICK","QUICK",""
"","4","SEALED-TEST.04","","Fri Nov 08 22:25:38 GMT 2024","passed","Fri Nov 08 22:25:38 GMT 2024","","HYPERON-METTALOG-SANITY","HYPERON-METTALOG-SANITY",""
"","3","FIRST-ANSWER.01","","Fri Nov 08 22:25:38 GMT 2024","passed","Fri Nov 08 22:25:38 GMT 2024","","HYPERON-METTALOG-SANITY","HYPERON-METTALOG-SANITY",""
"","2","STATES-SPACES.05","","Fri Nov 08 22:35:04 GMT 2024","passed","Fri Nov 08 22:35:04 GMT 2024","","METTA-MORPH-TESTS","METTA-MORPH-TESTS",""
"","3","LIMIT-TESTS.10","","Fri Nov 08 22:25:38 GMT 2024","passed","Fri Nov 08 22:25:38 GMT 2024","","HYPERON-METTALOG-SANITY","HYPERON-METTALOG-SANITY",""
"","1","CALL-CLEANUP-TESTS.08","","Fri Nov 08 22:25:38 GMT 2024","passed","Fri Nov 08 22:25:38 GMT 2024","","HYPERON-METTALOG-SANITY","HYPERON-METTALOG-SANITY",""
"","2","SEQUENTIAL-NESTED.09","","Fri Nov 08 22:35:04 GMT 2024","passed","Fri Nov 08 22:35:04 GMT 2024","","METTA-MORPH-TESTS","METTA-MORPH-TESTS",""
"","5","SEALED-TEST.10","","Fri Nov 08 22:25:38 GMT 2024","passed","Fri Nov 08 22:25:38 GMT 2024","","HYPERON-METTALOG-SANITY","HYPERON-METTALOG-SANITY",""
"","2","D2-HIGHERFUNC.13","","Fri Nov 08 22:22:27 GMT 2024","passed","Fri Nov 08 22:22:27 GMT 2024","","HYPERON-EXPERIMENTAL-SCRIPTS","HYPERON-EXPERIMENTAL-SCRIPTS",""
"","2","F1-IMPORTS.10","","Fri Nov 08 22:17:01 GMT 2024","passed","Fri Nov 08 22:17:01 GMT 2024","","MODULE-SYSTEM","MODULE-SYSTEM",""
"","3","C3-PLN-STV.03","","Fri Nov 08 22:22:27 GMT 2024","passed","Fri Nov 08 22:22:27 GMT 2024","","HYPERON-EXPERIMENTAL-SCRIPTS","HYPERON-EXPERIMENTAL-SCRIPTS",""
"","1","BCHAIN.02","","Fri Nov 08 22:17:18 GMT 2024","passed","Fri Nov 08 22:17:18 GMT 2024","","ANTI-REGRESSION","ANTI-REGRESSION",""
"","2","STRING-TESTS.03","","Fri Nov 08 22:25:38 GMT 2024","passed","Fri Nov 08 22:25:38 GMT 2024","","HYPERON-METTALOG-SANITY","HYPERON-METTALOG-SANITY",""
"","2","B5-TYPES-PRELIM.18","","Fri Nov 08 22:22:27 GMT 2024","passed","Fri Nov 08 22:22:27 GMT 2024","","HYPERON-EXPERIMENTAL-SCRIPTS","HYPERON-EXPERIMENTAL-SCRIPTS",""
"","5","SEALED-TEST.01","","Fri Nov 08 22:25:38 GMT 2024","passed","Fri Nov 08 22:25:38 GMT 2024","","HYPERON-METTALOG-SANITY","HYPERON-METTALOG-SANITY",""
"","1","METTALOGTESTCURRIED2.03","","Fri Nov 08 22:17:18 GMT 2024","passed","Fri Nov 08 22:17:18 GMT 2024","","ANTI-REGRESSION","ANTI-REGRESSION",""
"","2","F1-IMPORTS.17","","Fri Nov 08 22:38:55 GMT 2024","passed","Fri Nov 08 22:38:55 GMT 2024","","QUICK","QUICK",""
"","15","D2-HIGHERFUNC.20","","Fri Nov 08 22:22:27 GMT 2024","passed","Fri Nov 08 22:22:27 GMT 2024","","HYPERON-EXPERIMENTAL-SCRIPTS","HYPERON-EXPERIMENTAL-SCRIPTS",""
"","2","CALL-CLEANUP-TESTS.02","","Fri Nov 08 22:25:38 GMT 2024","passed","Fri Nov 08 22:25:38 GMT 2024","","HYPERON-METTALOG-SANITY","HYPERON-METTALOG-SANITY",""
"","2","SPACE-INTERSECTION-TESTS.18","","Fri Nov 08 22:25:38 GMT 2024","passed","Fri Nov 08 22:25:38 GMT 2024","","HYPERON-METTALOG-SANITY","HYPERON-METTALOG-SANITY",""
"","1","D4-TYPE-PROP.14","","Fri Nov 08 22:38:55 GMT 2024","passed","Fri Nov 08 22:38:55 GMT 2024","","QUICK","QUICK",""
"","2","03-SORING-VIA-INSERT.05","","Fri Nov 08 22:25:38 GMT 2024","passed","Fri Nov 08 22:25:38 GMT 2024","","HYPERON-METTALOG-SANITY","HYPERON-METTALOG-SANITY",""
"","1","CALL-TESTS.06","","Fri Nov 08 22:25:38 GMT 2024","passed","Fri Nov 08 22:25:38 GMT 2024","","HYPERON-METTALOG-SANITY","HYPERON-METTALOG-SANITY",""
"","2","MINIMAL-METTA-TESTS.06","","Fri Nov 08 22:25:38 GMT 2024","passed","Fri Nov 08 22:25:38 GMT 2024","","HYPERON-METTALOG-SANITY","HYPERON-METTALOG-SANITY",""
"","2","00-LANG-CASE.04","","Fri Nov 08 22:25:38 GMT 2024","passed","Fri Nov 08 22:25:38 GMT 2024","","HYPERON-METTALOG-SANITY","HYPERON-METTALOG-SANITY",""
"","1","F1-IMPORTS.09","","Fri Nov 08 22:38:55 GMT 2024","passed","Fri Nov 08 22:38:55 GMT 2024","","QUICK","QUICK",""
"","96","B5-TYPES-PRELIM.11","","Fri Nov 08 22:22:27 GMT 2024","failed","Fri Nov 08 22:22:27 GMT 2024","","HYPERON-EXPERIMENTAL-SCRIPTS","HYPERON-EXPERIMENTAL-SCRIPTS",""
"","2","F1-IMPORTS.07","","Fri Nov 08 22:17:01 GMT 2024","passed","Fri Nov 08 22:17:01 GMT 2024","","MODULE-SYSTEM","MODULE-SYSTEM",""
"","3","LIMIT-TESTS.09","","Fri Nov 08 22:25:38 GMT 2024","passed","Fri Nov 08 22:25:38 GMT 2024","","HYPERON-METTALOG-SANITY","HYPERON-METTALOG-SANITY",""
"","108","C1-GROUNDED-BASIC.14","","Fri Nov 08 22:22:27 GMT 2024","failed","Fri Nov 08 22:22:27 GMT 2024","","HYPERON-EXPERIMENTAL-SCRIPTS","HYPERON-EXPERIMENTAL-SCRIPTS",""
"","3","01-LANG-INC.01","","Fri Nov 08 22:25:38 GMT 2024","passed","Fri Nov 08 22:25:38 GMT 2024","","HYPERON-METTALOG-SANITY","HYPERON-METTALOG-SANITY",""
"","1","INTERSECTION-TESTS.11","","Fri Nov 08 22:25:38 GMT 2024","passed","Fri Nov 08 22:25:38 GMT 2024","","HYPERON-METTALOG-SANITY","HYPERON-METTALOG-SANITY",""
"","4","OUTPUT-LOAD-TESTS.01","","Fri Nov 08 22:25:38 GMT 2024","passed","Fri Nov 08 22:25:38 GMT 2024","","HYPERON-METTALOG-SANITY","HYPERON-METTALOG-SANITY",""
"","1","D2-HIGHERFUNC.14","","Fri Nov 08 22:22:27 GMT 2024","passed","Fri Nov 08 22:22:27 GMT 2024","","HYPERON-EXPERIMENTAL-SCRIPTS","HYPERON-EXPERIMENTAL-SCRIPTS",""
"","4","C1-GROUNDED-BASIC.08","","Fri Nov 08 22:22:27 GMT 2024","passed","Fri Nov 08 22:22:27 GMT 2024","","HYPERON-EXPERIMENTAL-SCRIPTS","HYPERON-EXPERIMENTAL-SCRIPTS",""
"","1","OUTPUT-LOAD-TESTS.04","","Fri Nov 08 22:25:38 GMT 2024","passed","Fri Nov 08 22:25:38 GMT 2024","","HYPERON-METTALOG-SANITY","HYPERON-METTALOG-SANITY",""
"","117","CALL-CLEANUP-TESTS.04","","Fri Nov 08 22:25:38 GMT 2024","failed","Fri Nov 08 22:25:38 GMT 2024","","HYPERON-METTALOG-SANITY","HYPERON-METTALOG-SANITY",""
"","1","METTALOGTESTCURRIED2.04","","Fri Nov 08 22:17:18 GMT 2024","passed","Fri Nov 08 22:17:18 GMT 2024","","ANTI-REGRESSION","ANTI-REGRESSION",""
"","2","A3-TWOSIDE.04","","Fri Nov 08 22:22:27 GMT 2024","passed","Fri Nov 08 22:22:27 GMT 2024","","HYPERON-EXPERIMENTAL-SCRIPTS","HYPERON-EXPERIMENTAL-SCRIPTS",""
"","1","CALL-TESTS.13","","Fri Nov 08 22:25:38 GMT 2024","passed","Fri Nov 08 22:25:38 GMT 2024","","HYPERON-METTALOG-SANITY","HYPERON-METTALOG-SANITY",""
"","9000","quick.d2_higherfunc","","Fri Nov 08 22:17:10 GMT 2024","passed","Fri Nov 08 22:17:19 GMT 2024","","WHOLE-TESTS","WHOLE-TESTS",""
"","2","E1-KB-WRITE.02","","Fri Nov 08 22:22:27 GMT 2024","passed","Fri Nov 08 22:22:27 GMT 2024","","HYPERON-EXPERIMENTAL-SCRIPTS","HYPERON-EXPERIMENTAL-SCRIPTS",""
"","2","B5-TYPES-PRELIM.06","","Fri Nov 08 22:22:27 GMT 2024","passed","Fri Nov 08 22:22:27 GMT 2024","","HYPERON-EXPERIMENTAL-SCRIPTS","HYPERON-EXPERIMENTAL-SCRIPTS",""
"","2","E3-MATCH-STATES.04","","Fri Nov 08 22:22:27 GMT 2024","passed","Fri Nov 08 22:22:27 GMT 2024","","HYPERON-EXPERIMENTAL-SCRIPTS","HYPERON-EXPERIMENTAL-SCRIPTS",""
"","2","AND-OR.01","","Fri Nov 08 22:35:04 GMT 2024","passed","Fri Nov 08 22:35:04 GMT 2024","","METTA-MORPH-TESTS","METTA-MORPH-TESTS",""
"","3","UNIQUE-TEST.02","","Fri Nov 08 22:25:38 GMT 2024","passed","Fri Nov 08 22:25:38 GMT 2024","","HYPERON-METTALOG-SANITY","HYPERON-METTALOG-SANITY",""
"","2","F1-IMPORTS.12","","Fri Nov 08 22:17:01 GMT 2024","passed","Fri Nov 08 22:17:01 GMT 2024","","MODULE-SYSTEM","MODULE-SYSTEM",""
"","1","C1-GROUNDED-BASIC.11","","Fri Nov 08 22:22:27 GMT 2024","passed","Fri Nov 08 22:22:27 GMT 2024","","HYPERON-EXPERIMENTAL-SCRIPTS","HYPERON-EXPERIMENTAL-SCRIPTS",""
"","33","B5-TYPES-PRELIM.14","","Fri Nov 08 22:22:27 GMT 2024","failed","Fri Nov 08 22:22:27 GMT 2024","","HYPERON-EXPERIMENTAL-SCRIPTS","HYPERON-EXPERIMENTAL-SCRIPTS",""
"","14","D2-HIGHERFUNC.22","","Fri Nov 08 22:38:55 GMT 2024","passed","Fri Nov 08 22:38:55 GMT 2024","","QUICK","QUICK",""
"","3","BCHAIN.01","","Fri Nov 08 22:17:18 GMT 2024","passed","Fri Nov 08 22:17:18 GMT 2024","","ANTI-REGRESSION","ANTI-REGRESSION",""
"","2","SEQUENTIAL-TESTS.02","","Fri Nov 08 22:25:38 GMT 2024","passed","Fri Nov 08 22:25:38 GMT 2024","","HYPERON-METTALOG-SANITY","HYPERON-METTALOG-SANITY",""
"","2","UNIQUE-TEST.07","","Fri Nov 08 22:25:38 GMT 2024","passed","Fri Nov 08 22:25:38 GMT 2024","","HYPERON-METTALOG-SANITY","HYPERON-METTALOG-SANITY",""
"","50","D5-AUTO-TYPES.05","","Fri Nov 08 22:22:27 GMT 2024","failed","Fri Nov 08 22:22:27 GMT 2024","","HYPERON-EXPERIMENTAL-SCRIPTS","HYPERON-EXPERIMENTAL-SCRIPTS",""
"","110","COMPILE-TESTS.03","","Fri Nov 08 22:25:38 GMT 2024","failed","Fri Nov 08 22:25:38 GMT 2024","","HYPERON-METTALOG-SANITY","HYPERON-METTALOG-SANITY",""
"","2","STATES-SPACES.04","","Fri Nov 08 22:35:04 GMT 2024","passed","Fri Nov 08 22:35:04 GMT 2024","","METTA-MORPH-TESTS","METTA-MORPH-TESTS",""
"","2","F1-MODULEA.07","","Fri Nov 08 22:38:55 GMT 2024","passed","Fri Nov 08 22:38:55 GMT 2024","","QUICK","QUICK",""
"","2","SPACE-INTERSECTION-TESTS.19","","Fri Nov 08 22:25:38 GMT 2024","passed","Fri Nov 08 22:25:38 GMT 2024","","HYPERON-METTALOG-SANITY","HYPERON-METTALOG-SANITY",""
"","2","INTERSECTION-TESTS.15","","Fri Nov 08 22:25:38 GMT 2024","passed","Fri Nov 08 22:25:38 GMT 2024","","HYPERON-METTALOG-SANITY","HYPERON-METTALOG-SANITY",""
"","2","INTERSECTION-TESTS.18","","Fri Nov 08 22:25:38 GMT 2024","passed","Fri Nov 08 22:25:38 GMT 2024","","HYPERON-METTALOG-SANITY","HYPERON-METTALOG-SANITY",""
"","2","C2-SPACES.05","","Fri Nov 08 22:17:01 GMT 2024","passed","Fri Nov 08 22:17:01 GMT 2024","","MODULE-SYSTEM","MODULE-SYSTEM",""
"","1","C1-GROUNDED-BASIC.11","","Fri Nov 08 22:38:55 GMT 2024","passed","Fri Nov 08 22:38:55 GMT 2024","","QUICK","QUICK",""
"","2","C1-GROUNDED-BASIC.04","","Fri Nov 08 22:38:55 GMT 2024","passed","Fri Nov 08 22:38:55 GMT 2024","","QUICK","QUICK",""
"","1","FUNCTIONAL-PROGRAMMING-TESTS.02","","Fri Nov 08 22:25:38 GMT 2024","passed","Fri Nov 08 22:25:38 GMT 2024","","HYPERON-METTALOG-SANITY","HYPERON-METTALOG-SANITY",""
"","2","CATCH-THROW-TESTS.02","","Fri Nov 08 22:25:38 GMT 2024","passed","Fri Nov 08 22:25:38 GMT 2024","","HYPERON-METTALOG-SANITY","HYPERON-METTALOG-SANITY",""
"","8000","hyperon-experimental_scripts.d1_gadt","","Fri Nov 08 22:17:10 GMT 2024","passed","Fri Nov 08 22:17:18 GMT 2024","","WHOLE-TESTS","WHOLE-TESTS",""
"","3","OR-TEST.17","","Fri Nov 08 22:25:38 GMT 2024","passed","Fri Nov 08 22:25:38 GMT 2024","","HYPERON-METTALOG-SANITY","HYPERON-METTALOG-SANITY",""
"","2","HYPERPOSE.09","","Fri Nov 08 22:35:04 GMT 2024","passed","Fri Nov 08 22:35:04 GMT 2024","","METTA-MORPH-TESTS","METTA-MORPH-TESTS",""
"","1","D4-TYPE-PROP.09","","Fri Nov 08 22:38:55 GMT 2024","passed","Fri Nov 08 22:38:55 GMT 2024","","QUICK","QUICK",""
"","81","F1-IMPORTS.13","","Fri Nov 08 22:17:01 GMT 2024","passed","Fri Nov 08 22:17:01 GMT 2024","","MODULE-SYSTEM","MODULE-SYSTEM",""
"","1","CATCH-THROW-TESTS.07","","Fri Nov 08 22:25:38 GMT 2024","passed","Fri Nov 08 22:25:38 GMT 2024","","HYPERON-METTALOG-SANITY","HYPERON-METTALOG-SANITY",""
"","2","C1-GROUNDED-BASIC.07","","Fri Nov 08 22:22:27 GMT 2024","passed","Fri Nov 08 22:22:27 GMT 2024","","HYPERON-EXPERIMENTAL-SCRIPTS","HYPERON-EXPERIMENTAL-SCRIPTS",""
"","8000","hyperon-experimental_scripts.b2_backchain","","Fri Nov 08 22:17:10 GMT 2024","passed","Fri Nov 08 22:17:18 GMT 2024","","WHOLE-TESTS","WHOLE-TESTS",""
"","1","C2-SPACES.04","","Fri Nov 08 22:22:27 GMT 2024","passed","Fri Nov 08 22:22:27 GMT 2024","","HYPERON-EXPERIMENTAL-SCRIPTS","HYPERON-EXPERIMENTAL-SCRIPTS",""
"","3","F1-IMPORTS.01","","Fri Nov 08 22:17:01 GMT 2024","passed","Fri Nov 08 22:17:01 GMT 2024","","MODULE-SYSTEM","MODULE-SYSTEM",""
"","4","COLLAPSE.01","","Fri Nov 08 22:35:04 GMT 2024","passed","Fri Nov 08 22:35:04 GMT 2024","","METTA-MORPH-TESTS","METTA-MORPH-TESTS",""
"","2","E2-STATES.05","","Fri Nov 08 22:22:27 GMT 2024","passed","Fri Nov 08 22:22:27 GMT 2024","","HYPERON-EXPERIMENTAL-SCRIPTS","HYPERON-EXPERIMENTAL-SCRIPTS",""
"","2","FACTORIAL.02","","Fri Nov 08 22:35:04 GMT 2024","passed","Fri Nov 08 22:35:04 GMT 2024","","METTA-MORPH-TESTS","METTA-MORPH-TESTS",""
"","8000","metta-morph_tests.zeroargs","","Fri Nov 08 22:17:10 GMT 2024","passed","Fri Nov 08 22:17:18 GMT 2024","","WHOLE-TESTS","WHOLE-TESTS",""
"","2","C1-GROUNDED-BASIC.23","","Fri Nov 08 22:22:27 GMT 2024","passed","Fri Nov 08 22:22:27 GMT 2024","","HYPERON-EXPERIMENTAL-SCRIPTS","HYPERON-EXPERIMENTAL-SCRIPTS",""
"","2","SEALED-TEST.06","","Fri Nov 08 22:25:38 GMT 2024","passed","Fri Nov 08 22:25:38 GMT 2024","","HYPERON-METTALOG-SANITY","HYPERON-METTALOG-SANITY",""
"","1","MAX-TIME-TESTS.02","","Fri Nov 08 22:25:38 GMT 2024","passed","Fri Nov 08 22:25:38 GMT 2024","","HYPERON-METTALOG-SANITY","HYPERON-METTALOG-SANITY",""
"","2","G1-DOCS.02","","Fri Nov 08 22:22:27 GMT 2024","passed","Fri Nov 08 22:22:27 GMT 2024","","HYPERON-EXPERIMENTAL-SCRIPTS","HYPERON-EXPERIMENTAL-SCRIPTS",""
"","2","B2-BACKCHAIN.05","","Fri Nov 08 22:22:27 GMT 2024","passed","Fri Nov 08 22:22:27 GMT 2024","","HYPERON-EXPERIMENTAL-SCRIPTS","HYPERON-EXPERIMENTAL-SCRIPTS",""
"","50","SPACE-INTERSECTION-TESTS.12","","Fri Nov 08 22:25:38 GMT 2024","failed","Fri Nov 08 22:25:38 GMT 2024","","HYPERON-METTALOG-SANITY","HYPERON-METTALOG-SANITY",""
"","1","INTERSECTION-TESTS.07","","Fri Nov 08 22:25:38 GMT 2024","passed","Fri Nov 08 22:25:38 GMT 2024","","HYPERON-METTALOG-SANITY","HYPERON-METTALOG-SANITY",""
"","2","D2-HIGHERFUNC.06","","Fri Nov 08 22:38:55 GMT 2024","passed","Fri Nov 08 22:38:55 GMT 2024","","QUICK","QUICK",""
"","114","EVAL-FOR-TESTS.04","","Fri Nov 08 22:25:38 GMT 2024","failed","Fri Nov 08 22:25:38 GMT 2024","","HYPERON-METTALOG-SANITY","HYPERON-METTALOG-SANITY",""
"","4","MATCH-SUPERPOSED-SPACES.01","","Fri Nov 08 22:35:04 GMT 2024","passed","Fri Nov 08 22:35:04 GMT 2024","","METTA-MORPH-TESTS","METTA-MORPH-TESTS",""
"","3","B5-TYPES-PRELIM.01","","Fri Nov 08 22:22:27 GMT 2024","passed","Fri Nov 08 22:22:27 GMT 2024","","HYPERON-EXPERIMENTAL-SCRIPTS","HYPERON-EXPERIMENTAL-SCRIPTS",""
"","1","LIMIT-TESTS.08","","Fri Nov 08 22:25:38 GMT 2024","passed","Fri Nov 08 22:25:38 GMT 2024","","HYPERON-METTALOG-SANITY","HYPERON-METTALOG-SANITY",""
"","1","SUPERCOLLAPSE.04","","Fri Nov 08 22:35:04 GMT 2024","passed","Fri Nov 08 22:35:04 GMT 2024","","METTA-MORPH-TESTS","METTA-MORPH-TESTS",""
"","3","C2-SPACES.03","","Fri Nov 08 22:17:01 GMT 2024","passed","Fri Nov 08 22:17:01 GMT 2024","","MODULE-SYSTEM","MODULE-SYSTEM",""
"","2","D2-HIGHERFUNC.14","","Fri Nov 08 22:38:55 GMT 2024","passed","Fri Nov 08 22:38:55 GMT 2024","","QUICK","QUICK",""
"","1","D1-GADT.06","","Fri Nov 08 22:38:55 GMT 2024","passed","Fri Nov 08 22:38:55 GMT 2024","","QUICK","QUICK",""
"","9000","quick.f1_imports","","Fri Nov 08 22:17:10 GMT 2024","passed","Fri Nov 08 22:17:19 GMT 2024","","WHOLE-TESTS","WHOLE-TESTS",""
"","1","C1-GROUNDED-BASIC.16","","Fri Nov 08 22:22:27 GMT 2024","passed","Fri Nov 08 22:22:27 GMT 2024","","HYPERON-EXPERIMENTAL-SCRIPTS","HYPERON-EXPERIMENTAL-SCRIPTS",""
"","25","G1-DOCS.04","","Fri Nov 08 22:22:27 GMT 2024","failed","Fri Nov 08 22:22:27 GMT 2024","","HYPERON-EXPERIMENTAL-SCRIPTS","HYPERON-EXPERIMENTAL-SCRIPTS",""
"","2","E2-STATES.10","","Fri Nov 08 22:22:27 GMT 2024","passed","Fri Nov 08 22:22:27 GMT 2024","","HYPERON-EXPERIMENTAL-SCRIPTS","HYPERON-EXPERIMENTAL-SCRIPTS",""
"","2","D2-HIGHERFUNC.05","","Fri Nov 08 22:22:27 GMT 2024","passed","Fri Nov 08 22:22:27 GMT 2024","","HYPERON-EXPERIMENTAL-SCRIPTS","HYPERON-EXPERIMENTAL-SCRIPTS",""
"","1","STATES-SPACES.03","","Fri Nov 08 22:35:04 GMT 2024","passed","Fri Nov 08 22:35:04 GMT 2024","","METTA-MORPH-TESTS","METTA-MORPH-TESTS",""
"","8000","quick.f1_moduleA","","Fri Nov 08 22:17:10 GMT 2024","passed","Fri Nov 08 22:17:18 GMT 2024","","WHOLE-TESTS","WHOLE-TESTS",""
"","2","STRING-TESTS.04","","Fri Nov 08 22:25:38 GMT 2024","passed","Fri Nov 08 22:25:38 GMT 2024","","HYPERON-METTALOG-SANITY","HYPERON-METTALOG-SANITY",""
"","8000","metta-morph_tests.hyperpose","","Fri Nov 08 22:17:10 GMT 2024","passed","Fri Nov 08 22:17:18 GMT 2024","","WHOLE-TESTS","WHOLE-TESTS",""
"","9000","metta-wam-issue-145.print_graph","","Fri Nov 08 22:17:10 GMT 2024","passed","Fri Nov 08 22:17:19 GMT 2024","","WHOLE-TESTS","WHOLE-TESTS",""
"","2","FUNCTIONAL-PROGRAMMING-TESTS.07","","Fri Nov 08 22:25:38 GMT 2024","passed","Fri Nov 08 22:25:38 GMT 2024","","HYPERON-METTALOG-SANITY","HYPERON-METTALOG-SANITY",""
"","14","00-LANG-CASE.11","","Fri Nov 08 22:25:38 GMT 2024","passed","Fri Nov 08 22:25:38 GMT 2024","","HYPERON-METTALOG-SANITY","HYPERON-METTALOG-SANITY",""
"","2","CALL-CLEANUP-TESTS.03","","Fri Nov 08 22:25:38 GMT 2024","passed","Fri Nov 08 22:25:38 GMT 2024","","HYPERON-METTALOG-SANITY","HYPERON-METTALOG-SANITY",""
"","3","HYPERPOSE.10","","Fri Nov 08 22:35:04 GMT 2024","passed","Fri Nov 08 22:35:04 GMT 2024","","METTA-MORPH-TESTS","METTA-MORPH-TESTS",""
"","78","D5-AUTO-TYPES.07","","Fri Nov 08 22:22:27 GMT 2024","failed","Fri Nov 08 22:22:27 GMT 2024","","HYPERON-EXPERIMENTAL-SCRIPTS","HYPERON-EXPERIMENTAL-SCRIPTS",""
"","1","C1-GROUNDED-BASIC.19","","Fri Nov 08 22:22:27 GMT 2024","passed","Fri Nov 08 22:22:27 GMT 2024","","HYPERON-EXPERIMENTAL-SCRIPTS","HYPERON-EXPERIMENTAL-SCRIPTS",""
"","2","D1-GADT.01","","Fri Nov 08 22:22:27 GMT 2024","passed","Fri Nov 08 22:22:27 GMT 2024","","HYPERON-EXPERIMENTAL-SCRIPTS","HYPERON-EXPERIMENTAL-SCRIPTS",""
"","2","F1-IMPORTS.11","","Fri Nov 08 22:17:01 GMT 2024","passed","Fri Nov 08 22:17:01 GMT 2024","","MODULE-SYSTEM","MODULE-SYSTEM",""
"","14","D1-GADT.13","","Fri Nov 08 22:38:55 GMT 2024","passed","Fri Nov 08 22:38:55 GMT 2024","","QUICK","QUICK",""
"","4","TYPES2.01","","Fri Nov 08 22:35:04 GMT 2024","passed","Fri Nov 08 22:35:04 GMT 2024","","METTA-MORPH-TESTS","METTA-MORPH-TESTS",""
"","6","SPACE-SUBTRACTION-TESTS.11","","Fri Nov 08 22:25:38 GMT 2024","passed","Fri Nov 08 22:25:38 GMT 2024","","HYPERON-METTALOG-SANITY","HYPERON-METTALOG-SANITY",""
"","1","C1-GROUNDED-BASIC.18","","Fri Nov 08 22:38:55 GMT 2024","passed","Fri Nov 08 22:38:55 GMT 2024","","QUICK","QUICK",""
"","2","C1-GROUNDED-BASIC.12","","Fri Nov 08 22:38:55 GMT 2024","passed","Fri Nov 08 22:38:55 GMT 2024","","QUICK","QUICK",""
"","2","SPACE-SUBTRACTION-TESTS.03","","Fri Nov 08 22:25:38 GMT 2024","passed","Fri Nov 08 22:25:38 GMT 2024","","HYPERON-METTALOG-SANITY","HYPERON-METTALOG-SANITY",""
"","3","STRING-TESTS.19","","Fri Nov 08 22:25:38 GMT 2024","passed","Fri Nov 08 22:25:38 GMT 2024","","HYPERON-METTALOG-SANITY","HYPERON-METTALOG-SANITY",""
"","15","MATCH-VOID.04","","Fri Nov 08 22:35:04 GMT 2024","passed","Fri Nov 08 22:35:04 GMT 2024","","METTA-MORPH-TESTS","METTA-MORPH-TESTS",""
"","3","TESTS0.03","","Fri Nov 08 22:35:04 GMT 2024","passed","Fri Nov 08 22:35:04 GMT 2024","","METTA-MORPH-TESTS","METTA-MORPH-TESTS",""
"","3","D2-HIGHERFUNC.27","","Fri Nov 08 22:38:55 GMT 2024","passed","Fri Nov 08 22:38:55 GMT 2024","","QUICK","QUICK",""
"","124","B5-TYPES-PRELIM.08","","Fri Nov 08 22:22:27 GMT 2024","failed","Fri Nov 08 22:22:27 GMT 2024","","HYPERON-EXPERIMENTAL-SCRIPTS","HYPERON-EXPERIMENTAL-SCRIPTS",""
"","3","BCHAIN.06","","Fri Nov 08 22:17:18 GMT 2024","passed","Fri Nov 08 22:17:18 GMT 2024","","ANTI-REGRESSION","ANTI-REGRESSION",""
"","8000","metta-morph_tests.match_feval","","Fri Nov 08 22:17:10 GMT 2024","passed","Fri Nov 08 22:17:18 GMT 2024","","WHOLE-TESTS","WHOLE-TESTS",""
"","2","SPACE-INTERSECTION-TESTS.14","","Fri Nov 08 22:25:38 GMT 2024","passed","Fri Nov 08 22:25:38 GMT 2024","","HYPERON-METTALOG-SANITY","HYPERON-METTALOG-SANITY",""
"","1","D4-TYPE-PROP.11","","Fri Nov 08 22:38:55 GMT 2024","passed","Fri Nov 08 22:38:55 GMT 2024","","QUICK","QUICK",""
"","2","CALL-TESTS.08","","Fri Nov 08 22:25:38 GMT 2024","passed","Fri Nov 08 22:25:38 GMT 2024","","HYPERON-METTALOG-SANITY","HYPERON-METTALOG-SANITY",""
"","3","SUPERPOSE-NESTED.02","","Fri Nov 08 22:35:04 GMT 2024","passed","Fri Nov 08 22:35:04 GMT 2024","","METTA-MORPH-TESTS","METTA-MORPH-TESTS",""
"","2","D4-TYPE-PROP.06","","Fri Nov 08 22:38:55 GMT 2024","passed","Fri Nov 08 22:38:55 GMT 2024","","QUICK","QUICK",""
"","9000","hyperon-mettalog_sanity.space_intersection_tests","","Fri Nov 08 22:17:10 GMT 2024","passed","Fri Nov 08 22:17:19 GMT 2024","","WHOLE-TESTS","WHOLE-TESTS",""
"","71","MINIMAL-METTA-TESTS.21","","Fri Nov 08 22:25:38 GMT 2024","failed","Fri Nov 08 22:25:38 GMT 2024","","HYPERON-METTALOG-SANITY","HYPERON-METTALOG-SANITY",""
"","2","B1-EQUAL-CHAIN.04","","Fri Nov 08 22:22:27 GMT 2024","passed","Fri Nov 08 22:22:27 GMT 2024","","HYPERON-EXPERIMENTAL-SCRIPTS","HYPERON-EXPERIMENTAL-SCRIPTS",""
"","8000","metta-morph_tests.superpose_nested","","Fri Nov 08 22:17:10 GMT 2024","passed","Fri Nov 08 22:17:18 GMT 2024","","WHOLE-TESTS","WHOLE-TESTS",""
"","7","SPACE-SUBTRACTION-TESTS.10","","Fri Nov 08 22:25:38 GMT 2024","passed","Fri Nov 08 22:25:38 GMT 2024","","HYPERON-METTALOG-SANITY","HYPERON-METTALOG-SANITY",""
"","3","D4-TYPE-PROP.02","","Fri Nov 08 22:22:27 GMT 2024","passed","Fri Nov 08 22:22:27 GMT 2024","","HYPERON-EXPERIMENTAL-SCRIPTS","HYPERON-EXPERIMENTAL-SCRIPTS",""
"","2","LIMIT-TESTS.18","","Fri Nov 08 22:25:38 GMT 2024","passed","Fri Nov 08 22:25:38 GMT 2024","","HYPERON-METTALOG-SANITY","HYPERON-METTALOG-SANITY",""
"","1","A3-TWOSIDE.02","","Fri Nov 08 22:22:27 GMT 2024","passed","Fri Nov 08 22:22:27 GMT 2024","","HYPERON-EXPERIMENTAL-SCRIPTS","HYPERON-EXPERIMENTAL-SCRIPTS",""
"","3","INTERSECTION-TESTS.12","","Fri Nov 08 22:25:38 GMT 2024","passed","Fri Nov 08 22:25:38 GMT 2024","","HYPERON-METTALOG-SANITY","HYPERON-METTALOG-SANITY",""
"","2","F1-IMPORTS.02","","Fri Nov 08 22:17:01 GMT 2024","passed","Fri Nov 08 22:17:01 GMT 2024","","MODULE-SYSTEM","MODULE-SYSTEM",""
"","2","OR-TEST.09","","Fri Nov 08 22:25:38 GMT 2024","passed","Fri Nov 08 22:25:38 GMT 2024","","HYPERON-METTALOG-SANITY","HYPERON-METTALOG-SANITY",""
"","44000","hyperon-mettalog_sanity.compile_tests","","Fri Nov 08 22:17:10 GMT 2024","failed","Fri Nov 08 22:17:54 GMT 2024","","WHOLE-TESTS","WHOLE-TESTS",""
"","1","B2-BACKCHAIN.03","","Fri Nov 08 22:22:27 GMT 2024","passed","Fri Nov 08 22:22:27 GMT 2024","","HYPERON-EXPERIMENTAL-SCRIPTS","HYPERON-EXPERIMENTAL-SCRIPTS",""
"","2","MINIMAL-METTA-TESTS.04","","Fri Nov 08 22:25:38 GMT 2024","passed","Fri Nov 08 22:25:38 GMT 2024","","HYPERON-METTALOG-SANITY","HYPERON-METTALOG-SANITY",""
"","2","SEALED-TEST.03","","Fri Nov 08 22:25:38 GMT 2024","passed","Fri Nov 08 22:25:38 GMT 2024","","HYPERON-METTALOG-SANITY","HYPERON-METTALOG-SANITY",""
"","3","TESTS0.04","","Fri Nov 08 22:35:04 GMT 2024","passed","Fri Nov 08 22:35:04 GMT 2024","","METTA-MORPH-TESTS","METTA-MORPH-TESTS",""
"","2","TEST-IF-CLOSED.02","","Fri Nov 08 22:17:18 GMT 2024","passed","Fri Nov 08 22:17:18 GMT 2024","","ANTI-REGRESSION","ANTI-REGRESSION",""
"","3","B2-BACKCHAIN.01","","Fri Nov 08 22:22:27 GMT 2024","passed","Fri Nov 08 22:22:27 GMT 2024","","HYPERON-EXPERIMENTAL-SCRIPTS","HYPERON-EXPERIMENTAL-SCRIPTS",""
"","170","SPACE-SUBTRACTION-TESTS.08","","Fri Nov 08 22:25:38 GMT 2024","passed","Fri Nov 08 22:25:38 GMT 2024","","HYPERON-METTALOG-SANITY","HYPERON-METTALOG-SANITY",""
"","2","D2-HIGHERFUNC.26","","Fri Nov 08 22:38:55 GMT 2024","passed","Fri Nov 08 22:38:55 GMT 2024","","QUICK","QUICK",""
"","1","LIMIT-TESTS.12","","Fri Nov 08 22:25:38 GMT 2024","passed","Fri Nov 08 22:25:38 GMT 2024","","HYPERON-METTALOG-SANITY","HYPERON-METTALOG-SANITY",""
"","4","03-SORING-VIA-INSERT.01","","Fri Nov 08 22:25:38 GMT 2024","passed","Fri Nov 08 22:25:38 GMT 2024","","HYPERON-METTALOG-SANITY","HYPERON-METTALOG-SANITY",""
"","4","F1-MODULEA.01","","Fri Nov 08 22:17:01 GMT 2024","passed","Fri Nov 08 22:17:01 GMT 2024","","MODULE-SYSTEM","MODULE-SYSTEM",""
"","131","MINIMAL-METTA-TESTS.27","","Fri Nov 08 22:25:38 GMT 2024","failed","Fri Nov 08 22:25:38 GMT 2024","","HYPERON-METTALOG-SANITY","HYPERON-METTALOG-SANITY",""
"","5","SUPERCOLLAPSE.01","","Fri Nov 08 22:35:04 GMT 2024","passed","Fri Nov 08 22:35:04 GMT 2024","","METTA-MORPH-TESTS","METTA-MORPH-TESTS",""
"","8000","metta-morph_tests.peano","","Fri Nov 08 22:17:10 GMT 2024","passed","Fri Nov 08 22:17:18 GMT 2024","","WHOLE-TESTS","WHOLE-TESTS",""
"","2","FUNCTIONAL-PROGRAMMING-TESTS.05","","Fri Nov 08 22:25:38 GMT 2024","passed","Fri Nov 08 22:25:38 GMT 2024","","HYPERON-METTALOG-SANITY","HYPERON-METTALOG-SANITY",""
"","4","SUBTRACTION-TEST.10","","Fri Nov 08 22:25:38 GMT 2024","passed","Fri Nov 08 22:25:38 GMT 2024","","HYPERON-METTALOG-SANITY","HYPERON-METTALOG-SANITY",""
"","1","D4-TYPE-PROP.07","","Fri Nov 08 22:38:55 GMT 2024","passed","Fri Nov 08 22:38:55 GMT 2024","","QUICK","QUICK",""
"","8000","metta-morph_tests.types3","","Fri Nov 08 22:17:10 GMT 2024","passed","Fri Nov 08 22:17:18 GMT 2024","","WHOLE-TESTS","WHOLE-TESTS",""
"","8000","metta-morph_tests.let_superpose_list","","Fri Nov 08 22:17:10 GMT 2024","passed","Fri Nov 08 22:17:18 GMT 2024","","WHOLE-TESTS","WHOLE-TESTS",""
"","2","CALL-CLEANUP-TESTS.09","","Fri Nov 08 22:25:38 GMT 2024","passed","Fri Nov 08 22:25:38 GMT 2024","","HYPERON-METTALOG-SANITY","HYPERON-METTALOG-SANITY",""
"","36","B5-TYPES-PRELIM.24","","Fri Nov 08 22:22:27 GMT 2024","failed","Fri Nov 08 22:22:27 GMT 2024","","HYPERON-EXPERIMENTAL-SCRIPTS","HYPERON-EXPERIMENTAL-SCRIPTS",""
"","2","INTERSECTION-TESTS.09","","Fri Nov 08 22:25:38 GMT 2024","passed","Fri Nov 08 22:25:38 GMT 2024","","HYPERON-METTALOG-SANITY","HYPERON-METTALOG-SANITY",""
"","2","00-LANG-CASE.08","","Fri Nov 08 22:25:38 GMT 2024","passed","Fri Nov 08 22:25:38 GMT 2024","","HYPERON-METTALOG-SANITY","HYPERON-METTALOG-SANITY",""
"","1","C1-GROUNDED-BASIC.05","","Fri Nov 08 22:38:55 GMT 2024","passed","Fri Nov 08 22:38:55 GMT 2024","","QUICK","QUICK",""
"","2","D4-TYPE-PROP.15","","Fri Nov 08 22:38:55 GMT 2024","passed","Fri Nov 08 22:38:55 GMT 2024","","QUICK","QUICK",""
