"DESCRIPTION","DURATION IN MS","NAME","PARENT SUITE","START TIME","STATUS","STOP TIME","SUB SUITE","SUITE","TEST CLASS","TEST METHOD"
"","60","INDEX-MIN-FUNCTIONS-EXTRA-2.08","","Tue Nov 26 20:34:15 GMT 2024","failed","Tue Nov 26 20:34:15 GMT 2024","","HYPERON-METTALOG-SANITY","HYPERON-METTALOG-SANITY",""
"","14","INDEX-MIN-FUNCTIONS-EXTRA-1.12","","Tue Nov 26 20:34:15 GMT 2024","passed","Tue Nov 26 20:34:15 GMT 2024","","HYPERON-METTALOG-SANITY","HYPERON-METTALOG-SANITY",""
"","3","SEQUENTIAL-TESTS.02","","Tue Nov 26 20:34:15 GMT 2024","passed","Tue Nov 26 20:34:15 GMT 2024","","HYPERON-METTALOG-SANITY","HYPERON-METTALOG-SANITY",""
"","195","SORTING-TESTS-NATS.16","","Tue Nov 26 20:34:15 GMT 2024","failed","Tue Nov 26 20:34:15 GMT 2024","","HYPERON-METTALOG-SANITY","HYPERON-METTALOG-SANITY",""
"","2","00-LANG-CASE.10","","Tue Nov 26 20:34:15 GMT 2024","passed","Tue Nov 26 20:34:15 GMT 2024","","HYPERON-METTALOG-SANITY","HYPERON-METTALOG-SANITY",""
"","3","INDEX-MIN-FUNCTIONS-EXTRA-3.01","","Tue Nov 26 20:34:15 GMT 2024","passed","Tue Nov 26 20:34:15 GMT 2024","","HYPERON-METTALOG-SANITY","HYPERON-METTALOG-SANITY",""
"","4","SORTING-TESTS.01","","Tue Nov 26 20:34:15 GMT 2024","passed","Tue Nov 26 20:34:15 GMT 2024","","HYPERON-METTALOG-SANITY","HYPERON-METTALOG-SANITY",""
"","3","SUPERCOLLAPSE.01","","Tue Nov 26 20:49:57 GMT 2024","passed","Tue Nov 26 20:49:57 GMT 2024","","METTA-MORPH-TESTS","METTA-MORPH-TESTS",""
"","3","B5-TYPES-PRELIM.01","","Tue Nov 26 20:29:44 GMT 2024","passed","Tue Nov 26 20:29:44 GMT 2024","","HYPERON-EXPERIMENTAL-SCRIPTS","HYPERON-EXPERIMENTAL-SCRIPTS",""
"","1","ARITY-TESTS.03","","Tue Nov 26 20:34:15 GMT 2024","passed","Tue Nov 26 20:34:15 GMT 2024","","HYPERON-METTALOG-SANITY","HYPERON-METTALOG-SANITY",""
"","2","FACTORIAL.02","","Tue Nov 26 20:49:57 GMT 2024","passed","Tue Nov 26 20:49:57 GMT 2024","","METTA-MORPH-TESTS","METTA-MORPH-TESTS",""
"","3","SORTING-TESTS.12","","Tue Nov 26 20:34:15 GMT 2024","passed","Tue Nov 26 20:34:15 GMT 2024","","HYPERON-METTALOG-SANITY","HYPERON-METTALOG-SANITY",""
"","2","C3-PLN-STV.03","","Tue Nov 26 20:29:44 GMT 2024","passed","Tue Nov 26 20:29:44 GMT 2024","","HYPERON-EXPERIMENTAL-SCRIPTS","HYPERON-EXPERIMENTAL-SCRIPTS",""
"","2","HYPERPOSE.06","","Tue Nov 26 20:49:57 GMT 2024","passed","Tue Nov 26 20:49:57 GMT 2024","","METTA-MORPH-TESTS","METTA-MORPH-TESTS",""
"","3","MINIMAL-METTA-TESTS.03","","Tue Nov 26 20:34:15 GMT 2024","passed","Tue Nov 26 20:34:15 GMT 2024","","HYPERON-METTALOG-SANITY","HYPERON-METTALOG-SANITY",""
"","1","CALL-CLEANUP-TESTS.03","","Tue Nov 26 20:34:15 GMT 2024","passed","Tue Nov 26 20:34:15 GMT 2024","","HYPERON-METTALOG-SANITY","HYPERON-METTALOG-SANITY",""
"","6","G1-DOCS.01","","Tue Nov 26 20:29:44 GMT 2024","passed","Tue Nov 26 20:29:44 GMT 2024","","HYPERON-EXPERIMENTAL-SCRIPTS","HYPERON-EXPERIMENTAL-SCRIPTS",""
"","187","TIME-SYNTHESIZE.01","","Tue Nov 26 20:47:21 GMT 2024","failed","Tue Nov 26 20:47:21 GMT 2024","","SYNTH-BUFFER","SYNTH-BUFFER",""
"","111","MINIMAL-METTA-TESTS.43","","Tue Nov 26 20:34:15 GMT 2024","failed","Tue Nov 26 20:34:15 GMT 2024","","HYPERON-METTALOG-SANITY","HYPERON-METTALOG-SANITY",""
"","58","AUTO-COERCE.31","","Tue Nov 26 20:34:15 GMT 2024","failed","Tue Nov 26 20:34:15 GMT 2024","","HYPERON-METTALOG-SANITY","HYPERON-METTALOG-SANITY",""
"","3","06-MATCH-IN-SPACE.01","","Tue Nov 26 20:34:15 GMT 2024","passed","Tue Nov 26 20:34:15 GMT 2024","","HYPERON-METTALOG-SANITY","HYPERON-METTALOG-SANITY",""
"","9000","hyperon-mettalog_sanity.xor_test","","Tue Nov 26 20:29:34 GMT 2024","passed","Tue Nov 26 20:29:43 GMT 2024","","WHOLE-TESTS","WHOLE-TESTS",""
"","3","D1-GADT.10","","Tue Nov 26 20:29:44 GMT 2024","passed","Tue Nov 26 20:29:44 GMT 2024","","HYPERON-EXPERIMENTAL-SCRIPTS","HYPERON-EXPERIMENTAL-SCRIPTS",""
"","11758","TIME-SYNTHESIZE.02","","Tue Nov 26 20:47:21 GMT 2024","failed","Tue Nov 26 20:47:32 GMT 2024","","SYNTH-BUFFER","SYNTH-BUFFER",""
"","9000","metta-morph_tests.letlet","","Tue Nov 26 20:29:34 GMT 2024","passed","Tue Nov 26 20:29:43 GMT 2024","","WHOLE-TESTS","WHOLE-TESTS",""
"","2","D2-HIGHERFUNC.02","","Tue Nov 26 20:29:44 GMT 2024","passed","Tue Nov 26 20:29:44 GMT 2024","","HYPERON-EXPERIMENTAL-SCRIPTS","HYPERON-EXPERIMENTAL-SCRIPTS",""
"","1","TYPES2.02","","Tue Nov 26 20:49:57 GMT 2024","passed","Tue Nov 26 20:49:57 GMT 2024","","METTA-MORPH-TESTS","METTA-MORPH-TESTS",""
"","2","OR-TEST.04","","Tue Nov 26 20:34:15 GMT 2024","passed","Tue Nov 26 20:34:15 GMT 2024","","HYPERON-METTALOG-SANITY","HYPERON-METTALOG-SANITY",""
"","15","D2-HIGHERFUNC.21","","Tue Nov 26 20:29:44 GMT 2024","passed","Tue Nov 26 20:29:44 GMT 2024","","HYPERON-EXPERIMENTAL-SCRIPTS","HYPERON-EXPERIMENTAL-SCRIPTS",""
"","79","MINIMAL-METTA-TESTS.11","","Tue Nov 26 20:34:15 GMT 2024","passed","Tue Nov 26 20:34:15 GMT 2024","","HYPERON-METTALOG-SANITY","HYPERON-METTALOG-SANITY",""
"","47000","hyperon-mettalog_sanity.math_hyphen_functions","","Tue Nov 26 20:29:34 GMT 2024","failed","Tue Nov 26 20:30:21 GMT 2024","","WHOLE-TESTS","WHOLE-TESTS",""
"","2","AUTO-COERCE.27","","Tue Nov 26 20:34:15 GMT 2024","passed","Tue Nov 26 20:34:15 GMT 2024","","HYPERON-METTALOG-SANITY","HYPERON-METTALOG-SANITY",""
"","2","E3-MATCH-STATES.04","","Tue Nov 26 20:29:44 GMT 2024","passed","Tue Nov 26 20:29:44 GMT 2024","","HYPERON-EXPERIMENTAL-SCRIPTS","HYPERON-EXPERIMENTAL-SCRIPTS",""
"","2","INTERSECTION-TESTS.27","","Tue Nov 26 20:34:15 GMT 2024","passed","Tue Nov 26 20:34:15 GMT 2024","","HYPERON-METTALOG-SANITY","HYPERON-METTALOG-SANITY",""
"","2","F1-MODULEA.04","","Tue Nov 26 20:29:44 GMT 2024","passed","Tue Nov 26 20:29:44 GMT 2024","","HYPERON-EXPERIMENTAL-SCRIPTS","HYPERON-EXPERIMENTAL-SCRIPTS",""
"","1","INDEX-MIN-FUNCTIONS-EXTRA-1.52","","Tue Nov 26 20:34:15 GMT 2024","passed","Tue Nov 26 20:34:15 GMT 2024","","HYPERON-METTALOG-SANITY","HYPERON-METTALOG-SANITY",""
"","2","D2-HIGHERFUNC.24","","Tue Nov 26 20:29:44 GMT 2024","passed","Tue Nov 26 20:29:44 GMT 2024","","HYPERON-EXPERIMENTAL-SCRIPTS","HYPERON-EXPERIMENTAL-SCRIPTS",""
"","117","MINIMAL-METTA-TESTS.32","","Tue Nov 26 20:34:15 GMT 2024","failed","Tue Nov 26 20:34:15 GMT 2024","","HYPERON-METTALOG-SANITY","HYPERON-METTALOG-SANITY",""
"","2","CATCH-THROW-TESTS.07","","Tue Nov 26 20:34:15 GMT 2024","passed","Tue Nov 26 20:34:15 GMT 2024","","HYPERON-METTALOG-SANITY","HYPERON-METTALOG-SANITY",""
"","1","EVAL-FOR-TESTS.09","","Tue Nov 26 20:34:15 GMT 2024","passed","Tue Nov 26 20:34:15 GMT 2024","","HYPERON-METTALOG-SANITY","HYPERON-METTALOG-SANITY",""
"","9000","synth_buffer.time_synthesize_short","","Tue Nov 26 20:29:34 GMT 2024","passed","Tue Nov 26 20:29:43 GMT 2024","","WHOLE-TESTS","WHOLE-TESTS",""
"","2","F1-IMPORTS.08","","Tue Nov 26 20:29:03 GMT 2024","passed","Tue Nov 26 20:29:03 GMT 2024","","MODULE-SYSTEM","MODULE-SYSTEM",""
"","2","MAX-TIME-TESTS.04","","Tue Nov 26 20:34:15 GMT 2024","passed","Tue Nov 26 20:34:15 GMT 2024","","HYPERON-METTALOG-SANITY","HYPERON-METTALOG-SANITY",""
"","3","PEANO.01","","Tue Nov 26 20:49:57 GMT 2024","passed","Tue Nov 26 20:49:57 GMT 2024","","METTA-MORPH-TESTS","METTA-MORPH-TESTS",""
"","9","D1-GADT.05","","Tue Nov 26 20:29:44 GMT 2024","passed","Tue Nov 26 20:29:44 GMT 2024","","HYPERON-EXPERIMENTAL-SCRIPTS","HYPERON-EXPERIMENTAL-SCRIPTS",""
"","3","INHERIT-OR-NOT-TESTS.07","","Tue Nov 26 20:34:15 GMT 2024","passed","Tue Nov 26 20:34:15 GMT 2024","","HYPERON-METTALOG-SANITY","HYPERON-METTALOG-SANITY",""
"","47","E3-MATCH-STATES.03","","Tue Nov 26 20:29:44 GMT 2024","failed","Tue Nov 26 20:29:44 GMT 2024","","HYPERON-EXPERIMENTAL-SCRIPTS","HYPERON-EXPERIMENTAL-SCRIPTS",""
"","2","CATCH-THROW-TESTS.05","","Tue Nov 26 20:34:15 GMT 2024","passed","Tue Nov 26 20:34:15 GMT 2024","","HYPERON-METTALOG-SANITY","HYPERON-METTALOG-SANITY",""
"","2","RUST-TESTS.04","","Tue Nov 26 20:34:15 GMT 2024","passed","Tue Nov 26 20:34:15 GMT 2024","","HYPERON-METTALOG-SANITY","HYPERON-METTALOG-SANITY",""
"","42000","hyperon-experimental_scripts.d4_type_prop","","Tue Nov 26 20:29:34 GMT 2024","failed","Tue Nov 26 20:30:16 GMT 2024","","WHOLE-TESTS","WHOLE-TESTS",""
"","3","OUTPUT-LOAD-TESTS.06","","Tue Nov 26 20:34:15 GMT 2024","passed","Tue Nov 26 20:34:15 GMT 2024","","HYPERON-METTALOG-SANITY","HYPERON-METTALOG-SANITY",""
"","46","RUST-TESTS.09","","Tue Nov 26 20:34:15 GMT 2024","failed","Tue Nov 26 20:34:15 GMT 2024","","HYPERON-METTALOG-SANITY","HYPERON-METTALOG-SANITY",""
"","3","TYPES3.01","","Tue Nov 26 20:49:57 GMT 2024","passed","Tue Nov 26 20:49:57 GMT 2024","","METTA-MORPH-TESTS","METTA-MORPH-TESTS",""
"","3","CALL-CLEANUP-TESTS.01","","Tue Nov 26 20:34:15 GMT 2024","passed","Tue Nov 26 20:34:15 GMT 2024","","HYPERON-METTALOG-SANITY","HYPERON-METTALOG-SANITY",""
"","175","TIME-SYNTHESIZE.03","","Tue Nov 26 20:47:21 GMT 2024","failed","Tue Nov 26 20:47:21 GMT 2024","","SYNTH-BUFFER","SYNTH-BUFFER",""
"","2","TESTS0.05","","Tue Nov 26 20:49:57 GMT 2024","passed","Tue Nov 26 20:49:57 GMT 2024","","METTA-MORPH-TESTS","METTA-MORPH-TESTS",""
"","1","B5-TYPES-PRELIM.18","","Tue Nov 26 20:29:44 GMT 2024","passed","Tue Nov 26 20:29:44 GMT 2024","","HYPERON-EXPERIMENTAL-SCRIPTS","HYPERON-EXPERIMENTAL-SCRIPTS",""
"","31000","module-system.f1_imports","","Tue Nov 26 20:29:34 GMT 2024","passed","Tue Nov 26 20:30:05 GMT 2024","","WHOLE-TESTS","WHOLE-TESTS",""
"","2","OR-TEST.08","","Tue Nov 26 20:34:15 GMT 2024","passed","Tue Nov 26 20:34:15 GMT 2024","","HYPERON-METTALOG-SANITY","HYPERON-METTALOG-SANITY",""
"","14","E3-MATCH-STATES.05","","Tue Nov 26 20:29:44 GMT 2024","failed","Tue Nov 26 20:29:44 GMT 2024","","HYPERON-EXPERIMENTAL-SCRIPTS","HYPERON-EXPERIMENTAL-SCRIPTS",""
"","2","STRING-TESTS.05","","Tue Nov 26 20:34:15 GMT 2024","passed","Tue Nov 26 20:34:15 GMT 2024","","HYPERON-METTALOG-SANITY","HYPERON-METTALOG-SANITY",""
"","3","OUTPUT-LOAD-TESTS.14","","Tue Nov 26 20:34:15 GMT 2024","passed","Tue Nov 26 20:34:15 GMT 2024","","HYPERON-METTALOG-SANITY","HYPERON-METTALOG-SANITY",""
"","2","SUBTRACTION-TEST.07","","Tue Nov 26 20:34:15 GMT 2024","passed","Tue Nov 26 20:34:15 GMT 2024","","HYPERON-METTALOG-SANITY","HYPERON-METTALOG-SANITY",""
"","1","INDEX-MIN-FUNCTIONS-EXTRA-2.06","","Tue Nov 26 20:34:15 GMT 2024","passed","Tue Nov 26 20:34:15 GMT 2024","","HYPERON-METTALOG-SANITY","HYPERON-METTALOG-SANITY",""
"","83","MINIMAL-METTA-TESTS.44","","Tue Nov 26 20:34:15 GMT 2024","passed","Tue Nov 26 20:34:15 GMT 2024","","HYPERON-METTALOG-SANITY","HYPERON-METTALOG-SANITY",""
"","2","F1-IMPORTS.11","","Tue Nov 26 20:29:03 GMT 2024","passed","Tue Nov 26 20:29:03 GMT 2024","","MODULE-SYSTEM","MODULE-SYSTEM",""
"","3","D2-HIGHERFUNC.15","","Tue Nov 26 20:29:44 GMT 2024","passed","Tue Nov 26 20:29:44 GMT 2024","","HYPERON-EXPERIMENTAL-SCRIPTS","HYPERON-EXPERIMENTAL-SCRIPTS",""
"","1","INDEX-MIN-FUNCTIONS-EXTRA-1.36","","Tue Nov 26 20:34:15 GMT 2024","passed","Tue Nov 26 20:34:15 GMT 2024","","HYPERON-METTALOG-SANITY","HYPERON-METTALOG-SANITY",""
"","4","E2-STATES.01","","Tue Nov 26 20:29:44 GMT 2024","passed","Tue Nov 26 20:29:44 GMT 2024","","HYPERON-EXPERIMENTAL-SCRIPTS","HYPERON-EXPERIMENTAL-SCRIPTS",""
"","2","CATCH-THROW-TESTS.04","","Tue Nov 26 20:34:15 GMT 2024","passed","Tue Nov 26 20:34:15 GMT 2024","","HYPERON-METTALOG-SANITY","HYPERON-METTALOG-SANITY",""
"","91","MINIMAL-METTA-TESTS.17","","Tue Nov 26 20:34:15 GMT 2024","failed","Tue Nov 26 20:34:15 GMT 2024","","HYPERON-METTALOG-SANITY","HYPERON-METTALOG-SANITY",""
"","2","TYPES2.05","","Tue Nov 26 20:49:57 GMT 2024","passed","Tue Nov 26 20:49:57 GMT 2024","","METTA-MORPH-TESTS","METTA-MORPH-TESTS",""
"","95","EVAL-FOR-TESTS.12","","Tue Nov 26 20:34:15 GMT 2024","failed","Tue Nov 26 20:34:15 GMT 2024","","HYPERON-METTALOG-SANITY","HYPERON-METTALOG-SANITY",""
"","5","UNIQUE-TEST.11","","Tue Nov 26 20:34:15 GMT 2024","passed","Tue Nov 26 20:34:15 GMT 2024","","HYPERON-METTALOG-SANITY","HYPERON-METTALOG-SANITY",""
"","2","STRING-TESTS.20","","Tue Nov 26 20:34:15 GMT 2024","passed","Tue Nov 26 20:34:15 GMT 2024","","HYPERON-METTALOG-SANITY","HYPERON-METTALOG-SANITY",""
"","1","PY-TYPES-2.02","","Tue Nov 26 20:34:15 GMT 2024","passed","Tue Nov 26 20:34:15 GMT 2024","","HYPERON-METTALOG-SANITY","HYPERON-METTALOG-SANITY",""
"","25","G1-DOCS.04","","Tue Nov 26 20:29:44 GMT 2024","failed","Tue Nov 26 20:29:44 GMT 2024","","HYPERON-EXPERIMENTAL-SCRIPTS","HYPERON-EXPERIMENTAL-SCRIPTS",""
"","3","06-MATCH-IN-SPACE.03","","Tue Nov 26 20:34:15 GMT 2024","passed","Tue Nov 26 20:34:15 GMT 2024","","HYPERON-METTALOG-SANITY","HYPERON-METTALOG-SANITY",""
"","91","MINIMAL-METTA-TESTS.19","","Tue Nov 26 20:34:15 GMT 2024","failed","Tue Nov 26 20:34:15 GMT 2024","","HYPERON-METTALOG-SANITY","HYPERON-METTALOG-SANITY",""
"","2","INTERSECTION-TESTS.02","","Tue Nov 26 20:34:15 GMT 2024","passed","Tue Nov 26 20:34:15 GMT 2024","","HYPERON-METTALOG-SANITY","HYPERON-METTALOG-SANITY",""
"","3","B2-BACKCHAIN.05","","Tue Nov 26 20:29:44 GMT 2024","passed","Tue Nov 26 20:29:44 GMT 2024","","HYPERON-EXPERIMENTAL-SCRIPTS","HYPERON-EXPERIMENTAL-SCRIPTS",""
"","2","MAX-TIME-TESTS.05","","Tue Nov 26 20:34:15 GMT 2024","passed","Tue Nov 26 20:34:15 GMT 2024","","HYPERON-METTALOG-SANITY","HYPERON-METTALOG-SANITY",""
"","4","SUBTRACTION-TEST.10","","Tue Nov 26 20:34:15 GMT 2024","passed","Tue Nov 26 20:34:15 GMT 2024","","HYPERON-METTALOG-SANITY","HYPERON-METTALOG-SANITY",""
"","9000","hyperon-mettalog_sanity.first_answer","","Tue Nov 26 20:29:34 GMT 2024","passed","Tue Nov 26 20:29:43 GMT 2024","","WHOLE-TESTS","WHOLE-TESTS",""
"","2","INTERSECTION-TESTS.24","","Tue Nov 26 20:34:15 GMT 2024","passed","Tue Nov 26 20:34:15 GMT 2024","","HYPERON-METTALOG-SANITY","HYPERON-METTALOG-SANITY",""
"","3","F1-IMPORTS.13","","Tue Nov 26 20:29:44 GMT 2024","passed","Tue Nov 26 20:29:44 GMT 2024","","HYPERON-EXPERIMENTAL-SCRIPTS","HYPERON-EXPERIMENTAL-SCRIPTS",""
"","2","F1-IMPORTS.12","","Tue Nov 26 20:29:44 GMT 2024","passed","Tue Nov 26 20:29:44 GMT 2024","","HYPERON-EXPERIMENTAL-SCRIPTS","HYPERON-EXPERIMENTAL-SCRIPTS",""
"","2","MINIMAL-METTA-TESTS.48","","Tue Nov 26 20:34:15 GMT 2024","passed","Tue Nov 26 20:34:15 GMT 2024","","HYPERON-METTALOG-SANITY","HYPERON-METTALOG-SANITY",""
"","1","XOR-TEST.06","","Tue Nov 26 20:34:15 GMT 2024","passed","Tue Nov 26 20:34:15 GMT 2024","","HYPERON-METTALOG-SANITY","HYPERON-METTALOG-SANITY",""
"","4","HYPERPOSE-TESTS.01","","Tue Nov 26 20:34:15 GMT 2024","passed","Tue Nov 26 20:34:15 GMT 2024","","HYPERON-METTALOG-SANITY","HYPERON-METTALOG-SANITY",""
"","1","METHOD-SELECTION-TESTS.06","","Tue Nov 26 20:34:15 GMT 2024","passed","Tue Nov 26 20:34:15 GMT 2024","","HYPERON-METTALOG-SANITY","HYPERON-METTALOG-SANITY",""
"","48","B5-TYPES-PRELIM.14","","Tue Nov 26 20:29:44 GMT 2024","failed","Tue Nov 26 20:29:44 GMT 2024","","HYPERON-EXPERIMENTAL-SCRIPTS","HYPERON-EXPERIMENTAL-SCRIPTS",""
"","2","CATCH-THROW-TESTS.02","","Tue Nov 26 20:34:15 GMT 2024","passed","Tue Nov 26 20:34:15 GMT 2024","","HYPERON-METTALOG-SANITY","HYPERON-METTALOG-SANITY",""
"","2","INDEX-MIN-FUNCTIONS-EXTRA-1.44","","Tue Nov 26 20:34:15 GMT 2024","passed","Tue Nov 26 20:34:15 GMT 2024","","HYPERON-METTALOG-SANITY","HYPERON-METTALOG-SANITY",""
"","2","MINIMAL-METTA-TESTS.06","","Tue Nov 26 20:34:15 GMT 2024","passed","Tue Nov 26 20:34:15 GMT 2024","","HYPERON-METTALOG-SANITY","HYPERON-METTALOG-SANITY",""
"","1","00-LANG-CASE.06","","Tue Nov 26 20:34:15 GMT 2024","passed","Tue Nov 26 20:34:15 GMT 2024","","HYPERON-METTALOG-SANITY","HYPERON-METTALOG-SANITY",""
"","10000","hyperon-mettalog_sanity.rule_macros_mw","","Tue Nov 26 20:29:34 GMT 2024","passed","Tue Nov 26 20:29:44 GMT 2024","","WHOLE-TESTS","WHOLE-TESTS",""
"","1","SEQUENTIAL-NESTED.09","","Tue Nov 26 20:49:57 GMT 2024","passed","Tue Nov 26 20:49:57 GMT 2024","","METTA-MORPH-TESTS","METTA-MORPH-TESTS",""
"","9000","hyperon-experimental_scripts.d1_gadt","","Tue Nov 26 20:29:34 GMT 2024","passed","Tue Nov 26 20:29:43 GMT 2024","","WHOLE-TESTS","WHOLE-TESTS",""
"","1","00-LANG-CASE.07","","Tue Nov 26 20:34:15 GMT 2024","passed","Tue Nov 26 20:34:15 GMT 2024","","HYPERON-METTALOG-SANITY","HYPERON-METTALOG-SANITY",""
"","3","SUBTRACTION-TEST.02","","Tue Nov 26 20:34:15 GMT 2024","passed","Tue Nov 26 20:34:15 GMT 2024","","HYPERON-METTALOG-SANITY","HYPERON-METTALOG-SANITY",""
"","2","INDEX-MIN-FUNCTIONS-EXTRA-1.46","","Tue Nov 26 20:34:15 GMT 2024","passed","Tue Nov 26 20:34:15 GMT 2024","","HYPERON-METTALOG-SANITY","HYPERON-METTALOG-SANITY",""
"","68","MINIMAL-METTA-TESTS.23","","Tue Nov 26 20:34:15 GMT 2024","passed","Tue Nov 26 20:34:15 GMT 2024","","HYPERON-METTALOG-SANITY","HYPERON-METTALOG-SANITY",""
"","131","PY-TYPES.04","","Tue Nov 26 20:34:15 GMT 2024","passed","Tue Nov 26 20:34:15 GMT 2024","","HYPERON-METTALOG-SANITY","HYPERON-METTALOG-SANITY",""
"","25","SUBTRACTION-TEST.01","","Tue Nov 26 20:34:15 GMT 2024","passed","Tue Nov 26 20:34:15 GMT 2024","","HYPERON-METTALOG-SANITY","HYPERON-METTALOG-SANITY",""
"","2","SEQUENTIAL-NESTED.12","","Tue Nov 26 20:49:57 GMT 2024","passed","Tue Nov 26 20:49:57 GMT 2024","","METTA-MORPH-TESTS","METTA-MORPH-TESTS",""
"","78","INDEX-MIN-FUNCTIONS-EXTRA-1.10","","Tue Nov 26 20:34:15 GMT 2024","failed","Tue Nov 26 20:34:15 GMT 2024","","HYPERON-METTALOG-SANITY","HYPERON-METTALOG-SANITY",""
"","2","F1-MODULEA.02","","Tue Nov 26 20:29:44 GMT 2024","passed","Tue Nov 26 20:29:44 GMT 2024","","HYPERON-EXPERIMENTAL-SCRIPTS","HYPERON-EXPERIMENTAL-SCRIPTS",""
"","2","STRING-TESTS.17","","Tue Nov 26 20:34:15 GMT 2024","passed","Tue Nov 26 20:34:15 GMT 2024","","HYPERON-METTALOG-SANITY","HYPERON-METTALOG-SANITY",""
"","12","MINIMAL-METTA-TESTS.02","","Tue Nov 26 20:34:15 GMT 2024","failed","Tue Nov 26 20:34:15 GMT 2024","","HYPERON-METTALOG-SANITY","HYPERON-METTALOG-SANITY",""
"","69","D2-HIGHERFUNC.07","","Tue Nov 26 20:29:44 GMT 2024","failed","Tue Nov 26 20:29:44 GMT 2024","","HYPERON-EXPERIMENTAL-SCRIPTS","HYPERON-EXPERIMENTAL-SCRIPTS",""
"","2","A1-SYMBOLS.02","","Tue Nov 26 20:29:44 GMT 2024","passed","Tue Nov 26 20:29:44 GMT 2024","","HYPERON-EXPERIMENTAL-SCRIPTS","HYPERON-EXPERIMENTAL-SCRIPTS",""
"","77","MINIMAL-METTA-TESTS.21","","Tue Nov 26 20:34:15 GMT 2024","failed","Tue Nov 26 20:34:15 GMT 2024","","HYPERON-METTALOG-SANITY","HYPERON-METTALOG-SANITY",""
"","4","FIND-ALL-TESTS.01","","Tue Nov 26 20:34:15 GMT 2024","passed","Tue Nov 26 20:34:15 GMT 2024","","HYPERON-METTALOG-SANITY","HYPERON-METTALOG-SANITY",""
"","2","EVAL-FOR-TESTS.06","","Tue Nov 26 20:34:15 GMT 2024","passed","Tue Nov 26 20:34:15 GMT 2024","","HYPERON-METTALOG-SANITY","HYPERON-METTALOG-SANITY",""
"","9000","metta-morph_tests.identity","","Tue Nov 26 20:29:34 GMT 2024","passed","Tue Nov 26 20:29:43 GMT 2024","","WHOLE-TESTS","WHOLE-TESTS",""
"","4","C2-SPACES.01","","Tue Nov 26 20:29:44 GMT 2024","passed","Tue Nov 26 20:29:44 GMT 2024","","HYPERON-EXPERIMENTAL-SCRIPTS","HYPERON-EXPERIMENTAL-SCRIPTS",""
"","4","D4-TYPE-PROP.01","","Tue Nov 26 20:29:44 GMT 2024","passed","Tue Nov 26 20:29:44 GMT 2024","","HYPERON-EXPERIMENTAL-SCRIPTS","HYPERON-EXPERIMENTAL-SCRIPTS",""
"","297","TYPE-FILTERING-TESTS.04","","Tue Nov 26 20:34:15 GMT 2024","failed","Tue Nov 26 20:34:15 GMT 2024","","HYPERON-METTALOG-SANITY","HYPERON-METTALOG-SANITY",""
"","1","F1-IMPORTS.15","","Tue Nov 26 20:29:44 GMT 2024","passed","Tue Nov 26 20:29:44 GMT 2024","","HYPERON-EXPERIMENTAL-SCRIPTS","HYPERON-EXPERIMENTAL-SCRIPTS",""
"","4","MINNARS.01","","Tue Nov 26 20:49:57 GMT 2024","passed","Tue Nov 26 20:49:57 GMT 2024","","METTA-MORPH-TESTS","METTA-MORPH-TESTS",""
"","3","SUBTRACTION-TEST.08","","Tue Nov 26 20:34:15 GMT 2024","passed","Tue Nov 26 20:34:15 GMT 2024","","HYPERON-METTALOG-SANITY","HYPERON-METTALOG-SANITY",""
"","9000","hyperon-mettalog_sanity.type_filtering_tests","","Tue Nov 26 20:29:34 GMT 2024","passed","Tue Nov 26 20:29:43 GMT 2024","","WHOLE-TESTS","WHOLE-TESTS",""
"","139","WHAT-EVALS-OR-NOT.01","","Tue Nov 26 20:34:15 GMT 2024","failed","Tue Nov 26 20:34:15 GMT 2024","","HYPERON-METTALOG-SANITY","HYPERON-METTALOG-SANITY",""
"","1","XOR-TEST.08","","Tue Nov 26 20:34:15 GMT 2024","passed","Tue Nov 26 20:34:15 GMT 2024","","HYPERON-METTALOG-SANITY","HYPERON-METTALOG-SANITY",""
"","49","MINIMAL-METTA-TESTS.09","","Tue Nov 26 20:34:15 GMT 2024","passed","Tue Nov 26 20:34:15 GMT 2024","","HYPERON-METTALOG-SANITY","HYPERON-METTALOG-SANITY",""
"","9000","hyperon-mettalog_sanity.find_all_tests_mw","","Tue Nov 26 20:29:34 GMT 2024","passed","Tue Nov 26 20:29:43 GMT 2024","","WHOLE-TESTS","WHOLE-TESTS",""
"","2","SUBTRACTION-TEST.04","","Tue Nov 26 20:34:15 GMT 2024","passed","Tue Nov 26 20:34:15 GMT 2024","","HYPERON-METTALOG-SANITY","HYPERON-METTALOG-SANITY",""
"","2","D2-HIGHERFUNC.05","","Tue Nov 26 20:29:44 GMT 2024","passed","Tue Nov 26 20:29:44 GMT 2024","","HYPERON-EXPERIMENTAL-SCRIPTS","HYPERON-EXPERIMENTAL-SCRIPTS",""
"","1","F1-IMPORTS.10","","Tue Nov 26 20:29:03 GMT 2024","passed","Tue Nov 26 20:29:03 GMT 2024","","MODULE-SYSTEM","MODULE-SYSTEM",""
"","1","INDEX-MIN-FUNCTIONS-EXTRA-1.54","","Tue Nov 26 20:34:15 GMT 2024","passed","Tue Nov 26 20:34:15 GMT 2024","","HYPERON-METTALOG-SANITY","HYPERON-METTALOG-SANITY",""
"","2","SORTING-TESTS.17","","Tue Nov 26 20:34:15 GMT 2024","passed","Tue Nov 26 20:34:15 GMT 2024","","HYPERON-METTALOG-SANITY","HYPERON-METTALOG-SANITY",""
"","2","OR-TEST.05","","Tue Nov 26 20:34:15 GMT 2024","passed","Tue Nov 26 20:34:15 GMT 2024","","HYPERON-METTALOG-SANITY","HYPERON-METTALOG-SANITY",""
"","1","D4-TYPE-PROP.08","","Tue Nov 26 20:29:44 GMT 2024","passed","Tue Nov 26 20:29:44 GMT 2024","","HYPERON-EXPERIMENTAL-SCRIPTS","HYPERON-EXPERIMENTAL-SCRIPTS",""
"","3","F1-MODULEA.01","","Tue Nov 26 20:29:44 GMT 2024","passed","Tue Nov 26 20:29:44 GMT 2024","","HYPERON-EXPERIMENTAL-SCRIPTS","HYPERON-EXPERIMENTAL-SCRIPTS",""
"","2","CATCH-THROW-TESTS.06","","Tue Nov 26 20:34:15 GMT 2024","passed","Tue Nov 26 20:34:15 GMT 2024","","HYPERON-METTALOG-SANITY","HYPERON-METTALOG-SANITY",""
"","2","00-LANG-CASE.03","","Tue Nov 26 20:34:15 GMT 2024","passed","Tue Nov 26 20:34:15 GMT 2024","","HYPERON-METTALOG-SANITY","HYPERON-METTALOG-SANITY",""
"","1","HYPERPOSE-TESTS.02","","Tue Nov 26 20:34:15 GMT 2024","passed","Tue Nov 26 20:34:15 GMT 2024","","HYPERON-METTALOG-SANITY","HYPERON-METTALOG-SANITY",""
"","95","B4-NONDETERM.01","","Tue Nov 26 20:29:44 GMT 2024","passed","Tue Nov 26 20:29:44 GMT 2024","","HYPERON-EXPERIMENTAL-SCRIPTS","HYPERON-EXPERIMENTAL-SCRIPTS",""
"","1","AUTO-COERCE.12","","Tue Nov 26 20:34:15 GMT 2024","passed","Tue Nov 26 20:34:15 GMT 2024","","HYPERON-METTALOG-SANITY","HYPERON-METTALOG-SANITY",""
"","1","AUTO-COERCE.49","","Tue Nov 26 20:34:15 GMT 2024","passed","Tue Nov 26 20:34:15 GMT 2024","","HYPERON-METTALOG-SANITY","HYPERON-METTALOG-SANITY",""
"","2","D4-TYPE-PROP.12","","Tue Nov 26 20:29:44 GMT 2024","passed","Tue Nov 26 20:29:44 GMT 2024","","HYPERON-EXPERIMENTAL-SCRIPTS","HYPERON-EXPERIMENTAL-SCRIPTS",""
"","1","RUST-TESTS.03","","Tue Nov 26 20:34:15 GMT 2024","passed","Tue Nov 26 20:34:15 GMT 2024","","HYPERON-METTALOG-SANITY","HYPERON-METTALOG-SANITY",""
"","3","SEQUENTIAL-TESTS.01","","Tue Nov 26 20:34:15 GMT 2024","passed","Tue Nov 26 20:34:15 GMT 2024","","HYPERON-METTALOG-SANITY","HYPERON-METTALOG-SANITY",""
"","41000","hyperon-mettalog_sanity.00_lang_case","","Tue Nov 26 20:29:34 GMT 2024","failed","Tue Nov 26 20:30:15 GMT 2024","","WHOLE-TESTS","WHOLE-TESTS",""
"","2","XOR-TEST.02","","Tue Nov 26 20:34:15 GMT 2024","passed","Tue Nov 26 20:34:15 GMT 2024","","HYPERON-METTALOG-SANITY","HYPERON-METTALOG-SANITY",""
"","12","MATH-HYPHEN-FUNCTIONS.04","","Tue Nov 26 20:34:15 GMT 2024","failed","Tue Nov 26 20:34:15 GMT 2024","","HYPERON-METTALOG-SANITY","HYPERON-METTALOG-SANITY",""
"","1","METHOD-SELECTION-TESTS.03","","Tue Nov 26 20:34:15 GMT 2024","passed","Tue Nov 26 20:34:15 GMT 2024","","HYPERON-METTALOG-SANITY","HYPERON-METTALOG-SANITY",""
"","2","SORTING-TESTS.05","","Tue Nov 26 20:34:15 GMT 2024","passed","Tue Nov 26 20:34:15 GMT 2024","","HYPERON-METTALOG-SANITY","HYPERON-METTALOG-SANITY",""
"","2","HYPERPOSE.07","","Tue Nov 26 20:49:57 GMT 2024","passed","Tue Nov 26 20:49:57 GMT 2024","","METTA-MORPH-TESTS","METTA-MORPH-TESTS",""
"","20000","hyperon-experimental_scripts.f1_imports","","Tue Nov 26 20:29:34 GMT 2024","passed","Tue Nov 26 20:29:54 GMT 2024","","WHOLE-TESTS","WHOLE-TESTS",""
"","14","MINIMAL-METTA-TESTS.49","","Tue Nov 26 20:34:15 GMT 2024","failed","Tue Nov 26 20:34:15 GMT 2024","","HYPERON-METTALOG-SANITY","HYPERON-METTALOG-SANITY",""
"","1","D2-HIGHERFUNC.14","","Tue Nov 26 20:29:44 GMT 2024","passed","Tue Nov 26 20:29:44 GMT 2024","","HYPERON-EXPERIMENTAL-SCRIPTS","HYPERON-EXPERIMENTAL-SCRIPTS",""
"","3","B5-TYPES-PRELIM.22","","Tue Nov 26 20:29:44 GMT 2024","passed","Tue Nov 26 20:29:44 GMT 2024","","HYPERON-EXPERIMENTAL-SCRIPTS","HYPERON-EXPERIMENTAL-SCRIPTS",""
"","1","CALL-TESTS.12","","Tue Nov 26 20:34:15 GMT 2024","passed","Tue Nov 26 20:34:15 GMT 2024","","HYPERON-METTALOG-SANITY","HYPERON-METTALOG-SANITY",""
"","1","STRING-TESTS.03","","Tue Nov 26 20:34:15 GMT 2024","passed","Tue Nov 26 20:34:15 GMT 2024","","HYPERON-METTALOG-SANITY","HYPERON-METTALOG-SANITY",""
"","9000","hyperon-mettalog_sanity.rust_tests_mw","","Tue Nov 26 20:29:34 GMT 2024","passed","Tue Nov 26 20:29:43 GMT 2024","","WHOLE-TESTS","WHOLE-TESTS",""
"","10000","hyperon-mettalog_sanity.sealed_test","","Tue Nov 26 20:29:34 GMT 2024","passed","Tue Nov 26 20:29:44 GMT 2024","","WHOLE-TESTS","WHOLE-TESTS",""
"","2","F1-IMPORTS.14","","Tue Nov 26 20:29:44 GMT 2024","passed","Tue Nov 26 20:29:44 GMT 2024","","HYPERON-EXPERIMENTAL-SCRIPTS","HYPERON-EXPERIMENTAL-SCRIPTS",""
"","2","SUPERCOLLAPSE.04","","Tue Nov 26 20:49:57 GMT 2024","passed","Tue Nov 26 20:49:57 GMT 2024","","METTA-MORPH-TESTS","METTA-MORPH-TESTS",""
"","3751","PY-TYPES-2.01","","Tue Nov 26 20:34:15 GMT 2024","passed","Tue Nov 26 20:34:18 GMT 2024","","HYPERON-METTALOG-SANITY","HYPERON-METTALOG-SANITY",""
"","1","D4-TYPE-PROP.13","","Tue Nov 26 20:29:44 GMT 2024","passed","Tue Nov 26 20:29:44 GMT 2024","","HYPERON-EXPERIMENTAL-SCRIPTS","HYPERON-EXPERIMENTAL-SCRIPTS",""
"","2","F1-IMPORTS.07","","Tue Nov 26 20:29:03 GMT 2024","passed","Tue Nov 26 20:29:03 GMT 2024","","MODULE-SYSTEM","MODULE-SYSTEM",""
"","64","INDEX-MIN-FUNCTIONS-EXTRA-2.10","","Tue Nov 26 20:34:15 GMT 2024","failed","Tue Nov 26 20:34:15 GMT 2024","","HYPERON-METTALOG-SANITY","HYPERON-METTALOG-SANITY",""
"","2","B5-TYPES-PRELIM.13","","Tue Nov 26 20:29:44 GMT 2024","passed","Tue Nov 26 20:29:44 GMT 2024","","HYPERON-EXPERIMENTAL-SCRIPTS","HYPERON-EXPERIMENTAL-SCRIPTS",""
"","4","ADD-ATOM-MATCH.01","","Tue Nov 26 20:49:57 GMT 2024","passed","Tue Nov 26 20:49:57 GMT 2024","","METTA-MORPH-TESTS","METTA-MORPH-TESTS",""
"","2","C3-PLN-STV.04","","Tue Nov 26 20:29:44 GMT 2024","passed","Tue Nov 26 20:29:44 GMT 2024","","HYPERON-EXPERIMENTAL-SCRIPTS","HYPERON-EXPERIMENTAL-SCRIPTS",""
"","108","B4-NONDETERM.11","","Tue Nov 26 20:29:44 GMT 2024","passed","Tue Nov 26 20:29:44 GMT 2024","","HYPERON-EXPERIMENTAL-SCRIPTS","HYPERON-EXPERIMENTAL-SCRIPTS",""
"","9000","hyperon-mettalog_sanity.inherit_or_not_tests","","Tue Nov 26 20:29:34 GMT 2024","passed","Tue Nov 26 20:29:43 GMT 2024","","WHOLE-TESTS","WHOLE-TESTS",""
"","4","COLLAPSE.01","","Tue Nov 26 20:49:57 GMT 2024","passed","Tue Nov 26 20:49:57 GMT 2024","","METTA-MORPH-TESTS","METTA-MORPH-TESTS",""
"","9000","hyperon-mettalog_sanity.hyperpose_tests","","Tue Nov 26 20:29:34 GMT 2024","passed","Tue Nov 26 20:29:43 GMT 2024","","WHOLE-TESTS","WHOLE-TESTS",""
"","16","INDEX-MIN-FUNCTIONS-EXTRA-1.37","","Tue Nov 26 20:34:15 GMT 2024","failed","Tue Nov 26 20:34:15 GMT 2024","","HYPERON-METTALOG-SANITY","HYPERON-METTALOG-SANITY",""
"","66","EVAL-FOR-TESTS.15","","Tue Nov 26 20:34:15 GMT 2024","failed","Tue Nov 26 20:34:15 GMT 2024","","HYPERON-METTALOG-SANITY","HYPERON-METTALOG-SANITY",""
"","2","B5-TYPES-PRELIM.19","","Tue Nov 26 20:29:44 GMT 2024","passed","Tue Nov 26 20:29:44 GMT 2024","","HYPERON-EXPERIMENTAL-SCRIPTS","HYPERON-EXPERIMENTAL-SCRIPTS",""
"","2","A1-SYMBOLS.06","","Tue Nov 26 20:29:44 GMT 2024","passed","Tue Nov 26 20:29:44 GMT 2024","","HYPERON-EXPERIMENTAL-SCRIPTS","HYPERON-EXPERIMENTAL-SCRIPTS",""
"","124","CALL-CLEANUP-TESTS.04","","Tue Nov 26 20:34:15 GMT 2024","failed","Tue Nov 26 20:34:15 GMT 2024","","HYPERON-METTALOG-SANITY","HYPERON-METTALOG-SANITY",""
"","3","INTERSECTION-TESTS.05","","Tue Nov 26 20:34:15 GMT 2024","passed","Tue Nov 26 20:34:15 GMT 2024","","HYPERON-METTALOG-SANITY","HYPERON-METTALOG-SANITY",""
"","3","01-LANG-INC.02","","Tue Nov 26 20:34:15 GMT 2024","passed","Tue Nov 26 20:34:15 GMT 2024","","HYPERON-METTALOG-SANITY","HYPERON-METTALOG-SANITY",""
"","2","SEQUENTIAL-NESTED.03","","Tue Nov 26 20:49:57 GMT 2024","passed","Tue Nov 26 20:49:57 GMT 2024","","METTA-MORPH-TESTS","METTA-MORPH-TESTS",""
"","13","D2-HIGHERFUNC.22","","Tue Nov 26 20:29:44 GMT 2024","passed","Tue Nov 26 20:29:44 GMT 2024","","HYPERON-EXPERIMENTAL-SCRIPTS","HYPERON-EXPERIMENTAL-SCRIPTS",""
"","3","MATCH-SUPERPOSED-SPACES.01","","Tue Nov 26 20:49:57 GMT 2024","passed","Tue Nov 26 20:49:57 GMT 2024","","METTA-MORPH-TESTS","METTA-MORPH-TESTS",""
"","41000","hyperon-mettalog_sanity.index_min_functions_extra_2","","Tue Nov 26 20:29:34 GMT 2024","failed","Tue Nov 26 20:30:15 GMT 2024","","WHOLE-TESTS","WHOLE-TESTS",""
"","2","EVAL-FOR-TESTS.08","","Tue Nov 26 20:34:15 GMT 2024","passed","Tue Nov 26 20:34:15 GMT 2024","","HYPERON-METTALOG-SANITY","HYPERON-METTALOG-SANITY",""
"","2","STRING-TESTS.18","","Tue Nov 26 20:34:15 GMT 2024","passed","Tue Nov 26 20:34:15 GMT 2024","","HYPERON-METTALOG-SANITY","HYPERON-METTALOG-SANITY",""
"","2","SEQUENTIAL-NESTED.04","","Tue Nov 26 20:49:57 GMT 2024","passed","Tue Nov 26 20:49:57 GMT 2024","","METTA-MORPH-TESTS","METTA-MORPH-TESTS",""
"","9000","hyperon-experimental_scripts.f1_moduleA","","Tue Nov 26 20:29:34 GMT 2024","passed","Tue Nov 26 20:29:43 GMT 2024","","WHOLE-TESTS","WHOLE-TESTS",""
"","1","AUTO-COERCE.42","","Tue Nov 26 20:34:15 GMT 2024","passed","Tue Nov 26 20:34:15 GMT 2024","","HYPERON-METTALOG-SANITY","HYPERON-METTALOG-SANITY",""
"","4","HYPERPOSE.01","","Tue Nov 26 20:49:57 GMT 2024","passed","Tue Nov 26 20:49:57 GMT 2024","","METTA-MORPH-TESTS","METTA-MORPH-TESTS",""
"","3","D1-GADT.01","","Tue Nov 26 20:29:44 GMT 2024","passed","Tue Nov 26 20:29:44 GMT 2024","","HYPERON-EXPERIMENTAL-SCRIPTS","HYPERON-EXPERIMENTAL-SCRIPTS",""
"","2","ARITY-TESTS.05","","Tue Nov 26 20:34:15 GMT 2024","passed","Tue Nov 26 20:34:15 GMT 2024","","HYPERON-METTALOG-SANITY","HYPERON-METTALOG-SANITY",""
"","1","D1-GADT.02","","Tue Nov 26 20:29:44 GMT 2024","passed","Tue Nov 26 20:29:44 GMT 2024","","HYPERON-EXPERIMENTAL-SCRIPTS","HYPERON-EXPERIMENTAL-SCRIPTS",""
"","9000","hyperon-experimental_scripts.e1_kb_write","","Tue Nov 26 20:29:34 GMT 2024","passed","Tue Nov 26 20:29:43 GMT 2024","","WHOLE-TESTS","WHOLE-TESTS",""
"","2","D4-TYPE-PROP.04","","Tue Nov 26 20:29:44 GMT 2024","passed","Tue Nov 26 20:29:44 GMT 2024","","HYPERON-EXPERIMENTAL-SCRIPTS","HYPERON-EXPERIMENTAL-SCRIPTS",""
"","2","SORTING-TESTS.09","","Tue Nov 26 20:34:15 GMT 2024","passed","Tue Nov 26 20:34:15 GMT 2024","","HYPERON-METTALOG-SANITY","HYPERON-METTALOG-SANITY",""
"","2","CALL-TESTS.06","","Tue Nov 26 20:34:15 GMT 2024","passed","Tue Nov 26 20:34:15 GMT 2024","","HYPERON-METTALOG-SANITY","HYPERON-METTALOG-SANITY",""
"","30","INDEX-MIN-FUNCTIONS-EXTRA-2.11","","Tue Nov 26 20:34:15 GMT 2024","failed","Tue Nov 26 20:34:15 GMT 2024","","HYPERON-METTALOG-SANITY","HYPERON-METTALOG-SANITY",""
"","2","FUNCTIONAL-PROGRAMMING-TESTS.05","","Tue Nov 26 20:34:15 GMT 2024","passed","Tue Nov 26 20:34:15 GMT 2024","","HYPERON-METTALOG-SANITY","HYPERON-METTALOG-SANITY",""
"","2","D2-HIGHERFUNC.12","","Tue Nov 26 20:29:44 GMT 2024","passed","Tue Nov 26 20:29:44 GMT 2024","","HYPERON-EXPERIMENTAL-SCRIPTS","HYPERON-EXPERIMENTAL-SCRIPTS",""
"","33","B5-TYPES-PRELIM.15","","Tue Nov 26 20:29:44 GMT 2024","failed","Tue Nov 26 20:29:44 GMT 2024","","HYPERON-EXPERIMENTAL-SCRIPTS","HYPERON-EXPERIMENTAL-SCRIPTS",""
"","2","INTERSECTION-TESTS.07","","Tue Nov 26 20:34:15 GMT 2024","passed","Tue Nov 26 20:34:15 GMT 2024","","HYPERON-METTALOG-SANITY","HYPERON-METTALOG-SANITY",""
"","2","03-SORING-VIA-INSERT.04","","Tue Nov 26 20:34:15 GMT 2024","passed","Tue Nov 26 20:34:15 GMT 2024","","HYPERON-METTALOG-SANITY","HYPERON-METTALOG-SANITY",""
"","3","E1-KB-WRITE.01","","Tue Nov 26 20:29:44 GMT 2024","passed","Tue Nov 26 20:29:44 GMT 2024","","HYPERON-EXPERIMENTAL-SCRIPTS","HYPERON-EXPERIMENTAL-SCRIPTS",""
"","87","B5-TYPES-PRELIM.11","","Tue Nov 26 20:29:44 GMT 2024","failed","Tue Nov 26 20:29:44 GMT 2024","","HYPERON-EXPERIMENTAL-SCRIPTS","HYPERON-EXPERIMENTAL-SCRIPTS",""
"","145","B5-TYPES-PRELIM.08","","Tue Nov 26 20:29:44 GMT 2024","failed","Tue Nov 26 20:29:44 GMT 2024","","HYPERON-EXPERIMENTAL-SCRIPTS","HYPERON-EXPERIMENTAL-SCRIPTS",""
"","1","AUTO-COERCE.13","","Tue Nov 26 20:34:15 GMT 2024","passed","Tue Nov 26 20:34:15 GMT 2024","","HYPERON-METTALOG-SANITY","HYPERON-METTALOG-SANITY",""
"","4","D2-HIGHERFUNC.01","","Tue Nov 26 20:29:44 GMT 2024","passed","Tue Nov 26 20:29:44 GMT 2024","","HYPERON-EXPERIMENTAL-SCRIPTS","HYPERON-EXPERIMENTAL-SCRIPTS",""
"","1","UNIQUE-TEST.05","","Tue Nov 26 20:34:15 GMT 2024","passed","Tue Nov 26 20:34:15 GMT 2024","","HYPERON-METTALOG-SANITY","HYPERON-METTALOG-SANITY",""
"","3","AUTO-COERCE.43","","Tue Nov 26 20:34:15 GMT 2024","passed","Tue Nov 26 20:34:15 GMT 2024","","HYPERON-METTALOG-SANITY","HYPERON-METTALOG-SANITY",""
"","4","AND-OR.01","","Tue Nov 26 20:49:57 GMT 2024","passed","Tue Nov 26 20:49:57 GMT 2024","","METTA-MORPH-TESTS","METTA-MORPH-TESTS",""
"","2","06-MATCH-IN-SPACE.04","","Tue Nov 26 20:34:15 GMT 2024","passed","Tue Nov 26 20:34:15 GMT 2024","","HYPERON-METTALOG-SANITY","HYPERON-METTALOG-SANITY",""
"","53","AUTO-COERCE.24","","Tue Nov 26 20:34:15 GMT 2024","failed","Tue Nov 26 20:34:15 GMT 2024","","HYPERON-METTALOG-SANITY","HYPERON-METTALOG-SANITY",""
"","2","F1-IMPORTS.17","","Tue Nov 26 20:29:44 GMT 2024","passed","Tue Nov 26 20:29:44 GMT 2024","","HYPERON-EXPERIMENTAL-SCRIPTS","HYPERON-EXPERIMENTAL-SCRIPTS",""
"","10","MINIMAL-METTA-TESTS.13","","Tue Nov 26 20:34:15 GMT 2024","failed","Tue Nov 26 20:34:15 GMT 2024","","HYPERON-METTALOG-SANITY","HYPERON-METTALOG-SANITY",""
"","2","CALL-TESTS.03","","Tue Nov 26 20:34:15 GMT 2024","passed","Tue Nov 26 20:34:15 GMT 2024","","HYPERON-METTALOG-SANITY","HYPERON-METTALOG-SANITY",""
"","2","AUTO-COERCE.11","","Tue Nov 26 20:34:15 GMT 2024","passed","Tue Nov 26 20:34:15 GMT 2024","","HYPERON-METTALOG-SANITY","HYPERON-METTALOG-SANITY",""
"","3","B3-DIRECT.03","","Tue Nov 26 20:29:44 GMT 2024","passed","Tue Nov 26 20:29:44 GMT 2024","","HYPERON-EXPERIMENTAL-SCRIPTS","HYPERON-EXPERIMENTAL-SCRIPTS",""
"","5","UNIQUE-TEST.13","","Tue Nov 26 20:34:15 GMT 2024","passed","Tue Nov 26 20:34:15 GMT 2024","","HYPERON-METTALOG-SANITY","HYPERON-METTALOG-SANITY",""
"","1","B4-NONDETERM.02","","Tue Nov 26 20:29:44 GMT 2024","passed","Tue Nov 26 20:29:44 GMT 2024","","HYPERON-EXPERIMENTAL-SCRIPTS","HYPERON-EXPERIMENTAL-SCRIPTS",""
"","2","XOR-TEST.03","","Tue Nov 26 20:34:15 GMT 2024","passed","Tue Nov 26 20:34:15 GMT 2024","","HYPERON-METTALOG-SANITY","HYPERON-METTALOG-SANITY",""
"","1","D4-TYPE-PROP.10","","Tue Nov 26 20:29:44 GMT 2024","passed","Tue Nov 26 20:29:44 GMT 2024","","HYPERON-EXPERIMENTAL-SCRIPTS","HYPERON-EXPERIMENTAL-SCRIPTS",""
"","2","C2-SPACES.05","","Tue Nov 26 20:29:44 GMT 2024","passed","Tue Nov 26 20:29:44 GMT 2024","","HYPERON-EXPERIMENTAL-SCRIPTS","HYPERON-EXPERIMENTAL-SCRIPTS",""
"","2","FIND-ALL-TESTS.06","","Tue Nov 26 20:34:15 GMT 2024","passed","Tue Nov 26 20:34:15 GMT 2024","","HYPERON-METTALOG-SANITY","HYPERON-METTALOG-SANITY",""
"","61","G1-DOCS.03","","Tue Nov 26 20:29:44 GMT 2024","failed","Tue Nov 26 20:29:44 GMT 2024","","HYPERON-EXPERIMENTAL-SCRIPTS","HYPERON-EXPERIMENTAL-SCRIPTS",""
"","9000","metta-morph_tests.add_atom_match","","Tue Nov 26 20:29:34 GMT 2024","passed","Tue Nov 26 20:29:43 GMT 2024","","WHOLE-TESTS","WHOLE-TESTS",""
"","2","COMPILE-TESTS.02","","Tue Nov 26 20:34:15 GMT 2024","passed","Tue Nov 26 20:34:15 GMT 2024","","HYPERON-METTALOG-SANITY","HYPERON-METTALOG-SANITY",""
"","4","COMPILE-TESTS.01","","Tue Nov 26 20:34:15 GMT 2024","passed","Tue Nov 26 20:34:15 GMT 2024","","HYPERON-METTALOG-SANITY","HYPERON-METTALOG-SANITY",""
"","16","MATH-HYPHEN-FUNCTIONS.02","","Tue Nov 26 20:34:15 GMT 2024","failed","Tue Nov 26 20:34:15 GMT 2024","","HYPERON-METTALOG-SANITY","HYPERON-METTALOG-SANITY",""
"","29","STRUCTURE-TESTS.01","","Tue Nov 26 20:34:15 GMT 2024","passed","Tue Nov 26 20:34:15 GMT 2024","","HYPERON-METTALOG-SANITY","HYPERON-METTALOG-SANITY",""
"","4","B0-CHAINING-PRELIM.01","","Tue Nov 26 20:29:44 GMT 2024","passed","Tue Nov 26 20:29:44 GMT 2024","","HYPERON-EXPERIMENTAL-SCRIPTS","HYPERON-EXPERIMENTAL-SCRIPTS",""
"","3","CALL-CLEANUP-TESTS.09","","Tue Nov 26 20:34:15 GMT 2024","passed","Tue Nov 26 20:34:15 GMT 2024","","HYPERON-METTALOG-SANITY","HYPERON-METTALOG-SANITY",""
"","3","AUTO-COERCE.48","","Tue Nov 26 20:34:15 GMT 2024","passed","Tue Nov 26 20:34:15 GMT 2024","","HYPERON-METTALOG-SANITY","HYPERON-METTALOG-SANITY",""
"","2","SUPERPOSE-NESTED.03","","Tue Nov 26 20:49:57 GMT 2024","passed","Tue Nov 26 20:49:57 GMT 2024","","METTA-MORPH-TESTS","METTA-MORPH-TESTS",""
"","1","CALL-TESTS.07","","Tue Nov 26 20:34:15 GMT 2024","passed","Tue Nov 26 20:34:15 GMT 2024","","HYPERON-METTALOG-SANITY","HYPERON-METTALOG-SANITY",""
"","16","D3-DEPTYPES.04","","Tue Nov 26 20:29:44 GMT 2024","passed","Tue Nov 26 20:29:44 GMT 2024","","HYPERON-EXPERIMENTAL-SCRIPTS","HYPERON-EXPERIMENTAL-SCRIPTS",""
"","1","F1-IMPORTS.15","","Tue Nov 26 20:29:03 GMT 2024","passed","Tue Nov 26 20:29:03 GMT 2024","","MODULE-SYSTEM","MODULE-SYSTEM",""
"","2","SORTING-TESTS-NATS.27","","Tue Nov 26 20:34:15 GMT 2024","passed","Tue Nov 26 20:34:15 GMT 2024","","HYPERON-METTALOG-SANITY","HYPERON-METTALOG-SANITY",""
"","13","MINIMAL-METTA-TESTS.05","","Tue Nov 26 20:34:15 GMT 2024","failed","Tue Nov 26 20:34:15 GMT 2024","","HYPERON-METTALOG-SANITY","HYPERON-METTALOG-SANITY",""
"","2","D1-GADT.12","","Tue Nov 26 20:29:44 GMT 2024","passed","Tue Nov 26 20:29:44 GMT 2024","","HYPERON-EXPERIMENTAL-SCRIPTS","HYPERON-EXPERIMENTAL-SCRIPTS",""
"","4","INDEX-MIN-FUNCTIONS-EXTRA-1.49","","Tue Nov 26 20:34:15 GMT 2024","passed","Tue Nov 26 20:34:15 GMT 2024","","HYPERON-METTALOG-SANITY","HYPERON-METTALOG-SANITY",""
"","93","EVAL-FOR-TESTS.13","","Tue Nov 26 20:34:15 GMT 2024","failed","Tue Nov 26 20:34:15 GMT 2024","","HYPERON-METTALOG-SANITY","HYPERON-METTALOG-SANITY",""
"","2","E1-KB-WRITE.02","","Tue Nov 26 20:29:44 GMT 2024","passed","Tue Nov 26 20:29:44 GMT 2024","","HYPERON-EXPERIMENTAL-SCRIPTS","HYPERON-EXPERIMENTAL-SCRIPTS",""
"","2","SUPERCOLLAPSE.03","","Tue Nov 26 20:49:57 GMT 2024","passed","Tue Nov 26 20:49:57 GMT 2024","","METTA-MORPH-TESTS","METTA-MORPH-TESTS",""
"","2","FIND-ALL-TESTS.05","","Tue Nov 26 20:34:15 GMT 2024","passed","Tue Nov 26 20:34:15 GMT 2024","","HYPERON-METTALOG-SANITY","HYPERON-METTALOG-SANITY",""
"","2","E2-STATES.12","","Tue Nov 26 20:29:44 GMT 2024","passed","Tue Nov 26 20:29:44 GMT 2024","","HYPERON-EXPERIMENTAL-SCRIPTS","HYPERON-EXPERIMENTAL-SCRIPTS",""
"","2","D2-HIGHERFUNC.18","","Tue Nov 26 20:29:44 GMT 2024","passed","Tue Nov 26 20:29:44 GMT 2024","","HYPERON-EXPERIMENTAL-SCRIPTS","HYPERON-EXPERIMENTAL-SCRIPTS",""
"","104","MINIMAL-METTA-TESTS.42","","Tue Nov 26 20:34:15 GMT 2024","failed","Tue Nov 26 20:34:15 GMT 2024","","HYPERON-METTALOG-SANITY","HYPERON-METTALOG-SANITY",""
"","145","TESTS0.01","","Tue Nov 26 20:49:57 GMT 2024","passed","Tue Nov 26 20:49:57 GMT 2024","","METTA-MORPH-TESTS","METTA-MORPH-TESTS",""
"","110","INHERIT-OR-NOT-TESTS.05","","Tue Nov 26 20:34:15 GMT 2024","failed","Tue Nov 26 20:34:15 GMT 2024","","HYPERON-METTALOG-SANITY","HYPERON-METTALOG-SANITY",""
"","47","INDEX-MIN-FUNCTIONS-EXTRA-1.45","","Tue Nov 26 20:34:15 GMT 2024","failed","Tue Nov 26 20:34:15 GMT 2024","","HYPERON-METTALOG-SANITY","HYPERON-METTALOG-SANITY",""
"","2","SUPERCOLLAPSE.08","","Tue Nov 26 20:49:57 GMT 2024","passed","Tue Nov 26 20:49:57 GMT 2024","","METTA-MORPH-TESTS","METTA-MORPH-TESTS",""
"","2","FUNCTIONAL-PROGRAMMING-TESTS.03","","Tue Nov 26 20:34:15 GMT 2024","passed","Tue Nov 26 20:34:15 GMT 2024","","HYPERON-METTALOG-SANITY","HYPERON-METTALOG-SANITY",""
"","2","03-SORING-VIA-INSERT.06","","Tue Nov 26 20:34:15 GMT 2024","passed","Tue Nov 26 20:34:15 GMT 2024","","HYPERON-METTALOG-SANITY","HYPERON-METTALOG-SANITY",""
"","2","MINIMAL-METTA-TESTS.39","","Tue Nov 26 20:34:15 GMT 2024","passed","Tue Nov 26 20:34:15 GMT 2024","","HYPERON-METTALOG-SANITY","HYPERON-METTALOG-SANITY",""
"","92","INDEX-MIN-FUNCTIONS-EXTRA-1.56","","Tue Nov 26 20:34:15 GMT 2024","failed","Tue Nov 26 20:34:15 GMT 2024","","HYPERON-METTALOG-SANITY","HYPERON-METTALOG-SANITY",""
"","91","MINIMAL-METTA-TESTS.18","","Tue Nov 26 20:34:15 GMT 2024","failed","Tue Nov 26 20:34:15 GMT 2024","","HYPERON-METTALOG-SANITY","HYPERON-METTALOG-SANITY",""
"","72","INDEX-MIN-FUNCTIONS-EXTRA-2.24","","Tue Nov 26 20:34:15 GMT 2024","failed","Tue Nov 26 20:34:15 GMT 2024","","HYPERON-METTALOG-SANITY","HYPERON-METTALOG-SANITY",""
"","4","STRING-TESTS.01","","Tue Nov 26 20:34:15 GMT 2024","passed","Tue Nov 26 20:34:15 GMT 2024","","HYPERON-METTALOG-SANITY","HYPERON-METTALOG-SANITY",""
"","9","OUTPUT-LOAD-TESTS.17","","Tue Nov 26 20:34:15 GMT 2024","failed","Tue Nov 26 20:34:15 GMT 2024","","HYPERON-METTALOG-SANITY","HYPERON-METTALOG-SANITY",""
"","87","E2-STATES.07","","Tue Nov 26 20:29:44 GMT 2024","failed","Tue Nov 26 20:29:44 GMT 2024","","HYPERON-EXPERIMENTAL-SCRIPTS","HYPERON-EXPERIMENTAL-SCRIPTS",""
"","10000","hyperon-mettalog_sanity.call_tests_mw","","Tue Nov 26 20:29:34 GMT 2024","passed","Tue Nov 26 20:29:44 GMT 2024","","WHOLE-TESTS","WHOLE-TESTS",""
"","92","INDEX-MIN-FUNCTIONS-EXTRA-1.57","","Tue Nov 26 20:34:15 GMT 2024","failed","Tue Nov 26 20:34:15 GMT 2024","","HYPERON-METTALOG-SANITY","HYPERON-METTALOG-SANITY",""
"","1","INDEX-MIN-FUNCTIONS-EXTRA-1.38","","Tue Nov 26 20:34:15 GMT 2024","passed","Tue Nov 26 20:34:15 GMT 2024","","HYPERON-METTALOG-SANITY","HYPERON-METTALOG-SANITY",""
"","1","RUST-TESTS.06","","Tue Nov 26 20:34:15 GMT 2024","passed","Tue Nov 26 20:34:15 GMT 2024","","HYPERON-METTALOG-SANITY","HYPERON-METTALOG-SANITY",""
"","2","SORTING-TESTS-NATS.18","","Tue Nov 26 20:34:15 GMT 2024","passed","Tue Nov 26 20:34:15 GMT 2024","","HYPERON-METTALOG-SANITY","HYPERON-METTALOG-SANITY",""
"","2","AUTO-COERCE.35","","Tue Nov 26 20:34:15 GMT 2024","passed","Tue Nov 26 20:34:15 GMT 2024","","HYPERON-METTALOG-SANITY","HYPERON-METTALOG-SANITY",""
"","3","UNIQUE-TEST.08","","Tue Nov 26 20:34:15 GMT 2024","passed","Tue Nov 26 20:34:15 GMT 2024","","HYPERON-METTALOG-SANITY","HYPERON-METTALOG-SANITY",""
"","2","D4-TYPE-PROP.06","","Tue Nov 26 20:29:44 GMT 2024","passed","Tue Nov 26 20:29:44 GMT 2024","","HYPERON-EXPERIMENTAL-SCRIPTS","HYPERON-EXPERIMENTAL-SCRIPTS",""
"","2","CALL-TESTS.13","","Tue Nov 26 20:34:15 GMT 2024","passed","Tue Nov 26 20:34:15 GMT 2024","","HYPERON-METTALOG-SANITY","HYPERON-METTALOG-SANITY",""
"","50","D5-AUTO-TYPES.03","","Tue Nov 26 20:29:44 GMT 2024","failed","Tue Nov 26 20:29:44 GMT 2024","","HYPERON-EXPERIMENTAL-SCRIPTS","HYPERON-EXPERIMENTAL-SCRIPTS",""
"","2","EVAL-FOR-TESTS.03","","Tue Nov 26 20:34:15 GMT 2024","passed","Tue Nov 26 20:34:15 GMT 2024","","HYPERON-METTALOG-SANITY","HYPERON-METTALOG-SANITY",""
"","519","TYPE-FILTERING-TESTS.02","","Tue Nov 26 20:34:15 GMT 2024","failed","Tue Nov 26 20:34:15 GMT 2024","","HYPERON-METTALOG-SANITY","HYPERON-METTALOG-SANITY",""
"","2","SEQUENTIAL-NESTED.08","","Tue Nov 26 20:49:57 GMT 2024","passed","Tue Nov 26 20:49:57 GMT 2024","","METTA-MORPH-TESTS","METTA-MORPH-TESTS",""
"","63","MINIMAL-METTA-TESTS.12","","Tue Nov 26 20:34:15 GMT 2024","passed","Tue Nov 26 20:34:15 GMT 2024","","HYPERON-METTALOG-SANITY","HYPERON-METTALOG-SANITY",""
"","9000","hyperon-experimental_scripts.d3_deptypes","","Tue Nov 26 20:29:34 GMT 2024","passed","Tue Nov 26 20:29:43 GMT 2024","","WHOLE-TESTS","WHOLE-TESTS",""
"","2","XOR-TEST.04","","Tue Nov 26 20:34:15 GMT 2024","passed","Tue Nov 26 20:34:15 GMT 2024","","HYPERON-METTALOG-SANITY","HYPERON-METTALOG-SANITY",""
"","4","SEALED-TEST.05","","Tue Nov 26 20:34:15 GMT 2024","passed","Tue Nov 26 20:34:15 GMT 2024","","HYPERON-METTALOG-SANITY","HYPERON-METTALOG-SANITY",""
"","2","F1-IMPORTS.09","","Tue Nov 26 20:29:44 GMT 2024","passed","Tue Nov 26 20:29:44 GMT 2024","","HYPERON-EXPERIMENTAL-SCRIPTS","HYPERON-EXPERIMENTAL-SCRIPTS",""
"","3","B1-EQUAL-CHAIN.01","","Tue Nov 26 20:29:44 GMT 2024","passed","Tue Nov 26 20:29:44 GMT 2024","","HYPERON-EXPERIMENTAL-SCRIPTS","HYPERON-EXPERIMENTAL-SCRIPTS",""
"","2","B0-CHAINING-PRELIM.04","","Tue Nov 26 20:29:44 GMT 2024","passed","Tue Nov 26 20:29:44 GMT 2024","","HYPERON-EXPERIMENTAL-SCRIPTS","HYPERON-EXPERIMENTAL-SCRIPTS",""
"","2","INTERSECTION-TESTS.14","","Tue Nov 26 20:34:15 GMT 2024","passed","Tue Nov 26 20:34:15 GMT 2024","","HYPERON-METTALOG-SANITY","HYPERON-METTALOG-SANITY",""
"","1","INDEX-MIN-FUNCTIONS-EXTRA-2.02","","Tue Nov 26 20:34:15 GMT 2024","passed","Tue Nov 26 20:34:15 GMT 2024","","HYPERON-METTALOG-SANITY","HYPERON-METTALOG-SANITY",""
"","1","AUTO-COERCE.17","","Tue Nov 26 20:34:15 GMT 2024","passed","Tue Nov 26 20:34:15 GMT 2024","","HYPERON-METTALOG-SANITY","HYPERON-METTALOG-SANITY",""
"","9000","metta-morph_tests.tests0","","Tue Nov 26 20:29:34 GMT 2024","passed","Tue Nov 26 20:29:43 GMT 2024","","WHOLE-TESTS","WHOLE-TESTS",""
"","3","MINIMAL-METTA-TESTS.04","","Tue Nov 26 20:34:15 GMT 2024","passed","Tue Nov 26 20:34:15 GMT 2024","","HYPERON-METTALOG-SANITY","HYPERON-METTALOG-SANITY",""
"","4","INDEX-MIN-FUNCTIONS-EXTRA-1.20","","Tue Nov 26 20:34:15 GMT 2024","passed","Tue Nov 26 20:34:15 GMT 2024","","HYPERON-METTALOG-SANITY","HYPERON-METTALOG-SANITY",""
"","45","INDEX-MIN-FUNCTIONS-EXTRA-2.22","","Tue Nov 26 20:34:15 GMT 2024","failed","Tue Nov 26 20:34:15 GMT 2024","","HYPERON-METTALOG-SANITY","HYPERON-METTALOG-SANITY",""
"","5","OR-TEST.07","","Tue Nov 26 20:34:15 GMT 2024","passed","Tue Nov 26 20:34:15 GMT 2024","","HYPERON-METTALOG-SANITY","HYPERON-METTALOG-SANITY",""
"","1","B5-TYPES-PRELIM.16","","Tue Nov 26 20:29:44 GMT 2024","passed","Tue Nov 26 20:29:44 GMT 2024","","HYPERON-EXPERIMENTAL-SCRIPTS","HYPERON-EXPERIMENTAL-SCRIPTS",""
"","10000","hyperon-mettalog_sanity.sorting_tests_nats_mw","","Tue Nov 26 20:29:34 GMT 2024","passed","Tue Nov 26 20:29:44 GMT 2024","","WHOLE-TESTS","WHOLE-TESTS",""
"","1","CALL-TESTS.08","","Tue Nov 26 20:34:15 GMT 2024","passed","Tue Nov 26 20:34:15 GMT 2024","","HYPERON-METTALOG-SANITY","HYPERON-METTALOG-SANITY",""
"","79","INDEX-MIN-FUNCTIONS-EXTRA-2.15","","Tue Nov 26 20:34:15 GMT 2024","failed","Tue Nov 26 20:34:15 GMT 2024","","HYPERON-METTALOG-SANITY","HYPERON-METTALOG-SANITY",""
"","10000","hyperon-mettalog_sanity.minimal_metta_tests","","Tue Nov 26 20:29:34 GMT 2024","passed","Tue Nov 26 20:29:44 GMT 2024","","WHOLE-TESTS","WHOLE-TESTS",""
"","325","TIME-SYNTHESIZE-SHORT.02","","Tue Nov 26 20:47:21 GMT 2024","failed","Tue Nov 26 20:47:21 GMT 2024","","SYNTH-BUFFER","SYNTH-BUFFER",""
"","4","F1-MODULEA.01","","Tue Nov 26 20:29:03 GMT 2024","passed","Tue Nov 26 20:29:03 GMT 2024","","MODULE-SYSTEM","MODULE-SYSTEM",""
"","9000","metta-morph_tests.types3","","Tue Nov 26 20:29:34 GMT 2024","passed","Tue Nov 26 20:29:43 GMT 2024","","WHOLE-TESTS","WHOLE-TESTS",""
"","2","INDEX-MIN-FUNCTIONS-EXTRA-1.40","","Tue Nov 26 20:34:15 GMT 2024","passed","Tue Nov 26 20:34:15 GMT 2024","","HYPERON-METTALOG-SANITY","HYPERON-METTALOG-SANITY",""
"","2","03-SORING-VIA-INSERT.05","","Tue Nov 26 20:34:15 GMT 2024","passed","Tue Nov 26 20:34:15 GMT 2024","","HYPERON-METTALOG-SANITY","HYPERON-METTALOG-SANITY",""
"","2","CALL-CLEANUP-TESTS.07","","Tue Nov 26 20:34:15 GMT 2024","passed","Tue Nov 26 20:34:15 GMT 2024","","HYPERON-METTALOG-SANITY","HYPERON-METTALOG-SANITY",""
"","3","INHERIT-OR-NOT-TESTS.03","","Tue Nov 26 20:34:15 GMT 2024","passed","Tue Nov 26 20:34:15 GMT 2024","","HYPERON-METTALOG-SANITY","HYPERON-METTALOG-SANITY",""
"","5","SEALED-TEST.08","","Tue Nov 26 20:34:15 GMT 2024","passed","Tue Nov 26 20:34:15 GMT 2024","","HYPERON-METTALOG-SANITY","HYPERON-METTALOG-SANITY",""
"","2","B1-EQUAL-CHAIN.05","","Tue Nov 26 20:29:44 GMT 2024","passed","Tue Nov 26 20:29:44 GMT 2024","","HYPERON-EXPERIMENTAL-SCRIPTS","HYPERON-EXPERIMENTAL-SCRIPTS",""
"","2","MINIMAL-METTA-TESTS.34","","Tue Nov 26 20:34:15 GMT 2024","passed","Tue Nov 26 20:34:15 GMT 2024","","HYPERON-METTALOG-SANITY","HYPERON-METTALOG-SANITY",""
"","130","MINIMAL-METTA-TESTS.31","","Tue Nov 26 20:34:15 GMT 2024","failed","Tue Nov 26 20:34:15 GMT 2024","","HYPERON-METTALOG-SANITY","HYPERON-METTALOG-SANITY",""
"","89","WHAT-EVALS-OR-NOT.08","","Tue Nov 26 20:34:15 GMT 2024","failed","Tue Nov 26 20:34:15 GMT 2024","","HYPERON-METTALOG-SANITY","HYPERON-METTALOG-SANITY",""
"","3","RULE-MACROS.01","","Tue Nov 26 20:34:15 GMT 2024","passed","Tue Nov 26 20:34:15 GMT 2024","","HYPERON-METTALOG-SANITY","HYPERON-METTALOG-SANITY",""
"","9000","hyperon-mettalog_sanity.auto_coerce_mw","","Tue Nov 26 20:29:34 GMT 2024","passed","Tue Nov 26 20:29:43 GMT 2024","","WHOLE-TESTS","WHOLE-TESTS",""
"","2","A1-SYMBOLS.05","","Tue Nov 26 20:29:44 GMT 2024","passed","Tue Nov 26 20:29:44 GMT 2024","","HYPERON-EXPERIMENTAL-SCRIPTS","HYPERON-EXPERIMENTAL-SCRIPTS",""
"","4","IDENTITY.01","","Tue Nov 26 20:49:57 GMT 2024","passed","Tue Nov 26 20:49:57 GMT 2024","","METTA-MORPH-TESTS","METTA-MORPH-TESTS",""
"","94","INDEX-MIN-FUNCTIONS-EXTRA-2.14","","Tue Nov 26 20:34:15 GMT 2024","failed","Tue Nov 26 20:34:15 GMT 2024","","HYPERON-METTALOG-SANITY","HYPERON-METTALOG-SANITY",""
"","3","OUTPUT-LOAD-TESTS.07","","Tue Nov 26 20:34:15 GMT 2024","passed","Tue Nov 26 20:34:15 GMT 2024","","HYPERON-METTALOG-SANITY","HYPERON-METTALOG-SANITY",""
"","8","ARITY-TESTS.04","","Tue Nov 26 20:34:15 GMT 2024","failed","Tue Nov 26 20:34:15 GMT 2024","","HYPERON-METTALOG-SANITY","HYPERON-METTALOG-SANITY",""
"","4","E3-MATCH-STATES.01","","Tue Nov 26 20:29:44 GMT 2024","passed","Tue Nov 26 20:29:44 GMT 2024","","HYPERON-EXPERIMENTAL-SCRIPTS","HYPERON-EXPERIMENTAL-SCRIPTS",""
"","2","B4-NONDETERM.09","","Tue Nov 26 20:29:44 GMT 2024","passed","Tue Nov 26 20:29:44 GMT 2024","","HYPERON-EXPERIMENTAL-SCRIPTS","HYPERON-EXPERIMENTAL-SCRIPTS",""
"","1","HYPERPOSE-TESTS.03","","Tue Nov 26 20:34:15 GMT 2024","passed","Tue Nov 26 20:34:15 GMT 2024","","HYPERON-METTALOG-SANITY","HYPERON-METTALOG-SANITY",""
"","100","EVAL-FOR-TESTS.01","","Tue Nov 26 20:34:15 GMT 2024","failed","Tue Nov 26 20:34:15 GMT 2024","","HYPERON-METTALOG-SANITY","HYPERON-METTALOG-SANITY",""
"","51","D5-AUTO-TYPES.02","","Tue Nov 26 20:29:44 GMT 2024","failed","Tue Nov 26 20:29:44 GMT 2024","","HYPERON-EXPERIMENTAL-SCRIPTS","HYPERON-EXPERIMENTAL-SCRIPTS",""
"","2","SEQUENTIAL-NESTED.02","","Tue Nov 26 20:49:57 GMT 2024","passed","Tue Nov 26 20:49:57 GMT 2024","","METTA-MORPH-TESTS","METTA-MORPH-TESTS",""
"","2","FUNCTIONAL-PROGRAMMING-TESTS.07","","Tue Nov 26 20:34:15 GMT 2024","passed","Tue Nov 26 20:34:15 GMT 2024","","HYPERON-METTALOG-SANITY","HYPERON-METTALOG-SANITY",""
"","45","INDEX-MIN-FUNCTIONS-EXTRA-2.19","","Tue Nov 26 20:34:15 GMT 2024","failed","Tue Nov 26 20:34:15 GMT 2024","","HYPERON-METTALOG-SANITY","HYPERON-METTALOG-SANITY",""
"","2","CALL-CLEANUP-TESTS.02","","Tue Nov 26 20:34:15 GMT 2024","passed","Tue Nov 26 20:34:15 GMT 2024","","HYPERON-METTALOG-SANITY","HYPERON-METTALOG-SANITY",""
"","2","OUTPUT-LOAD-TESTS.02","","Tue Nov 26 20:34:15 GMT 2024","passed","Tue Nov 26 20:34:15 GMT 2024","","HYPERON-METTALOG-SANITY","HYPERON-METTALOG-SANITY",""
"","2","AUTO-COERCE.36","","Tue Nov 26 20:34:15 GMT 2024","passed","Tue Nov 26 20:34:15 GMT 2024","","HYPERON-METTALOG-SANITY","HYPERON-METTALOG-SANITY",""
"","3","SORTING-TESTS.15","","Tue Nov 26 20:34:15 GMT 2024","passed","Tue Nov 26 20:34:15 GMT 2024","","HYPERON-METTALOG-SANITY","HYPERON-METTALOG-SANITY",""
"","2","BASE-TEST-REPR-PARSE-INTERSECTION.04","","Tue Nov 26 20:34:15 GMT 2024","passed","Tue Nov 26 20:34:15 GMT 2024","","HYPERON-METTALOG-SANITY","HYPERON-METTALOG-SANITY",""
"","17","D4-TYPE-PROP.03","","Tue Nov 26 20:29:44 GMT 2024","passed","Tue Nov 26 20:29:44 GMT 2024","","HYPERON-EXPERIMENTAL-SCRIPTS","HYPERON-EXPERIMENTAL-SCRIPTS",""
"","1","00-LANG-CASE.05","","Tue Nov 26 20:34:15 GMT 2024","passed","Tue Nov 26 20:34:15 GMT 2024","","HYPERON-METTALOG-SANITY","HYPERON-METTALOG-SANITY",""
"","119","EVAL-FOR-TESTS.04","","Tue Nov 26 20:34:15 GMT 2024","failed","Tue Nov 26 20:34:15 GMT 2024","","HYPERON-METTALOG-SANITY","HYPERON-METTALOG-SANITY",""
"","46000","synth_buffer.time_synthesize_long","","Tue Nov 26 20:29:34 GMT 2024","failed","Tue Nov 26 20:30:20 GMT 2024","","WHOLE-TESTS","WHOLE-TESTS",""
"","1","STRING-TESTS.09","","Tue Nov 26 20:34:15 GMT 2024","passed","Tue Nov 26 20:34:15 GMT 2024","","HYPERON-METTALOG-SANITY","HYPERON-METTALOG-SANITY",""
"","2","A3-TWOSIDE.02","","Tue Nov 26 20:29:44 GMT 2024","passed","Tue Nov 26 20:29:44 GMT 2024","","HYPERON-EXPERIMENTAL-SCRIPTS","HYPERON-EXPERIMENTAL-SCRIPTS",""
"","2","C3-PLN-STV.05","","Tue Nov 26 20:29:44 GMT 2024","passed","Tue Nov 26 20:29:44 GMT 2024","","HYPERON-EXPERIMENTAL-SCRIPTS","HYPERON-EXPERIMENTAL-SCRIPTS",""
"","1","D1-GADT.07","","Tue Nov 26 20:29:44 GMT 2024","passed","Tue Nov 26 20:29:44 GMT 2024","","HYPERON-EXPERIMENTAL-SCRIPTS","HYPERON-EXPERIMENTAL-SCRIPTS",""
"","1","HYPERPOSE.04","","Tue Nov 26 20:49:57 GMT 2024","passed","Tue Nov 26 20:49:57 GMT 2024","","METTA-MORPH-TESTS","METTA-MORPH-TESTS",""
"","3","D2-HIGHERFUNC.16","","Tue Nov 26 20:29:44 GMT 2024","passed","Tue Nov 26 20:29:44 GMT 2024","","HYPERON-EXPERIMENTAL-SCRIPTS","HYPERON-EXPERIMENTAL-SCRIPTS",""
"","1","AUTO-COERCE.18","","Tue Nov 26 20:34:15 GMT 2024","passed","Tue Nov 26 20:34:15 GMT 2024","","HYPERON-METTALOG-SANITY","HYPERON-METTALOG-SANITY",""
"","17","MINIMAL-METTA-TESTS.10","","Tue Nov 26 20:34:15 GMT 2024","failed","Tue Nov 26 20:34:15 GMT 2024","","HYPERON-METTALOG-SANITY","HYPERON-METTALOG-SANITY",""
"","41000","metta-morph_tests.match_void","","Tue Nov 26 20:29:34 GMT 2024","failed","Tue Nov 26 20:30:15 GMT 2024","","WHOLE-TESTS","WHOLE-TESTS",""
"","1","AUTO-COERCE.14","","Tue Nov 26 20:34:15 GMT 2024","passed","Tue Nov 26 20:34:15 GMT 2024","","HYPERON-METTALOG-SANITY","HYPERON-METTALOG-SANITY",""
"","79","INDEX-MIN-FUNCTIONS-EXTRA-1.48","","Tue Nov 26 20:34:15 GMT 2024","failed","Tue Nov 26 20:34:15 GMT 2024","","HYPERON-METTALOG-SANITY","HYPERON-METTALOG-SANITY",""
"","4","A2-OPENCOGGY.01","","Tue Nov 26 20:29:44 GMT 2024","passed","Tue Nov 26 20:29:44 GMT 2024","","HYPERON-EXPERIMENTAL-SCRIPTS","HYPERON-EXPERIMENTAL-SCRIPTS",""
"","9000","hyperon-experimental_scripts.b0_chaining_prelim","","Tue Nov 26 20:29:34 GMT 2024","passed","Tue Nov 26 20:29:43 GMT 2024","","WHOLE-TESTS","WHOLE-TESTS",""
"","3","A1-SYMBOLS.04","","Tue Nov 26 20:29:44 GMT 2024","passed","Tue Nov 26 20:29:44 GMT 2024","","HYPERON-EXPERIMENTAL-SCRIPTS","HYPERON-EXPERIMENTAL-SCRIPTS",""
"","4","01-LANG-INC.01","","Tue Nov 26 20:34:15 GMT 2024","passed","Tue Nov 26 20:34:15 GMT 2024","","HYPERON-METTALOG-SANITY","HYPERON-METTALOG-SANITY",""
"","41","MATH-HYPHEN-FUNCTIONS.03","","Tue Nov 26 20:34:15 GMT 2024","failed","Tue Nov 26 20:34:15 GMT 2024","","HYPERON-METTALOG-SANITY","HYPERON-METTALOG-SANITY",""
"","45","INDEX-MIN-FUNCTIONS-EXTRA-2.20","","Tue Nov 26 20:34:15 GMT 2024","failed","Tue Nov 26 20:34:15 GMT 2024","","HYPERON-METTALOG-SANITY","HYPERON-METTALOG-SANITY",""
"","18","CALL-TESTS.02","","Tue Nov 26 20:34:15 GMT 2024","passed","Tue Nov 26 20:34:15 GMT 2024","","HYPERON-METTALOG-SANITY","HYPERON-METTALOG-SANITY",""
"","1","SPACE-SUBTRACTION-TESTS.02","","Tue Nov 26 20:34:15 GMT 2024","passed","Tue Nov 26 20:34:15 GMT 2024","","HYPERON-METTALOG-SANITY","HYPERON-METTALOG-SANITY",""
"","14","INDEX-MIN-FUNCTIONS-EXTRA-1.35","","Tue Nov 26 20:34:15 GMT 2024","failed","Tue Nov 26 20:34:15 GMT 2024","","HYPERON-METTALOG-SANITY","HYPERON-METTALOG-SANITY",""
"","2","XOR-TEST.10","","Tue Nov 26 20:34:15 GMT 2024","passed","Tue Nov 26 20:34:15 GMT 2024","","HYPERON-METTALOG-SANITY","HYPERON-METTALOG-SANITY",""
"","2","FUNCTIONAL-PROGRAMMING-TESTS.04","","Tue Nov 26 20:34:15 GMT 2024","passed","Tue Nov 26 20:34:15 GMT 2024","","HYPERON-METTALOG-SANITY","HYPERON-METTALOG-SANITY",""
"","29","AUTO-COERCE.46","","Tue Nov 26 20:34:15 GMT 2024","failed","Tue Nov 26 20:34:15 GMT 2024","","HYPERON-METTALOG-SANITY","HYPERON-METTALOG-SANITY",""
"","4","SEALED-TEST.02","","Tue Nov 26 20:34:15 GMT 2024","passed","Tue Nov 26 20:34:15 GMT 2024","","HYPERON-METTALOG-SANITY","HYPERON-METTALOG-SANITY",""
"","3","UNIQUE-TEST.03","","Tue Nov 26 20:34:15 GMT 2024","passed","Tue Nov 26 20:34:15 GMT 2024","","HYPERON-METTALOG-SANITY","HYPERON-METTALOG-SANITY",""
"","2","03-SORING-VIA-INSERT.02","","Tue Nov 26 20:34:15 GMT 2024","passed","Tue Nov 26 20:34:15 GMT 2024","","HYPERON-METTALOG-SANITY","HYPERON-METTALOG-SANITY",""
"","2","INTERSECTION-TESTS.08","","Tue Nov 26 20:34:15 GMT 2024","passed","Tue Nov 26 20:34:15 GMT 2024","","HYPERON-METTALOG-SANITY","HYPERON-METTALOG-SANITY",""
"","2","C3-PLN-STV.02","","Tue Nov 26 20:29:44 GMT 2024","passed","Tue Nov 26 20:29:44 GMT 2024","","HYPERON-EXPERIMENTAL-SCRIPTS","HYPERON-EXPERIMENTAL-SCRIPTS",""
"","46","INDEX-MIN-FUNCTIONS-EXTRA-2.13","","Tue Nov 26 20:34:15 GMT 2024","failed","Tue Nov 26 20:34:15 GMT 2024","","HYPERON-METTALOG-SANITY","HYPERON-METTALOG-SANITY",""
"","3","INDEX-MIN-FUNCTIONS-EXTRA-1.01","","Tue Nov 26 20:34:15 GMT 2024","passed","Tue Nov 26 20:34:15 GMT 2024","","HYPERON-METTALOG-SANITY","HYPERON-METTALOG-SANITY",""
"","1","AUTO-COERCE.21","","Tue Nov 26 20:34:15 GMT 2024","passed","Tue Nov 26 20:34:15 GMT 2024","","HYPERON-METTALOG-SANITY","HYPERON-METTALOG-SANITY",""
"","1","B0-CHAINING-PRELIM.03","","Tue Nov 26 20:29:44 GMT 2024","passed","Tue Nov 26 20:29:44 GMT 2024","","HYPERON-EXPERIMENTAL-SCRIPTS","HYPERON-EXPERIMENTAL-SCRIPTS",""
"","2","SUPERCOLLAPSE.07","","Tue Nov 26 20:49:57 GMT 2024","passed","Tue Nov 26 20:49:57 GMT 2024","","METTA-MORPH-TESTS","METTA-MORPH-TESTS",""
"","226","SORTING-TESTS-NATS.20","","Tue Nov 26 20:34:15 GMT 2024","failed","Tue Nov 26 20:34:15 GMT 2024","","HYPERON-METTALOG-SANITY","HYPERON-METTALOG-SANITY",""
"","2","SORTING-TESTS.13","","Tue Nov 26 20:34:15 GMT 2024","passed","Tue Nov 26 20:34:15 GMT 2024","","HYPERON-METTALOG-SANITY","HYPERON-METTALOG-SANITY",""
"","5","UNIQUE-TEST.12","","Tue Nov 26 20:34:15 GMT 2024","passed","Tue Nov 26 20:34:15 GMT 2024","","HYPERON-METTALOG-SANITY","HYPERON-METTALOG-SANITY",""
"","9000","hyperon-experimental_scripts.d5_auto_types","","Tue Nov 26 20:29:34 GMT 2024","passed","Tue Nov 26 20:29:43 GMT 2024","","WHOLE-TESTS","WHOLE-TESTS",""
"","1","00-LANG-CASE.04","","Tue Nov 26 20:34:15 GMT 2024","passed","Tue Nov 26 20:34:15 GMT 2024","","HYPERON-METTALOG-SANITY","HYPERON-METTALOG-SANITY",""
"","118","OR-TEST.20","","Tue Nov 26 20:34:15 GMT 2024","failed","Tue Nov 26 20:34:15 GMT 2024","","HYPERON-METTALOG-SANITY","HYPERON-METTALOG-SANITY",""
"","2","FIND-ALL-TESTS.02","","Tue Nov 26 20:34:15 GMT 2024","passed","Tue Nov 26 20:34:15 GMT 2024","","HYPERON-METTALOG-SANITY","HYPERON-METTALOG-SANITY",""
"","2","D2-HIGHERFUNC.17","","Tue Nov 26 20:29:44 GMT 2024","passed","Tue Nov 26 20:29:44 GMT 2024","","HYPERON-EXPERIMENTAL-SCRIPTS","HYPERON-EXPERIMENTAL-SCRIPTS",""
"","2","INTERSECTION-TESTS.32","","Tue Nov 26 20:34:15 GMT 2024","passed","Tue Nov 26 20:34:15 GMT 2024","","HYPERON-METTALOG-SANITY","HYPERON-METTALOG-SANITY",""
"","1","AUTO-COERCE.25","","Tue Nov 26 20:34:15 GMT 2024","passed","Tue Nov 26 20:34:15 GMT 2024","","HYPERON-METTALOG-SANITY","HYPERON-METTALOG-SANITY",""
"","54","B5-TYPES-PRELIM.24","","Tue Nov 26 20:29:44 GMT 2024","failed","Tue Nov 26 20:29:44 GMT 2024","","HYPERON-EXPERIMENTAL-SCRIPTS","HYPERON-EXPERIMENTAL-SCRIPTS",""
"","2","METTA-THE-FUNCTION.02","","Tue Nov 26 20:34:15 GMT 2024","passed","Tue Nov 26 20:34:15 GMT 2024","","HYPERON-METTALOG-SANITY","HYPERON-METTALOG-SANITY",""
"","345","SYNTHESIZE.01","","Tue Nov 26 20:47:21 GMT 2024","failed","Tue Nov 26 20:47:21 GMT 2024","","SYNTH-BUFFER","SYNTH-BUFFER",""
"","74","MINIMAL-METTA-TESTS.15","","Tue Nov 26 20:34:15 GMT 2024","passed","Tue Nov 26 20:34:15 GMT 2024","","HYPERON-METTALOG-SANITY","HYPERON-METTALOG-SANITY",""
"","1","HYPERPOSE.02","","Tue Nov 26 20:49:57 GMT 2024","passed","Tue Nov 26 20:49:57 GMT 2024","","METTA-MORPH-TESTS","METTA-MORPH-TESTS",""
"","1","XOR-TEST.07","","Tue Nov 26 20:34:15 GMT 2024","passed","Tue Nov 26 20:34:15 GMT 2024","","HYPERON-METTALOG-SANITY","HYPERON-METTALOG-SANITY",""
"","9000","hyperon-mettalog_sanity.py_types_2","","Tue Nov 26 20:29:34 GMT 2024","passed","Tue Nov 26 20:29:43 GMT 2024","","WHOLE-TESTS","WHOLE-TESTS",""
"","1","D3-DEPTYPES.07","","Tue Nov 26 20:29:44 GMT 2024","passed","Tue Nov 26 20:29:44 GMT 2024","","HYPERON-EXPERIMENTAL-SCRIPTS","HYPERON-EXPERIMENTAL-SCRIPTS",""
"","4","TESTS0.03","","Tue Nov 26 20:49:57 GMT 2024","passed","Tue Nov 26 20:49:57 GMT 2024","","METTA-MORPH-TESTS","METTA-MORPH-TESTS",""
"","2","HYPERPOSE.05","","Tue Nov 26 20:49:57 GMT 2024","passed","Tue Nov 26 20:49:57 GMT 2024","","METTA-MORPH-TESTS","METTA-MORPH-TESTS",""
"","62","B5-TYPES-PRELIM.02","","Tue Nov 26 20:29:44 GMT 2024","failed","Tue Nov 26 20:29:44 GMT 2024","","HYPERON-EXPERIMENTAL-SCRIPTS","HYPERON-EXPERIMENTAL-SCRIPTS",""
"","94","MINIMAL-METTA-TESTS.16","","Tue Nov 26 20:34:15 GMT 2024","failed","Tue Nov 26 20:34:15 GMT 2024","","HYPERON-METTALOG-SANITY","HYPERON-METTALOG-SANITY",""
"","2","SORTING-TESTS.19","","Tue Nov 26 20:34:15 GMT 2024","passed","Tue Nov 26 20:34:15 GMT 2024","","HYPERON-METTALOG-SANITY","HYPERON-METTALOG-SANITY",""
"","1","STRING-TESTS.10","","Tue Nov 26 20:34:15 GMT 2024","passed","Tue Nov 26 20:34:15 GMT 2024","","HYPERON-METTALOG-SANITY","HYPERON-METTALOG-SANITY",""
"","84","MINIMAL-METTA-TESTS.22","","Tue Nov 26 20:34:15 GMT 2024","failed","Tue Nov 26 20:34:15 GMT 2024","","HYPERON-METTALOG-SANITY","HYPERON-METTALOG-SANITY",""
"","2","AUTO-COERCE.05","","Tue Nov 26 20:34:15 GMT 2024","passed","Tue Nov 26 20:34:15 GMT 2024","","HYPERON-METTALOG-SANITY","HYPERON-METTALOG-SANITY",""
"","16","INDEX-MIN-FUNCTIONS-EXTRA-2.17","","Tue Nov 26 20:34:15 GMT 2024","failed","Tue Nov 26 20:34:15 GMT 2024","","HYPERON-METTALOG-SANITY","HYPERON-METTALOG-SANITY",""
"","9000","hyperon-mettalog_sanity.catch_throw_tests_mw","","Tue Nov 26 20:29:34 GMT 2024","passed","Tue Nov 26 20:29:43 GMT 2024","","WHOLE-TESTS","WHOLE-TESTS",""
"","3","SORTING-TESTS.04","","Tue Nov 26 20:34:15 GMT 2024","passed","Tue Nov 26 20:34:15 GMT 2024","","HYPERON-METTALOG-SANITY","HYPERON-METTALOG-SANITY",""
"","2","SUPERPOSE-NESTED.02","","Tue Nov 26 20:49:57 GMT 2024","passed","Tue Nov 26 20:49:57 GMT 2024","","METTA-MORPH-TESTS","METTA-MORPH-TESTS",""
"","10000","hyperon-mettalog_sanity.base_test_repr_parse_intersection","","Tue Nov 26 20:29:34 GMT 2024","passed","Tue Nov 26 20:29:44 GMT 2024","","WHOLE-TESTS","WHOLE-TESTS",""
"","110","AUTO-COERCE.33","","Tue Nov 26 20:34:15 GMT 2024","failed","Tue Nov 26 20:34:15 GMT 2024","","HYPERON-METTALOG-SANITY","HYPERON-METTALOG-SANITY",""
"","1","B5-TYPES-PRELIM.17","","Tue Nov 26 20:29:44 GMT 2024","passed","Tue Nov 26 20:29:44 GMT 2024","","HYPERON-EXPERIMENTAL-SCRIPTS","HYPERON-EXPERIMENTAL-SCRIPTS",""
"","2","SUPERPOSE-NESTED.04","","Tue Nov 26 20:49:57 GMT 2024","passed","Tue Nov 26 20:49:57 GMT 2024","","METTA-MORPH-TESTS","METTA-MORPH-TESTS",""
"","90","F1-IMPORTS.13","","Tue Nov 26 20:29:03 GMT 2024","passed","Tue Nov 26 20:29:03 GMT 2024","","MODULE-SYSTEM","MODULE-SYSTEM",""
"","2","D2-HIGHERFUNC.23","","Tue Nov 26 20:29:44 GMT 2024","passed","Tue Nov 26 20:29:44 GMT 2024","","HYPERON-EXPERIMENTAL-SCRIPTS","HYPERON-EXPERIMENTAL-SCRIPTS",""
"","85","WHAT-EVALS-OR-NOT.07","","Tue Nov 26 20:34:15 GMT 2024","failed","Tue Nov 26 20:34:15 GMT 2024","","HYPERON-METTALOG-SANITY","HYPERON-METTALOG-SANITY",""
"","46","INDEX-MIN-FUNCTIONS-EXTRA-2.09","","Tue Nov 26 20:34:15 GMT 2024","failed","Tue Nov 26 20:34:15 GMT 2024","","HYPERON-METTALOG-SANITY","HYPERON-METTALOG-SANITY",""
"","9000","metta-morph_tests.let_superpose_list","","Tue Nov 26 20:29:34 GMT 2024","passed","Tue Nov 26 20:29:43 GMT 2024","","WHOLE-TESTS","WHOLE-TESTS",""
"","3","FUNCTIONAL-PROGRAMMING-TESTS.09","","Tue Nov 26 20:34:15 GMT 2024","passed","Tue Nov 26 20:34:15 GMT 2024","","HYPERON-METTALOG-SANITY","HYPERON-METTALOG-SANITY",""
"","3","OR-TEST.17","","Tue Nov 26 20:34:15 GMT 2024","passed","Tue Nov 26 20:34:15 GMT 2024","","HYPERON-METTALOG-SANITY","HYPERON-METTALOG-SANITY",""
"","4","FACTORIAL.01","","Tue Nov 26 20:49:57 GMT 2024","passed","Tue Nov 26 20:49:57 GMT 2024","","METTA-MORPH-TESTS","METTA-MORPH-TESTS",""
"","2","CATCH-THROW-TESTS.03","","Tue Nov 26 20:34:15 GMT 2024","passed","Tue Nov 26 20:34:15 GMT 2024","","HYPERON-METTALOG-SANITY","HYPERON-METTALOG-SANITY",""
"","9000","metta-morph_tests.collapse","","Tue Nov 26 20:29:34 GMT 2024","passed","Tue Nov 26 20:29:43 GMT 2024","","WHOLE-TESTS","WHOLE-TESTS",""
"","549","TYPE-FILTERING-TESTS.01","","Tue Nov 26 20:34:15 GMT 2024","failed","Tue Nov 26 20:34:15 GMT 2024","","HYPERON-METTALOG-SANITY","HYPERON-METTALOG-SANITY",""
"","3","F1-IMPORTS.06","","Tue Nov 26 20:29:44 GMT 2024","passed","Tue Nov 26 20:29:44 GMT 2024","","HYPERON-EXPERIMENTAL-SCRIPTS","HYPERON-EXPERIMENTAL-SCRIPTS",""
"","1","INDEX-MIN-FUNCTIONS-EXTRA-1.03","","Tue Nov 26 20:34:15 GMT 2024","passed","Tue Nov 26 20:34:15 GMT 2024","","HYPERON-METTALOG-SANITY","HYPERON-METTALOG-SANITY",""
"","2","D2-HIGHERFUNC.09","","Tue Nov 26 20:29:44 GMT 2024","passed","Tue Nov 26 20:29:44 GMT 2024","","HYPERON-EXPERIMENTAL-SCRIPTS","HYPERON-EXPERIMENTAL-SCRIPTS",""
"","1","D4-TYPE-PROP.09","","Tue Nov 26 20:29:44 GMT 2024","passed","Tue Nov 26 20:29:44 GMT 2024","","HYPERON-EXPERIMENTAL-SCRIPTS","HYPERON-EXPERIMENTAL-SCRIPTS",""
"","3","AUTO-COERCE.28","","Tue Nov 26 20:34:15 GMT 2024","passed","Tue Nov 26 20:34:15 GMT 2024","","HYPERON-METTALOG-SANITY","HYPERON-METTALOG-SANITY",""
"","5","SEALED-TEST.09","","Tue Nov 26 20:34:15 GMT 2024","passed","Tue Nov 26 20:34:15 GMT 2024","","HYPERON-METTALOG-SANITY","HYPERON-METTALOG-SANITY",""
"","3","INTERSECTION-TESTS.30","","Tue Nov 26 20:34:15 GMT 2024","passed","Tue Nov 26 20:34:15 GMT 2024","","HYPERON-METTALOG-SANITY","HYPERON-METTALOG-SANITY",""
"","42000","hyperon-mettalog_sanity.index_min_functions_extra_3","","Tue Nov 26 20:29:34 GMT 2024","failed","Tue Nov 26 20:30:16 GMT 2024","","WHOLE-TESTS","WHOLE-TESTS",""
"","9","00-LANG-CASE.12","","Tue Nov 26 20:34:15 GMT 2024","passed","Tue Nov 26 20:34:15 GMT 2024","","HYPERON-METTALOG-SANITY","HYPERON-METTALOG-SANITY",""
"","16","MINIMAL-METTA-TESTS.45","","Tue Nov 26 20:34:15 GMT 2024","failed","Tue Nov 26 20:34:15 GMT 2024","","HYPERON-METTALOG-SANITY","HYPERON-METTALOG-SANITY",""
"","2","SORTING-TESTS.08","","Tue Nov 26 20:34:15 GMT 2024","passed","Tue Nov 26 20:34:15 GMT 2024","","HYPERON-METTALOG-SANITY","HYPERON-METTALOG-SANITY",""
"","1","EVAL-FOR-TESTS.11","","Tue Nov 26 20:34:15 GMT 2024","passed","Tue Nov 26 20:34:15 GMT 2024","","HYPERON-METTALOG-SANITY","HYPERON-METTALOG-SANITY",""
"","43","FIRST-ANSWER.02","","Tue Nov 26 20:34:15 GMT 2024","failed","Tue Nov 26 20:34:15 GMT 2024","","HYPERON-METTALOG-SANITY","HYPERON-METTALOG-SANITY",""
"","5","UNIQUE-TEST.14","","Tue Nov 26 20:34:15 GMT 2024","passed","Tue Nov 26 20:34:15 GMT 2024","","HYPERON-METTALOG-SANITY","HYPERON-METTALOG-SANITY",""
"","1","D2-HIGHERFUNC.08","","Tue Nov 26 20:29:44 GMT 2024","passed","Tue Nov 26 20:29:44 GMT 2024","","HYPERON-EXPERIMENTAL-SCRIPTS","HYPERON-EXPERIMENTAL-SCRIPTS",""
"","2","D4-TYPE-PROP.02","","Tue Nov 26 20:29:44 GMT 2024","passed","Tue Nov 26 20:29:44 GMT 2024","","HYPERON-EXPERIMENTAL-SCRIPTS","HYPERON-EXPERIMENTAL-SCRIPTS",""
"","1","AUTO-COERCE.39","","Tue Nov 26 20:34:15 GMT 2024","passed","Tue Nov 26 20:34:15 GMT 2024","","HYPERON-METTALOG-SANITY","HYPERON-METTALOG-SANITY",""
"","45","INDEX-MIN-FUNCTIONS-EXTRA-2.21","","Tue Nov 26 20:34:15 GMT 2024","failed","Tue Nov 26 20:34:15 GMT 2024","","HYPERON-METTALOG-SANITY","HYPERON-METTALOG-SANITY",""
"","4","SEQUENTIAL-NESTED.01","","Tue Nov 26 20:49:57 GMT 2024","passed","Tue Nov 26 20:49:57 GMT 2024","","METTA-MORPH-TESTS","METTA-MORPH-TESTS",""
"","5","XOR-TEST.01","","Tue Nov 26 20:34:15 GMT 2024","passed","Tue Nov 26 20:34:15 GMT 2024","","HYPERON-METTALOG-SANITY","HYPERON-METTALOG-SANITY",""
"","301","TYPE-FILTERING-TESTS.03","","Tue Nov 26 20:34:15 GMT 2024","failed","Tue Nov 26 20:34:15 GMT 2024","","HYPERON-METTALOG-SANITY","HYPERON-METTALOG-SANITY",""
"","5","D3-DEPTYPES.01","","Tue Nov 26 20:29:44 GMT 2024","passed","Tue Nov 26 20:29:44 GMT 2024","","HYPERON-EXPERIMENTAL-SCRIPTS","HYPERON-EXPERIMENTAL-SCRIPTS",""
"","10000","hyperon-experimental_scripts.d2_higherfunc","","Tue Nov 26 20:29:34 GMT 2024","passed","Tue Nov 26 20:29:44 GMT 2024","","WHOLE-TESTS","WHOLE-TESTS",""
"","3","SORTING-TESTS.11","","Tue Nov 26 20:34:15 GMT 2024","passed","Tue Nov 26 20:34:15 GMT 2024","","HYPERON-METTALOG-SANITY","HYPERON-METTALOG-SANITY",""
"","1","UNIQUE-TEST.04","","Tue Nov 26 20:34:15 GMT 2024","passed","Tue Nov 26 20:34:15 GMT 2024","","HYPERON-METTALOG-SANITY","HYPERON-METTALOG-SANITY",""
"","9000","metta-morph_tests.multifunction","","Tue Nov 26 20:29:34 GMT 2024","passed","Tue Nov 26 20:29:43 GMT 2024","","WHOLE-TESTS","WHOLE-TESTS",""
"","159","OUTPUT-LOAD-TESTS.11","","Tue Nov 26 20:34:15 GMT 2024","failed","Tue Nov 26 20:34:15 GMT 2024","","HYPERON-METTALOG-SANITY","HYPERON-METTALOG-SANITY",""
"","2","B5-TYPES-PRELIM.06","","Tue Nov 26 20:29:44 GMT 2024","passed","Tue Nov 26 20:29:44 GMT 2024","","HYPERON-EXPERIMENTAL-SCRIPTS","HYPERON-EXPERIMENTAL-SCRIPTS",""
"","9000","metta-morph_tests.hyperpose","","Tue Nov 26 20:29:34 GMT 2024","passed","Tue Nov 26 20:29:43 GMT 2024","","WHOLE-TESTS","WHOLE-TESTS",""
"","1","SEQUENTIAL-NESTED.06","","Tue Nov 26 20:49:57 GMT 2024","passed","Tue Nov 26 20:49:57 GMT 2024","","METTA-MORPH-TESTS","METTA-MORPH-TESTS",""
"","2","UNIQUE-TEST.02","","Tue Nov 26 20:34:15 GMT 2024","passed","Tue Nov 26 20:34:15 GMT 2024","","HYPERON-METTALOG-SANITY","HYPERON-METTALOG-SANITY",""
"","7","OR-TEST.01","","Tue Nov 26 20:34:15 GMT 2024","passed","Tue Nov 26 20:34:15 GMT 2024","","HYPERON-METTALOG-SANITY","HYPERON-METTALOG-SANITY",""
"","15","D2-HIGHERFUNC.20","","Tue Nov 26 20:29:44 GMT 2024","passed","Tue Nov 26 20:29:44 GMT 2024","","HYPERON-EXPERIMENTAL-SCRIPTS","HYPERON-EXPERIMENTAL-SCRIPTS",""
"","5","SEALED-TEST.10","","Tue Nov 26 20:34:15 GMT 2024","passed","Tue Nov 26 20:34:15 GMT 2024","","HYPERON-METTALOG-SANITY","HYPERON-METTALOG-SANITY",""
"","76","INTERSECTION-TESTS.31","","Tue Nov 26 20:34:15 GMT 2024","failed","Tue Nov 26 20:34:15 GMT 2024","","HYPERON-METTALOG-SANITY","HYPERON-METTALOG-SANITY",""
"","9000","metta-morph_tests.match_feval","","Tue Nov 26 20:29:34 GMT 2024","passed","Tue Nov 26 20:29:43 GMT 2024","","WHOLE-TESTS","WHOLE-TESTS",""
"","3","SORTING-TESTS-NATS.23","","Tue Nov 26 20:34:15 GMT 2024","passed","Tue Nov 26 20:34:15 GMT 2024","","HYPERON-METTALOG-SANITY","HYPERON-METTALOG-SANITY",""
"","9000","hyperon-experimental_scripts.b1_equal_chain","","Tue Nov 26 20:29:34 GMT 2024","passed","Tue Nov 26 20:29:43 GMT 2024","","WHOLE-TESTS","WHOLE-TESTS",""
"","10000","hyperon-mettalog_sanity.string-tests","","Tue Nov 26 20:29:34 GMT 2024","passed","Tue Nov 26 20:29:44 GMT 2024","","WHOLE-TESTS","WHOLE-TESTS",""
"","2","D2-HIGHERFUNC.27","","Tue Nov 26 20:29:44 GMT 2024","passed","Tue Nov 26 20:29:44 GMT 2024","","HYPERON-EXPERIMENTAL-SCRIPTS","HYPERON-EXPERIMENTAL-SCRIPTS",""
"","2","F1-MODULEA.08","","Tue Nov 26 20:29:44 GMT 2024","passed","Tue Nov 26 20:29:44 GMT 2024","","HYPERON-EXPERIMENTAL-SCRIPTS","HYPERON-EXPERIMENTAL-SCRIPTS",""
"","5","MATCH-FEVAL.01","","Tue Nov 26 20:49:57 GMT 2024","passed","Tue Nov 26 20:49:57 GMT 2024","","METTA-MORPH-TESTS","METTA-MORPH-TESTS",""
"","8","ARITY-TESTS.06","","Tue Nov 26 20:34:15 GMT 2024","failed","Tue Nov 26 20:34:15 GMT 2024","","HYPERON-METTALOG-SANITY","HYPERON-METTALOG-SANITY",""
"","3","SORTING-TESTS.03","","Tue Nov 26 20:34:15 GMT 2024","passed","Tue Nov 26 20:34:15 GMT 2024","","HYPERON-METTALOG-SANITY","HYPERON-METTALOG-SANITY",""
"","2","SORTING-TESTS-NATS.14","","Tue Nov 26 20:34:15 GMT 2024","passed","Tue Nov 26 20:34:15 GMT 2024","","HYPERON-METTALOG-SANITY","HYPERON-METTALOG-SANITY",""
"","71","INDEX-MIN-FUNCTIONS-EXTRA-1.09","","Tue Nov 26 20:34:15 GMT 2024","failed","Tue Nov 26 20:34:15 GMT 2024","","HYPERON-METTALOG-SANITY","HYPERON-METTALOG-SANITY",""
"","1","B5-TYPES-PRELIM.23","","Tue Nov 26 20:29:44 GMT 2024","passed","Tue Nov 26 20:29:44 GMT 2024","","HYPERON-EXPERIMENTAL-SCRIPTS","HYPERON-EXPERIMENTAL-SCRIPTS",""
"","2","WHAT-EVALS-OR-NOT.04","","Tue Nov 26 20:34:15 GMT 2024","passed","Tue Nov 26 20:34:15 GMT 2024","","HYPERON-METTALOG-SANITY","HYPERON-METTALOG-SANITY",""
"","2","RUST-TESTS.10","","Tue Nov 26 20:34:15 GMT 2024","passed","Tue Nov 26 20:34:15 GMT 2024","","HYPERON-METTALOG-SANITY","HYPERON-METTALOG-SANITY",""
"","2","LET-SUPERPOSE-LIST.02","","Tue Nov 26 20:49:57 GMT 2024","passed","Tue Nov 26 20:49:57 GMT 2024","","METTA-MORPH-TESTS","METTA-MORPH-TESTS",""
"","91","D5-AUTO-TYPES.07","","Tue Nov 26 20:29:44 GMT 2024","failed","Tue Nov 26 20:29:44 GMT 2024","","HYPERON-EXPERIMENTAL-SCRIPTS","HYPERON-EXPERIMENTAL-SCRIPTS",""
"","2","MAX-TIME-TESTS.03","","Tue Nov 26 20:34:15 GMT 2024","passed","Tue Nov 26 20:34:15 GMT 2024","","HYPERON-METTALOG-SANITY","HYPERON-METTALOG-SANITY",""
"","2","TESTS0.02","","Tue Nov 26 20:49:57 GMT 2024","passed","Tue Nov 26 20:49:57 GMT 2024","","METTA-MORPH-TESTS","METTA-MORPH-TESTS",""
"","2","SEQUENTIAL-NESTED.05","","Tue Nov 26 20:49:57 GMT 2024","passed","Tue Nov 26 20:49:57 GMT 2024","","METTA-MORPH-TESTS","METTA-MORPH-TESTS",""
"","2","INDEX-MIN-FUNCTIONS-EXTRA-1.13","","Tue Nov 26 20:34:15 GMT 2024","passed","Tue Nov 26 20:34:15 GMT 2024","","HYPERON-METTALOG-SANITY","HYPERON-METTALOG-SANITY",""
"","1","CALL-CLEANUP-TESTS.05","","Tue Nov 26 20:34:15 GMT 2024","passed","Tue Nov 26 20:34:15 GMT 2024","","HYPERON-METTALOG-SANITY","HYPERON-METTALOG-SANITY",""
"","3","D2-HIGHERFUNC.26","","Tue Nov 26 20:29:44 GMT 2024","passed","Tue Nov 26 20:29:44 GMT 2024","","HYPERON-EXPERIMENTAL-SCRIPTS","HYPERON-EXPERIMENTAL-SCRIPTS",""
"","2","INTERSECTION-TESTS.16","","Tue Nov 26 20:34:15 GMT 2024","passed","Tue Nov 26 20:34:15 GMT 2024","","HYPERON-METTALOG-SANITY","HYPERON-METTALOG-SANITY",""
"","9000","hyperon-mettalog_sanity.02-curried-plus","","Tue Nov 26 20:29:34 GMT 2024","passed","Tue Nov 26 20:29:43 GMT 2024","","WHOLE-TESTS","WHOLE-TESTS",""
"","1","D2-HIGHERFUNC.10","","Tue Nov 26 20:29:44 GMT 2024","passed","Tue Nov 26 20:29:44 GMT 2024","","HYPERON-EXPERIMENTAL-SCRIPTS","HYPERON-EXPERIMENTAL-SCRIPTS",""
"","1","EVAL-FOR-TESTS.07","","Tue Nov 26 20:34:15 GMT 2024","passed","Tue Nov 26 20:34:15 GMT 2024","","HYPERON-METTALOG-SANITY","HYPERON-METTALOG-SANITY",""
"","2","03-SORING-VIA-INSERT.03","","Tue Nov 26 20:34:15 GMT 2024","passed","Tue Nov 26 20:34:15 GMT 2024","","HYPERON-METTALOG-SANITY","HYPERON-METTALOG-SANITY",""
"","2","INDEX-MIN-FUNCTIONS-EXTRA-1.19","","Tue Nov 26 20:34:15 GMT 2024","passed","Tue Nov 26 20:34:15 GMT 2024","","HYPERON-METTALOG-SANITY","HYPERON-METTALOG-SANITY",""
"","1","OUTPUT-LOAD-TESTS.03","","Tue Nov 26 20:34:15 GMT 2024","passed","Tue Nov 26 20:34:15 GMT 2024","","HYPERON-METTALOG-SANITY","HYPERON-METTALOG-SANITY",""
"","105","INDEX-MIN-FUNCTIONS-EXTRA-2.07","","Tue Nov 26 20:34:15 GMT 2024","failed","Tue Nov 26 20:34:15 GMT 2024","","HYPERON-METTALOG-SANITY","HYPERON-METTALOG-SANITY",""
"","2","UNIQUE-TEST.09","","Tue Nov 26 20:34:15 GMT 2024","passed","Tue Nov 26 20:34:15 GMT 2024","","HYPERON-METTALOG-SANITY","HYPERON-METTALOG-SANITY",""
"","4","C3-PLN-STV.01","","Tue Nov 26 20:29:44 GMT 2024","passed","Tue Nov 26 20:29:44 GMT 2024","","HYPERON-EXPERIMENTAL-SCRIPTS","HYPERON-EXPERIMENTAL-SCRIPTS",""
"","2","D2-HIGHERFUNC.11","","Tue Nov 26 20:29:44 GMT 2024","passed","Tue Nov 26 20:29:44 GMT 2024","","HYPERON-EXPERIMENTAL-SCRIPTS","HYPERON-EXPERIMENTAL-SCRIPTS",""
"","88","MINIMAL-METTA-TESTS.20","","Tue Nov 26 20:34:15 GMT 2024","failed","Tue Nov 26 20:34:15 GMT 2024","","HYPERON-METTALOG-SANITY","HYPERON-METTALOG-SANITY",""
"","11000","hyperon-mettalog_sanity.call_cleanup_tests_mw","","Tue Nov 26 20:29:34 GMT 2024","passed","Tue Nov 26 20:29:45 GMT 2024","","WHOLE-TESTS","WHOLE-TESTS",""
"","88","INTERSECTION-TESTS.28","","Tue Nov 26 20:34:15 GMT 2024","failed","Tue Nov 26 20:34:15 GMT 2024","","HYPERON-METTALOG-SANITY","HYPERON-METTALOG-SANITY",""
"","58","F1-IMPORTS.11","","Tue Nov 26 20:29:44 GMT 2024","failed","Tue Nov 26 20:29:44 GMT 2024","","HYPERON-EXPERIMENTAL-SCRIPTS","HYPERON-EXPERIMENTAL-SCRIPTS",""
"","3","INHERIT-OR-NOT-TESTS.01","","Tue Nov 26 20:34:15 GMT 2024","passed","Tue Nov 26 20:34:15 GMT 2024","","HYPERON-METTALOG-SANITY","HYPERON-METTALOG-SANITY",""
"","42000","hyperon-mettalog_sanity.index_min_functions_extra_1","","Tue Nov 26 20:29:34 GMT 2024","failed","Tue Nov 26 20:30:16 GMT 2024","","WHOLE-TESTS","WHOLE-TESTS",""
"","1","STRING-TESTS.12","","Tue Nov 26 20:34:15 GMT 2024","passed","Tue Nov 26 20:34:15 GMT 2024","","HYPERON-METTALOG-SANITY","HYPERON-METTALOG-SANITY",""
"","2","ZEROARGS.02","","Tue Nov 26 20:49:57 GMT 2024","passed","Tue Nov 26 20:49:57 GMT 2024","","METTA-MORPH-TESTS","METTA-MORPH-TESTS",""
"","1","AUTO-COERCE.10","","Tue Nov 26 20:34:15 GMT 2024","passed","Tue Nov 26 20:34:15 GMT 2024","","HYPERON-METTALOG-SANITY","HYPERON-METTALOG-SANITY",""
"","2","00-LANG-CASE.08","","Tue Nov 26 20:34:15 GMT 2024","passed","Tue Nov 26 20:34:15 GMT 2024","","HYPERON-METTALOG-SANITY","HYPERON-METTALOG-SANITY",""
"","47","INDEX-MIN-FUNCTIONS-EXTRA-2.12","","Tue Nov 26 20:34:15 GMT 2024","failed","Tue Nov 26 20:34:15 GMT 2024","","HYPERON-METTALOG-SANITY","HYPERON-METTALOG-SANITY",""
"","2","AUTO-COERCE.20","","Tue Nov 26 20:34:15 GMT 2024","passed","Tue Nov 26 20:34:15 GMT 2024","","HYPERON-METTALOG-SANITY","HYPERON-METTALOG-SANITY",""
"","1","INTERSECTION-TESTS.25","","Tue Nov 26 20:34:15 GMT 2024","passed","Tue Nov 26 20:34:15 GMT 2024","","HYPERON-METTALOG-SANITY","HYPERON-METTALOG-SANITY",""
"","2","INHERIT-OR-NOT-TESTS.04","","Tue Nov 26 20:34:15 GMT 2024","passed","Tue Nov 26 20:34:15 GMT 2024","","HYPERON-METTALOG-SANITY","HYPERON-METTALOG-SANITY",""
"","76","RUST-TESTS.01","","Tue Nov 26 20:34:15 GMT 2024","failed","Tue Nov 26 20:34:15 GMT 2024","","HYPERON-METTALOG-SANITY","HYPERON-METTALOG-SANITY",""
"","72","EVAL-FOR-TESTS.05","","Tue Nov 26 20:34:15 GMT 2024","failed","Tue Nov 26 20:34:15 GMT 2024","","HYPERON-METTALOG-SANITY","HYPERON-METTALOG-SANITY",""
"","1","INTERSECTION-TESTS.03","","Tue Nov 26 20:34:15 GMT 2024","passed","Tue Nov 26 20:34:15 GMT 2024","","HYPERON-METTALOG-SANITY","HYPERON-METTALOG-SANITY",""
"","9000","hyperon-mettalog_sanity.sequential_tests","","Tue Nov 26 20:29:34 GMT 2024","passed","Tue Nov 26 20:29:43 GMT 2024","","WHOLE-TESTS","WHOLE-TESTS",""
"","10000","metta-morph_tests.nested_parameters","","Tue Nov 26 20:29:34 GMT 2024","passed","Tue Nov 26 20:29:44 GMT 2024","","WHOLE-TESTS","WHOLE-TESTS",""
"","2","SORTING-TESTS-NATS.24","","Tue Nov 26 20:34:15 GMT 2024","passed","Tue Nov 26 20:34:15 GMT 2024","","HYPERON-METTALOG-SANITY","HYPERON-METTALOG-SANITY",""
"","1","CALL-TESTS.09","","Tue Nov 26 20:34:15 GMT 2024","passed","Tue Nov 26 20:34:15 GMT 2024","","HYPERON-METTALOG-SANITY","HYPERON-METTALOG-SANITY",""
"","3","OR-TEST.09","","Tue Nov 26 20:34:15 GMT 2024","passed","Tue Nov 26 20:34:15 GMT 2024","","HYPERON-METTALOG-SANITY","HYPERON-METTALOG-SANITY",""
"","9000","hyperon-experimental_scripts.a1_symbols","","Tue Nov 26 20:29:34 GMT 2024","passed","Tue Nov 26 20:29:43 GMT 2024","","WHOLE-TESTS","WHOLE-TESTS",""
"","10000","hyperon-mettalog_sanity.sorting_tests","","Tue Nov 26 20:29:34 GMT 2024","passed","Tue Nov 26 20:29:44 GMT 2024","","WHOLE-TESTS","WHOLE-TESTS",""
"","2","C2-SPACES.02","","Tue Nov 26 20:29:44 GMT 2024","passed","Tue Nov 26 20:29:44 GMT 2024","","HYPERON-EXPERIMENTAL-SCRIPTS","HYPERON-EXPERIMENTAL-SCRIPTS",""
"","2","SUBTRACTION-TEST.05","","Tue Nov 26 20:34:15 GMT 2024","passed","Tue Nov 26 20:34:15 GMT 2024","","HYPERON-METTALOG-SANITY","HYPERON-METTALOG-SANITY",""
"","2","D1-GADT.03","","Tue Nov 26 20:29:44 GMT 2024","passed","Tue Nov 26 20:29:44 GMT 2024","","HYPERON-EXPERIMENTAL-SCRIPTS","HYPERON-EXPERIMENTAL-SCRIPTS",""
"","2","REPRESENT-AND-PARSE-TESTS.02","","Tue Nov 26 20:34:15 GMT 2024","passed","Tue Nov 26 20:34:15 GMT 2024","","HYPERON-METTALOG-SANITY","HYPERON-METTALOG-SANITY",""
"","1","METHOD-SELECTION-TESTS.02","","Tue Nov 26 20:34:15 GMT 2024","passed","Tue Nov 26 20:34:15 GMT 2024","","HYPERON-METTALOG-SANITY","HYPERON-METTALOG-SANITY",""
"","3","INDEX-MIN-FUNCTIONS-EXTRA-2.18","","Tue Nov 26 20:34:15 GMT 2024","passed","Tue Nov 26 20:34:15 GMT 2024","","HYPERON-METTALOG-SANITY","HYPERON-METTALOG-SANITY",""
"","2","HYPERPOSE.03","","Tue Nov 26 20:49:57 GMT 2024","passed","Tue Nov 26 20:49:57 GMT 2024","","METTA-MORPH-TESTS","METTA-MORPH-TESTS",""
"","81","INTERSECTION-TESTS.29","","Tue Nov 26 20:34:15 GMT 2024","failed","Tue Nov 26 20:34:15 GMT 2024","","HYPERON-METTALOG-SANITY","HYPERON-METTALOG-SANITY",""
"","5","LET-SUPERPOSE-LIST.01","","Tue Nov 26 20:49:57 GMT 2024","passed","Tue Nov 26 20:49:57 GMT 2024","","METTA-MORPH-TESTS","METTA-MORPH-TESTS",""
"","1","D2-HIGHERFUNC.04","","Tue Nov 26 20:29:44 GMT 2024","passed","Tue Nov 26 20:29:44 GMT 2024","","HYPERON-EXPERIMENTAL-SCRIPTS","HYPERON-EXPERIMENTAL-SCRIPTS",""
"","82","INDEX-MIN-FUNCTIONS-EXTRA-2.25","","Tue Nov 26 20:34:15 GMT 2024","failed","Tue Nov 26 20:34:15 GMT 2024","","HYPERON-METTALOG-SANITY","HYPERON-METTALOG-SANITY",""
"","84","MINIMAL-METTA-TESTS.24","","Tue Nov 26 20:34:15 GMT 2024","failed","Tue Nov 26 20:34:15 GMT 2024","","HYPERON-METTALOG-SANITY","HYPERON-METTALOG-SANITY",""
"","10","ARITY-TESTS.02","","Tue Nov 26 20:34:15 GMT 2024","failed","Tue Nov 26 20:34:15 GMT 2024","","HYPERON-METTALOG-SANITY","HYPERON-METTALOG-SANITY",""
"","4","F1-MODULEA.03","","Tue Nov 26 20:29:03 GMT 2024","passed","Tue Nov 26 20:29:03 GMT 2024","","MODULE-SYSTEM","MODULE-SYSTEM",""
"","110","AUTO-COERCE.38","","Tue Nov 26 20:34:15 GMT 2024","failed","Tue Nov 26 20:34:15 GMT 2024","","HYPERON-METTALOG-SANITY","HYPERON-METTALOG-SANITY",""
"","2","F1-IMPORTS.12","","Tue Nov 26 20:29:03 GMT 2024","passed","Tue Nov 26 20:29:03 GMT 2024","","MODULE-SYSTEM","MODULE-SYSTEM",""
"","9000","metta-morph_tests.if","","Tue Nov 26 20:29:34 GMT 2024","passed","Tue Nov 26 20:29:43 GMT 2024","","WHOLE-TESTS","WHOLE-TESTS",""
"","39","OR-TEST.02","","Tue Nov 26 20:34:15 GMT 2024","failed","Tue Nov 26 20:34:15 GMT 2024","","HYPERON-METTALOG-SANITY","HYPERON-METTALOG-SANITY",""
"","4","TYPES.01","","Tue Nov 26 20:49:57 GMT 2024","passed","Tue Nov 26 20:49:57 GMT 2024","","METTA-MORPH-TESTS","METTA-MORPH-TESTS",""
"","1","D2-HIGHERFUNC.06","","Tue Nov 26 20:29:44 GMT 2024","passed","Tue Nov 26 20:29:44 GMT 2024","","HYPERON-EXPERIMENTAL-SCRIPTS","HYPERON-EXPERIMENTAL-SCRIPTS",""
"","5","A3-TWOSIDE.01","","Tue Nov 26 20:29:44 GMT 2024","passed","Tue Nov 26 20:29:44 GMT 2024","","HYPERON-EXPERIMENTAL-SCRIPTS","HYPERON-EXPERIMENTAL-SCRIPTS",""
"","3","LET-SUPERPOSE-IF-CASE.02","","Tue Nov 26 20:49:57 GMT 2024","passed","Tue Nov 26 20:49:57 GMT 2024","","METTA-MORPH-TESTS","METTA-MORPH-TESTS",""
"","2","OR-TEST.19","","Tue Nov 26 20:34:15 GMT 2024","passed","Tue Nov 26 20:34:15 GMT 2024","","HYPERON-METTALOG-SANITY","HYPERON-METTALOG-SANITY",""
"","2","SORTING-TESTS-NATS.15","","Tue Nov 26 20:34:15 GMT 2024","passed","Tue Nov 26 20:34:15 GMT 2024","","HYPERON-METTALOG-SANITY","HYPERON-METTALOG-SANITY",""
"","1","E2-STATES.03","","Tue Nov 26 20:29:44 GMT 2024","passed","Tue Nov 26 20:29:44 GMT 2024","","HYPERON-EXPERIMENTAL-SCRIPTS","HYPERON-EXPERIMENTAL-SCRIPTS",""
"","2","D3-DEPTYPES.06","","Tue Nov 26 20:29:44 GMT 2024","passed","Tue Nov 26 20:29:44 GMT 2024","","HYPERON-EXPERIMENTAL-SCRIPTS","HYPERON-EXPERIMENTAL-SCRIPTS",""
"","2","OR-TEST.12","","Tue Nov 26 20:34:15 GMT 2024","passed","Tue Nov 26 20:34:15 GMT 2024","","HYPERON-METTALOG-SANITY","HYPERON-METTALOG-SANITY",""
"","2","D4-TYPE-PROP.11","","Tue Nov 26 20:29:44 GMT 2024","passed","Tue Nov 26 20:29:44 GMT 2024","","HYPERON-EXPERIMENTAL-SCRIPTS","HYPERON-EXPERIMENTAL-SCRIPTS",""
"","18675","F1-IMPORTS.02","","Tue Nov 26 20:29:44 GMT 2024","failed","Tue Nov 26 20:30:02 GMT 2024","","HYPERON-EXPERIMENTAL-SCRIPTS","HYPERON-EXPERIMENTAL-SCRIPTS",""
"","9000","metta-morph_tests.supercollapse","","Tue Nov 26 20:29:34 GMT 2024","passed","Tue Nov 26 20:29:43 GMT 2024","","WHOLE-TESTS","WHOLE-TESTS",""
"","122","COMPILE-TESTS.03","","Tue Nov 26 20:34:15 GMT 2024","failed","Tue Nov 26 20:34:15 GMT 2024","","HYPERON-METTALOG-SANITY","HYPERON-METTALOG-SANITY",""
"","8","D1-GADT.13","","Tue Nov 26 20:29:44 GMT 2024","passed","Tue Nov 26 20:29:44 GMT 2024","","HYPERON-EXPERIMENTAL-SCRIPTS","HYPERON-EXPERIMENTAL-SCRIPTS",""
"","2","D2-HIGHERFUNC.19","","Tue Nov 26 20:29:44 GMT 2024","passed","Tue Nov 26 20:29:44 GMT 2024","","HYPERON-EXPERIMENTAL-SCRIPTS","HYPERON-EXPERIMENTAL-SCRIPTS",""
"","2","STATES-SPACES.02","","Tue Nov 26 20:49:57 GMT 2024","passed","Tue Nov 26 20:49:57 GMT 2024","","METTA-MORPH-TESTS","METTA-MORPH-TESTS",""
"","2","AUTO-COERCE.07","","Tue Nov 26 20:34:15 GMT 2024","passed","Tue Nov 26 20:34:15 GMT 2024","","HYPERON-METTALOG-SANITY","HYPERON-METTALOG-SANITY",""
"","113","PY-TYPES.06","","Tue Nov 26 20:34:15 GMT 2024","passed","Tue Nov 26 20:34:15 GMT 2024","","HYPERON-METTALOG-SANITY","HYPERON-METTALOG-SANITY",""
"","24","G1-DOCS.05","","Tue Nov 26 20:29:44 GMT 2024","failed","Tue Nov 26 20:29:44 GMT 2024","","HYPERON-EXPERIMENTAL-SCRIPTS","HYPERON-EXPERIMENTAL-SCRIPTS",""
"","4","E2-STATES.02","","Tue Nov 26 20:29:44 GMT 2024","passed","Tue Nov 26 20:29:44 GMT 2024","","HYPERON-EXPERIMENTAL-SCRIPTS","HYPERON-EXPERIMENTAL-SCRIPTS",""
"","2","E2-STATES.10","","Tue Nov 26 20:29:44 GMT 2024","passed","Tue Nov 26 20:29:44 GMT 2024","","HYPERON-EXPERIMENTAL-SCRIPTS","HYPERON-EXPERIMENTAL-SCRIPTS",""
"","3","MULTIFUNCTION.01","","Tue Nov 26 20:49:57 GMT 2024","passed","Tue Nov 26 20:49:57 GMT 2024","","METTA-MORPH-TESTS","METTA-MORPH-TESTS",""
"","2","STRING-TESTS.11","","Tue Nov 26 20:34:15 GMT 2024","passed","Tue Nov 26 20:34:15 GMT 2024","","HYPERON-METTALOG-SANITY","HYPERON-METTALOG-SANITY",""
"","2","STRING-TESTS.16","","Tue Nov 26 20:34:15 GMT 2024","passed","Tue Nov 26 20:34:15 GMT 2024","","HYPERON-METTALOG-SANITY","HYPERON-METTALOG-SANITY",""
"","2","HYPERPOSE.08","","Tue Nov 26 20:49:57 GMT 2024","passed","Tue Nov 26 20:49:57 GMT 2024","","METTA-MORPH-TESTS","METTA-MORPH-TESTS",""
"","120","METHOD-SELECTION-TESTS.07","","Tue Nov 26 20:34:15 GMT 2024","failed","Tue Nov 26 20:34:15 GMT 2024","","HYPERON-METTALOG-SANITY","HYPERON-METTALOG-SANITY",""
"","9000","hyperon-mettalog_sanity.arity_tests_mw","","Tue Nov 26 20:29:34 GMT 2024","passed","Tue Nov 26 20:29:43 GMT 2024","","WHOLE-TESTS","WHOLE-TESTS",""
"","171","NALIFIER.01","","Tue Nov 26 20:49:57 GMT 2024","passed","Tue Nov 26 20:49:57 GMT 2024","","METTA-MORPH-TESTS","METTA-MORPH-TESTS",""
"","2","AUTO-COERCE.26","","Tue Nov 26 20:34:15 GMT 2024","passed","Tue Nov 26 20:34:15 GMT 2024","","HYPERON-METTALOG-SANITY","HYPERON-METTALOG-SANITY",""
"","3","E2-STATES.04","","Tue Nov 26 20:29:44 GMT 2024","passed","Tue Nov 26 20:29:44 GMT 2024","","HYPERON-EXPERIMENTAL-SCRIPTS","HYPERON-EXPERIMENTAL-SCRIPTS",""
"","9000","hyperon-mettalog_sanity.03-soring-via-insert","","Tue Nov 26 20:29:34 GMT 2024","passed","Tue Nov 26 20:29:43 GMT 2024","","WHOLE-TESTS","WHOLE-TESTS",""
"","1","A1-SYMBOLS.07","","Tue Nov 26 20:29:44 GMT 2024","passed","Tue Nov 26 20:29:44 GMT 2024","","HYPERON-EXPERIMENTAL-SCRIPTS","HYPERON-EXPERIMENTAL-SCRIPTS",""
"","1","D4-TYPE-PROP.05","","Tue Nov 26 20:29:44 GMT 2024","passed","Tue Nov 26 20:29:44 GMT 2024","","HYPERON-EXPERIMENTAL-SCRIPTS","HYPERON-EXPERIMENTAL-SCRIPTS",""
"","848","REPRESENT-AND-PARSE-TESTS.01","","Tue Nov 26 20:34:15 GMT 2024","failed","Tue Nov 26 20:34:15 GMT 2024","","HYPERON-METTALOG-SANITY","HYPERON-METTALOG-SANITY",""
"","2","UNIQUE-TEST.06","","Tue Nov 26 20:34:15 GMT 2024","passed","Tue Nov 26 20:34:15 GMT 2024","","HYPERON-METTALOG-SANITY","HYPERON-METTALOG-SANITY",""
"","89","CALL-CLEANUP-TESTS.06","","Tue Nov 26 20:34:15 GMT 2024","failed","Tue Nov 26 20:34:15 GMT 2024","","HYPERON-METTALOG-SANITY","HYPERON-METTALOG-SANITY",""
"","11","INDEX-MIN-FUNCTIONS-EXTRA-1.31","","Tue Nov 26 20:34:15 GMT 2024","passed","Tue Nov 26 20:34:15 GMT 2024","","HYPERON-METTALOG-SANITY","HYPERON-METTALOG-SANITY",""
"","19","INDEX-MIN-FUNCTIONS-EXTRA-1.34","","Tue Nov 26 20:34:15 GMT 2024","failed","Tue Nov 26 20:34:15 GMT 2024","","HYPERON-METTALOG-SANITY","HYPERON-METTALOG-SANITY",""
"","3","OR-TEST.14","","Tue Nov 26 20:34:15 GMT 2024","passed","Tue Nov 26 20:34:15 GMT 2024","","HYPERON-METTALOG-SANITY","HYPERON-METTALOG-SANITY",""
"","108","MINIMAL-METTA-TESTS.33","","Tue Nov 26 20:34:15 GMT 2024","failed","Tue Nov 26 20:34:15 GMT 2024","","HYPERON-METTALOG-SANITY","HYPERON-METTALOG-SANITY",""
"","4","SUPERPOSE-NESTED.01","","Tue Nov 26 20:49:57 GMT 2024","passed","Tue Nov 26 20:49:57 GMT 2024","","METTA-MORPH-TESTS","METTA-MORPH-TESTS",""
"","75","E2-STATES.08","","Tue Nov 26 20:29:44 GMT 2024","failed","Tue Nov 26 20:29:44 GMT 2024","","HYPERON-EXPERIMENTAL-SCRIPTS","HYPERON-EXPERIMENTAL-SCRIPTS",""
"","126","D5-AUTO-TYPES.04","","Tue Nov 26 20:29:44 GMT 2024","failed","Tue Nov 26 20:29:44 GMT 2024","","HYPERON-EXPERIMENTAL-SCRIPTS","HYPERON-EXPERIMENTAL-SCRIPTS",""
"","41000","hyperon-mettalog_sanity.space_subtraction_tests","","Tue Nov 26 20:29:34 GMT 2024","failed","Tue Nov 26 20:30:15 GMT 2024","","WHOLE-TESTS","WHOLE-TESTS",""
"","2","SUBTRACTION-TEST.09","","Tue Nov 26 20:34:15 GMT 2024","passed","Tue Nov 26 20:34:15 GMT 2024","","HYPERON-METTALOG-SANITY","HYPERON-METTALOG-SANITY",""
"","1","INDEX-MIN-FUNCTIONS-EXTRA-1.14","","Tue Nov 26 20:34:15 GMT 2024","passed","Tue Nov 26 20:34:15 GMT 2024","","HYPERON-METTALOG-SANITY","HYPERON-METTALOG-SANITY",""
"","2","SORTING-TESTS-NATS.21","","Tue Nov 26 20:34:15 GMT 2024","passed","Tue Nov 26 20:34:15 GMT 2024","","HYPERON-METTALOG-SANITY","HYPERON-METTALOG-SANITY",""
"","2","OUTPUT-LOAD-TESTS.09","","Tue Nov 26 20:34:15 GMT 2024","passed","Tue Nov 26 20:34:15 GMT 2024","","HYPERON-METTALOG-SANITY","HYPERON-METTALOG-SANITY",""
"","62","D5-AUTO-TYPES.01","","Tue Nov 26 20:29:44 GMT 2024","failed","Tue Nov 26 20:29:44 GMT 2024","","HYPERON-EXPERIMENTAL-SCRIPTS","HYPERON-EXPERIMENTAL-SCRIPTS",""
"","85","INTERSECTION-TESTS.06","","Tue Nov 26 20:34:15 GMT 2024","passed","Tue Nov 26 20:34:15 GMT 2024","","HYPERON-METTALOG-SANITY","HYPERON-METTALOG-SANITY",""
"","1","B4-NONDETERM.04","","Tue Nov 26 20:29:44 GMT 2024","passed","Tue Nov 26 20:29:44 GMT 2024","","HYPERON-EXPERIMENTAL-SCRIPTS","HYPERON-EXPERIMENTAL-SCRIPTS",""
"","5","OUTPUT-LOAD-TESTS.01","","Tue Nov 26 20:34:15 GMT 2024","passed","Tue Nov 26 20:34:15 GMT 2024","","HYPERON-METTALOG-SANITY","HYPERON-METTALOG-SANITY",""
"","2","AUTO-COERCE.34","","Tue Nov 26 20:34:15 GMT 2024","passed","Tue Nov 26 20:34:15 GMT 2024","","HYPERON-METTALOG-SANITY","HYPERON-METTALOG-SANITY",""
"","3761","PY-TYPES.01","","Tue Nov 26 20:34:15 GMT 2024","passed","Tue Nov 26 20:34:18 GMT 2024","","HYPERON-METTALOG-SANITY","HYPERON-METTALOG-SANITY",""
"","2","A3-TWOSIDE.04","","Tue Nov 26 20:29:44 GMT 2024","passed","Tue Nov 26 20:29:44 GMT 2024","","HYPERON-EXPERIMENTAL-SCRIPTS","HYPERON-EXPERIMENTAL-SCRIPTS",""
"","1","B5-TYPES-PRELIM.09","","Tue Nov 26 20:29:44 GMT 2024","passed","Tue Nov 26 20:29:44 GMT 2024","","HYPERON-EXPERIMENTAL-SCRIPTS","HYPERON-EXPERIMENTAL-SCRIPTS",""
"","1","INDEX-MIN-FUNCTIONS-EXTRA-1.11","","Tue Nov 26 20:34:15 GMT 2024","passed","Tue Nov 26 20:34:15 GMT 2024","","HYPERON-METTALOG-SANITY","HYPERON-METTALOG-SANITY",""
"","2","STRING-TESTS.07","","Tue Nov 26 20:34:15 GMT 2024","passed","Tue Nov 26 20:34:15 GMT 2024","","HYPERON-METTALOG-SANITY","HYPERON-METTALOG-SANITY",""
"","9000","hyperon-mettalog_sanity.flip_test","","Tue Nov 26 20:29:34 GMT 2024","passed","Tue Nov 26 20:29:43 GMT 2024","","WHOLE-TESTS","WHOLE-TESTS",""
"","2","B5-TYPES-PRELIM.04","","Tue Nov 26 20:29:44 GMT 2024","passed","Tue Nov 26 20:29:44 GMT 2024","","HYPERON-EXPERIMENTAL-SCRIPTS","HYPERON-EXPERIMENTAL-SCRIPTS",""
"","2","MAX-TIME-TESTS.02","","Tue Nov 26 20:34:15 GMT 2024","passed","Tue Nov 26 20:34:15 GMT 2024","","HYPERON-METTALOG-SANITY","HYPERON-METTALOG-SANITY",""
"","5","LETLET.01","","Tue Nov 26 20:49:57 GMT 2024","passed","Tue Nov 26 20:49:57 GMT 2024","","METTA-MORPH-TESTS","METTA-MORPH-TESTS",""
"","4","TYPES2.01","","Tue Nov 26 20:49:57 GMT 2024","passed","Tue Nov 26 20:49:57 GMT 2024","","METTA-MORPH-TESTS","METTA-MORPH-TESTS",""
"","1","METHOD-SELECTION-TESTS.05","","Tue Nov 26 20:34:15 GMT 2024","passed","Tue Nov 26 20:34:15 GMT 2024","","HYPERON-METTALOG-SANITY","HYPERON-METTALOG-SANITY",""
"","3","OUTPUT-LOAD-TESTS.05","","Tue Nov 26 20:34:15 GMT 2024","passed","Tue Nov 26 20:34:15 GMT 2024","","HYPERON-METTALOG-SANITY","HYPERON-METTALOG-SANITY",""
"","3","INTERSECTION-TESTS.01","","Tue Nov 26 20:34:15 GMT 2024","passed","Tue Nov 26 20:34:15 GMT 2024","","HYPERON-METTALOG-SANITY","HYPERON-METTALOG-SANITY",""
"","1","OUTPUT-LOAD-TESTS.04","","Tue Nov 26 20:34:15 GMT 2024","passed","Tue Nov 26 20:34:15 GMT 2024","","HYPERON-METTALOG-SANITY","HYPERON-METTALOG-SANITY",""
"","380","TESTS0.06","","Tue Nov 26 20:49:57 GMT 2024","passed","Tue Nov 26 20:49:57 GMT 2024","","METTA-MORPH-TESTS","METTA-MORPH-TESTS",""
"","65","EVAL-FOR-TESTS.14","","Tue Nov 26 20:34:15 GMT 2024","failed","Tue Nov 26 20:34:15 GMT 2024","","HYPERON-METTALOG-SANITY","HYPERON-METTALOG-SANITY",""
"","51","D5-AUTO-TYPES.05","","Tue Nov 26 20:29:44 GMT 2024","failed","Tue Nov 26 20:29:44 GMT 2024","","HYPERON-EXPERIMENTAL-SCRIPTS","HYPERON-EXPERIMENTAL-SCRIPTS",""
"","77","FUNCTIONAL-PROGRAMMING-TESTS.08","","Tue Nov 26 20:34:15 GMT 2024","failed","Tue Nov 26 20:34:15 GMT 2024","","HYPERON-METTALOG-SANITY","HYPERON-METTALOG-SANITY",""
"","2","B4-NONDETERM.07","","Tue Nov 26 20:29:44 GMT 2024","passed","Tue Nov 26 20:29:44 GMT 2024","","HYPERON-EXPERIMENTAL-SCRIPTS","HYPERON-EXPERIMENTAL-SCRIPTS",""
"","2","SUBTRACTION-TEST.03","","Tue Nov 26 20:34:15 GMT 2024","passed","Tue Nov 26 20:34:15 GMT 2024","","HYPERON-METTALOG-SANITY","HYPERON-METTALOG-SANITY",""
"","2","F1-MODULEA.06","","Tue Nov 26 20:29:03 GMT 2024","passed","Tue Nov 26 20:29:03 GMT 2024","","MODULE-SYSTEM","MODULE-SYSTEM",""
"","2","OR-TEST.15","","Tue Nov 26 20:34:15 GMT 2024","passed","Tue Nov 26 20:34:15 GMT 2024","","HYPERON-METTALOG-SANITY","HYPERON-METTALOG-SANITY",""
"","1","D4-TYPE-PROP.07","","Tue Nov 26 20:29:44 GMT 2024","passed","Tue Nov 26 20:29:44 GMT 2024","","HYPERON-EXPERIMENTAL-SCRIPTS","HYPERON-EXPERIMENTAL-SCRIPTS",""
"","2","FIND-ALL-TESTS.07","","Tue Nov 26 20:34:15 GMT 2024","passed","Tue Nov 26 20:34:15 GMT 2024","","HYPERON-METTALOG-SANITY","HYPERON-METTALOG-SANITY",""
"","2","IS-SPACE.03","","Tue Nov 26 20:34:15 GMT 2024","passed","Tue Nov 26 20:34:15 GMT 2024","","HYPERON-METTALOG-SANITY","HYPERON-METTALOG-SANITY",""
"","38","INDEX-MIN-FUNCTIONS-EXTRA-1.47","","Tue Nov 26 20:34:15 GMT 2024","failed","Tue Nov 26 20:34:15 GMT 2024","","HYPERON-METTALOG-SANITY","HYPERON-METTALOG-SANITY",""
"","3","INDEX-MIN-FUNCTIONS-EXTRA-2.01","","Tue Nov 26 20:34:15 GMT 2024","passed","Tue Nov 26 20:34:15 GMT 2024","","HYPERON-METTALOG-SANITY","HYPERON-METTALOG-SANITY",""
"","3","AUTO-COERCE.06","","Tue Nov 26 20:34:15 GMT 2024","passed","Tue Nov 26 20:34:15 GMT 2024","","HYPERON-METTALOG-SANITY","HYPERON-METTALOG-SANITY",""
"","2","STRING-TESTS.13","","Tue Nov 26 20:34:15 GMT 2024","passed","Tue Nov 26 20:34:15 GMT 2024","","HYPERON-METTALOG-SANITY","HYPERON-METTALOG-SANITY",""
"","2","INTERSECTION-TESTS.20","","Tue Nov 26 20:34:15 GMT 2024","passed","Tue Nov 26 20:34:15 GMT 2024","","HYPERON-METTALOG-SANITY","HYPERON-METTALOG-SANITY",""
"","9000","hyperon-mettalog_sanity.or_test","","Tue Nov 26 20:29:34 GMT 2024","passed","Tue Nov 26 20:29:43 GMT 2024","","WHOLE-TESTS","WHOLE-TESTS",""
"","10000","hyperon-experimental_scripts.e2_states","","Tue Nov 26 20:29:34 GMT 2024","passed","Tue Nov 26 20:29:44 GMT 2024","","WHOLE-TESTS","WHOLE-TESTS",""
"","4","FUNCTIONAL-PROGRAMMING-TESTS.01","","Tue Nov 26 20:34:15 GMT 2024","passed","Tue Nov 26 20:34:15 GMT 2024","","HYPERON-METTALOG-SANITY","HYPERON-METTALOG-SANITY",""
"","9000","metta-morph_tests.sequential_nested","","Tue Nov 26 20:29:34 GMT 2024","passed","Tue Nov 26 20:29:43 GMT 2024","","WHOLE-TESTS","WHOLE-TESTS",""
"","1","MINIMAL-METTA-TESTS.35","","Tue Nov 26 20:34:15 GMT 2024","passed","Tue Nov 26 20:34:15 GMT 2024","","HYPERON-METTALOG-SANITY","HYPERON-METTALOG-SANITY",""
"","9000","hyperon-mettalog_sanity.represent_and_parse_tests","","Tue Nov 26 20:29:34 GMT 2024","passed","Tue Nov 26 20:29:43 GMT 2024","","WHOLE-TESTS","WHOLE-TESTS",""
"","5","MAX-TIME-TESTS.01","","Tue Nov 26 20:34:15 GMT 2024","passed","Tue Nov 26 20:34:15 GMT 2024","","HYPERON-METTALOG-SANITY","HYPERON-METTALOG-SANITY",""
"","9000","metta-morph_tests.and_or","","Tue Nov 26 20:29:34 GMT 2024","passed","Tue Nov 26 20:29:43 GMT 2024","","WHOLE-TESTS","WHOLE-TESTS",""
"","5","OR-TEST.11","","Tue Nov 26 20:34:15 GMT 2024","passed","Tue Nov 26 20:34:15 GMT 2024","","HYPERON-METTALOG-SANITY","HYPERON-METTALOG-SANITY",""
"","649","TESTS0.07","","Tue Nov 26 20:49:57 GMT 2024","passed","Tue Nov 26 20:49:57 GMT 2024","","METTA-MORPH-TESTS","METTA-MORPH-TESTS",""
"","3","SORTING-TESTS.10","","Tue Nov 26 20:34:15 GMT 2024","passed","Tue Nov 26 20:34:15 GMT 2024","","HYPERON-METTALOG-SANITY","HYPERON-METTALOG-SANITY",""
"","3","D1-GADT.08","","Tue Nov 26 20:29:44 GMT 2024","passed","Tue Nov 26 20:29:44 GMT 2024","","HYPERON-EXPERIMENTAL-SCRIPTS","HYPERON-EXPERIMENTAL-SCRIPTS",""
"","1","SEQUENTIAL-NESTED.07","","Tue Nov 26 20:49:57 GMT 2024","passed","Tue Nov 26 20:49:57 GMT 2024","","METTA-MORPH-TESTS","METTA-MORPH-TESTS",""
"","9","E3-MATCH-STATES.06","","Tue Nov 26 20:29:44 GMT 2024","failed","Tue Nov 26 20:29:44 GMT 2024","","HYPERON-EXPERIMENTAL-SCRIPTS","HYPERON-EXPERIMENTAL-SCRIPTS",""
"","3","OUTPUT-LOAD-TESTS.08","","Tue Nov 26 20:34:15 GMT 2024","passed","Tue Nov 26 20:34:15 GMT 2024","","HYPERON-METTALOG-SANITY","HYPERON-METTALOG-SANITY",""
"","2","SORTING-TESTS-NATS.26","","Tue Nov 26 20:34:15 GMT 2024","passed","Tue Nov 26 20:34:15 GMT 2024","","HYPERON-METTALOG-SANITY","HYPERON-METTALOG-SANITY",""
"","3","SORTING-TESTS.06","","Tue Nov 26 20:34:15 GMT 2024","passed","Tue Nov 26 20:34:15 GMT 2024","","HYPERON-METTALOG-SANITY","HYPERON-METTALOG-SANITY",""
"","1","AUTO-COERCE.09","","Tue Nov 26 20:34:15 GMT 2024","passed","Tue Nov 26 20:34:15 GMT 2024","","HYPERON-METTALOG-SANITY","HYPERON-METTALOG-SANITY",""
"","3","D3-DEPTYPES.02","","Tue Nov 26 20:29:44 GMT 2024","passed","Tue Nov 26 20:29:44 GMT 2024","","HYPERON-EXPERIMENTAL-SCRIPTS","HYPERON-EXPERIMENTAL-SCRIPTS",""
"","10000","hyperon-experimental_scripts.a3_twoside","","Tue Nov 26 20:29:34 GMT 2024","passed","Tue Nov 26 20:29:44 GMT 2024","","WHOLE-TESTS","WHOLE-TESTS",""
"","2","CATCH-THROW-TESTS.08","","Tue Nov 26 20:34:15 GMT 2024","passed","Tue Nov 26 20:34:15 GMT 2024","","HYPERON-METTALOG-SANITY","HYPERON-METTALOG-SANITY",""
"","2","B5-TYPES-PRELIM.21","","Tue Nov 26 20:29:44 GMT 2024","passed","Tue Nov 26 20:29:44 GMT 2024","","HYPERON-EXPERIMENTAL-SCRIPTS","HYPERON-EXPERIMENTAL-SCRIPTS",""
"","1","B2-BACKCHAIN.03","","Tue Nov 26 20:29:44 GMT 2024","passed","Tue Nov 26 20:29:44 GMT 2024","","HYPERON-EXPERIMENTAL-SCRIPTS","HYPERON-EXPERIMENTAL-SCRIPTS",""
"","2","D1-GADT.11","","Tue Nov 26 20:29:44 GMT 2024","passed","Tue Nov 26 20:29:44 GMT 2024","","HYPERON-EXPERIMENTAL-SCRIPTS","HYPERON-EXPERIMENTAL-SCRIPTS",""
"","29","AUTO-COERCE.44","","Tue Nov 26 20:34:15 GMT 2024","failed","Tue Nov 26 20:34:15 GMT 2024","","HYPERON-METTALOG-SANITY","HYPERON-METTALOG-SANITY",""
"","1","SORTING-TESTS.07","","Tue Nov 26 20:34:15 GMT 2024","passed","Tue Nov 26 20:34:15 GMT 2024","","HYPERON-METTALOG-SANITY","HYPERON-METTALOG-SANITY",""
"","44000","hyperon-mettalog_sanity.compile_tests_mw","","Tue Nov 26 20:29:34 GMT 2024","failed","Tue Nov 26 20:30:18 GMT 2024","","WHOLE-TESTS","WHOLE-TESTS",""
"","262","TIME-SYNTHESIZE-SHORT.01","","Tue Nov 26 20:47:21 GMT 2024","passed","Tue Nov 26 20:47:21 GMT 2024","","SYNTH-BUFFER","SYNTH-BUFFER",""
"","18709","F1-IMPORTS.01","","Tue Nov 26 20:29:03 GMT 2024","failed","Tue Nov 26 20:29:21 GMT 2024","","MODULE-SYSTEM","MODULE-SYSTEM",""
"","41000","hyperon-mettalog_sanity.output_load_tests","","Tue Nov 26 20:29:34 GMT 2024","failed","Tue Nov 26 20:30:15 GMT 2024","","WHOLE-TESTS","WHOLE-TESTS",""
"","49","AUTO-COERCE.37","","Tue Nov 26 20:34:15 GMT 2024","failed","Tue Nov 26 20:34:15 GMT 2024","","HYPERON-METTALOG-SANITY","HYPERON-METTALOG-SANITY",""
"","3","INTERSECTION-TESTS.19","","Tue Nov 26 20:34:15 GMT 2024","passed","Tue Nov 26 20:34:15 GMT 2024","","HYPERON-METTALOG-SANITY","HYPERON-METTALOG-SANITY",""
"","9000","hyperon-mettalog_sanity.01_lang_inc","","Tue Nov 26 20:29:34 GMT 2024","passed","Tue Nov 26 20:29:43 GMT 2024","","WHOLE-TESTS","WHOLE-TESTS",""
"","10000","hyperon-experimental_scripts.b4_nondeterm","","Tue Nov 26 20:29:34 GMT 2024","passed","Tue Nov 26 20:29:44 GMT 2024","","WHOLE-TESTS","WHOLE-TESTS",""
"","15","D1-GADT.04","","Tue Nov 26 20:29:44 GMT 2024","passed","Tue Nov 26 20:29:44 GMT 2024","","HYPERON-EXPERIMENTAL-SCRIPTS","HYPERON-EXPERIMENTAL-SCRIPTS",""
"","1","INDEX-MIN-FUNCTIONS-EXTRA-2.04","","Tue Nov 26 20:34:15 GMT 2024","passed","Tue Nov 26 20:34:15 GMT 2024","","HYPERON-METTALOG-SANITY","HYPERON-METTALOG-SANITY",""
"","3","METTA-THE-FUNCTION.01","","Tue Nov 26 20:34:15 GMT 2024","passed","Tue Nov 26 20:34:15 GMT 2024","","HYPERON-METTALOG-SANITY","HYPERON-METTALOG-SANITY",""
"","2","06-MATCH-IN-SPACE.02","","Tue Nov 26 20:34:15 GMT 2024","passed","Tue Nov 26 20:34:15 GMT 2024","","HYPERON-METTALOG-SANITY","HYPERON-METTALOG-SANITY",""
"","2","INTERSECTION-TESTS.09","","Tue Nov 26 20:34:15 GMT 2024","passed","Tue Nov 26 20:34:15 GMT 2024","","HYPERON-METTALOG-SANITY","HYPERON-METTALOG-SANITY",""
"","2","B1-EQUAL-CHAIN.06","","Tue Nov 26 20:29:44 GMT 2024","passed","Tue Nov 26 20:29:44 GMT 2024","","HYPERON-EXPERIMENTAL-SCRIPTS","HYPERON-EXPERIMENTAL-SCRIPTS",""
"","4","AUTO-COERCE.01","","Tue Nov 26 20:34:15 GMT 2024","passed","Tue Nov 26 20:34:15 GMT 2024","","HYPERON-METTALOG-SANITY","HYPERON-METTALOG-SANITY",""
"","3","INTERSECTION-TESTS.18","","Tue Nov 26 20:34:15 GMT 2024","passed","Tue Nov 26 20:34:15 GMT 2024","","HYPERON-METTALOG-SANITY","HYPERON-METTALOG-SANITY",""
"","3","TYPES2.03","","Tue Nov 26 20:49:57 GMT 2024","passed","Tue Nov 26 20:49:57 GMT 2024","","METTA-MORPH-TESTS","METTA-MORPH-TESTS",""
"","1","F1-IMPORTS.10","","Tue Nov 26 20:29:44 GMT 2024","passed","Tue Nov 26 20:29:44 GMT 2024","","HYPERON-EXPERIMENTAL-SCRIPTS","HYPERON-EXPERIMENTAL-SCRIPTS",""
"","3","INDEX-MIN-FUNCTIONS-EXTRA-1.33","","Tue Nov 26 20:34:15 GMT 2024","passed","Tue Nov 26 20:34:15 GMT 2024","","HYPERON-METTALOG-SANITY","HYPERON-METTALOG-SANITY",""
"","17","00-LANG-CASE.11","","Tue Nov 26 20:34:15 GMT 2024","passed","Tue Nov 26 20:34:15 GMT 2024","","HYPERON-METTALOG-SANITY","HYPERON-METTALOG-SANITY",""
"","2","STRING-TESTS.02","","Tue Nov 26 20:34:15 GMT 2024","passed","Tue Nov 26 20:34:15 GMT 2024","","HYPERON-METTALOG-SANITY","HYPERON-METTALOG-SANITY",""
"","2","CALL-CLEANUP-TESTS.08","","Tue Nov 26 20:34:15 GMT 2024","passed","Tue Nov 26 20:34:15 GMT 2024","","HYPERON-METTALOG-SANITY","HYPERON-METTALOG-SANITY",""
"","3","SPACE-SUBTRACTION-TESTS.01","","Tue Nov 26 20:34:15 GMT 2024","passed","Tue Nov 26 20:34:15 GMT 2024","","HYPERON-METTALOG-SANITY","HYPERON-METTALOG-SANITY",""
"","2","SORTING-TESTS-NATS.22","","Tue Nov 26 20:34:15 GMT 2024","passed","Tue Nov 26 20:34:15 GMT 2024","","HYPERON-METTALOG-SANITY","HYPERON-METTALOG-SANITY",""
"","80","WHAT-EVALS-OR-NOT.02","","Tue Nov 26 20:34:15 GMT 2024","failed","Tue Nov 26 20:34:15 GMT 2024","","HYPERON-METTALOG-SANITY","HYPERON-METTALOG-SANITY",""
"","3","HYPERPOSE.10","","Tue Nov 26 20:49:57 GMT 2024","passed","Tue Nov 26 20:49:57 GMT 2024","","METTA-MORPH-TESTS","METTA-MORPH-TESTS",""
"","1","E2-STATES.05","","Tue Nov 26 20:29:44 GMT 2024","passed","Tue Nov 26 20:29:44 GMT 2024","","HYPERON-EXPERIMENTAL-SCRIPTS","HYPERON-EXPERIMENTAL-SCRIPTS",""
"","2","SORTING-TESTS-NATS.17","","Tue Nov 26 20:34:15 GMT 2024","passed","Tue Nov 26 20:34:15 GMT 2024","","HYPERON-METTALOG-SANITY","HYPERON-METTALOG-SANITY",""
"","14","D1-GADT.09","","Tue Nov 26 20:29:44 GMT 2024","passed","Tue Nov 26 20:29:44 GMT 2024","","HYPERON-EXPERIMENTAL-SCRIPTS","HYPERON-EXPERIMENTAL-SCRIPTS",""
"","2","SEALED-TEST.04","","Tue Nov 26 20:34:15 GMT 2024","passed","Tue Nov 26 20:34:15 GMT 2024","","HYPERON-METTALOG-SANITY","HYPERON-METTALOG-SANITY",""
"","1","SUPERCOLLAPSE.05","","Tue Nov 26 20:49:57 GMT 2024","passed","Tue Nov 26 20:49:57 GMT 2024","","METTA-MORPH-TESTS","METTA-MORPH-TESTS",""
"","10000","metta-morph_tests.zeroargs","","Tue Nov 26 20:29:34 GMT 2024","passed","Tue Nov 26 20:29:44 GMT 2024","","WHOLE-TESTS","WHOLE-TESTS",""
"","3","SORTING-TESTS.18","","Tue Nov 26 20:34:15 GMT 2024","passed","Tue Nov 26 20:34:15 GMT 2024","","HYPERON-METTALOG-SANITY","HYPERON-METTALOG-SANITY",""
"","2","PY-TYPES.02","","Tue Nov 26 20:34:15 GMT 2024","passed","Tue Nov 26 20:34:15 GMT 2024","","HYPERON-METTALOG-SANITY","HYPERON-METTALOG-SANITY",""
"","2","B4-NONDETERM.05","","Tue Nov 26 20:29:44 GMT 2024","passed","Tue Nov 26 20:29:44 GMT 2024","","HYPERON-EXPERIMENTAL-SCRIPTS","HYPERON-EXPERIMENTAL-SCRIPTS",""
"","1","AUTO-COERCE.03","","Tue Nov 26 20:34:15 GMT 2024","passed","Tue Nov 26 20:34:15 GMT 2024","","HYPERON-METTALOG-SANITY","HYPERON-METTALOG-SANITY",""
"","2","IS-SPACE.02","","Tue Nov 26 20:34:15 GMT 2024","passed","Tue Nov 26 20:34:15 GMT 2024","","HYPERON-METTALOG-SANITY","HYPERON-METTALOG-SANITY",""
"","1","SEQUENTIAL-NESTED.10","","Tue Nov 26 20:49:57 GMT 2024","passed","Tue Nov 26 20:49:57 GMT 2024","","METTA-MORPH-TESTS","METTA-MORPH-TESTS",""
"","18","F1-IMPORTS.04","","Tue Nov 26 20:29:03 GMT 2024","failed","Tue Nov 26 20:29:03 GMT 2024","","MODULE-SYSTEM","MODULE-SYSTEM",""
"","2","B5-TYPES-PRELIM.10","","Tue Nov 26 20:29:44 GMT 2024","passed","Tue Nov 26 20:29:44 GMT 2024","","HYPERON-EXPERIMENTAL-SCRIPTS","HYPERON-EXPERIMENTAL-SCRIPTS",""
"","10000","hyperon-mettalog_sanity.first_answer_long","","Tue Nov 26 20:29:34 GMT 2024","passed","Tue Nov 26 20:29:44 GMT 2024","","WHOLE-TESTS","WHOLE-TESTS",""
"","2","MINIMAL-METTA-TESTS.47","","Tue Nov 26 20:34:15 GMT 2024","passed","Tue Nov 26 20:34:15 GMT 2024","","HYPERON-METTALOG-SANITY","HYPERON-METTALOG-SANITY",""
"","92","BASE-TEST-REPR-PARSE-INTERSECTION.02","","Tue Nov 26 20:34:15 GMT 2024","passed","Tue Nov 26 20:34:15 GMT 2024","","HYPERON-METTALOG-SANITY","HYPERON-METTALOG-SANITY",""
"","1","CATCH-THROW-TESTS.10","","Tue Nov 26 20:34:15 GMT 2024","passed","Tue Nov 26 20:34:15 GMT 2024","","HYPERON-METTALOG-SANITY","HYPERON-METTALOG-SANITY",""
"","2","METTA-THE-FUNCTION.03","","Tue Nov 26 20:34:15 GMT 2024","passed","Tue Nov 26 20:34:15 GMT 2024","","HYPERON-METTALOG-SANITY","HYPERON-METTALOG-SANITY",""
"","1","D1-GADT.14","","Tue Nov 26 20:29:44 GMT 2024","passed","Tue Nov 26 20:29:44 GMT 2024","","HYPERON-EXPERIMENTAL-SCRIPTS","HYPERON-EXPERIMENTAL-SCRIPTS",""
"","2","WHAT-EVALS-OR-NOT.05","","Tue Nov 26 20:34:15 GMT 2024","passed","Tue Nov 26 20:34:15 GMT 2024","","HYPERON-METTALOG-SANITY","HYPERON-METTALOG-SANITY",""
"","3","ZEROARGS.01","","Tue Nov 26 20:49:57 GMT 2024","passed","Tue Nov 26 20:49:57 GMT 2024","","METTA-MORPH-TESTS","METTA-MORPH-TESTS",""
"","75","F1-IMPORTS.16","","Tue Nov 26 20:29:44 GMT 2024","passed","Tue Nov 26 20:29:44 GMT 2024","","HYPERON-EXPERIMENTAL-SCRIPTS","HYPERON-EXPERIMENTAL-SCRIPTS",""
"","78","INHERIT-OR-NOT-TESTS.06","","Tue Nov 26 20:34:15 GMT 2024","failed","Tue Nov 26 20:34:15 GMT 2024","","HYPERON-METTALOG-SANITY","HYPERON-METTALOG-SANITY",""
"","77","WHAT-EVALS-OR-NOT.09","","Tue Nov 26 20:34:15 GMT 2024","failed","Tue Nov 26 20:34:15 GMT 2024","","HYPERON-METTALOG-SANITY","HYPERON-METTALOG-SANITY",""
"","23","FIRST-ANSWER.01","","Tue Nov 26 20:34:15 GMT 2024","failed","Tue Nov 26 20:34:15 GMT 2024","","HYPERON-METTALOG-SANITY","HYPERON-METTALOG-SANITY",""
"","20","INHERIT-OR-NOT-TESTS.02","","Tue Nov 26 20:34:15 GMT 2024","failed","Tue Nov 26 20:34:15 GMT 2024","","HYPERON-METTALOG-SANITY","HYPERON-METTALOG-SANITY",""
"","2","D1-GADT.06","","Tue Nov 26 20:29:44 GMT 2024","passed","Tue Nov 26 20:29:44 GMT 2024","","HYPERON-EXPERIMENTAL-SCRIPTS","HYPERON-EXPERIMENTAL-SCRIPTS",""
"","2","AUTO-COERCE.23","","Tue Nov 26 20:34:15 GMT 2024","passed","Tue Nov 26 20:34:15 GMT 2024","","HYPERON-METTALOG-SANITY","HYPERON-METTALOG-SANITY",""
"","10000","hyperon-mettalog_sanity.method_selection_tests","","Tue Nov 26 20:29:34 GMT 2024","passed","Tue Nov 26 20:29:44 GMT 2024","","WHOLE-TESTS","WHOLE-TESTS",""
"","2","INHERIT-OR-NOT-TESTS.08","","Tue Nov 26 20:34:15 GMT 2024","passed","Tue Nov 26 20:34:15 GMT 2024","","HYPERON-METTALOG-SANITY","HYPERON-METTALOG-SANITY",""
"","127","PY-TYPES.05","","Tue Nov 26 20:34:15 GMT 2024","failed","Tue Nov 26 20:34:15 GMT 2024","","HYPERON-METTALOG-SANITY","HYPERON-METTALOG-SANITY",""
"","2","STRING-TESTS.04","","Tue Nov 26 20:34:15 GMT 2024","passed","Tue Nov 26 20:34:15 GMT 2024","","HYPERON-METTALOG-SANITY","HYPERON-METTALOG-SANITY",""
"","10000","hyperon-mettalog_sanity.eval_for_tests_mw","","Tue Nov 26 20:29:34 GMT 2024","passed","Tue Nov 26 20:29:44 GMT 2024","","WHOLE-TESTS","WHOLE-TESTS",""
"","1","B5-TYPES-PRELIM.12","","Tue Nov 26 20:29:44 GMT 2024","passed","Tue Nov 26 20:29:44 GMT 2024","","HYPERON-EXPERIMENTAL-SCRIPTS","HYPERON-EXPERIMENTAL-SCRIPTS",""
"","1","E3-MATCH-STATES.02","","Tue Nov 26 20:29:44 GMT 2024","passed","Tue Nov 26 20:29:44 GMT 2024","","HYPERON-EXPERIMENTAL-SCRIPTS","HYPERON-EXPERIMENTAL-SCRIPTS",""
"","2","INTERSECTION-TESTS.10","","Tue Nov 26 20:34:15 GMT 2024","passed","Tue Nov 26 20:34:15 GMT 2024","","HYPERON-METTALOG-SANITY","HYPERON-METTALOG-SANITY",""
"","2","MINIMAL-METTA-TESTS.46","","Tue Nov 26 20:34:15 GMT 2024","passed","Tue Nov 26 20:34:15 GMT 2024","","HYPERON-METTALOG-SANITY","HYPERON-METTALOG-SANITY",""
"","1","FLIP-TEST.02","","Tue Nov 26 20:34:15 GMT 2024","passed","Tue Nov 26 20:34:15 GMT 2024","","HYPERON-METTALOG-SANITY","HYPERON-METTALOG-SANITY",""
"","2","STRING-TESTS.14","","Tue Nov 26 20:34:15 GMT 2024","passed","Tue Nov 26 20:34:15 GMT 2024","","HYPERON-METTALOG-SANITY","HYPERON-METTALOG-SANITY",""
"","3","STRING-TESTS.15","","Tue Nov 26 20:34:15 GMT 2024","passed","Tue Nov 26 20:34:15 GMT 2024","","HYPERON-METTALOG-SANITY","HYPERON-METTALOG-SANITY",""
"","42000","metta-morph_tests.states_spaces","","Tue Nov 26 20:29:34 GMT 2024","failed","Tue Nov 26 20:30:16 GMT 2024","","WHOLE-TESTS","WHOLE-TESTS",""
"","2","F1-MODULEA.07","","Tue Nov 26 20:29:44 GMT 2024","passed","Tue Nov 26 20:29:44 GMT 2024","","HYPERON-EXPERIMENTAL-SCRIPTS","HYPERON-EXPERIMENTAL-SCRIPTS",""
"","22","INDEX-MIN-FUNCTIONS-EXTRA-1.32","","Tue Nov 26 20:34:15 GMT 2024","failed","Tue Nov 26 20:34:15 GMT 2024","","HYPERON-METTALOG-SANITY","HYPERON-METTALOG-SANITY",""
"","2","F1-MODULEA.05","","Tue Nov 26 20:29:44 GMT 2024","passed","Tue Nov 26 20:29:44 GMT 2024","","HYPERON-EXPERIMENTAL-SCRIPTS","HYPERON-EXPERIMENTAL-SCRIPTS",""
"","9000","metta-morph_tests.peano","","Tue Nov 26 20:29:34 GMT 2024","passed","Tue Nov 26 20:29:43 GMT 2024","","WHOLE-TESTS","WHOLE-TESTS",""
"","2","AUTO-COERCE.47","","Tue Nov 26 20:34:15 GMT 2024","passed","Tue Nov 26 20:34:15 GMT 2024","","HYPERON-METTALOG-SANITY","HYPERON-METTALOG-SANITY",""
"","4","CALL-TESTS.01","","Tue Nov 26 20:34:15 GMT 2024","passed","Tue Nov 26 20:34:15 GMT 2024","","HYPERON-METTALOG-SANITY","HYPERON-METTALOG-SANITY",""
"","169","SORTING-TESTS-NATS.25","","Tue Nov 26 20:34:15 GMT 2024","failed","Tue Nov 26 20:34:15 GMT 2024","","HYPERON-METTALOG-SANITY","HYPERON-METTALOG-SANITY",""
"","2","00-LANG-CASE.09","","Tue Nov 26 20:34:15 GMT 2024","passed","Tue Nov 26 20:34:15 GMT 2024","","HYPERON-METTALOG-SANITY","HYPERON-METTALOG-SANITY",""
"","46000","hyperon-mettalog_sanity.py_types","","Tue Nov 26 20:29:34 GMT 2024","failed","Tue Nov 26 20:30:20 GMT 2024","","WHOLE-TESTS","WHOLE-TESTS",""
"","5","IF.01","","Tue Nov 26 20:49:57 GMT 2024","passed","Tue Nov 26 20:49:57 GMT 2024","","METTA-MORPH-TESTS","METTA-MORPH-TESTS",""
"","3","EVAL-FOR-TESTS.10","","Tue Nov 26 20:34:15 GMT 2024","passed","Tue Nov 26 20:34:15 GMT 2024","","HYPERON-METTALOG-SANITY","HYPERON-METTALOG-SANITY",""
"","68","EVAL-FOR-TESTS.02","","Tue Nov 26 20:34:15 GMT 2024","failed","Tue Nov 26 20:34:15 GMT 2024","","HYPERON-METTALOG-SANITY","HYPERON-METTALOG-SANITY",""
"","2","E2-STATES.06","","Tue Nov 26 20:29:44 GMT 2024","passed","Tue Nov 26 20:29:44 GMT 2024","","HYPERON-EXPERIMENTAL-SCRIPTS","HYPERON-EXPERIMENTAL-SCRIPTS",""
"","9000","metta-morph_tests.factorial","","Tue Nov 26 20:29:34 GMT 2024","passed","Tue Nov 26 20:29:43 GMT 2024","","WHOLE-TESTS","WHOLE-TESTS",""
"","28","MATH-HYPHEN-FUNCTIONS.05","","Tue Nov 26 20:34:15 GMT 2024","passed","Tue Nov 26 20:34:15 GMT 2024","","HYPERON-METTALOG-SANITY","HYPERON-METTALOG-SANITY",""
"","2","FUNCTIONAL-PROGRAMMING-TESTS.02","","Tue Nov 26 20:34:15 GMT 2024","passed","Tue Nov 26 20:34:15 GMT 2024","","HYPERON-METTALOG-SANITY","HYPERON-METTALOG-SANITY",""
"","95","PY-TYPES.03","","Tue Nov 26 20:34:15 GMT 2024","passed","Tue Nov 26 20:34:15 GMT 2024","","HYPERON-METTALOG-SANITY","HYPERON-METTALOG-SANITY",""
"","4","CATCH-THROW-TESTS.01","","Tue Nov 26 20:34:15 GMT 2024","passed","Tue Nov 26 20:34:15 GMT 2024","","HYPERON-METTALOG-SANITY","HYPERON-METTALOG-SANITY",""
"","26","TIME-SYNTHESIZE-SHORT.03","","Tue Nov 26 20:47:21 GMT 2024","failed","Tue Nov 26 20:47:21 GMT 2024","","SYNTH-BUFFER","SYNTH-BUFFER",""
"","3","SPACE-INTERSECTION-TESTS.01","","Tue Nov 26 20:34:15 GMT 2024","passed","Tue Nov 26 20:34:15 GMT 2024","","HYPERON-METTALOG-SANITY","HYPERON-METTALOG-SANITY",""
"","10000","hyperon-experimental_scripts.g1_docs","","Tue Nov 26 20:29:34 GMT 2024","passed","Tue Nov 26 20:29:44 GMT 2024","","WHOLE-TESTS","WHOLE-TESTS",""
"","9000","hyperon-mettalog_sanity.subtraction_test","","Tue Nov 26 20:29:34 GMT 2024","passed","Tue Nov 26 20:29:43 GMT 2024","","WHOLE-TESTS","WHOLE-TESTS",""
"","10000","hyperon-mettalog_sanity.structure-tests","","Tue Nov 26 20:29:34 GMT 2024","passed","Tue Nov 26 20:29:44 GMT 2024","","WHOLE-TESTS","WHOLE-TESTS",""
"","2","B5-TYPES-PRELIM.03","","Tue Nov 26 20:29:44 GMT 2024","passed","Tue Nov 26 20:29:44 GMT 2024","","HYPERON-EXPERIMENTAL-SCRIPTS","HYPERON-EXPERIMENTAL-SCRIPTS",""
"","3","INTERSECTION-TESTS.11","","Tue Nov 26 20:34:15 GMT 2024","passed","Tue Nov 26 20:34:15 GMT 2024","","HYPERON-METTALOG-SANITY","HYPERON-METTALOG-SANITY",""
"","12000","metta-morph_tests.minnars","","Tue Nov 26 20:29:34 GMT 2024","passed","Tue Nov 26 20:29:46 GMT 2024","","WHOLE-TESTS","WHOLE-TESTS",""
"","9000","hyperon-mettalog_sanity.unique_test","","Tue Nov 26 20:29:34 GMT 2024","passed","Tue Nov 26 20:29:43 GMT 2024","","WHOLE-TESTS","WHOLE-TESTS",""
"","57","RUST-TESTS.08","","Tue Nov 26 20:34:15 GMT 2024","failed","Tue Nov 26 20:34:15 GMT 2024","","HYPERON-METTALOG-SANITY","HYPERON-METTALOG-SANITY",""
"","2","AUTO-COERCE.16","","Tue Nov 26 20:34:15 GMT 2024","passed","Tue Nov 26 20:34:15 GMT 2024","","HYPERON-METTALOG-SANITY","HYPERON-METTALOG-SANITY",""
"","11000","hyperon-mettalog_sanity.functional_programming_tests","","Tue Nov 26 20:29:34 GMT 2024","passed","Tue Nov 26 20:29:45 GMT 2024","","WHOLE-TESTS","WHOLE-TESTS",""
"","3","F1-IMPORTS.14","","Tue Nov 26 20:29:03 GMT 2024","passed","Tue Nov 26 20:29:03 GMT 2024","","MODULE-SYSTEM","MODULE-SYSTEM",""
"","1","INDEX-MIN-FUNCTIONS-EXTRA-1.51","","Tue Nov 26 20:34:15 GMT 2024","passed","Tue Nov 26 20:34:15 GMT 2024","","HYPERON-METTALOG-SANITY","HYPERON-METTALOG-SANITY",""
"","4","MINIMAL-METTA-TESTS.01","","Tue Nov 26 20:34:15 GMT 2024","passed","Tue Nov 26 20:34:15 GMT 2024","","HYPERON-METTALOG-SANITY","HYPERON-METTALOG-SANITY",""
"","2","SORTING-TESTS.16","","Tue Nov 26 20:34:15 GMT 2024","passed","Tue Nov 26 20:34:15 GMT 2024","","HYPERON-METTALOG-SANITY","HYPERON-METTALOG-SANITY",""
"","2","INTERSECTION-TESTS.04","","Tue Nov 26 20:34:15 GMT 2024","passed","Tue Nov 26 20:34:15 GMT 2024","","HYPERON-METTALOG-SANITY","HYPERON-METTALOG-SANITY",""
"","3","MATH-HYPHEN-FUNCTIONS.01","","Tue Nov 26 20:34:15 GMT 2024","passed","Tue Nov 26 20:34:15 GMT 2024","","HYPERON-METTALOG-SANITY","HYPERON-METTALOG-SANITY",""
"","1","INDEX-MIN-FUNCTIONS-EXTRA-1.43","","Tue Nov 26 20:34:15 GMT 2024","passed","Tue Nov 26 20:34:15 GMT 2024","","HYPERON-METTALOG-SANITY","HYPERON-METTALOG-SANITY",""
"","5","A1-SYMBOLS.01","","Tue Nov 26 20:29:44 GMT 2024","passed","Tue Nov 26 20:29:44 GMT 2024","","HYPERON-EXPERIMENTAL-SCRIPTS","HYPERON-EXPERIMENTAL-SCRIPTS",""
"","5","AUTO-COERCE.40","","Tue Nov 26 20:34:15 GMT 2024","passed","Tue Nov 26 20:34:15 GMT 2024","","HYPERON-METTALOG-SANITY","HYPERON-METTALOG-SANITY",""
"","5","LET-SUPERPOSE-IF-CASE.01","","Tue Nov 26 20:49:57 GMT 2024","passed","Tue Nov 26 20:49:57 GMT 2024","","METTA-MORPH-TESTS","METTA-MORPH-TESTS",""
"","2","06-MATCH-IN-SPACE.06","","Tue Nov 26 20:34:15 GMT 2024","passed","Tue Nov 26 20:34:15 GMT 2024","","HYPERON-METTALOG-SANITY","HYPERON-METTALOG-SANITY",""
"","1","B3-DIRECT.02","","Tue Nov 26 20:29:44 GMT 2024","passed","Tue Nov 26 20:29:44 GMT 2024","","HYPERON-EXPERIMENTAL-SCRIPTS","HYPERON-EXPERIMENTAL-SCRIPTS",""
"","2","STRING-TESTS.19","","Tue Nov 26 20:34:15 GMT 2024","passed","Tue Nov 26 20:34:15 GMT 2024","","HYPERON-METTALOG-SANITY","HYPERON-METTALOG-SANITY",""
"","2","SORTING-TESTS.14","","Tue Nov 26 20:34:15 GMT 2024","passed","Tue Nov 26 20:34:15 GMT 2024","","HYPERON-METTALOG-SANITY","HYPERON-METTALOG-SANITY",""
"","2","C2-SPACES.03","","Tue Nov 26 20:29:44 GMT 2024","passed","Tue Nov 26 20:29:44 GMT 2024","","HYPERON-EXPERIMENTAL-SCRIPTS","HYPERON-EXPERIMENTAL-SCRIPTS",""
"","2","INTERSECTION-TESTS.13","","Tue Nov 26 20:34:15 GMT 2024","passed","Tue Nov 26 20:34:15 GMT 2024","","HYPERON-METTALOG-SANITY","HYPERON-METTALOG-SANITY",""
"","2","AUTO-COERCE.02","","Tue Nov 26 20:34:15 GMT 2024","passed","Tue Nov 26 20:34:15 GMT 2024","","HYPERON-METTALOG-SANITY","HYPERON-METTALOG-SANITY",""
"","1","SPACE-INTERSECTION-TESTS.02","","Tue Nov 26 20:34:15 GMT 2024","passed","Tue Nov 26 20:34:15 GMT 2024","","HYPERON-METTALOG-SANITY","HYPERON-METTALOG-SANITY",""
"","2","F1-IMPORTS.18","","Tue Nov 26 20:29:44 GMT 2024","passed","Tue Nov 26 20:29:44 GMT 2024","","HYPERON-EXPERIMENTAL-SCRIPTS","HYPERON-EXPERIMENTAL-SCRIPTS",""
"","5","UNIQUE-TEST.01","","Tue Nov 26 20:34:15 GMT 2024","passed","Tue Nov 26 20:34:15 GMT 2024","","HYPERON-METTALOG-SANITY","HYPERON-METTALOG-SANITY",""
"","4","FLIP-TEST.01","","Tue Nov 26 20:34:15 GMT 2024","passed","Tue Nov 26 20:34:15 GMT 2024","","HYPERON-METTALOG-SANITY","HYPERON-METTALOG-SANITY",""
"","1","CATCH-THROW-TESTS.09","","Tue Nov 26 20:34:15 GMT 2024","passed","Tue Nov 26 20:34:15 GMT 2024","","HYPERON-METTALOG-SANITY","HYPERON-METTALOG-SANITY",""
"","4","ARITY-TESTS.01","","Tue Nov 26 20:34:15 GMT 2024","passed","Tue Nov 26 20:34:15 GMT 2024","","HYPERON-METTALOG-SANITY","HYPERON-METTALOG-SANITY",""
"","2","TYPES2.04","","Tue Nov 26 20:49:57 GMT 2024","passed","Tue Nov 26 20:49:57 GMT 2024","","METTA-MORPH-TESTS","METTA-MORPH-TESTS",""
"","2","STRING-TESTS.08","","Tue Nov 26 20:34:15 GMT 2024","passed","Tue Nov 26 20:34:15 GMT 2024","","HYPERON-METTALOG-SANITY","HYPERON-METTALOG-SANITY",""
"","9000","hyperon-mettalog_sanity.what_evals_or_not","","Tue Nov 26 20:29:34 GMT 2024","passed","Tue Nov 26 20:29:43 GMT 2024","","WHOLE-TESTS","WHOLE-TESTS",""
"","2","B0-CHAINING-PRELIM.02","","Tue Nov 26 20:29:44 GMT 2024","passed","Tue Nov 26 20:29:44 GMT 2024","","HYPERON-EXPERIMENTAL-SCRIPTS","HYPERON-EXPERIMENTAL-SCRIPTS",""
"","2","F1-IMPORTS.09","","Tue Nov 26 20:29:03 GMT 2024","passed","Tue Nov 26 20:29:03 GMT 2024","","MODULE-SYSTEM","MODULE-SYSTEM",""
"","120","MINIMAL-METTA-TESTS.07","","Tue Nov 26 20:34:15 GMT 2024","failed","Tue Nov 26 20:34:15 GMT 2024","","HYPERON-METTALOG-SANITY","HYPERON-METTALOG-SANITY",""
"","2","OR-TEST.06","","Tue Nov 26 20:34:15 GMT 2024","passed","Tue Nov 26 20:34:15 GMT 2024","","HYPERON-METTALOG-SANITY","HYPERON-METTALOG-SANITY",""
"","1","B5-TYPES-PRELIM.20","","Tue Nov 26 20:29:44 GMT 2024","passed","Tue Nov 26 20:29:44 GMT 2024","","HYPERON-EXPERIMENTAL-SCRIPTS","HYPERON-EXPERIMENTAL-SCRIPTS",""
"","2","FIND-ALL-TESTS.04","","Tue Nov 26 20:34:15 GMT 2024","passed","Tue Nov 26 20:34:15 GMT 2024","","HYPERON-METTALOG-SANITY","HYPERON-METTALOG-SANITY",""
"","9000","hyperon-mettalog_sanity.is_space","","Tue Nov 26 20:29:34 GMT 2024","passed","Tue Nov 26 20:29:43 GMT 2024","","WHOLE-TESTS","WHOLE-TESTS",""
"","3","STATES-SPACES.01","","Tue Nov 26 20:49:57 GMT 2024","passed","Tue Nov 26 20:49:57 GMT 2024","","METTA-MORPH-TESTS","METTA-MORPH-TESTS",""
"","2","UNIQUE-TEST.10","","Tue Nov 26 20:34:15 GMT 2024","passed","Tue Nov 26 20:34:15 GMT 2024","","HYPERON-METTALOG-SANITY","HYPERON-METTALOG-SANITY",""
"","2","STRING-TESTS.21","","Tue Nov 26 20:34:15 GMT 2024","passed","Tue Nov 26 20:34:15 GMT 2024","","HYPERON-METTALOG-SANITY","HYPERON-METTALOG-SANITY",""
"","86","MINIMAL-METTA-TESTS.08","","Tue Nov 26 20:34:15 GMT 2024","failed","Tue Nov 26 20:34:15 GMT 2024","","HYPERON-METTALOG-SANITY","HYPERON-METTALOG-SANITY",""
"","4","IS-SPACE.01","","Tue Nov 26 20:34:15 GMT 2024","passed","Tue Nov 26 20:34:15 GMT 2024","","HYPERON-METTALOG-SANITY","HYPERON-METTALOG-SANITY",""
"","4","SEALED-TEST.03","","Tue Nov 26 20:34:15 GMT 2024","passed","Tue Nov 26 20:34:15 GMT 2024","","HYPERON-METTALOG-SANITY","HYPERON-METTALOG-SANITY",""
"","1","B5-TYPES-PRELIM.26","","Tue Nov 26 20:29:44 GMT 2024","passed","Tue Nov 26 20:29:44 GMT 2024","","HYPERON-EXPERIMENTAL-SCRIPTS","HYPERON-EXPERIMENTAL-SCRIPTS",""
"","3","E2-STATES.11","","Tue Nov 26 20:29:44 GMT 2024","passed","Tue Nov 26 20:29:44 GMT 2024","","HYPERON-EXPERIMENTAL-SCRIPTS","HYPERON-EXPERIMENTAL-SCRIPTS",""
"","13","INDEX-MIN-FUNCTIONS-EXTRA-1.39","","Tue Nov 26 20:34:15 GMT 2024","failed","Tue Nov 26 20:34:15 GMT 2024","","HYPERON-METTALOG-SANITY","HYPERON-METTALOG-SANITY",""
"","3","STRING-TESTS.06","","Tue Nov 26 20:34:15 GMT 2024","passed","Tue Nov 26 20:34:15 GMT 2024","","HYPERON-METTALOG-SANITY","HYPERON-METTALOG-SANITY",""
"","2","INDEX-MIN-FUNCTIONS-EXTRA-1.53","","Tue Nov 26 20:34:15 GMT 2024","passed","Tue Nov 26 20:34:15 GMT 2024","","HYPERON-METTALOG-SANITY","HYPERON-METTALOG-SANITY",""
"","1","B2-BACKCHAIN.02","","Tue Nov 26 20:29:44 GMT 2024","passed","Tue Nov 26 20:29:44 GMT 2024","","HYPERON-EXPERIMENTAL-SCRIPTS","HYPERON-EXPERIMENTAL-SCRIPTS",""
"","3","D2-HIGHERFUNC.03","","Tue Nov 26 20:29:44 GMT 2024","passed","Tue Nov 26 20:29:44 GMT 2024","","HYPERON-EXPERIMENTAL-SCRIPTS","HYPERON-EXPERIMENTAL-SCRIPTS",""
"","4","METHOD-SELECTION-TESTS.01","","Tue Nov 26 20:34:15 GMT 2024","passed","Tue Nov 26 20:34:15 GMT 2024","","HYPERON-METTALOG-SANITY","HYPERON-METTALOG-SANITY",""
"","57","OUTPUT-LOAD-TESTS.12","","Tue Nov 26 20:34:15 GMT 2024","failed","Tue Nov 26 20:34:15 GMT 2024","","HYPERON-METTALOG-SANITY","HYPERON-METTALOG-SANITY",""
"","2","INDEX-MIN-FUNCTIONS-EXTRA-2.03","","Tue Nov 26 20:34:15 GMT 2024","passed","Tue Nov 26 20:34:15 GMT 2024","","HYPERON-METTALOG-SANITY","HYPERON-METTALOG-SANITY",""
"","9000","metta-morph_tests.let_superpose_if_case","","Tue Nov 26 20:29:34 GMT 2024","passed","Tue Nov 26 20:29:43 GMT 2024","","WHOLE-TESTS","WHOLE-TESTS",""
"","5","00-LANG-CASE.01","","Tue Nov 26 20:34:15 GMT 2024","passed","Tue Nov 26 20:34:15 GMT 2024","","HYPERON-METTALOG-SANITY","HYPERON-METTALOG-SANITY",""
"","1","INDEX-MIN-FUNCTIONS-EXTRA-2.05","","Tue Nov 26 20:34:15 GMT 2024","passed","Tue Nov 26 20:34:15 GMT 2024","","HYPERON-METTALOG-SANITY","HYPERON-METTALOG-SANITY",""
"","3","B1-EQUAL-CHAIN.03","","Tue Nov 26 20:29:44 GMT 2024","passed","Tue Nov 26 20:29:44 GMT 2024","","HYPERON-EXPERIMENTAL-SCRIPTS","HYPERON-EXPERIMENTAL-SCRIPTS",""
"","61","MINIMAL-METTA-TESTS.14","","Tue Nov 26 20:34:15 GMT 2024","passed","Tue Nov 26 20:34:15 GMT 2024","","HYPERON-METTALOG-SANITY","HYPERON-METTALOG-SANITY",""
"","2","SUBTRACTION-TEST.06","","Tue Nov 26 20:34:15 GMT 2024","passed","Tue Nov 26 20:34:15 GMT 2024","","HYPERON-METTALOG-SANITY","HYPERON-METTALOG-SANITY",""
"","9000","hyperon-mettalog_sanity.max_time_tests","","Tue Nov 26 20:29:34 GMT 2024","passed","Tue Nov 26 20:29:43 GMT 2024","","WHOLE-TESTS","WHOLE-TESTS",""
"","2","OR-TEST.18","","Tue Nov 26 20:34:15 GMT 2024","passed","Tue Nov 26 20:34:15 GMT 2024","","HYPERON-METTALOG-SANITY","HYPERON-METTALOG-SANITY",""
"","164","SORTING-TESTS-NATS.19","","Tue Nov 26 20:34:15 GMT 2024","failed","Tue Nov 26 20:34:15 GMT 2024","","HYPERON-METTALOG-SANITY","HYPERON-METTALOG-SANITY",""
"","3","INTERSECTION-TESTS.22","","Tue Nov 26 20:34:15 GMT 2024","passed","Tue Nov 26 20:34:15 GMT 2024","","HYPERON-METTALOG-SANITY","HYPERON-METTALOG-SANITY",""
"","11000","metta-morph_tests.nalifier","","Tue Nov 26 20:29:34 GMT 2024","passed","Tue Nov 26 20:29:45 GMT 2024","","WHOLE-TESTS","WHOLE-TESTS",""
"","2","AUTO-COERCE.32","","Tue Nov 26 20:34:15 GMT 2024","passed","Tue Nov 26 20:34:15 GMT 2024","","HYPERON-METTALOG-SANITY","HYPERON-METTALOG-SANITY",""
"","6","03-SORING-VIA-INSERT.01","","Tue Nov 26 20:34:15 GMT 2024","passed","Tue Nov 26 20:34:15 GMT 2024","","HYPERON-METTALOG-SANITY","HYPERON-METTALOG-SANITY",""
"","1","OR-TEST.16","","Tue Nov 26 20:34:15 GMT 2024","passed","Tue Nov 26 20:34:15 GMT 2024","","HYPERON-METTALOG-SANITY","HYPERON-METTALOG-SANITY",""
"","1","B5-TYPES-PRELIM.05","","Tue Nov 26 20:29:44 GMT 2024","passed","Tue Nov 26 20:29:44 GMT 2024","","HYPERON-EXPERIMENTAL-SCRIPTS","HYPERON-EXPERIMENTAL-SCRIPTS",""
"","2","INTERSECTION-TESTS.17","","Tue Nov 26 20:34:15 GMT 2024","passed","Tue Nov 26 20:34:15 GMT 2024","","HYPERON-METTALOG-SANITY","HYPERON-METTALOG-SANITY",""
"","42000","metta-morph_tests.match_superposed_spaces","","Tue Nov 26 20:29:34 GMT 2024","failed","Tue Nov 26 20:30:16 GMT 2024","","WHOLE-TESTS","WHOLE-TESTS",""
"","2","B0-CHAINING-PRELIM.05","","Tue Nov 26 20:29:44 GMT 2024","passed","Tue Nov 26 20:29:44 GMT 2024","","HYPERON-EXPERIMENTAL-SCRIPTS","HYPERON-EXPERIMENTAL-SCRIPTS",""
"","9000","hyperon-mettalog_sanity.metta_the_function","","Tue Nov 26 20:29:34 GMT 2024","passed","Tue Nov 26 20:29:43 GMT 2024","","WHOLE-TESTS","WHOLE-TESTS",""
"","1","C2-SPACES.04","","Tue Nov 26 20:29:44 GMT 2024","passed","Tue Nov 26 20:29:44 GMT 2024","","HYPERON-EXPERIMENTAL-SCRIPTS","HYPERON-EXPERIMENTAL-SCRIPTS",""
"","2","B5-TYPES-PRELIM.07","","Tue Nov 26 20:29:44 GMT 2024","passed","Tue Nov 26 20:29:44 GMT 2024","","HYPERON-EXPERIMENTAL-SCRIPTS","HYPERON-EXPERIMENTAL-SCRIPTS",""
"","9000","hyperon-mettalog_sanity.06_match_in_space","","Tue Nov 26 20:29:34 GMT 2024","passed","Tue Nov 26 20:29:43 GMT 2024","","WHOLE-TESTS","WHOLE-TESTS",""
"","2","FIND-ALL-TESTS.03","","Tue Nov 26 20:34:15 GMT 2024","passed","Tue Nov 26 20:34:15 GMT 2024","","HYPERON-METTALOG-SANITY","HYPERON-METTALOG-SANITY",""
"","2","AUTO-COERCE.04","","Tue Nov 26 20:34:15 GMT 2024","passed","Tue Nov 26 20:34:15 GMT 2024","","HYPERON-METTALOG-SANITY","HYPERON-METTALOG-SANITY",""
"","45","INDEX-MIN-FUNCTIONS-EXTRA-2.23","","Tue Nov 26 20:34:15 GMT 2024","failed","Tue Nov 26 20:34:15 GMT 2024","","HYPERON-METTALOG-SANITY","HYPERON-METTALOG-SANITY",""
"","9000","hyperon-experimental_scripts.a2_opencoggy","","Tue Nov 26 20:29:34 GMT 2024","passed","Tue Nov 26 20:29:43 GMT 2024","","WHOLE-TESTS","WHOLE-TESTS",""
"","103","BASE-TEST-REPR-PARSE-INTERSECTION.01","","Tue Nov 26 20:34:15 GMT 2024","passed","Tue Nov 26 20:34:15 GMT 2024","","HYPERON-METTALOG-SANITY","HYPERON-METTALOG-SANITY",""
"","2","SUPERCOLLAPSE.06","","Tue Nov 26 20:49:57 GMT 2024","passed","Tue Nov 26 20:49:57 GMT 2024","","METTA-MORPH-TESTS","METTA-MORPH-TESTS",""
"","3","TESTS0.04","","Tue Nov 26 20:49:57 GMT 2024","passed","Tue Nov 26 20:49:57 GMT 2024","","METTA-MORPH-TESTS","METTA-MORPH-TESTS",""
"","2","OUTPUT-LOAD-TESTS.13","","Tue Nov 26 20:34:15 GMT 2024","passed","Tue Nov 26 20:34:15 GMT 2024","","HYPERON-METTALOG-SANITY","HYPERON-METTALOG-SANITY",""
"","102","OUTPUT-LOAD-TESTS.15","","Tue Nov 26 20:34:15 GMT 2024","failed","Tue Nov 26 20:34:15 GMT 2024","","HYPERON-METTALOG-SANITY","HYPERON-METTALOG-SANITY",""
"","2","B1-EQUAL-CHAIN.02","","Tue Nov 26 20:29:44 GMT 2024","passed","Tue Nov 26 20:29:44 GMT 2024","","HYPERON-EXPERIMENTAL-SCRIPTS","HYPERON-EXPERIMENTAL-SCRIPTS",""
"","2","XOR-TEST.11","","Tue Nov 26 20:34:15 GMT 2024","passed","Tue Nov 26 20:34:15 GMT 2024","","HYPERON-METTALOG-SANITY","HYPERON-METTALOG-SANITY",""
"","42000","hyperon-mettalog_sanity.space_intersection_tests","","Tue Nov 26 20:29:34 GMT 2024","failed","Tue Nov 26 20:30:16 GMT 2024","","WHOLE-TESTS","WHOLE-TESTS",""
"","10000","hyperon-experimental_scripts.b5_types_prelim","","Tue Nov 26 20:29:34 GMT 2024","passed","Tue Nov 26 20:29:44 GMT 2024","","WHOLE-TESTS","WHOLE-TESTS",""
"","10000","metta-morph_tests.types2","","Tue Nov 26 20:29:34 GMT 2024","passed","Tue Nov 26 20:29:44 GMT 2024","","WHOLE-TESTS","WHOLE-TESTS",""
"","116","B4-NONDETERM.10","","Tue Nov 26 20:29:44 GMT 2024","passed","Tue Nov 26 20:29:44 GMT 2024","","HYPERON-EXPERIMENTAL-SCRIPTS","HYPERON-EXPERIMENTAL-SCRIPTS",""
"","4","B3-DIRECT.01","","Tue Nov 26 20:29:44 GMT 2024","passed","Tue Nov 26 20:29:44 GMT 2024","","HYPERON-EXPERIMENTAL-SCRIPTS","HYPERON-EXPERIMENTAL-SCRIPTS",""
"","10000","module-system.f1_moduleA","","Tue Nov 26 20:29:34 GMT 2024","passed","Tue Nov 26 20:29:44 GMT 2024","","WHOLE-TESTS","WHOLE-TESTS",""
"","1","F1-IMPORTS.03","","Tue Nov 26 20:29:44 GMT 2024","passed","Tue Nov 26 20:29:44 GMT 2024","","HYPERON-EXPERIMENTAL-SCRIPTS","HYPERON-EXPERIMENTAL-SCRIPTS",""
"","9000","hyperon-experimental_scripts.b2_backchain","","Tue Nov 26 20:29:34 GMT 2024","passed","Tue Nov 26 20:29:43 GMT 2024","","WHOLE-TESTS","WHOLE-TESTS",""
"","3","B1-EQUAL-CHAIN.04","","Tue Nov 26 20:29:44 GMT 2024","passed","Tue Nov 26 20:29:44 GMT 2024","","HYPERON-EXPERIMENTAL-SCRIPTS","HYPERON-EXPERIMENTAL-SCRIPTS",""
"","2","OUTPUT-LOAD-TESTS.16","","Tue Nov 26 20:34:15 GMT 2024","passed","Tue Nov 26 20:34:15 GMT 2024","","HYPERON-METTALOG-SANITY","HYPERON-METTALOG-SANITY",""
"","1","B4-NONDETERM.08","","Tue Nov 26 20:29:44 GMT 2024","passed","Tue Nov 26 20:29:44 GMT 2024","","HYPERON-EXPERIMENTAL-SCRIPTS","HYPERON-EXPERIMENTAL-SCRIPTS",""
"","1","RUST-TESTS.07","","Tue Nov 26 20:34:15 GMT 2024","passed","Tue Nov 26 20:34:15 GMT 2024","","HYPERON-METTALOG-SANITY","HYPERON-METTALOG-SANITY",""
"","1","METHOD-SELECTION-TESTS.04","","Tue Nov 26 20:34:15 GMT 2024","passed","Tue Nov 26 20:34:15 GMT 2024","","HYPERON-METTALOG-SANITY","HYPERON-METTALOG-SANITY",""
"","2","XOR-TEST.09","","Tue Nov 26 20:34:15 GMT 2024","passed","Tue Nov 26 20:34:15 GMT 2024","","HYPERON-METTALOG-SANITY","HYPERON-METTALOG-SANITY",""
"","3","MINIMAL-METTA-TESTS.38","","Tue Nov 26 20:34:15 GMT 2024","passed","Tue Nov 26 20:34:15 GMT 2024","","HYPERON-METTALOG-SANITY","HYPERON-METTALOG-SANITY",""
"","5","SEALED-TEST.07","","Tue Nov 26 20:34:15 GMT 2024","passed","Tue Nov 26 20:34:15 GMT 2024","","HYPERON-METTALOG-SANITY","HYPERON-METTALOG-SANITY",""
"","67","F1-IMPORTS.16","","Tue Nov 26 20:29:03 GMT 2024","passed","Tue Nov 26 20:29:03 GMT 2024","","MODULE-SYSTEM","MODULE-SYSTEM",""
"","2","D2-HIGHERFUNC.25","","Tue Nov 26 20:29:44 GMT 2024","passed","Tue Nov 26 20:29:44 GMT 2024","","HYPERON-EXPERIMENTAL-SCRIPTS","HYPERON-EXPERIMENTAL-SCRIPTS",""
"","2","OR-TEST.13","","Tue Nov 26 20:34:15 GMT 2024","passed","Tue Nov 26 20:34:15 GMT 2024","","HYPERON-METTALOG-SANITY","HYPERON-METTALOG-SANITY",""
"","9","D5-AUTO-TYPES.06","","Tue Nov 26 20:29:44 GMT 2024","passed","Tue Nov 26 20:29:44 GMT 2024","","HYPERON-EXPERIMENTAL-SCRIPTS","HYPERON-EXPERIMENTAL-SCRIPTS",""
"","2","INTERSECTION-TESTS.15","","Tue Nov 26 20:34:15 GMT 2024","passed","Tue Nov 26 20:34:15 GMT 2024","","HYPERON-METTALOG-SANITY","HYPERON-METTALOG-SANITY",""
"","76","FUNCTIONAL-PROGRAMMING-TESTS.06","","Tue Nov 26 20:34:15 GMT 2024","failed","Tue Nov 26 20:34:15 GMT 2024","","HYPERON-METTALOG-SANITY","HYPERON-METTALOG-SANITY",""
"","1","AUTO-COERCE.45","","Tue Nov 26 20:34:15 GMT 2024","passed","Tue Nov 26 20:34:15 GMT 2024","","HYPERON-METTALOG-SANITY","HYPERON-METTALOG-SANITY",""
"","66","F1-IMPORTS.19","","Tue Nov 26 20:29:44 GMT 2024","passed","Tue Nov 26 20:29:44 GMT 2024","","HYPERON-EXPERIMENTAL-SCRIPTS","HYPERON-EXPERIMENTAL-SCRIPTS",""
"","9000","hyperon-experimental_scripts.e3_match_states","","Tue Nov 26 20:29:34 GMT 2024","passed","Tue Nov 26 20:29:43 GMT 2024","","WHOLE-TESTS","WHOLE-TESTS",""
"","2","F1-IMPORTS.02","","Tue Nov 26 20:29:03 GMT 2024","passed","Tue Nov 26 20:29:03 GMT 2024","","MODULE-SYSTEM","MODULE-SYSTEM",""
"","1","CALL-TESTS.11","","Tue Nov 26 20:34:15 GMT 2024","passed","Tue Nov 26 20:34:15 GMT 2024","","HYPERON-METTALOG-SANITY","HYPERON-METTALOG-SANITY",""
"","3","D3-DEPTYPES.05","","Tue Nov 26 20:29:44 GMT 2024","passed","Tue Nov 26 20:29:44 GMT 2024","","HYPERON-EXPERIMENTAL-SCRIPTS","HYPERON-EXPERIMENTAL-SCRIPTS",""
"","2","F1-IMPORTS.05","","Tue Nov 26 20:29:03 GMT 2024","passed","Tue Nov 26 20:29:03 GMT 2024","","MODULE-SYSTEM","MODULE-SYSTEM",""
"","57","RUST-TESTS.02","","Tue Nov 26 20:34:15 GMT 2024","failed","Tue Nov 26 20:34:15 GMT 2024","","HYPERON-METTALOG-SANITY","HYPERON-METTALOG-SANITY",""
"","2","INDEX-MIN-FUNCTIONS-EXTRA-1.04","","Tue Nov 26 20:34:15 GMT 2024","passed","Tue Nov 26 20:34:15 GMT 2024","","HYPERON-METTALOG-SANITY","HYPERON-METTALOG-SANITY",""
"","2","SEALED-TEST.06","","Tue Nov 26 20:34:15 GMT 2024","passed","Tue Nov 26 20:34:15 GMT 2024","","HYPERON-METTALOG-SANITY","HYPERON-METTALOG-SANITY",""
"","7","SEALED-TEST.01","","Tue Nov 26 20:34:15 GMT 2024","passed","Tue Nov 26 20:34:15 GMT 2024","","HYPERON-METTALOG-SANITY","HYPERON-METTALOG-SANITY",""
"","2","UNIQUE-TEST.07","","Tue Nov 26 20:34:15 GMT 2024","passed","Tue Nov 26 20:34:15 GMT 2024","","HYPERON-METTALOG-SANITY","HYPERON-METTALOG-SANITY",""
"","9000","hyperon-experimental_scripts.c2_spaces","","Tue Nov 26 20:29:34 GMT 2024","passed","Tue Nov 26 20:29:43 GMT 2024","","WHOLE-TESTS","WHOLE-TESTS",""
"","9000","hyperon-experimental_scripts.b3_direct","","Tue Nov 26 20:29:34 GMT 2024","passed","Tue Nov 26 20:29:43 GMT 2024","","WHOLE-TESTS","WHOLE-TESTS",""
"","70","SEQUENTIAL-NESTED.11","","Tue Nov 26 20:49:57 GMT 2024","passed","Tue Nov 26 20:49:57 GMT 2024","","METTA-MORPH-TESTS","METTA-MORPH-TESTS",""
"","176","TIME-SYNTHESIZE-LONG.03","","Tue Nov 26 20:47:21 GMT 2024","failed","Tue Nov 26 20:47:21 GMT 2024","","SYNTH-BUFFER","SYNTH-BUFFER",""
"","9000","synth_buffer.synthesize","","Tue Nov 26 20:29:34 GMT 2024","passed","Tue Nov 26 20:29:43 GMT 2024","","WHOLE-TESTS","WHOLE-TESTS",""
"","29000","synth_buffer.time_synthesize","","Tue Nov 26 20:29:34 GMT 2024","passed","Tue Nov 26 20:30:03 GMT 2024","","WHOLE-TESTS","WHOLE-TESTS",""
"","196","TIME-SYNTHESIZE-LONG.01","","Tue Nov 26 20:47:21 GMT 2024","failed","Tue Nov 26 20:47:21 GMT 2024","","SYNTH-BUFFER","SYNTH-BUFFER",""
"","2","BASE-TEST-REPR-PARSE-INTERSECTION.03","","Tue Nov 26 20:34:15 GMT 2024","passed","Tue Nov 26 20:34:15 GMT 2024","","HYPERON-METTALOG-SANITY","HYPERON-METTALOG-SANITY",""
"","97","INTERSECTION-TESTS.21","","Tue Nov 26 20:34:15 GMT 2024","passed","Tue Nov 26 20:34:15 GMT 2024","","HYPERON-METTALOG-SANITY","HYPERON-METTALOG-SANITY",""
"","2","A3-TWOSIDE.03","","Tue Nov 26 20:29:44 GMT 2024","passed","Tue Nov 26 20:29:44 GMT 2024","","HYPERON-EXPERIMENTAL-SCRIPTS","HYPERON-EXPERIMENTAL-SCRIPTS",""
"","105","INDEX-MIN-FUNCTIONS-EXTRA-1.41","","Tue Nov 26 20:34:15 GMT 2024","failed","Tue Nov 26 20:34:15 GMT 2024","","HYPERON-METTALOG-SANITY","HYPERON-METTALOG-SANITY",""
"","2","RUST-TESTS.05","","Tue Nov 26 20:34:15 GMT 2024","passed","Tue Nov 26 20:34:15 GMT 2024","","HYPERON-METTALOG-SANITY","HYPERON-METTALOG-SANITY",""
"","1","AUTO-COERCE.29","","Tue Nov 26 20:34:15 GMT 2024","passed","Tue Nov 26 20:34:15 GMT 2024","","HYPERON-METTALOG-SANITY","HYPERON-METTALOG-SANITY",""
"","2","AUTO-COERCE.30","","Tue Nov 26 20:34:15 GMT 2024","passed","Tue Nov 26 20:34:15 GMT 2024","","HYPERON-METTALOG-SANITY","HYPERON-METTALOG-SANITY",""
"","1","XOR-TEST.05","","Tue Nov 26 20:34:15 GMT 2024","passed","Tue Nov 26 20:34:15 GMT 2024","","HYPERON-METTALOG-SANITY","HYPERON-METTALOG-SANITY",""
"","1","AUTO-COERCE.19","","Tue Nov 26 20:34:15 GMT 2024","passed","Tue Nov 26 20:34:15 GMT 2024","","HYPERON-METTALOG-SANITY","HYPERON-METTALOG-SANITY",""
"","2","AUTO-COERCE.22","","Tue Nov 26 20:34:15 GMT 2024","passed","Tue Nov 26 20:34:15 GMT 2024","","HYPERON-METTALOG-SANITY","HYPERON-METTALOG-SANITY",""
"","4","02-CURRIED-PLUS.01","","Tue Nov 26 20:34:15 GMT 2024","passed","Tue Nov 26 20:34:15 GMT 2024","","HYPERON-METTALOG-SANITY","HYPERON-METTALOG-SANITY",""
"","1","SUPERCOLLAPSE.02","","Tue Nov 26 20:49:57 GMT 2024","passed","Tue Nov 26 20:49:57 GMT 2024","","METTA-MORPH-TESTS","METTA-MORPH-TESTS",""
"","2","WHAT-EVALS-OR-NOT.06","","Tue Nov 26 20:34:15 GMT 2024","passed","Tue Nov 26 20:34:15 GMT 2024","","HYPERON-METTALOG-SANITY","HYPERON-METTALOG-SANITY",""
"","1","B5-TYPES-PRELIM.25","","Tue Nov 26 20:29:44 GMT 2024","passed","Tue Nov 26 20:29:44 GMT 2024","","HYPERON-EXPERIMENTAL-SCRIPTS","HYPERON-EXPERIMENTAL-SCRIPTS",""
"","3","INDEX-MIN-FUNCTIONS-EXTRA-1.50","","Tue Nov 26 20:34:15 GMT 2024","passed","Tue Nov 26 20:34:15 GMT 2024","","HYPERON-METTALOG-SANITY","HYPERON-METTALOG-SANITY",""
"","2","CALL-TESTS.04","","Tue Nov 26 20:34:15 GMT 2024","passed","Tue Nov 26 20:34:15 GMT 2024","","HYPERON-METTALOG-SANITY","HYPERON-METTALOG-SANITY",""
"","9000","metta-morph_tests.superpose_nested","","Tue Nov 26 20:29:34 GMT 2024","passed","Tue Nov 26 20:29:43 GMT 2024","","WHOLE-TESTS","WHOLE-TESTS",""
"","2","B2-BACKCHAIN.04","","Tue Nov 26 20:29:44 GMT 2024","passed","Tue Nov 26 20:29:44 GMT 2024","","HYPERON-EXPERIMENTAL-SCRIPTS","HYPERON-EXPERIMENTAL-SCRIPTS",""
"","2","G1-DOCS.02","","Tue Nov 26 20:29:44 GMT 2024","passed","Tue Nov 26 20:29:44 GMT 2024","","HYPERON-EXPERIMENTAL-SCRIPTS","HYPERON-EXPERIMENTAL-SCRIPTS",""
"","2","OR-TEST.03","","Tue Nov 26 20:34:15 GMT 2024","passed","Tue Nov 26 20:34:15 GMT 2024","","HYPERON-METTALOG-SANITY","HYPERON-METTALOG-SANITY",""
"","2","00-LANG-CASE.02","","Tue Nov 26 20:34:15 GMT 2024","passed","Tue Nov 26 20:34:15 GMT 2024","","HYPERON-METTALOG-SANITY","HYPERON-METTALOG-SANITY",""
"","2","CALL-TESTS.05","","Tue Nov 26 20:34:15 GMT 2024","passed","Tue Nov 26 20:34:15 GMT 2024","","HYPERON-METTALOG-SANITY","HYPERON-METTALOG-SANITY",""
"","3","B4-NONDETERM.06","","Tue Nov 26 20:29:44 GMT 2024","passed","Tue Nov 26 20:29:44 GMT 2024","","HYPERON-EXPERIMENTAL-SCRIPTS","HYPERON-EXPERIMENTAL-SCRIPTS",""
"","30","INDEX-MIN-FUNCTIONS-EXTRA-2.16","","Tue Nov 26 20:34:15 GMT 2024","failed","Tue Nov 26 20:34:15 GMT 2024","","HYPERON-METTALOG-SANITY","HYPERON-METTALOG-SANITY",""
"","1","CALL-TESTS.10","","Tue Nov 26 20:34:15 GMT 2024","passed","Tue Nov 26 20:34:15 GMT 2024","","HYPERON-METTALOG-SANITY","HYPERON-METTALOG-SANITY",""
"","10000","hyperon-mettalog_sanity.intersection_tests","","Tue Nov 26 20:29:34 GMT 2024","passed","Tue Nov 26 20:29:44 GMT 2024","","WHOLE-TESTS","WHOLE-TESTS",""
"","2","E2-STATES.09","","Tue Nov 26 20:29:44 GMT 2024","passed","Tue Nov 26 20:29:44 GMT 2024","","HYPERON-EXPERIMENTAL-SCRIPTS","HYPERON-EXPERIMENTAL-SCRIPTS",""
"","3","WHAT-EVALS-OR-NOT.03","","Tue Nov 26 20:34:15 GMT 2024","passed","Tue Nov 26 20:34:15 GMT 2024","","HYPERON-METTALOG-SANITY","HYPERON-METTALOG-SANITY",""
"","2","SORTING-TESTS.02","","Tue Nov 26 20:34:15 GMT 2024","passed","Tue Nov 26 20:34:15 GMT 2024","","HYPERON-METTALOG-SANITY","HYPERON-METTALOG-SANITY",""
"","1","AUTO-COERCE.08","","Tue Nov 26 20:34:15 GMT 2024","passed","Tue Nov 26 20:34:15 GMT 2024","","HYPERON-METTALOG-SANITY","HYPERON-METTALOG-SANITY",""
"","4","B2-BACKCHAIN.01","","Tue Nov 26 20:29:44 GMT 2024","passed","Tue Nov 26 20:29:44 GMT 2024","","HYPERON-EXPERIMENTAL-SCRIPTS","HYPERON-EXPERIMENTAL-SCRIPTS",""
"","2","SPACE-SUBTRACTION-TESTS.03","","Tue Nov 26 20:34:15 GMT 2024","passed","Tue Nov 26 20:34:15 GMT 2024","","HYPERON-METTALOG-SANITY","HYPERON-METTALOG-SANITY",""
"","49","INDEX-MIN-FUNCTIONS-EXTRA-1.02","","Tue Nov 26 20:34:15 GMT 2024","failed","Tue Nov 26 20:34:15 GMT 2024","","HYPERON-METTALOG-SANITY","HYPERON-METTALOG-SANITY",""
"","9000","metta-morph_tests.types","","Tue Nov 26 20:29:34 GMT 2024","passed","Tue Nov 26 20:29:43 GMT 2024","","WHOLE-TESTS","WHOLE-TESTS",""
"","1","D2-HIGHERFUNC.13","","Tue Nov 26 20:29:44 GMT 2024","passed","Tue Nov 26 20:29:44 GMT 2024","","HYPERON-EXPERIMENTAL-SCRIPTS","HYPERON-EXPERIMENTAL-SCRIPTS",""
"","2","AUTO-COERCE.15","","Tue Nov 26 20:34:15 GMT 2024","passed","Tue Nov 26 20:34:15 GMT 2024","","HYPERON-METTALOG-SANITY","HYPERON-METTALOG-SANITY",""
"","2","D3-DEPTYPES.03","","Tue Nov 26 20:29:44 GMT 2024","passed","Tue Nov 26 20:29:44 GMT 2024","","HYPERON-EXPERIMENTAL-SCRIPTS","HYPERON-EXPERIMENTAL-SCRIPTS",""
"","5","F1-IMPORTS.01","","Tue Nov 26 20:29:44 GMT 2024","passed","Tue Nov 26 20:29:44 GMT 2024","","HYPERON-EXPERIMENTAL-SCRIPTS","HYPERON-EXPERIMENTAL-SCRIPTS",""
"","3","HYPERPOSE.09","","Tue Nov 26 20:49:57 GMT 2024","passed","Tue Nov 26 20:49:57 GMT 2024","","METTA-MORPH-TESTS","METTA-MORPH-TESTS",""
"","1","OUTPUT-LOAD-TESTS.10","","Tue Nov 26 20:34:15 GMT 2024","passed","Tue Nov 26 20:34:15 GMT 2024","","HYPERON-METTALOG-SANITY","HYPERON-METTALOG-SANITY",""
"","11636","TIME-SYNTHESIZE-LONG.02","","Tue Nov 26 20:47:21 GMT 2024","failed","Tue Nov 26 20:47:32 GMT 2024","","SYNTH-BUFFER","SYNTH-BUFFER",""
"","10000","hyperon-experimental_scripts.c3_pln_stv","","Tue Nov 26 20:29:34 GMT 2024","passed","Tue Nov 26 20:29:44 GMT 2024","","WHOLE-TESTS","WHOLE-TESTS",""
"","30","AUTO-COERCE.41","","Tue Nov 26 20:34:15 GMT 2024","failed","Tue Nov 26 20:34:15 GMT 2024","","HYPERON-METTALOG-SANITY","HYPERON-METTALOG-SANITY",""
"","2","06-MATCH-IN-SPACE.05","","Tue Nov 26 20:34:15 GMT 2024","passed","Tue Nov 26 20:34:15 GMT 2024","","HYPERON-METTALOG-SANITY","HYPERON-METTALOG-SANITY",""
"","2","OR-TEST.10","","Tue Nov 26 20:34:15 GMT 2024","passed","Tue Nov 26 20:34:15 GMT 2024","","HYPERON-METTALOG-SANITY","HYPERON-METTALOG-SANITY",""
"","68","B4-NONDETERM.03","","Tue Nov 26 20:29:44 GMT 2024","passed","Tue Nov 26 20:29:44 GMT 2024","","HYPERON-EXPERIMENTAL-SCRIPTS","HYPERON-EXPERIMENTAL-SCRIPTS",""
"","3","INDEX-MIN-FUNCTIONS-EXTRA-1.42","","Tue Nov 26 20:34:15 GMT 2024","passed","Tue Nov 26 20:34:15 GMT 2024","","HYPERON-METTALOG-SANITY","HYPERON-METTALOG-SANITY",""
"","2","A1-SYMBOLS.03","","Tue Nov 26 20:29:44 GMT 2024","passed","Tue Nov 26 20:29:44 GMT 2024","","HYPERON-EXPERIMENTAL-SCRIPTS","HYPERON-EXPERIMENTAL-SCRIPTS",""
"","2","INTERSECTION-TESTS.12","","Tue Nov 26 20:34:15 GMT 2024","passed","Tue Nov 26 20:34:15 GMT 2024","","HYPERON-METTALOG-SANITY","HYPERON-METTALOG-SANITY",""
"","3","INTERSECTION-TESTS.26","","Tue Nov 26 20:34:15 GMT 2024","passed","Tue Nov 26 20:34:15 GMT 2024","","HYPERON-METTALOG-SANITY","HYPERON-METTALOG-SANITY",""
"","2","MATCH-SUPERPOSED-SPACES.02","","Tue Nov 26 20:49:57 GMT 2024","passed","Tue Nov 26 20:49:57 GMT 2024","","METTA-MORPH-TESTS","METTA-MORPH-TESTS",""
"","4","NESTED-PARAMETERS.01","","Tue Nov 26 20:49:57 GMT 2024","passed","Tue Nov 26 20:49:57 GMT 2024","","METTA-MORPH-TESTS","METTA-MORPH-TESTS",""
