"DESCRIPTION","DURATION IN MS","NAME","PARENT SUITE","START TIME","STATUS","STOP TIME","SUB SUITE","SUITE","TEST CLASS","TEST METHOD"
"","1","CONCRETE-TYPES---METTA-LANGUAGE12.02","","Tue Nov 12 18:58:03 GMT 2024","passed","Tue Nov 12 18:58:03 GMT 2024","","METTA-LANG","METTA-LANG",""
"","2","INTERSECTION-TESTS.26","","Tue Nov 12 18:48:46 GMT 2024","passed","Tue Nov 12 18:48:46 GMT 2024","","HYPERON-METTALOG-SANITY","HYPERON-METTALOG-SANITY",""
"","2","INTERSECTION-TESTS.32","","Tue Nov 12 18:48:46 GMT 2024","passed","Tue Nov 12 18:48:46 GMT 2024","","HYPERON-METTALOG-SANITY","HYPERON-METTALOG-SANITY",""
"","8000","hyperon-mettalog_sanity.first_answer","","Tue Nov 12 18:40:33 GMT 2024","passed","Tue Nov 12 18:40:41 GMT 2024","","WHOLE-TESTS","WHOLE-TESTS",""
"","8000","metta_lang.Working_with_spaces___MeTTa_Language11","","Tue Nov 12 18:40:33 GMT 2024","passed","Tue Nov 12 18:40:41 GMT 2024","","WHOLE-TESTS","WHOLE-TESTS",""
"","9","CONTROLLING-PATTERN-MATCHING---METTA-LANGUAGE10.08","","Tue Nov 12 18:58:03 GMT 2024","passed","Tue Nov 12 18:58:03 GMT 2024","","METTA-LANG","METTA-LANG",""
"","5","BASIC-GROUNDED-FUNCTIONS---METTA-LANGUAGE3.01","","Tue Nov 12 18:58:03 GMT 2024","passed","Tue Nov 12 18:58:03 GMT 2024","","METTA-LANG","METTA-LANG",""
"","2","C1-GROUNDED-BASIC.20","","Tue Nov 12 19:20:45 GMT 2024","passed","Tue Nov 12 19:20:45 GMT 2024","","QUICK","QUICK",""
"","2","RECURSION-AND-CONTROL---METTA-LANGUAGE2.04","","Tue Nov 12 18:58:03 GMT 2024","passed","Tue Nov 12 18:58:03 GMT 2024","","METTA-LANG","METTA-LANG",""
"","3","LIMIT-TESTS.07","","Tue Nov 12 18:48:46 GMT 2024","passed","Tue Nov 12 18:48:46 GMT 2024","","HYPERON-METTALOG-SANITY","HYPERON-METTALOG-SANITY",""
"","8000","metta_lang.Operations_over_atoms___MeTTa_Language8","","Tue Nov 12 18:40:33 GMT 2024","passed","Tue Nov 12 18:40:41 GMT 2024","","WHOLE-TESTS","WHOLE-TESTS",""
"","21","BC-COMP.05","","Tue Nov 12 18:40:40 GMT 2024","passed","Tue Nov 12 18:40:40 GMT 2024","","ANTI-REGRESSION","ANTI-REGRESSION",""
"","1","WORKING-WITH-SPACES---METTA-LANGUAGE1.04","","Tue Nov 12 18:58:03 GMT 2024","passed","Tue Nov 12 18:58:03 GMT 2024","","METTA-LANG","METTA-LANG",""
"","7000","metta_lang.Recursion_and_control___MeTTa_Language2","","Tue Nov 12 18:40:33 GMT 2024","passed","Tue Nov 12 18:40:40 GMT 2024","","WHOLE-TESTS","WHOLE-TESTS",""
"","1","D2-HIGHERFUNC.06","","Tue Nov 12 18:45:43 GMT 2024","passed","Tue Nov 12 18:45:43 GMT 2024","","HYPERON-EXPERIMENTAL-SCRIPTS","HYPERON-EXPERIMENTAL-SCRIPTS",""
"","17","WORKING-WITH-SPACES---METTA-LANGUAGE7.02","","Tue Nov 12 18:58:03 GMT 2024","failed","Tue Nov 12 18:58:03 GMT 2024","","METTA-LANG","METTA-LANG",""
"","2","OPERATIONS-OVER-ATOMS---METTA-LANGUAGE7.02","","Tue Nov 12 18:58:03 GMT 2024","passed","Tue Nov 12 18:58:03 GMT 2024","","METTA-LANG","METTA-LANG",""
"","1","METTALOGTESTCURRIED2.04","","Tue Nov 12 18:40:40 GMT 2024","passed","Tue Nov 12 18:40:40 GMT 2024","","ANTI-REGRESSION","ANTI-REGRESSION",""
"","1","OR-TEST.12","","Tue Nov 12 18:48:46 GMT 2024","passed","Tue Nov 12 18:48:46 GMT 2024","","HYPERON-METTALOG-SANITY","HYPERON-METTALOG-SANITY",""
"","2","C1-GROUNDED-BASIC.19","","Tue Nov 12 18:45:43 GMT 2024","passed","Tue Nov 12 18:45:43 GMT 2024","","HYPERON-EXPERIMENTAL-SCRIPTS","HYPERON-EXPERIMENTAL-SCRIPTS",""
"","3","RECURSION-AND-CONTROL---METTA-LANGUAGE8.04","","Tue Nov 12 18:58:03 GMT 2024","passed","Tue Nov 12 18:58:03 GMT 2024","","METTA-LANG","METTA-LANG",""
"","104","OR-TEST.20","","Tue Nov 12 18:48:46 GMT 2024","failed","Tue Nov 12 18:48:46 GMT 2024","","HYPERON-METTALOG-SANITY","HYPERON-METTALOG-SANITY",""
"","3","C1-GROUNDED-BASIC.08","","Tue Nov 12 18:45:43 GMT 2024","passed","Tue Nov 12 18:45:43 GMT 2024","","HYPERON-EXPERIMENTAL-SCRIPTS","HYPERON-EXPERIMENTAL-SCRIPTS",""
"","8000","hyperon-experimental_scripts.b3_direct","","Tue Nov 12 18:40:33 GMT 2024","passed","Tue Nov 12 18:40:41 GMT 2024","","WHOLE-TESTS","WHOLE-TESTS",""
"","108","MINIMAL-METTA-TESTS.29","","Tue Nov 12 18:48:46 GMT 2024","failed","Tue Nov 12 18:48:46 GMT 2024","","HYPERON-METTALOG-SANITY","HYPERON-METTALOG-SANITY",""
"","3","HANDLING-NONDETERMINISTIC-RESULTS---METTA-LANGUAGE5.02","","Tue Nov 12 18:58:03 GMT 2024","passed","Tue Nov 12 18:58:03 GMT 2024","","METTA-LANG","METTA-LANG",""
"","3","D3-DEPTYPES.06","","Tue Nov 12 18:45:43 GMT 2024","passed","Tue Nov 12 18:45:43 GMT 2024","","HYPERON-EXPERIMENTAL-SCRIPTS","HYPERON-EXPERIMENTAL-SCRIPTS",""
"","3","TYPES3.01","","Tue Nov 12 19:17:06 GMT 2024","passed","Tue Nov 12 19:17:06 GMT 2024","","METTA-MORPH-TESTS","METTA-MORPH-TESTS",""
"","8000","metta_lang.Concrete_types___MeTTa_Language11","","Tue Nov 12 18:40:33 GMT 2024","passed","Tue Nov 12 18:40:41 GMT 2024","","WHOLE-TESTS","WHOLE-TESTS",""
"","1","00-LANG-CASE.04","","Tue Nov 12 18:48:46 GMT 2024","passed","Tue Nov 12 18:48:46 GMT 2024","","HYPERON-METTALOG-SANITY","HYPERON-METTALOG-SANITY",""
"","7000","metta_lang.Operations_over_atoms___MeTTa_Language1","","Tue Nov 12 18:40:33 GMT 2024","passed","Tue Nov 12 18:40:40 GMT 2024","","WHOLE-TESTS","WHOLE-TESTS",""
"","8000","metta_lang.Basic_evaluation___MeTTa_Language6","","Tue Nov 12 18:40:33 GMT 2024","passed","Tue Nov 12 18:40:41 GMT 2024","","WHOLE-TESTS","WHOLE-TESTS",""
"","71","F1-IMPORTS.19","","Tue Nov 12 18:45:43 GMT 2024","passed","Tue Nov 12 18:45:43 GMT 2024","","HYPERON-EXPERIMENTAL-SCRIPTS","HYPERON-EXPERIMENTAL-SCRIPTS",""
"","1","B5-TYPES-PRELIM.21","","Tue Nov 12 18:45:43 GMT 2024","passed","Tue Nov 12 18:45:43 GMT 2024","","HYPERON-EXPERIMENTAL-SCRIPTS","HYPERON-EXPERIMENTAL-SCRIPTS",""
"","3","FUNCTIONS-AND-UNIFICATION---METTA-LANGUAGE1.03","","Tue Nov 12 18:58:03 GMT 2024","passed","Tue Nov 12 18:58:03 GMT 2024","","METTA-LANG","METTA-LANG",""
"","8000","metta_lang.Working_with_spaces___MeTTa_Language17","","Tue Nov 12 18:40:33 GMT 2024","passed","Tue Nov 12 18:40:41 GMT 2024","","WHOLE-TESTS","WHOLE-TESTS",""
"","4","METATYPES---METTA-LANGUAGE2.01","","Tue Nov 12 18:58:03 GMT 2024","passed","Tue Nov 12 18:58:03 GMT 2024","","METTA-LANG","METTA-LANG",""
"","2","WORKING-WITH-SPACES---METTA-LANGUAGE12.06","","Tue Nov 12 18:58:03 GMT 2024","passed","Tue Nov 12 18:58:03 GMT 2024","","METTA-LANG","METTA-LANG",""
"","2","OUTPUT-LOAD-TESTS.02","","Tue Nov 12 18:48:46 GMT 2024","passed","Tue Nov 12 18:48:46 GMT 2024","","HYPERON-METTALOG-SANITY","HYPERON-METTALOG-SANITY",""
"","7000","metta_lang.Control_flow___MeTTa_Language13","","Tue Nov 12 18:40:33 GMT 2024","passed","Tue Nov 12 18:40:40 GMT 2024","","WHOLE-TESTS","WHOLE-TESTS",""
"","2","SUPERCOLLAPSE.07","","Tue Nov 12 19:17:06 GMT 2024","passed","Tue Nov 12 19:17:06 GMT 2024","","METTA-MORPH-TESTS","METTA-MORPH-TESTS",""
"","1","B5-TYPES-PRELIM.13","","Tue Nov 12 18:45:43 GMT 2024","passed","Tue Nov 12 18:45:43 GMT 2024","","HYPERON-EXPERIMENTAL-SCRIPTS","HYPERON-EXPERIMENTAL-SCRIPTS",""
"","2","CONCRETE-TYPES---METTA-LANGUAGE1.02","","Tue Nov 12 18:58:03 GMT 2024","passed","Tue Nov 12 18:58:03 GMT 2024","","METTA-LANG","METTA-LANG",""
"","79","F1-IMPORTS.16","","Tue Nov 12 18:45:43 GMT 2024","passed","Tue Nov 12 18:45:43 GMT 2024","","HYPERON-EXPERIMENTAL-SCRIPTS","HYPERON-EXPERIMENTAL-SCRIPTS",""
"","45","BCHAIN-COMP.01","","Tue Nov 12 18:40:40 GMT 2024","failed","Tue Nov 12 18:40:40 GMT 2024","","ANTI-REGRESSION","ANTI-REGRESSION",""
"","1","LIMIT-TESTS.11","","Tue Nov 12 18:48:46 GMT 2024","passed","Tue Nov 12 18:48:46 GMT 2024","","HYPERON-METTALOG-SANITY","HYPERON-METTALOG-SANITY",""
"","3","C1-GROUNDED-BASIC.21","","Tue Nov 12 18:45:43 GMT 2024","passed","Tue Nov 12 18:45:43 GMT 2024","","HYPERON-EXPERIMENTAL-SCRIPTS","HYPERON-EXPERIMENTAL-SCRIPTS",""
"","7000","metta-morph_tests.types2","","Tue Nov 12 18:40:33 GMT 2024","passed","Tue Nov 12 18:40:40 GMT 2024","","WHOLE-TESTS","WHOLE-TESTS",""
"","2","METTALOGTESTCURRIED2.05","","Tue Nov 12 18:40:40 GMT 2024","passed","Tue Nov 12 18:40:40 GMT 2024","","ANTI-REGRESSION","ANTI-REGRESSION",""
"","1","F1-IMPORTS.07","","Tue Nov 12 18:40:24 GMT 2024","passed","Tue Nov 12 18:40:24 GMT 2024","","MODULE-SYSTEM","MODULE-SYSTEM",""
"","3","METATYPES---METTA-LANGUAGE8.03","","Tue Nov 12 18:58:03 GMT 2024","passed","Tue Nov 12 18:58:03 GMT 2024","","METTA-LANG","METTA-LANG",""
"","3","OUTPUT-LOAD-TESTS.05","","Tue Nov 12 18:48:46 GMT 2024","passed","Tue Nov 12 18:48:46 GMT 2024","","HYPERON-METTALOG-SANITY","HYPERON-METTALOG-SANITY",""
"","2","WORKING-WITH-SPACES---METTA-LANGUAGE3.06","","Tue Nov 12 18:58:03 GMT 2024","passed","Tue Nov 12 18:58:03 GMT 2024","","METTA-LANG","METTA-LANG",""
"","99","MINIMAL-METTA-TESTS.16","","Tue Nov 12 18:48:46 GMT 2024","failed","Tue Nov 12 18:48:46 GMT 2024","","HYPERON-METTALOG-SANITY","HYPERON-METTALOG-SANITY",""
"","62","RECURSIVE-AND-PARAMETRIC-TYPES---METTA-LANGUAGE3.04","","Tue Nov 12 18:58:03 GMT 2024","failed","Tue Nov 12 18:58:03 GMT 2024","","METTA-LANG","METTA-LANG",""
"","101","B4-NONDETERM.10","","Tue Nov 12 18:45:43 GMT 2024","passed","Tue Nov 12 18:45:43 GMT 2024","","HYPERON-EXPERIMENTAL-SCRIPTS","HYPERON-EXPERIMENTAL-SCRIPTS",""
"","1","STATES-SPACES.05","","Tue Nov 12 19:17:06 GMT 2024","passed","Tue Nov 12 19:17:06 GMT 2024","","METTA-MORPH-TESTS","METTA-MORPH-TESTS",""
"","2","SPACE-INTERSECTION-TESTS.05","","Tue Nov 12 18:48:46 GMT 2024","passed","Tue Nov 12 18:48:46 GMT 2024","","HYPERON-METTALOG-SANITY","HYPERON-METTALOG-SANITY",""
"","3","MULTIFUNCTION.01","","Tue Nov 12 19:17:06 GMT 2024","passed","Tue Nov 12 19:17:06 GMT 2024","","METTA-MORPH-TESTS","METTA-MORPH-TESTS",""
"","2","D1-GADT.02","","Tue Nov 12 18:45:43 GMT 2024","passed","Tue Nov 12 18:45:43 GMT 2024","","HYPERON-EXPERIMENTAL-SCRIPTS","HYPERON-EXPERIMENTAL-SCRIPTS",""
"","8000","hyperon-mettalog_sanity.call_tests","","Tue Nov 12 18:40:33 GMT 2024","passed","Tue Nov 12 18:40:41 GMT 2024","","WHOLE-TESTS","WHOLE-TESTS",""
"","5","WORKING-WITH-SPACES---METTA-LANGUAGE4.01","","Tue Nov 12 18:58:03 GMT 2024","passed","Tue Nov 12 18:58:03 GMT 2024","","METTA-LANG","METTA-LANG",""
"","5","LET-SUPERPOSE-IF-CASE.01","","Tue Nov 12 19:17:06 GMT 2024","passed","Tue Nov 12 19:17:06 GMT 2024","","METTA-MORPH-TESTS","METTA-MORPH-TESTS",""
"","2","RECURSIVE-AND-PARAMETRIC-TYPES---METTA-LANGUAGE2.02","","Tue Nov 12 18:58:03 GMT 2024","passed","Tue Nov 12 18:58:03 GMT 2024","","METTA-LANG","METTA-LANG",""
"","2","METATYPES---METTA-LANGUAGE1.05","","Tue Nov 12 18:58:03 GMT 2024","passed","Tue Nov 12 18:58:03 GMT 2024","","METTA-LANG","METTA-LANG",""
"","7000","metta_lang.Recursion_and_control___MeTTa_Language9","","Tue Nov 12 18:40:33 GMT 2024","passed","Tue Nov 12 18:40:40 GMT 2024","","WHOLE-TESTS","WHOLE-TESTS",""
"","1","METATYPES---METTA-LANGUAGE1.02","","Tue Nov 12 18:58:03 GMT 2024","passed","Tue Nov 12 18:58:03 GMT 2024","","METTA-LANG","METTA-LANG",""
"","92","EVAL-FOR-TESTS.12","","Tue Nov 12 18:48:46 GMT 2024","failed","Tue Nov 12 18:48:46 GMT 2024","","HYPERON-METTALOG-SANITY","HYPERON-METTALOG-SANITY",""
"","76","MINIMAL-METTA-TESTS.32","","Tue Nov 12 18:48:46 GMT 2024","failed","Tue Nov 12 18:48:46 GMT 2024","","HYPERON-METTALOG-SANITY","HYPERON-METTALOG-SANITY",""
"","2","BCHAIN.05","","Tue Nov 12 18:40:40 GMT 2024","passed","Tue Nov 12 18:40:40 GMT 2024","","ANTI-REGRESSION","ANTI-REGRESSION",""
"","7000","quick.f1_moduleA","","Tue Nov 12 18:40:33 GMT 2024","passed","Tue Nov 12 18:40:40 GMT 2024","","WHOLE-TESTS","WHOLE-TESTS",""
"","2","D4-TYPE-PROP.02","","Tue Nov 12 19:20:45 GMT 2024","passed","Tue Nov 12 19:20:45 GMT 2024","","QUICK","QUICK",""
"","2","LET-SUPERPOSE-LIST.02","","Tue Nov 12 19:17:06 GMT 2024","passed","Tue Nov 12 19:17:06 GMT 2024","","METTA-MORPH-TESTS","METTA-MORPH-TESTS",""
"","7000","metta_lang.Basic_evaluation___MeTTa_Language9","","Tue Nov 12 18:40:33 GMT 2024","passed","Tue Nov 12 18:40:40 GMT 2024","","WHOLE-TESTS","WHOLE-TESTS",""
"","2","BASIC-EVALUATION---METTA-LANGUAGE15.01","","Tue Nov 12 18:58:03 GMT 2024","passed","Tue Nov 12 18:58:03 GMT 2024","","METTA-LANG","METTA-LANG",""
"","3","TMPMATCH2.01","","Tue Nov 12 18:40:40 GMT 2024","passed","Tue Nov 12 18:40:40 GMT 2024","","ANTI-REGRESSION","ANTI-REGRESSION",""
"","1","LIMIT-TESTS.04","","Tue Nov 12 18:48:46 GMT 2024","passed","Tue Nov 12 18:48:46 GMT 2024","","HYPERON-METTALOG-SANITY","HYPERON-METTALOG-SANITY",""
"","2","F1-IMPORTS.17","","Tue Nov 12 19:20:45 GMT 2024","passed","Tue Nov 12 19:20:45 GMT 2024","","QUICK","QUICK",""
"","4","RECURSION-AND-CONTROL---METTA-LANGUAGE3.01","","Tue Nov 12 18:58:03 GMT 2024","passed","Tue Nov 12 18:58:03 GMT 2024","","METTA-LANG","METTA-LANG",""
"","8000","hyperon-mettalog_sanity.intersection_tests","","Tue Nov 12 18:40:33 GMT 2024","passed","Tue Nov 12 18:40:41 GMT 2024","","WHOLE-TESTS","WHOLE-TESTS",""
"","3","OPERATIONS-OVER-ATOMS---METTA-LANGUAGE8.01","","Tue Nov 12 18:58:03 GMT 2024","passed","Tue Nov 12 18:58:03 GMT 2024","","METTA-LANG","METTA-LANG",""
"","2","D2-HIGHERFUNC.15","","Tue Nov 12 19:20:45 GMT 2024","passed","Tue Nov 12 19:20:45 GMT 2024","","QUICK","QUICK",""
"","53","METATYPES---METTA-LANGUAGE8.04","","Tue Nov 12 18:58:03 GMT 2024","failed","Tue Nov 12 18:58:03 GMT 2024","","METTA-LANG","METTA-LANG",""
"","8000","metta_lang.Control_flow___MeTTa_Language15","","Tue Nov 12 18:40:33 GMT 2024","passed","Tue Nov 12 18:40:41 GMT 2024","","WHOLE-TESTS","WHOLE-TESTS",""
"","67","F1-IMPORTS.16","","Tue Nov 12 18:40:24 GMT 2024","passed","Tue Nov 12 18:40:24 GMT 2024","","MODULE-SYSTEM","MODULE-SYSTEM",""
"","110","FREE-VARIABLES-AND-NONDETERMINISM-AGAIN,-RECURSIVELY---METTA-LANGUAGE1.02","","Tue Nov 12 18:58:03 GMT 2024","failed","Tue Nov 12 18:58:03 GMT 2024","","METTA-LANG","METTA-LANG",""
"","15","D2-HIGHERFUNC.22","","Tue Nov 12 19:20:45 GMT 2024","passed","Tue Nov 12 19:20:45 GMT 2024","","QUICK","QUICK",""
"","2","RECURSIVE-AND-PARAMETRIC-TYPES---METTA-LANGUAGE5.03","","Tue Nov 12 18:58:03 GMT 2024","passed","Tue Nov 12 18:58:03 GMT 2024","","METTA-LANG","METTA-LANG",""
"","2","STRING-TESTS.04","","Tue Nov 12 18:48:46 GMT 2024","passed","Tue Nov 12 18:48:46 GMT 2024","","HYPERON-METTALOG-SANITY","HYPERON-METTALOG-SANITY",""
"","8000","quick.c1_grounded_basic","","Tue Nov 12 18:40:33 GMT 2024","passed","Tue Nov 12 18:40:41 GMT 2024","","WHOLE-TESTS","WHOLE-TESTS",""
"","2","INTERSECTION-TESTS.05","","Tue Nov 12 18:48:46 GMT 2024","passed","Tue Nov 12 18:48:46 GMT 2024","","HYPERON-METTALOG-SANITY","HYPERON-METTALOG-SANITY",""
"","2","BASE-TEST-REPR-PARSE-INTERSECTION.03","","Tue Nov 12 18:48:46 GMT 2024","passed","Tue Nov 12 18:48:46 GMT 2024","","HYPERON-METTALOG-SANITY","HYPERON-METTALOG-SANITY",""
"","3","FACTORIAL.01","","Tue Nov 12 19:17:06 GMT 2024","passed","Tue Nov 12 19:17:06 GMT 2024","","METTA-MORPH-TESTS","METTA-MORPH-TESTS",""
"","5","HANDLING-NONDETERMINISTIC-RESULTS---METTA-LANGUAGE1.01","","Tue Nov 12 18:58:03 GMT 2024","passed","Tue Nov 12 18:58:03 GMT 2024","","METTA-LANG","METTA-LANG",""
"","7000","metta_lang.Operations_over_atoms___MeTTa_Language6","","Tue Nov 12 18:40:33 GMT 2024","passed","Tue Nov 12 18:40:40 GMT 2024","","WHOLE-TESTS","WHOLE-TESTS",""
"","1","INTERSECTION-TESTS.08","","Tue Nov 12 18:48:46 GMT 2024","passed","Tue Nov 12 18:48:46 GMT 2024","","HYPERON-METTALOG-SANITY","HYPERON-METTALOG-SANITY",""
"","2","INTERSECTION-TESTS.13","","Tue Nov 12 18:48:46 GMT 2024","passed","Tue Nov 12 18:48:46 GMT 2024","","HYPERON-METTALOG-SANITY","HYPERON-METTALOG-SANITY",""
"","1","CONTROLLING-PATTERN-MATCHING---METTA-LANGUAGE4.04","","Tue Nov 12 18:58:03 GMT 2024","passed","Tue Nov 12 18:58:03 GMT 2024","","METTA-LANG","METTA-LANG",""
"","2","RECURSION-AND-CONTROL---METTA-LANGUAGE3.05","","Tue Nov 12 18:58:03 GMT 2024","passed","Tue Nov 12 18:58:03 GMT 2024","","METTA-LANG","METTA-LANG",""
"","3","D2-HIGHERFUNC.26","","Tue Nov 12 18:45:43 GMT 2024","passed","Tue Nov 12 18:45:43 GMT 2024","","HYPERON-EXPERIMENTAL-SCRIPTS","HYPERON-EXPERIMENTAL-SCRIPTS",""
"","106","MINIMAL-METTA-TESTS.36","","Tue Nov 12 18:48:46 GMT 2024","failed","Tue Nov 12 18:48:46 GMT 2024","","HYPERON-METTALOG-SANITY","HYPERON-METTALOG-SANITY",""
"","1","XOR-TEST.10","","Tue Nov 12 18:48:46 GMT 2024","passed","Tue Nov 12 18:48:46 GMT 2024","","HYPERON-METTALOG-SANITY","HYPERON-METTALOG-SANITY",""
"","9000","anti-regression.bc_comp","","Tue Nov 12 18:40:33 GMT 2024","passed","Tue Nov 12 18:40:42 GMT 2024","","WHOLE-TESTS","WHOLE-TESTS",""
"","3","RUST-02.01","","Tue Nov 12 19:21:32 GMT 2024","passed","Tue Nov 12 19:21:32 GMT 2024","","BASELINE-COMPAT","BASELINE-COMPAT",""
"","1","SUBTRACTION-TEST.03","","Tue Nov 12 18:48:46 GMT 2024","passed","Tue Nov 12 18:48:46 GMT 2024","","HYPERON-METTALOG-SANITY","HYPERON-METTALOG-SANITY",""
"","1","D4-TYPE-PROP.12","","Tue Nov 12 18:45:43 GMT 2024","passed","Tue Nov 12 18:45:43 GMT 2024","","HYPERON-EXPERIMENTAL-SCRIPTS","HYPERON-EXPERIMENTAL-SCRIPTS",""
"","2","BASIC-GROUNDED-FUNCTIONS---METTA-LANGUAGE4.03","","Tue Nov 12 18:58:03 GMT 2024","passed","Tue Nov 12 18:58:03 GMT 2024","","METTA-LANG","METTA-LANG",""
"","2","SEQUENTIAL-NESTED.10","","Tue Nov 12 19:17:06 GMT 2024","passed","Tue Nov 12 19:17:06 GMT 2024","","METTA-MORPH-TESTS","METTA-MORPH-TESTS",""
"","8000","metta_lang.Operations_over_atoms___MeTTa_Language7","","Tue Nov 12 18:40:33 GMT 2024","passed","Tue Nov 12 18:40:41 GMT 2024","","WHOLE-TESTS","WHOLE-TESTS",""
"","2","OPERATIONS-OVER-ATOMS---METTA-LANGUAGE2.04","","Tue Nov 12 18:58:03 GMT 2024","passed","Tue Nov 12 18:58:03 GMT 2024","","METTA-LANG","METTA-LANG",""
"","164","OUTPUT-LOAD-TESTS.11","","Tue Nov 12 18:48:46 GMT 2024","failed","Tue Nov 12 18:48:46 GMT 2024","","HYPERON-METTALOG-SANITY","HYPERON-METTALOG-SANITY",""
"","3","METATYPES---METTA-LANGUAGE2.07","","Tue Nov 12 18:58:03 GMT 2024","passed","Tue Nov 12 18:58:03 GMT 2024","","METTA-LANG","METTA-LANG",""
"","1","HYPERPOSE.09","","Tue Nov 12 19:17:06 GMT 2024","passed","Tue Nov 12 19:17:06 GMT 2024","","METTA-MORPH-TESTS","METTA-MORPH-TESTS",""
"","8000","metta_lang.Recursive_and_parametric_types___MeTTa_Language4","","Tue Nov 12 18:40:33 GMT 2024","passed","Tue Nov 12 18:40:41 GMT 2024","","WHOLE-TESTS","WHOLE-TESTS",""
"","2","D1-GADT.11","","Tue Nov 12 18:45:43 GMT 2024","passed","Tue Nov 12 18:45:43 GMT 2024","","HYPERON-EXPERIMENTAL-SCRIPTS","HYPERON-EXPERIMENTAL-SCRIPTS",""
"","2","00-LANG-CASE.03","","Tue Nov 12 18:48:46 GMT 2024","passed","Tue Nov 12 18:48:46 GMT 2024","","HYPERON-METTALOG-SANITY","HYPERON-METTALOG-SANITY",""
"","8000","anti-regression.comma_is_not_special","","Tue Nov 12 18:40:33 GMT 2024","passed","Tue Nov 12 18:40:41 GMT 2024","","WHOLE-TESTS","WHOLE-TESTS",""
"","3","SPACE-SUBTRACTION-TESTS.02","","Tue Nov 12 18:48:46 GMT 2024","passed","Tue Nov 12 18:48:46 GMT 2024","","HYPERON-METTALOG-SANITY","HYPERON-METTALOG-SANITY",""
"","3","METATYPES---METTA-LANGUAGE2.02","","Tue Nov 12 18:58:03 GMT 2024","passed","Tue Nov 12 18:58:03 GMT 2024","","METTA-LANG","METTA-LANG",""
"","2","CONTROLLING-PATTERN-MATCHING---METTA-LANGUAGE12.05","","Tue Nov 12 18:58:03 GMT 2024","passed","Tue Nov 12 18:58:03 GMT 2024","","METTA-LANG","METTA-LANG",""
"","2","FUNCTIONS-AND-UNIFICATION---METTA-LANGUAGE2.03","","Tue Nov 12 18:58:03 GMT 2024","passed","Tue Nov 12 18:58:03 GMT 2024","","METTA-LANG","METTA-LANG",""
"","74","MINIMAL-METTA-TESTS.34","","Tue Nov 12 18:48:46 GMT 2024","failed","Tue Nov 12 18:48:46 GMT 2024","","HYPERON-METTALOG-SANITY","HYPERON-METTALOG-SANITY",""
"","1","TEST-IF-CLOSED.08","","Tue Nov 12 18:40:40 GMT 2024","passed","Tue Nov 12 18:40:40 GMT 2024","","ANTI-REGRESSION","ANTI-REGRESSION",""
"","3","OR-TEST.11","","Tue Nov 12 18:48:46 GMT 2024","passed","Tue Nov 12 18:48:46 GMT 2024","","HYPERON-METTALOG-SANITY","HYPERON-METTALOG-SANITY",""
"","3","D2-HIGHERFUNC.23","","Tue Nov 12 18:45:43 GMT 2024","passed","Tue Nov 12 18:45:43 GMT 2024","","HYPERON-EXPERIMENTAL-SCRIPTS","HYPERON-EXPERIMENTAL-SCRIPTS",""
"","555","TMPMATCH2.05","","Tue Nov 12 18:40:40 GMT 2024","passed","Tue Nov 12 18:40:40 GMT 2024","","ANTI-REGRESSION","ANTI-REGRESSION",""
"","1","XOR-TEST.07","","Tue Nov 12 18:48:46 GMT 2024","passed","Tue Nov 12 18:48:46 GMT 2024","","HYPERON-METTALOG-SANITY","HYPERON-METTALOG-SANITY",""
"","4","OUTPUT-LOAD-TESTS.01","","Tue Nov 12 18:48:46 GMT 2024","passed","Tue Nov 12 18:48:46 GMT 2024","","HYPERON-METTALOG-SANITY","HYPERON-METTALOG-SANITY",""
"","33","WORKING-WITH-SPACES---METTA-LANGUAGE9.06","","Tue Nov 12 18:58:03 GMT 2024","failed","Tue Nov 12 18:58:03 GMT 2024","","METTA-LANG","METTA-LANG",""
"","1","D4-TYPE-PROP.09","","Tue Nov 12 18:45:43 GMT 2024","passed","Tue Nov 12 18:45:43 GMT 2024","","HYPERON-EXPERIMENTAL-SCRIPTS","HYPERON-EXPERIMENTAL-SCRIPTS",""
"","3","RECURSIVE-AND-PARAMETRIC-TYPES---METTA-LANGUAGE9.01","","Tue Nov 12 18:58:03 GMT 2024","passed","Tue Nov 12 18:58:03 GMT 2024","","METTA-LANG","METTA-LANG",""
"","3","SEALED-TEST.06","","Tue Nov 12 18:48:46 GMT 2024","passed","Tue Nov 12 18:48:46 GMT 2024","","HYPERON-METTALOG-SANITY","HYPERON-METTALOG-SANITY",""
"","67","D2-HIGHERFUNC.07","","Tue Nov 12 19:20:45 GMT 2024","failed","Tue Nov 12 19:20:45 GMT 2024","","QUICK","QUICK",""
"","1","D4-TYPE-PROP.07","","Tue Nov 12 19:20:45 GMT 2024","passed","Tue Nov 12 19:20:45 GMT 2024","","QUICK","QUICK",""
"","3","WORKING-WITH-SPACES---METTA-LANGUAGE12.01","","Tue Nov 12 18:58:03 GMT 2024","passed","Tue Nov 12 18:58:03 GMT 2024","","METTA-LANG","METTA-LANG",""
"","2","WHAT-EVALS-OR-NOT.03","","Tue Nov 12 18:48:46 GMT 2024","passed","Tue Nov 12 18:48:46 GMT 2024","","HYPERON-METTALOG-SANITY","HYPERON-METTALOG-SANITY",""
"","53","CONTROL-FLOW---METTA-LANGUAGE2.01","","Tue Nov 12 18:58:03 GMT 2024","failed","Tue Nov 12 18:58:03 GMT 2024","","METTA-LANG","METTA-LANG",""
"","7000","metta_lang.Functions_and_unification___MeTTa_Language4","","Tue Nov 12 18:40:33 GMT 2024","passed","Tue Nov 12 18:40:40 GMT 2024","","WHOLE-TESTS","WHOLE-TESTS",""
"","3","INTERSECTION-TESTS.01","","Tue Nov 12 18:48:46 GMT 2024","passed","Tue Nov 12 18:48:46 GMT 2024","","HYPERON-METTALOG-SANITY","HYPERON-METTALOG-SANITY",""
"","2","SUPERCOLLAPSE.06","","Tue Nov 12 19:17:06 GMT 2024","passed","Tue Nov 12 19:17:06 GMT 2024","","METTA-MORPH-TESTS","METTA-MORPH-TESTS",""
"","7000","hyperon-mettalog_sanity.subtraction_test","","Tue Nov 12 18:40:33 GMT 2024","passed","Tue Nov 12 18:40:40 GMT 2024","","WHOLE-TESTS","WHOLE-TESTS",""
"","2","B1-EQUAL-CHAIN.04","","Tue Nov 12 18:45:43 GMT 2024","passed","Tue Nov 12 18:45:43 GMT 2024","","HYPERON-EXPERIMENTAL-SCRIPTS","HYPERON-EXPERIMENTAL-SCRIPTS",""
"","2","WORKING-WITH-SPACES---METTA-LANGUAGE1.05","","Tue Nov 12 18:58:03 GMT 2024","passed","Tue Nov 12 18:58:03 GMT 2024","","METTA-LANG","METTA-LANG",""
"","3","WORKING-WITH-SPACES---METTA-LANGUAGE8.03","","Tue Nov 12 18:58:03 GMT 2024","passed","Tue Nov 12 18:58:03 GMT 2024","","METTA-LANG","METTA-LANG",""
"","2","WORKING-WITH-SPACES---METTA-LANGUAGE3.08","","Tue Nov 12 18:58:03 GMT 2024","passed","Tue Nov 12 18:58:03 GMT 2024","","METTA-LANG","METTA-LANG",""
"","1","D1-GADT.14","","Tue Nov 12 19:20:45 GMT 2024","passed","Tue Nov 12 19:20:45 GMT 2024","","QUICK","QUICK",""
"","8000","metta_lang.Operations_over_atoms___MeTTa_Language9","","Tue Nov 12 18:40:33 GMT 2024","passed","Tue Nov 12 18:40:41 GMT 2024","","WHOLE-TESTS","WHOLE-TESTS",""
"","3","WORKING-WITH-SPACES---METTA-LANGUAGE3.02","","Tue Nov 12 18:58:03 GMT 2024","passed","Tue Nov 12 18:58:03 GMT 2024","","METTA-LANG","METTA-LANG",""
"","3","TEST-IF-CLOSED.09","","Tue Nov 12 18:40:40 GMT 2024","passed","Tue Nov 12 18:40:40 GMT 2024","","ANTI-REGRESSION","ANTI-REGRESSION",""
"","2","C1-GROUNDED-BASIC.23","","Tue Nov 12 19:20:45 GMT 2024","passed","Tue Nov 12 19:20:45 GMT 2024","","QUICK","QUICK",""
"","8000","metta_lang.Working_with_spaces___MeTTa_Language7","","Tue Nov 12 18:40:33 GMT 2024","passed","Tue Nov 12 18:40:41 GMT 2024","","WHOLE-TESTS","WHOLE-TESTS",""
"","5","OR-TEST.14","","Tue Nov 12 18:48:46 GMT 2024","passed","Tue Nov 12 18:48:46 GMT 2024","","HYPERON-METTALOG-SANITY","HYPERON-METTALOG-SANITY",""
"","4","QUERYING-SPACE-CONTENT---METTA-LANGUAGE2.01","","Tue Nov 12 18:58:03 GMT 2024","passed","Tue Nov 12 18:58:03 GMT 2024","","METTA-LANG","METTA-LANG",""
"","103","SPACE-INTERSECTION-TESTS.08","","Tue Nov 12 18:48:46 GMT 2024","failed","Tue Nov 12 18:48:46 GMT 2024","","HYPERON-METTALOG-SANITY","HYPERON-METTALOG-SANITY",""
"","2","SPACE-INTERSECTION-TESTS.15","","Tue Nov 12 18:48:46 GMT 2024","passed","Tue Nov 12 18:48:46 GMT 2024","","HYPERON-METTALOG-SANITY","HYPERON-METTALOG-SANITY",""
"","1","D2-HIGHERFUNC.13","","Tue Nov 12 19:20:45 GMT 2024","passed","Tue Nov 12 19:20:45 GMT 2024","","QUICK","QUICK",""
"","1","F1-IMPORTS.10","","Tue Nov 12 18:40:24 GMT 2024","passed","Tue Nov 12 18:40:24 GMT 2024","","MODULE-SYSTEM","MODULE-SYSTEM",""
"","2","COLLAPSE.01","","Tue Nov 12 19:17:06 GMT 2024","passed","Tue Nov 12 19:17:06 GMT 2024","","METTA-MORPH-TESTS","METTA-MORPH-TESTS",""
"","1","C1-GROUNDED-BASIC.21","","Tue Nov 12 19:20:45 GMT 2024","passed","Tue Nov 12 19:20:45 GMT 2024","","QUICK","QUICK",""
"","8000","baseline_compat.rust_02","","Tue Nov 12 18:40:33 GMT 2024","passed","Tue Nov 12 18:40:41 GMT 2024","","WHOLE-TESTS","WHOLE-TESTS",""
"","2","RECURSIVE-AND-PARAMETRIC-TYPES---METTA-LANGUAGE7.05","","Tue Nov 12 18:58:03 GMT 2024","passed","Tue Nov 12 18:58:03 GMT 2024","","METTA-LANG","METTA-LANG",""
"","2","METATYPES---METTA-LANGUAGE8.02","","Tue Nov 12 18:58:03 GMT 2024","passed","Tue Nov 12 18:58:03 GMT 2024","","METTA-LANG","METTA-LANG",""
"","127","OPERATIONS-OVER-ATOMS---METTA-LANGUAGE2.02","","Tue Nov 12 18:58:03 GMT 2024","failed","Tue Nov 12 18:58:03 GMT 2024","","METTA-LANG","METTA-LANG",""
"","1","QUERYING-SPACE-CONTENT---METTA-LANGUAGE2.04","","Tue Nov 12 18:58:03 GMT 2024","passed","Tue Nov 12 18:58:03 GMT 2024","","METTA-LANG","METTA-LANG",""
"","2","HANDLING-NONDETERMINISTIC-RESULTS---METTA-LANGUAGE6.01","","Tue Nov 12 18:58:03 GMT 2024","passed","Tue Nov 12 18:58:03 GMT 2024","","METTA-LANG","METTA-LANG",""
"","2","RECURSION-AND-CONTROL---METTA-LANGUAGE8.03","","Tue Nov 12 18:58:03 GMT 2024","passed","Tue Nov 12 18:58:03 GMT 2024","","METTA-LANG","METTA-LANG",""
"","133","MINIMAL-METTA-TESTS.30","","Tue Nov 12 18:48:46 GMT 2024","failed","Tue Nov 12 18:48:46 GMT 2024","","HYPERON-METTALOG-SANITY","HYPERON-METTALOG-SANITY",""
"","2","OUTPUT-LOAD-TESTS.04","","Tue Nov 12 18:48:46 GMT 2024","passed","Tue Nov 12 18:48:46 GMT 2024","","HYPERON-METTALOG-SANITY","HYPERON-METTALOG-SANITY",""
"","2","SPACE-INTERSECTION-TESTS.19","","Tue Nov 12 18:48:46 GMT 2024","passed","Tue Nov 12 18:48:46 GMT 2024","","HYPERON-METTALOG-SANITY","HYPERON-METTALOG-SANITY",""
"","6","F1-IMPORTS.02","","Tue Nov 12 18:45:43 GMT 2024","passed","Tue Nov 12 18:45:43 GMT 2024","","HYPERON-EXPERIMENTAL-SCRIPTS","HYPERON-EXPERIMENTAL-SCRIPTS",""
"","3","B1-EQUAL-CHAIN.03","","Tue Nov 12 18:45:43 GMT 2024","passed","Tue Nov 12 18:45:43 GMT 2024","","HYPERON-EXPERIMENTAL-SCRIPTS","HYPERON-EXPERIMENTAL-SCRIPTS",""
"","2","COMPILE-TESTS.02","","Tue Nov 12 18:48:46 GMT 2024","passed","Tue Nov 12 18:48:46 GMT 2024","","HYPERON-METTALOG-SANITY","HYPERON-METTALOG-SANITY",""
"","2","PRINT-GRAPH.04","","Tue Nov 12 18:43:39 GMT 2024","passed","Tue Nov 12 18:43:39 GMT 2024","","METTA-WAM-ISSUE-145","METTA-WAM-ISSUE-145",""
"","3","LET-SUPERPOSE-IF-CASE.02","","Tue Nov 12 19:17:06 GMT 2024","passed","Tue Nov 12 19:17:06 GMT 2024","","METTA-MORPH-TESTS","METTA-MORPH-TESTS",""
"","2","CONSOLE-OUTPUT-AND-DEBUGGING---METTA-LANGUAGE5.04","","Tue Nov 12 18:58:03 GMT 2024","passed","Tue Nov 12 18:58:03 GMT 2024","","METTA-LANG","METTA-LANG",""
"","3","RECURSIVE-AND-PARAMETRIC-TYPES---METTA-LANGUAGE7.03","","Tue Nov 12 18:58:03 GMT 2024","passed","Tue Nov 12 18:58:03 GMT 2024","","METTA-LANG","METTA-LANG",""
"","89","B5-TYPES-PRELIM.11","","Tue Nov 12 18:45:43 GMT 2024","failed","Tue Nov 12 18:45:43 GMT 2024","","HYPERON-EXPERIMENTAL-SCRIPTS","HYPERON-EXPERIMENTAL-SCRIPTS",""
"","1","SPACE-INTERSECTION-TESTS.04","","Tue Nov 12 18:48:46 GMT 2024","passed","Tue Nov 12 18:48:46 GMT 2024","","HYPERON-METTALOG-SANITY","HYPERON-METTALOG-SANITY",""
"","2","D2-HIGHERFUNC.15","","Tue Nov 12 18:45:43 GMT 2024","passed","Tue Nov 12 18:45:43 GMT 2024","","HYPERON-EXPERIMENTAL-SCRIPTS","HYPERON-EXPERIMENTAL-SCRIPTS",""
"","2","INTERSECTION-TESTS.15","","Tue Nov 12 18:48:46 GMT 2024","passed","Tue Nov 12 18:48:46 GMT 2024","","HYPERON-METTALOG-SANITY","HYPERON-METTALOG-SANITY",""
"","3","HANDLING-NONDETERMINISTIC-RESULTS---METTA-LANGUAGE1.03","","Tue Nov 12 18:58:03 GMT 2024","passed","Tue Nov 12 18:58:03 GMT 2024","","METTA-LANG","METTA-LANG",""
"","3","MINNARS.01","","Tue Nov 12 19:17:06 GMT 2024","passed","Tue Nov 12 19:17:06 GMT 2024","","METTA-MORPH-TESTS","METTA-MORPH-TESTS",""
"","2","D2-HIGHERFUNC.05","","Tue Nov 12 19:20:45 GMT 2024","passed","Tue Nov 12 19:20:45 GMT 2024","","QUICK","QUICK",""
"","2","RECURSION-AND-CONTROL---METTA-LANGUAGE7.04","","Tue Nov 12 18:58:03 GMT 2024","passed","Tue Nov 12 18:58:03 GMT 2024","","METTA-LANG","METTA-LANG",""
"","3","CONCRETE-TYPES---METTA-LANGUAGE5.05","","Tue Nov 12 18:58:03 GMT 2024","passed","Tue Nov 12 18:58:03 GMT 2024","","METTA-LANG","METTA-LANG",""
"","3","BASIC-EVALUATION---METTA-LANGUAGE15.05","","Tue Nov 12 18:58:03 GMT 2024","passed","Tue Nov 12 18:58:03 GMT 2024","","METTA-LANG","METTA-LANG",""
"","2","MATCH-VOID.03","","Tue Nov 12 19:17:06 GMT 2024","passed","Tue Nov 12 19:17:06 GMT 2024","","METTA-MORPH-TESTS","METTA-MORPH-TESTS",""
"","3","UNIQUE-TEST.03","","Tue Nov 12 18:48:46 GMT 2024","passed","Tue Nov 12 18:48:46 GMT 2024","","HYPERON-METTALOG-SANITY","HYPERON-METTALOG-SANITY",""
"","47","BASIC-EVALUATION---METTA-LANGUAGE10.01","","Tue Nov 12 18:58:03 GMT 2024","failed","Tue Nov 12 18:58:03 GMT 2024","","METTA-LANG","METTA-LANG",""
"","1","OR-TEST.04","","Tue Nov 12 18:48:46 GMT 2024","passed","Tue Nov 12 18:48:46 GMT 2024","","HYPERON-METTALOG-SANITY","HYPERON-METTALOG-SANITY",""
"","7000","hyperon-experimental_scripts.a3_twoside","","Tue Nov 12 18:40:33 GMT 2024","passed","Tue Nov 12 18:40:40 GMT 2024","","WHOLE-TESTS","WHOLE-TESTS",""
"","5","NESTED-QUERIES-AND-RECURSIVE-GRAPH-TRAVERSAL---METTA-LANGUAGE3.01","","Tue Nov 12 18:58:03 GMT 2024","passed","Tue Nov 12 18:58:03 GMT 2024","","METTA-LANG","METTA-LANG",""
"","15","D1-GADT.13","","Tue Nov 12 18:45:43 GMT 2024","passed","Tue Nov 12 18:45:43 GMT 2024","","HYPERON-EXPERIMENTAL-SCRIPTS","HYPERON-EXPERIMENTAL-SCRIPTS",""
"","8000","metta_lang.Concrete_types___MeTTa_Language10","","Tue Nov 12 18:40:33 GMT 2024","passed","Tue Nov 12 18:40:41 GMT 2024","","WHOLE-TESTS","WHOLE-TESTS",""
"","2","INTERSECTION-TESTS.20","","Tue Nov 12 18:48:46 GMT 2024","passed","Tue Nov 12 18:48:46 GMT 2024","","HYPERON-METTALOG-SANITY","HYPERON-METTALOG-SANITY",""
"","1","TEST-IF-CLOSED.04","","Tue Nov 12 18:40:40 GMT 2024","passed","Tue Nov 12 18:40:40 GMT 2024","","ANTI-REGRESSION","ANTI-REGRESSION",""
"","7000","metta_lang.Operations_over_atoms___MeTTa_Language5","","Tue Nov 12 18:40:33 GMT 2024","passed","Tue Nov 12 18:40:40 GMT 2024","","WHOLE-TESTS","WHOLE-TESTS",""
"","1","METATYPES---METTA-LANGUAGE4.02","","Tue Nov 12 18:58:03 GMT 2024","passed","Tue Nov 12 18:58:03 GMT 2024","","METTA-LANG","METTA-LANG",""
"","1","BASIC-GROUNDED-FUNCTIONS---METTA-LANGUAGE1.05","","Tue Nov 12 18:58:03 GMT 2024","passed","Tue Nov 12 18:58:03 GMT 2024","","METTA-LANG","METTA-LANG",""
"","2","MAX-TIME-TESTS.04","","Tue Nov 12 18:48:46 GMT 2024","passed","Tue Nov 12 18:48:46 GMT 2024","","HYPERON-METTALOG-SANITY","HYPERON-METTALOG-SANITY",""
"","8000","metta_lang.Basic_evaluation___MeTTa_Language2","","Tue Nov 12 18:40:33 GMT 2024","passed","Tue Nov 12 18:40:41 GMT 2024","","WHOLE-TESTS","WHOLE-TESTS",""
"","42","METATYPES---METTA-LANGUAGE1.06","","Tue Nov 12 18:58:03 GMT 2024","failed","Tue Nov 12 18:58:03 GMT 2024","","METTA-LANG","METTA-LANG",""
"","2","CONTROLLING-PATTERN-MATCHING---METTA-LANGUAGE3.01","","Tue Nov 12 18:58:03 GMT 2024","passed","Tue Nov 12 18:58:03 GMT 2024","","METTA-LANG","METTA-LANG",""
"","48","MINIMAL-METTA-TESTS.09","","Tue Nov 12 18:48:46 GMT 2024","passed","Tue Nov 12 18:48:46 GMT 2024","","HYPERON-METTALOG-SANITY","HYPERON-METTALOG-SANITY",""
"","1","XOR-TEST.05","","Tue Nov 12 18:48:46 GMT 2024","passed","Tue Nov 12 18:48:46 GMT 2024","","HYPERON-METTALOG-SANITY","HYPERON-METTALOG-SANITY",""
"","8000","metta_lang.Basic_evaluation___MeTTa_Language15","","Tue Nov 12 18:40:33 GMT 2024","passed","Tue Nov 12 18:40:41 GMT 2024","","WHOLE-TESTS","WHOLE-TESTS",""
"","124","MINIMAL-METTA-TESTS.39","","Tue Nov 12 18:48:46 GMT 2024","failed","Tue Nov 12 18:48:46 GMT 2024","","HYPERON-METTALOG-SANITY","HYPERON-METTALOG-SANITY",""
"","1","RECURSION-AND-CONTROL---METTA-LANGUAGE5.02","","Tue Nov 12 18:58:03 GMT 2024","passed","Tue Nov 12 18:58:03 GMT 2024","","METTA-LANG","METTA-LANG",""
"","2","C1-GROUNDED-BASIC.07","","Tue Nov 12 18:45:43 GMT 2024","passed","Tue Nov 12 18:45:43 GMT 2024","","HYPERON-EXPERIMENTAL-SCRIPTS","HYPERON-EXPERIMENTAL-SCRIPTS",""
"","2","FUNCTIONS-AND-UNIFICATION---METTA-LANGUAGE2.04","","Tue Nov 12 18:58:03 GMT 2024","passed","Tue Nov 12 18:58:03 GMT 2024","","METTA-LANG","METTA-LANG",""
"","8000","hyperon-experimental_scripts.e3_match_states","","Tue Nov 12 18:40:33 GMT 2024","passed","Tue Nov 12 18:40:41 GMT 2024","","WHOLE-TESTS","WHOLE-TESTS",""
"","4","C1-GROUNDED-BASIC.01","","Tue Nov 12 19:20:45 GMT 2024","passed","Tue Nov 12 19:20:45 GMT 2024","","QUICK","QUICK",""
"","3","SUPERCOLLAPSE.05","","Tue Nov 12 19:17:06 GMT 2024","passed","Tue Nov 12 19:17:06 GMT 2024","","METTA-MORPH-TESTS","METTA-MORPH-TESTS",""
"","3","METATYPES---METTA-LANGUAGE3.01","","Tue Nov 12 18:58:03 GMT 2024","passed","Tue Nov 12 18:58:03 GMT 2024","","METTA-LANG","METTA-LANG",""
"","4","BASIC-EVALUATION---METTA-LANGUAGE9.01","","Tue Nov 12 18:58:03 GMT 2024","passed","Tue Nov 12 18:58:03 GMT 2024","","METTA-LANG","METTA-LANG",""
"","8000","metta_lang.Basic_grounded_functions___MeTTa_Language5","","Tue Nov 12 18:40:33 GMT 2024","passed","Tue Nov 12 18:40:41 GMT 2024","","WHOLE-TESTS","WHOLE-TESTS",""
"","3","CONTROL-FLOW---METTA-LANGUAGE8.01","","Tue Nov 12 18:58:03 GMT 2024","passed","Tue Nov 12 18:58:03 GMT 2024","","METTA-LANG","METTA-LANG",""
"","2","D3-DEPTYPES.03","","Tue Nov 12 18:45:43 GMT 2024","passed","Tue Nov 12 18:45:43 GMT 2024","","HYPERON-EXPERIMENTAL-SCRIPTS","HYPERON-EXPERIMENTAL-SCRIPTS",""
"","3","CONTROLLING-PATTERN-MATCHING---METTA-LANGUAGE1.01","","Tue Nov 12 18:58:03 GMT 2024","passed","Tue Nov 12 18:58:03 GMT 2024","","METTA-LANG","METTA-LANG",""
"","2","INTERSECTION-TESTS.17","","Tue Nov 12 18:48:46 GMT 2024","passed","Tue Nov 12 18:48:46 GMT 2024","","HYPERON-METTALOG-SANITY","HYPERON-METTALOG-SANITY",""
"","1","F1-IMPORTS.09","","Tue Nov 12 18:45:43 GMT 2024","passed","Tue Nov 12 18:45:43 GMT 2024","","HYPERON-EXPERIMENTAL-SCRIPTS","HYPERON-EXPERIMENTAL-SCRIPTS",""
"","2","HANDLING-NONDETERMINISTIC-RESULTS---METTA-LANGUAGE7.03","","Tue Nov 12 18:58:03 GMT 2024","passed","Tue Nov 12 18:58:03 GMT 2024","","METTA-LANG","METTA-LANG",""
"","2","INTERSECTION-TESTS.19","","Tue Nov 12 18:48:46 GMT 2024","passed","Tue Nov 12 18:48:46 GMT 2024","","HYPERON-METTALOG-SANITY","HYPERON-METTALOG-SANITY",""
"","3","CONTROLLING-PATTERN-MATCHING---METTA-LANGUAGE2.01","","Tue Nov 12 18:58:03 GMT 2024","passed","Tue Nov 12 18:58:03 GMT 2024","","METTA-LANG","METTA-LANG",""
"","15","CONTROLLING-PATTERN-MATCHING---METTA-LANGUAGE10.06","","Tue Nov 12 18:58:03 GMT 2024","passed","Tue Nov 12 18:58:03 GMT 2024","","METTA-LANG","METTA-LANG",""
"","1","C1-GROUNDED-BASIC.22","","Tue Nov 12 18:45:43 GMT 2024","passed","Tue Nov 12 18:45:43 GMT 2024","","HYPERON-EXPERIMENTAL-SCRIPTS","HYPERON-EXPERIMENTAL-SCRIPTS",""
"","113","WORKING-WITH-SPACES---METTA-LANGUAGE8.02","","Tue Nov 12 18:58:03 GMT 2024","failed","Tue Nov 12 18:58:03 GMT 2024","","METTA-LANG","METTA-LANG",""
"","1","E3-MATCH-STATES.04","","Tue Nov 12 18:45:43 GMT 2024","passed","Tue Nov 12 18:45:43 GMT 2024","","HYPERON-EXPERIMENTAL-SCRIPTS","HYPERON-EXPERIMENTAL-SCRIPTS",""
"","1","MATCH-SUPERPOSED-SPACES.04","","Tue Nov 12 19:17:06 GMT 2024","passed","Tue Nov 12 19:17:06 GMT 2024","","METTA-MORPH-TESTS","METTA-MORPH-TESTS",""
"","2","D2-HIGHERFUNC.18","","Tue Nov 12 18:45:43 GMT 2024","passed","Tue Nov 12 18:45:43 GMT 2024","","HYPERON-EXPERIMENTAL-SCRIPTS","HYPERON-EXPERIMENTAL-SCRIPTS",""
"","7000","metta-morph_tests.add_atom_match","","Tue Nov 12 18:40:33 GMT 2024","passed","Tue Nov 12 18:40:40 GMT 2024","","WHOLE-TESTS","WHOLE-TESTS",""
"","8000","metta_lang.Working_with_spaces___MeTTa_Language5","","Tue Nov 12 18:40:33 GMT 2024","passed","Tue Nov 12 18:40:41 GMT 2024","","WHOLE-TESTS","WHOLE-TESTS",""
"","2","INTERSECTION-TESTS.07","","Tue Nov 12 18:48:46 GMT 2024","passed","Tue Nov 12 18:48:46 GMT 2024","","HYPERON-METTALOG-SANITY","HYPERON-METTALOG-SANITY",""
"","3","RECURSION-AND-CONTROL---METTA-LANGUAGE4.01","","Tue Nov 12 18:58:03 GMT 2024","passed","Tue Nov 12 18:58:03 GMT 2024","","METTA-LANG","METTA-LANG",""
"","2","E2-STATES.04","","Tue Nov 12 18:45:43 GMT 2024","passed","Tue Nov 12 18:45:43 GMT 2024","","HYPERON-EXPERIMENTAL-SCRIPTS","HYPERON-EXPERIMENTAL-SCRIPTS",""
"","2","D2-HIGHERFUNC.02","","Tue Nov 12 18:45:43 GMT 2024","passed","Tue Nov 12 18:45:43 GMT 2024","","HYPERON-EXPERIMENTAL-SCRIPTS","HYPERON-EXPERIMENTAL-SCRIPTS",""
"","119","CONTROL-FLOW---METTA-LANGUAGE5.01","","Tue Nov 12 18:58:03 GMT 2024","passed","Tue Nov 12 18:58:03 GMT 2024","","METTA-LANG","METTA-LANG",""
"","155","WORKING-WITH-SPACES---METTA-LANGUAGE1.10","","Tue Nov 12 18:58:03 GMT 2024","failed","Tue Nov 12 18:58:03 GMT 2024","","METTA-LANG","METTA-LANG",""
"","7000","hyperon-mettalog_sanity.space_subtraction_tests","","Tue Nov 12 18:40:33 GMT 2024","passed","Tue Nov 12 18:40:40 GMT 2024","","WHOLE-TESTS","WHOLE-TESTS",""
"","5","CONSOLE-OUTPUT-AND-DEBUGGING---METTA-LANGUAGE10.01","","Tue Nov 12 18:58:03 GMT 2024","passed","Tue Nov 12 18:58:03 GMT 2024","","METTA-LANG","METTA-LANG",""
"","3","WORKING-WITH-SPACES---METTA-LANGUAGE3.01","","Tue Nov 12 18:58:03 GMT 2024","passed","Tue Nov 12 18:58:03 GMT 2024","","METTA-LANG","METTA-LANG",""
"","3","CATCH-THROW-TESTS.03","","Tue Nov 12 18:48:46 GMT 2024","passed","Tue Nov 12 18:48:46 GMT 2024","","HYPERON-METTALOG-SANITY","HYPERON-METTALOG-SANITY",""
"","4","STRING-TESTS.01","","Tue Nov 12 18:48:46 GMT 2024","passed","Tue Nov 12 18:48:46 GMT 2024","","HYPERON-METTALOG-SANITY","HYPERON-METTALOG-SANITY",""
"","8000","hyperon-mettalog_sanity.hyperpose_tests","","Tue Nov 12 18:40:33 GMT 2024","passed","Tue Nov 12 18:40:41 GMT 2024","","WHOLE-TESTS","WHOLE-TESTS",""
"","1","MATCH-VOID.07","","Tue Nov 12 19:17:06 GMT 2024","passed","Tue Nov 12 19:17:06 GMT 2024","","METTA-MORPH-TESTS","METTA-MORPH-TESTS",""
"","4","F1-IMPORTS.01","","Tue Nov 12 18:40:24 GMT 2024","passed","Tue Nov 12 18:40:24 GMT 2024","","MODULE-SYSTEM","MODULE-SYSTEM",""
"","8000","hyperon-experimental_scripts.d1_gadt","","Tue Nov 12 18:40:33 GMT 2024","passed","Tue Nov 12 18:40:41 GMT 2024","","WHOLE-TESTS","WHOLE-TESTS",""
"","2","FUNCTIONAL-PROGRAMMING-TESTS.09","","Tue Nov 12 18:48:46 GMT 2024","passed","Tue Nov 12 18:48:46 GMT 2024","","HYPERON-METTALOG-SANITY","HYPERON-METTALOG-SANITY",""
"","8000","metta_lang.Control_flow___MeTTa_Language16","","Tue Nov 12 18:40:33 GMT 2024","passed","Tue Nov 12 18:40:41 GMT 2024","","WHOLE-TESTS","WHOLE-TESTS",""
"","2","WHAT-EVALS-OR-NOT.04","","Tue Nov 12 18:48:46 GMT 2024","passed","Tue Nov 12 18:48:46 GMT 2024","","HYPERON-METTALOG-SANITY","HYPERON-METTALOG-SANITY",""
"","12","D4-TYPE-PROP.03","","Tue Nov 12 18:45:43 GMT 2024","passed","Tue Nov 12 18:45:43 GMT 2024","","HYPERON-EXPERIMENTAL-SCRIPTS","HYPERON-EXPERIMENTAL-SCRIPTS",""
"","8000","metta_lang.Functions_and_unification___MeTTa_Language1","","Tue Nov 12 18:40:33 GMT 2024","passed","Tue Nov 12 18:40:41 GMT 2024","","WHOLE-TESTS","WHOLE-TESTS",""
"","2","CALL-TESTS.10","","Tue Nov 12 18:48:46 GMT 2024","passed","Tue Nov 12 18:48:46 GMT 2024","","HYPERON-METTALOG-SANITY","HYPERON-METTALOG-SANITY",""
"","56","BASIC-GROUNDED-FUNCTIONS---METTA-LANGUAGE5.03","","Tue Nov 12 18:58:03 GMT 2024","failed","Tue Nov 12 18:58:03 GMT 2024","","METTA-LANG","METTA-LANG",""
"","2","06-MATCH-IN-SPACE.04","","Tue Nov 12 18:48:46 GMT 2024","passed","Tue Nov 12 18:48:46 GMT 2024","","HYPERON-METTALOG-SANITY","HYPERON-METTALOG-SANITY",""
"","3","COMPILE-TESTS.01","","Tue Nov 12 18:48:46 GMT 2024","passed","Tue Nov 12 18:48:46 GMT 2024","","HYPERON-METTALOG-SANITY","HYPERON-METTALOG-SANITY",""
"","28","BC-COMP.06","","Tue Nov 12 18:40:40 GMT 2024","passed","Tue Nov 12 18:40:40 GMT 2024","","ANTI-REGRESSION","ANTI-REGRESSION",""
"","2","EVAL-FOR-TESTS.03","","Tue Nov 12 18:48:46 GMT 2024","passed","Tue Nov 12 18:48:46 GMT 2024","","HYPERON-METTALOG-SANITY","HYPERON-METTALOG-SANITY",""
"","1","CONTROLLING-PATTERN-MATCHING---METTA-LANGUAGE12.06","","Tue Nov 12 18:58:03 GMT 2024","passed","Tue Nov 12 18:58:03 GMT 2024","","METTA-LANG","METTA-LANG",""
"","2","D2-HIGHERFUNC.27","","Tue Nov 12 19:20:45 GMT 2024","passed","Tue Nov 12 19:20:45 GMT 2024","","QUICK","QUICK",""
"","2","MINIMAL-METTA-TESTS.41","","Tue Nov 12 18:48:46 GMT 2024","passed","Tue Nov 12 18:48:46 GMT 2024","","HYPERON-METTALOG-SANITY","HYPERON-METTALOG-SANITY",""
"","122","COMPILE-TESTS.03","","Tue Nov 12 18:48:46 GMT 2024","failed","Tue Nov 12 18:48:46 GMT 2024","","HYPERON-METTALOG-SANITY","HYPERON-METTALOG-SANITY",""
"","1","MATCH-VOID.09","","Tue Nov 12 19:17:06 GMT 2024","passed","Tue Nov 12 19:17:06 GMT 2024","","METTA-MORPH-TESTS","METTA-MORPH-TESTS",""
"","1","F1-IMPORTS.15","","Tue Nov 12 19:20:45 GMT 2024","passed","Tue Nov 12 19:20:45 GMT 2024","","QUICK","QUICK",""
"","2","STRING-TESTS.06","","Tue Nov 12 18:48:46 GMT 2024","passed","Tue Nov 12 18:48:46 GMT 2024","","HYPERON-METTALOG-SANITY","HYPERON-METTALOG-SANITY",""
"","2","C1-GROUNDED-BASIC.09","","Tue Nov 12 19:20:45 GMT 2024","passed","Tue Nov 12 19:20:45 GMT 2024","","QUICK","QUICK",""
"","2","CONCRETE-TYPES---METTA-LANGUAGE12.03","","Tue Nov 12 18:58:03 GMT 2024","passed","Tue Nov 12 18:58:03 GMT 2024","","METTA-LANG","METTA-LANG",""
"","29","STRUCTURE-TESTS.01","","Tue Nov 12 18:48:46 GMT 2024","passed","Tue Nov 12 18:48:46 GMT 2024","","HYPERON-METTALOG-SANITY","HYPERON-METTALOG-SANITY",""
"","22","BCHAIN-COMP.06","","Tue Nov 12 18:40:40 GMT 2024","passed","Tue Nov 12 18:40:40 GMT 2024","","ANTI-REGRESSION","ANTI-REGRESSION",""
"","2","SPACE-INTERSECTION-TESTS.01","","Tue Nov 12 18:48:46 GMT 2024","passed","Tue Nov 12 18:48:46 GMT 2024","","HYPERON-METTALOG-SANITY","HYPERON-METTALOG-SANITY",""
"","9","MATCH-VOID.04","","Tue Nov 12 19:17:06 GMT 2024","passed","Tue Nov 12 19:17:06 GMT 2024","","METTA-MORPH-TESTS","METTA-MORPH-TESTS",""
"","2","TEST-IF-CLOSED.06","","Tue Nov 12 18:40:40 GMT 2024","passed","Tue Nov 12 18:40:40 GMT 2024","","ANTI-REGRESSION","ANTI-REGRESSION",""
"","109","MINIMAL-METTA-TESTS.26","","Tue Nov 12 18:48:46 GMT 2024","failed","Tue Nov 12 18:48:46 GMT 2024","","HYPERON-METTALOG-SANITY","HYPERON-METTALOG-SANITY",""
"","3","CONCRETE-TYPES---METTA-LANGUAGE14.01","","Tue Nov 12 18:58:03 GMT 2024","passed","Tue Nov 12 18:58:03 GMT 2024","","METTA-LANG","METTA-LANG",""
"","134","MINIMAL-METTA-TESTS.27","","Tue Nov 12 18:48:46 GMT 2024","failed","Tue Nov 12 18:48:46 GMT 2024","","HYPERON-METTALOG-SANITY","HYPERON-METTALOG-SANITY",""
"","2","B0-CHAINING-PRELIM.02","","Tue Nov 12 18:45:43 GMT 2024","passed","Tue Nov 12 18:45:43 GMT 2024","","HYPERON-EXPERIMENTAL-SCRIPTS","HYPERON-EXPERIMENTAL-SCRIPTS",""
"","7000","metta-morph_tests.identity","","Tue Nov 12 18:40:33 GMT 2024","passed","Tue Nov 12 18:40:40 GMT 2024","","WHOLE-TESTS","WHOLE-TESTS",""
"","1","D2-HIGHERFUNC.14","","Tue Nov 12 19:20:45 GMT 2024","passed","Tue Nov 12 19:20:45 GMT 2024","","QUICK","QUICK",""
"","7000","metta-morph_tests.and_or","","Tue Nov 12 18:40:33 GMT 2024","passed","Tue Nov 12 18:40:40 GMT 2024","","WHOLE-TESTS","WHOLE-TESTS",""
"","9000","metta_lang.Free_variables_and_nondeterminism_again,_recursively___MeTTa_Language4","","Tue Nov 12 18:40:33 GMT 2024","passed","Tue Nov 12 18:40:42 GMT 2024","","WHOLE-TESTS","WHOLE-TESTS",""
"","2","RECURSION-AND-CONTROL---METTA-LANGUAGE3.04","","Tue Nov 12 18:58:03 GMT 2024","passed","Tue Nov 12 18:58:03 GMT 2024","","METTA-LANG","METTA-LANG",""
"","7","RECURSIVE-AND-PARAMETRIC-TYPES---METTA-LANGUAGE6.02","","Tue Nov 12 18:58:03 GMT 2024","failed","Tue Nov 12 18:58:03 GMT 2024","","METTA-LANG","METTA-LANG",""
"","4","UNIQUE-TEST.01","","Tue Nov 12 18:48:46 GMT 2024","passed","Tue Nov 12 18:48:46 GMT 2024","","HYPERON-METTALOG-SANITY","HYPERON-METTALOG-SANITY",""
"","4","SPACE-SUBTRACTION-TESTS.01","","Tue Nov 12 18:48:46 GMT 2024","passed","Tue Nov 12 18:48:46 GMT 2024","","HYPERON-METTALOG-SANITY","HYPERON-METTALOG-SANITY",""
"","3","E2-STATES.10","","Tue Nov 12 18:45:43 GMT 2024","passed","Tue Nov 12 18:45:43 GMT 2024","","HYPERON-EXPERIMENTAL-SCRIPTS","HYPERON-EXPERIMENTAL-SCRIPTS",""
"","8000","metta_lang.Recursion_and_control___MeTTa_Language3","","Tue Nov 12 18:40:33 GMT 2024","passed","Tue Nov 12 18:40:41 GMT 2024","","WHOLE-TESTS","WHOLE-TESTS",""
"","1","B2-BACKCHAIN.04","","Tue Nov 12 18:45:43 GMT 2024","passed","Tue Nov 12 18:45:43 GMT 2024","","HYPERON-EXPERIMENTAL-SCRIPTS","HYPERON-EXPERIMENTAL-SCRIPTS",""
"","103","WORKING-WITH-SPACES---METTA-LANGUAGE9.05","","Tue Nov 12 18:58:03 GMT 2024","failed","Tue Nov 12 18:58:03 GMT 2024","","METTA-LANG","METTA-LANG",""
"","7000","metta_lang.Control_flow___MeTTa_Language6","","Tue Nov 12 18:40:33 GMT 2024","passed","Tue Nov 12 18:40:40 GMT 2024","","WHOLE-TESTS","WHOLE-TESTS",""
"","108","CONTROL-FLOW---METTA-LANGUAGE12.02","","Tue Nov 12 18:58:03 GMT 2024","passed","Tue Nov 12 18:58:03 GMT 2024","","METTA-LANG","METTA-LANG",""
"","1","STATES-SPACES.06","","Tue Nov 12 19:17:06 GMT 2024","passed","Tue Nov 12 19:17:06 GMT 2024","","METTA-MORPH-TESTS","METTA-MORPH-TESTS",""
"","77","WHAT-EVALS-OR-NOT.08","","Tue Nov 12 18:48:46 GMT 2024","failed","Tue Nov 12 18:48:46 GMT 2024","","HYPERON-METTALOG-SANITY","HYPERON-METTALOG-SANITY",""
"","9000","hyperon-mettalog_sanity.structure-tests","","Tue Nov 12 18:40:33 GMT 2024","passed","Tue Nov 12 18:40:42 GMT 2024","","WHOLE-TESTS","WHOLE-TESTS",""
"","1","MATCH-VOID.08","","Tue Nov 12 19:17:06 GMT 2024","passed","Tue Nov 12 19:17:06 GMT 2024","","METTA-MORPH-TESTS","METTA-MORPH-TESTS",""
"","4","LIMIT-TESTS.01","","Tue Nov 12 18:48:46 GMT 2024","passed","Tue Nov 12 18:48:46 GMT 2024","","HYPERON-METTALOG-SANITY","HYPERON-METTALOG-SANITY",""
"","3","HANDLING-NONDETERMINISTIC-RESULTS---METTA-LANGUAGE8.09","","Tue Nov 12 18:58:03 GMT 2024","passed","Tue Nov 12 18:58:03 GMT 2024","","METTA-LANG","METTA-LANG",""
"","2","CONTROL-FLOW---METTA-LANGUAGE15.02","","Tue Nov 12 18:58:03 GMT 2024","passed","Tue Nov 12 18:58:03 GMT 2024","","METTA-LANG","METTA-LANG",""
"","1","SEQUENTIAL-NESTED.09","","Tue Nov 12 19:17:06 GMT 2024","passed","Tue Nov 12 19:17:06 GMT 2024","","METTA-MORPH-TESTS","METTA-MORPH-TESTS",""
"","115","WORKING-WITH-SPACES---METTA-LANGUAGE2.01","","Tue Nov 12 18:58:03 GMT 2024","failed","Tue Nov 12 18:58:03 GMT 2024","","METTA-LANG","METTA-LANG",""
"","8000","metta_lang.Concrete_types___MeTTa_Language8","","Tue Nov 12 18:40:33 GMT 2024","passed","Tue Nov 12 18:40:41 GMT 2024","","WHOLE-TESTS","WHOLE-TESTS",""
"","2","INTERSECTION-TESTS.14","","Tue Nov 12 18:48:46 GMT 2024","passed","Tue Nov 12 18:48:46 GMT 2024","","HYPERON-METTALOG-SANITY","HYPERON-METTALOG-SANITY",""
"","3","UNIQUE-TEST.06","","Tue Nov 12 18:48:46 GMT 2024","passed","Tue Nov 12 18:48:46 GMT 2024","","HYPERON-METTALOG-SANITY","HYPERON-METTALOG-SANITY",""
"","7000","metta_lang.Querying_space_content___MeTTa_Language5","","Tue Nov 12 18:40:33 GMT 2024","passed","Tue Nov 12 18:40:40 GMT 2024","","WHOLE-TESTS","WHOLE-TESTS",""
"","1","LIMIT-TESTS.08","","Tue Nov 12 18:48:46 GMT 2024","passed","Tue Nov 12 18:48:46 GMT 2024","","HYPERON-METTALOG-SANITY","HYPERON-METTALOG-SANITY",""
"","2","D2-HIGHERFUNC.23","","Tue Nov 12 19:20:45 GMT 2024","passed","Tue Nov 12 19:20:45 GMT 2024","","QUICK","QUICK",""
"","2","03-SORING-VIA-INSERT.04","","Tue Nov 12 18:48:46 GMT 2024","passed","Tue Nov 12 18:48:46 GMT 2024","","HYPERON-METTALOG-SANITY","HYPERON-METTALOG-SANITY",""
"","3","LETLET.01","","Tue Nov 12 19:17:06 GMT 2024","passed","Tue Nov 12 19:17:06 GMT 2024","","METTA-MORPH-TESTS","METTA-MORPH-TESTS",""
"","1","F1-IMPORTS.10","","Tue Nov 12 19:20:45 GMT 2024","passed","Tue Nov 12 19:20:45 GMT 2024","","QUICK","QUICK",""
"","14","00-LANG-CASE.12","","Tue Nov 12 18:48:46 GMT 2024","passed","Tue Nov 12 18:48:46 GMT 2024","","HYPERON-METTALOG-SANITY","HYPERON-METTALOG-SANITY",""
"","3","C2-SPACES.05","","Tue Nov 12 18:40:24 GMT 2024","passed","Tue Nov 12 18:40:24 GMT 2024","","MODULE-SYSTEM","MODULE-SYSTEM",""
"","1","D2-HIGHERFUNC.04","","Tue Nov 12 18:45:43 GMT 2024","passed","Tue Nov 12 18:45:43 GMT 2024","","HYPERON-EXPERIMENTAL-SCRIPTS","HYPERON-EXPERIMENTAL-SCRIPTS",""
"","1","TYPES2.03","","Tue Nov 12 19:17:06 GMT 2024","passed","Tue Nov 12 19:17:06 GMT 2024","","METTA-MORPH-TESTS","METTA-MORPH-TESTS",""
"","8000","metta_lang.Metatypes___MeTTa_Language3","","Tue Nov 12 18:40:33 GMT 2024","passed","Tue Nov 12 18:40:41 GMT 2024","","WHOLE-TESTS","WHOLE-TESTS",""
"","2","INTERSECTION-TESTS.10","","Tue Nov 12 18:48:46 GMT 2024","passed","Tue Nov 12 18:48:46 GMT 2024","","HYPERON-METTALOG-SANITY","HYPERON-METTALOG-SANITY",""
"","3","06-MATCH-IN-SPACE.05","","Tue Nov 12 18:48:46 GMT 2024","passed","Tue Nov 12 18:48:46 GMT 2024","","HYPERON-METTALOG-SANITY","HYPERON-METTALOG-SANITY",""
"","7000","metta_lang.Operations_over_atoms___MeTTa_Language2","","Tue Nov 12 18:40:33 GMT 2024","passed","Tue Nov 12 18:40:40 GMT 2024","","WHOLE-TESTS","WHOLE-TESTS",""
"","3","RECURSIVE-AND-PARAMETRIC-TYPES---METTA-LANGUAGE8.01","","Tue Nov 12 18:58:03 GMT 2024","passed","Tue Nov 12 18:58:03 GMT 2024","","METTA-LANG","METTA-LANG",""
"","2","B0-CHAINING-PRELIM.04","","Tue Nov 12 18:45:43 GMT 2024","passed","Tue Nov 12 18:45:43 GMT 2024","","HYPERON-EXPERIMENTAL-SCRIPTS","HYPERON-EXPERIMENTAL-SCRIPTS",""
"","8000","anti-regression.bchain","","Tue Nov 12 18:40:33 GMT 2024","passed","Tue Nov 12 18:40:41 GMT 2024","","WHOLE-TESTS","WHOLE-TESTS",""
"","2","CONTROL-FLOW---METTA-LANGUAGE16.06","","Tue Nov 12 18:58:03 GMT 2024","passed","Tue Nov 12 18:58:03 GMT 2024","","METTA-LANG","METTA-LANG",""
"","2","RECURSION-AND-CONTROL---METTA-LANGUAGE9.04","","Tue Nov 12 18:58:03 GMT 2024","passed","Tue Nov 12 18:58:03 GMT 2024","","METTA-LANG","METTA-LANG",""
"","2","CONTROLLING-PATTERN-MATCHING---METTA-LANGUAGE12.07","","Tue Nov 12 18:58:03 GMT 2024","passed","Tue Nov 12 18:58:03 GMT 2024","","METTA-LANG","METTA-LANG",""
"","3","BASIC-EVALUATION---METTA-LANGUAGE1.01","","Tue Nov 12 18:58:03 GMT 2024","passed","Tue Nov 12 18:58:03 GMT 2024","","METTA-LANG","METTA-LANG",""
"","8000","metta_lang.Working_with_spaces___MeTTa_Language8","","Tue Nov 12 18:40:33 GMT 2024","passed","Tue Nov 12 18:40:41 GMT 2024","","WHOLE-TESTS","WHOLE-TESTS",""
"","15","CONCRETE-TYPES---METTA-LANGUAGE9.02","","Tue Nov 12 18:58:03 GMT 2024","failed","Tue Nov 12 18:58:03 GMT 2024","","METTA-LANG","METTA-LANG",""
"","2","CONTROL-FLOW---METTA-LANGUAGE13.02","","Tue Nov 12 18:58:03 GMT 2024","passed","Tue Nov 12 18:58:03 GMT 2024","","METTA-LANG","METTA-LANG",""
"","2","F1-MODULEA.01","","Tue Nov 12 18:45:43 GMT 2024","passed","Tue Nov 12 18:45:43 GMT 2024","","HYPERON-EXPERIMENTAL-SCRIPTS","HYPERON-EXPERIMENTAL-SCRIPTS",""
"","6","SEALED-TEST.05","","Tue Nov 12 18:48:46 GMT 2024","passed","Tue Nov 12 18:48:46 GMT 2024","","HYPERON-METTALOG-SANITY","HYPERON-METTALOG-SANITY",""
"","2","CONTROLLING-PATTERN-MATCHING---METTA-LANGUAGE12.01","","Tue Nov 12 18:58:03 GMT 2024","passed","Tue Nov 12 18:58:03 GMT 2024","","METTA-LANG","METTA-LANG",""
"","6","SPACE-SUBTRACTION-TESTS.09","","Tue Nov 12 18:48:46 GMT 2024","passed","Tue Nov 12 18:48:46 GMT 2024","","HYPERON-METTALOG-SANITY","HYPERON-METTALOG-SANITY",""
"","4","B0-CHAINING-PRELIM.01","","Tue Nov 12 18:45:43 GMT 2024","passed","Tue Nov 12 18:45:43 GMT 2024","","HYPERON-EXPERIMENTAL-SCRIPTS","HYPERON-EXPERIMENTAL-SCRIPTS",""
"","3","STRING-TESTS.17","","Tue Nov 12 18:48:46 GMT 2024","passed","Tue Nov 12 18:48:46 GMT 2024","","HYPERON-METTALOG-SANITY","HYPERON-METTALOG-SANITY",""
"","3","F1-IMPORTS.06","","Tue Nov 12 19:20:45 GMT 2024","passed","Tue Nov 12 19:20:45 GMT 2024","","QUICK","QUICK",""
"","146","WORKING-WITH-SPACES---METTA-LANGUAGE10.03","","Tue Nov 12 18:58:03 GMT 2024","failed","Tue Nov 12 18:58:03 GMT 2024","","METTA-LANG","METTA-LANG",""
"","3","SUBTRACTION-TEST.10","","Tue Nov 12 18:48:46 GMT 2024","passed","Tue Nov 12 18:48:46 GMT 2024","","HYPERON-METTALOG-SANITY","HYPERON-METTALOG-SANITY",""
"","8000","hyperon-mettalog_sanity.max_time_tests","","Tue Nov 12 18:40:33 GMT 2024","passed","Tue Nov 12 18:40:41 GMT 2024","","WHOLE-TESTS","WHOLE-TESTS",""
"","2","STRING-TESTS.08","","Tue Nov 12 18:48:46 GMT 2024","passed","Tue Nov 12 18:48:46 GMT 2024","","HYPERON-METTALOG-SANITY","HYPERON-METTALOG-SANITY",""
"","3","MATCH-VOID.01","","Tue Nov 12 19:17:06 GMT 2024","passed","Tue Nov 12 19:17:06 GMT 2024","","METTA-MORPH-TESTS","METTA-MORPH-TESTS",""
"","51","C1-GROUNDED-BASIC.15","","Tue Nov 12 18:45:43 GMT 2024","failed","Tue Nov 12 18:45:43 GMT 2024","","HYPERON-EXPERIMENTAL-SCRIPTS","HYPERON-EXPERIMENTAL-SCRIPTS",""
"","2","STRING-TESTS.13","","Tue Nov 12 18:48:46 GMT 2024","passed","Tue Nov 12 18:48:46 GMT 2024","","HYPERON-METTALOG-SANITY","HYPERON-METTALOG-SANITY",""
"","4","BASIC-EVALUATION---METTA-LANGUAGE7.01","","Tue Nov 12 18:58:03 GMT 2024","passed","Tue Nov 12 18:58:03 GMT 2024","","METTA-LANG","METTA-LANG",""
"","3","METTALOGTESTCURRIED2.01","","Tue Nov 12 18:40:40 GMT 2024","passed","Tue Nov 12 18:40:40 GMT 2024","","ANTI-REGRESSION","ANTI-REGRESSION",""
"","2","LIMIT-TESTS.10","","Tue Nov 12 18:48:46 GMT 2024","passed","Tue Nov 12 18:48:46 GMT 2024","","HYPERON-METTALOG-SANITY","HYPERON-METTALOG-SANITY",""
"","2","QUERYING-SPACE-CONTENT---METTA-LANGUAGE2.02","","Tue Nov 12 18:58:03 GMT 2024","passed","Tue Nov 12 18:58:03 GMT 2024","","METTA-LANG","METTA-LANG",""
"","91","INTERSECTION-TESTS.28","","Tue Nov 12 18:48:46 GMT 2024","failed","Tue Nov 12 18:48:46 GMT 2024","","HYPERON-METTALOG-SANITY","HYPERON-METTALOG-SANITY",""
"","2","C1-GROUNDED-BASIC.11","","Tue Nov 12 19:20:45 GMT 2024","passed","Tue Nov 12 19:20:45 GMT 2024","","QUICK","QUICK",""
"","1","ARITY-TESTS.05","","Tue Nov 12 18:48:46 GMT 2024","passed","Tue Nov 12 18:48:46 GMT 2024","","HYPERON-METTALOG-SANITY","HYPERON-METTALOG-SANITY",""
"","3","D2-HIGHERFUNC.16","","Tue Nov 12 18:45:43 GMT 2024","passed","Tue Nov 12 18:45:43 GMT 2024","","HYPERON-EXPERIMENTAL-SCRIPTS","HYPERON-EXPERIMENTAL-SCRIPTS",""
"","5","CONSOLE-OUTPUT-AND-DEBUGGING---METTA-LANGUAGE3.01","","Tue Nov 12 18:58:03 GMT 2024","passed","Tue Nov 12 18:58:03 GMT 2024","","METTA-LANG","METTA-LANG",""
"","101","HANDLING-NONDETERMINISTIC-RESULTS---METTA-LANGUAGE3.02","","Tue Nov 12 18:58:03 GMT 2024","failed","Tue Nov 12 18:58:03 GMT 2024","","METTA-LANG","METTA-LANG",""
"","2","XOR-TEST.08","","Tue Nov 12 18:48:46 GMT 2024","passed","Tue Nov 12 18:48:46 GMT 2024","","HYPERON-METTALOG-SANITY","HYPERON-METTALOG-SANITY",""
"","2","STRING-TESTS.19","","Tue Nov 12 18:48:46 GMT 2024","passed","Tue Nov 12 18:48:46 GMT 2024","","HYPERON-METTALOG-SANITY","HYPERON-METTALOG-SANITY",""
"","1","MINIMAL-METTA-TESTS.04","","Tue Nov 12 18:48:46 GMT 2024","passed","Tue Nov 12 18:48:46 GMT 2024","","HYPERON-METTALOG-SANITY","HYPERON-METTALOG-SANITY",""
"","3","CONTROL-FLOW---METTA-LANGUAGE13.01","","Tue Nov 12 18:58:03 GMT 2024","passed","Tue Nov 12 18:58:03 GMT 2024","","METTA-LANG","METTA-LANG",""
"","3","CALL-TESTS.04","","Tue Nov 12 18:48:46 GMT 2024","passed","Tue Nov 12 18:48:46 GMT 2024","","HYPERON-METTALOG-SANITY","HYPERON-METTALOG-SANITY",""
"","1","00-LANG-CASE.08","","Tue Nov 12 18:48:46 GMT 2024","passed","Tue Nov 12 18:48:46 GMT 2024","","HYPERON-METTALOG-SANITY","HYPERON-METTALOG-SANITY",""
"","1","XOR-TEST.03","","Tue Nov 12 18:48:46 GMT 2024","passed","Tue Nov 12 18:48:46 GMT 2024","","HYPERON-METTALOG-SANITY","HYPERON-METTALOG-SANITY",""
"","2","B4-NONDETERM.08","","Tue Nov 12 18:45:43 GMT 2024","passed","Tue Nov 12 18:45:43 GMT 2024","","HYPERON-EXPERIMENTAL-SCRIPTS","HYPERON-EXPERIMENTAL-SCRIPTS",""
"","2","B4-NONDETERM.07","","Tue Nov 12 18:45:43 GMT 2024","passed","Tue Nov 12 18:45:43 GMT 2024","","HYPERON-EXPERIMENTAL-SCRIPTS","HYPERON-EXPERIMENTAL-SCRIPTS",""
"","4","MINIMAL-METTA-TESTS.01","","Tue Nov 12 18:48:46 GMT 2024","passed","Tue Nov 12 18:48:46 GMT 2024","","HYPERON-METTALOG-SANITY","HYPERON-METTALOG-SANITY",""
"","1","B3-DIRECT.03","","Tue Nov 12 18:45:43 GMT 2024","passed","Tue Nov 12 18:45:43 GMT 2024","","HYPERON-EXPERIMENTAL-SCRIPTS","HYPERON-EXPERIMENTAL-SCRIPTS",""
"","2","HANDLING-NONDETERMINISTIC-RESULTS---METTA-LANGUAGE8.07","","Tue Nov 12 18:58:03 GMT 2024","passed","Tue Nov 12 18:58:03 GMT 2024","","METTA-LANG","METTA-LANG",""
"","1","STRING-TESTS.20","","Tue Nov 12 18:48:46 GMT 2024","passed","Tue Nov 12 18:48:46 GMT 2024","","HYPERON-METTALOG-SANITY","HYPERON-METTALOG-SANITY",""
"","2","C1-GROUNDED-BASIC.12","","Tue Nov 12 18:45:43 GMT 2024","passed","Tue Nov 12 18:45:43 GMT 2024","","HYPERON-EXPERIMENTAL-SCRIPTS","HYPERON-EXPERIMENTAL-SCRIPTS",""
"","13","E3-MATCH-STATES.06","","Tue Nov 12 18:45:43 GMT 2024","failed","Tue Nov 12 18:45:43 GMT 2024","","HYPERON-EXPERIMENTAL-SCRIPTS","HYPERON-EXPERIMENTAL-SCRIPTS",""
"","48","D5-AUTO-TYPES.03","","Tue Nov 12 18:45:43 GMT 2024","failed","Tue Nov 12 18:45:43 GMT 2024","","HYPERON-EXPERIMENTAL-SCRIPTS","HYPERON-EXPERIMENTAL-SCRIPTS",""
"","5","HYPERPOSE-TESTS.01","","Tue Nov 12 18:48:46 GMT 2024","passed","Tue Nov 12 18:48:46 GMT 2024","","HYPERON-METTALOG-SANITY","HYPERON-METTALOG-SANITY",""
"","2","SEQUENTIAL-NESTED.01","","Tue Nov 12 19:17:06 GMT 2024","passed","Tue Nov 12 19:17:06 GMT 2024","","METTA-MORPH-TESTS","METTA-MORPH-TESTS",""
"","4","CONTROL-FLOW---METTA-LANGUAGE16.01","","Tue Nov 12 18:58:03 GMT 2024","passed","Tue Nov 12 18:58:03 GMT 2024","","METTA-LANG","METTA-LANG",""
"","5","FIRST-ANSWER.01","","Tue Nov 12 18:48:46 GMT 2024","passed","Tue Nov 12 18:48:46 GMT 2024","","HYPERON-METTALOG-SANITY","HYPERON-METTALOG-SANITY",""
"","3","WORKING-WITH-SPACES---METTA-LANGUAGE16.01","","Tue Nov 12 18:58:03 GMT 2024","passed","Tue Nov 12 18:58:03 GMT 2024","","METTA-LANG","METTA-LANG",""
"","2","ZEROARGS.02","","Tue Nov 12 19:17:06 GMT 2024","passed","Tue Nov 12 19:17:06 GMT 2024","","METTA-MORPH-TESTS","METTA-MORPH-TESTS",""
"","2","WORKING-WITH-SPACES---METTA-LANGUAGE1.07","","Tue Nov 12 18:58:03 GMT 2024","passed","Tue Nov 12 18:58:03 GMT 2024","","METTA-LANG","METTA-LANG",""
"","41000","anti-regression.debug_mettalogTestCurried","","Tue Nov 12 18:40:33 GMT 2024","failed","Tue Nov 12 18:41:14 GMT 2024","","WHOLE-TESTS","WHOLE-TESTS",""
"","8000","hyperon-experimental_scripts.d3_deptypes","","Tue Nov 12 18:40:33 GMT 2024","passed","Tue Nov 12 18:40:41 GMT 2024","","WHOLE-TESTS","WHOLE-TESTS",""
"","8000","hyperon-mettalog_sanity.minimal_metta_tests","","Tue Nov 12 18:40:33 GMT 2024","passed","Tue Nov 12 18:40:41 GMT 2024","","WHOLE-TESTS","WHOLE-TESTS",""
"","2","BASIC-EVALUATION---METTA-LANGUAGE15.06","","Tue Nov 12 18:58:03 GMT 2024","passed","Tue Nov 12 18:58:03 GMT 2024","","METTA-LANG","METTA-LANG",""
"","8000","metta_lang.Metatypes___MeTTa_Language1","","Tue Nov 12 18:40:33 GMT 2024","passed","Tue Nov 12 18:40:41 GMT 2024","","WHOLE-TESTS","WHOLE-TESTS",""
"","68","F1-IMPORTS.11","","Tue Nov 12 19:20:45 GMT 2024","failed","Tue Nov 12 19:20:45 GMT 2024","","QUICK","QUICK",""
"","170","SPACE-SUBTRACTION-TESTS.08","","Tue Nov 12 18:48:46 GMT 2024","passed","Tue Nov 12 18:48:46 GMT 2024","","HYPERON-METTALOG-SANITY","HYPERON-METTALOG-SANITY",""
"","8000","metta_lang.Free_variables_and_nondeterminism_again_recursively___MeTTa_Language5","","Tue Nov 12 18:40:33 GMT 2024","passed","Tue Nov 12 18:40:41 GMT 2024","","WHOLE-TESTS","WHOLE-TESTS",""
"","2","B5-TYPES-PRELIM.06","","Tue Nov 12 18:45:43 GMT 2024","passed","Tue Nov 12 18:45:43 GMT 2024","","HYPERON-EXPERIMENTAL-SCRIPTS","HYPERON-EXPERIMENTAL-SCRIPTS",""
"","8000","metta_lang.Recursive_and_parametric_types___MeTTa_Language2","","Tue Nov 12 18:40:33 GMT 2024","passed","Tue Nov 12 18:40:41 GMT 2024","","WHOLE-TESTS","WHOLE-TESTS",""
"","4","B1-EQUAL-CHAIN.01","","Tue Nov 12 18:45:43 GMT 2024","passed","Tue Nov 12 18:45:43 GMT 2024","","HYPERON-EXPERIMENTAL-SCRIPTS","HYPERON-EXPERIMENTAL-SCRIPTS",""
"","3","F1-MODULEA.05","","Tue Nov 12 18:45:43 GMT 2024","passed","Tue Nov 12 18:45:43 GMT 2024","","HYPERON-EXPERIMENTAL-SCRIPTS","HYPERON-EXPERIMENTAL-SCRIPTS",""
"","98","SPACE-INTERSECTION-TESTS.17","","Tue Nov 12 18:48:46 GMT 2024","failed","Tue Nov 12 18:48:46 GMT 2024","","HYPERON-METTALOG-SANITY","HYPERON-METTALOG-SANITY",""
"","3","C1-GROUNDED-BASIC.23","","Tue Nov 12 18:45:43 GMT 2024","passed","Tue Nov 12 18:45:43 GMT 2024","","HYPERON-EXPERIMENTAL-SCRIPTS","HYPERON-EXPERIMENTAL-SCRIPTS",""
"","16","WORKING-WITH-SPACES---METTA-LANGUAGE16.02","","Tue Nov 12 18:58:03 GMT 2024","failed","Tue Nov 12 18:58:03 GMT 2024","","METTA-LANG","METTA-LANG",""
"","72","MINIMAL-METTA-TESTS.23","","Tue Nov 12 18:48:46 GMT 2024","passed","Tue Nov 12 18:48:46 GMT 2024","","HYPERON-METTALOG-SANITY","HYPERON-METTALOG-SANITY",""
"","8000","hyperon-mettalog_sanity.03-soring-via-insert","","Tue Nov 12 18:40:33 GMT 2024","passed","Tue Nov 12 18:40:41 GMT 2024","","WHOLE-TESTS","WHOLE-TESTS",""
"","3","F1-MODULEA.02","","Tue Nov 12 19:20:45 GMT 2024","passed","Tue Nov 12 19:20:45 GMT 2024","","QUICK","QUICK",""
"","98","PY-TYPES.03","","Tue Nov 12 18:48:46 GMT 2024","passed","Tue Nov 12 18:48:46 GMT 2024","","HYPERON-METTALOG-SANITY","HYPERON-METTALOG-SANITY",""
"","2","06-MATCH-IN-SPACE.03","","Tue Nov 12 18:48:46 GMT 2024","passed","Tue Nov 12 18:48:46 GMT 2024","","HYPERON-METTALOG-SANITY","HYPERON-METTALOG-SANITY",""
"","2","RECURSION-AND-CONTROL---METTA-LANGUAGE3.03","","Tue Nov 12 18:58:03 GMT 2024","passed","Tue Nov 12 18:58:03 GMT 2024","","METTA-LANG","METTA-LANG",""
"","2","03-SORING-VIA-INSERT.05","","Tue Nov 12 18:48:46 GMT 2024","passed","Tue Nov 12 18:48:46 GMT 2024","","HYPERON-METTALOG-SANITY","HYPERON-METTALOG-SANITY",""
"","95","B4-NONDETERM.11","","Tue Nov 12 18:45:43 GMT 2024","passed","Tue Nov 12 18:45:43 GMT 2024","","HYPERON-EXPERIMENTAL-SCRIPTS","HYPERON-EXPERIMENTAL-SCRIPTS",""
"","2","TEST-IF-CLOSED.07","","Tue Nov 12 18:40:40 GMT 2024","passed","Tue Nov 12 18:40:40 GMT 2024","","ANTI-REGRESSION","ANTI-REGRESSION",""
"","5","WORKING-WITH-SPACES---METTA-LANGUAGE4.02","","Tue Nov 12 18:58:03 GMT 2024","passed","Tue Nov 12 18:58:03 GMT 2024","","METTA-LANG","METTA-LANG",""
"","77","D2-HIGHERFUNC.07","","Tue Nov 12 18:45:43 GMT 2024","failed","Tue Nov 12 18:45:43 GMT 2024","","HYPERON-EXPERIMENTAL-SCRIPTS","HYPERON-EXPERIMENTAL-SCRIPTS",""
"","60","OR-TEST.02","","Tue Nov 12 18:48:46 GMT 2024","failed","Tue Nov 12 18:48:46 GMT 2024","","HYPERON-METTALOG-SANITY","HYPERON-METTALOG-SANITY",""
"","1","D2-HIGHERFUNC.10","","Tue Nov 12 18:45:43 GMT 2024","passed","Tue Nov 12 18:45:43 GMT 2024","","HYPERON-EXPERIMENTAL-SCRIPTS","HYPERON-EXPERIMENTAL-SCRIPTS",""
"","3","INTERSECTION-TESTS.02","","Tue Nov 12 18:48:46 GMT 2024","passed","Tue Nov 12 18:48:46 GMT 2024","","HYPERON-METTALOG-SANITY","HYPERON-METTALOG-SANITY",""
"","1","B5-TYPES-PRELIM.03","","Tue Nov 12 18:45:43 GMT 2024","passed","Tue Nov 12 18:45:43 GMT 2024","","HYPERON-EXPERIMENTAL-SCRIPTS","HYPERON-EXPERIMENTAL-SCRIPTS",""
"","8000","metta_lang.Control_flow___MeTTa_Language4","","Tue Nov 12 18:40:33 GMT 2024","passed","Tue Nov 12 18:40:41 GMT 2024","","WHOLE-TESTS","WHOLE-TESTS",""
"","3","BASIC-EVALUATION---METTA-LANGUAGE14.03","","Tue Nov 12 18:58:03 GMT 2024","passed","Tue Nov 12 18:58:03 GMT 2024","","METTA-LANG","METTA-LANG",""
"","6","OR-TEST.01","","Tue Nov 12 18:48:46 GMT 2024","passed","Tue Nov 12 18:48:46 GMT 2024","","HYPERON-METTALOG-SANITY","HYPERON-METTALOG-SANITY",""
"","2","FIND-ALL-TESTS.04","","Tue Nov 12 18:48:46 GMT 2024","passed","Tue Nov 12 18:48:46 GMT 2024","","HYPERON-METTALOG-SANITY","HYPERON-METTALOG-SANITY",""
"","4","BASIC-GROUNDED-FUNCTIONS---METTA-LANGUAGE5.01","","Tue Nov 12 18:58:03 GMT 2024","passed","Tue Nov 12 18:58:03 GMT 2024","","METTA-LANG","METTA-LANG",""
"","1","OR-TEST.09","","Tue Nov 12 18:48:46 GMT 2024","passed","Tue Nov 12 18:48:46 GMT 2024","","HYPERON-METTALOG-SANITY","HYPERON-METTALOG-SANITY",""
"","3","INTERSECTION-TESTS.27","","Tue Nov 12 18:48:46 GMT 2024","passed","Tue Nov 12 18:48:46 GMT 2024","","HYPERON-METTALOG-SANITY","HYPERON-METTALOG-SANITY",""
"","34","WORKING-WITH-SPACES---METTA-LANGUAGE2.04","","Tue Nov 12 18:58:03 GMT 2024","failed","Tue Nov 12 18:58:03 GMT 2024","","METTA-LANG","METTA-LANG",""
"","8000","hyperon-experimental_scripts.d4_type_prop","","Tue Nov 12 18:40:33 GMT 2024","passed","Tue Nov 12 18:40:41 GMT 2024","","WHOLE-TESTS","WHOLE-TESTS",""
"","2","WORKING-WITH-SPACES---METTA-LANGUAGE8.07","","Tue Nov 12 18:58:03 GMT 2024","passed","Tue Nov 12 18:58:03 GMT 2024","","METTA-LANG","METTA-LANG",""
"","8000","metta_lang.Working_with_spaces___MeTTa_Language4","","Tue Nov 12 18:40:33 GMT 2024","passed","Tue Nov 12 18:40:41 GMT 2024","","WHOLE-TESTS","WHOLE-TESTS",""
"","91","HANDLING-NONDETERMINISTIC-RESULTS---METTA-LANGUAGE6.04","","Tue Nov 12 18:58:03 GMT 2024","passed","Tue Nov 12 18:58:03 GMT 2024","","METTA-LANG","METTA-LANG",""
"","2","C1-GROUNDED-BASIC.08","","Tue Nov 12 19:20:45 GMT 2024","passed","Tue Nov 12 19:20:45 GMT 2024","","QUICK","QUICK",""
"","1","CONTROL-FLOW---METTA-LANGUAGE10.02","","Tue Nov 12 18:58:03 GMT 2024","passed","Tue Nov 12 18:58:03 GMT 2024","","METTA-LANG","METTA-LANG",""
"","2","E3-MATCH-STATES.01","","Tue Nov 12 18:45:43 GMT 2024","passed","Tue Nov 12 18:45:43 GMT 2024","","HYPERON-EXPERIMENTAL-SCRIPTS","HYPERON-EXPERIMENTAL-SCRIPTS",""
"","2","D1-GADT.12","","Tue Nov 12 19:20:45 GMT 2024","passed","Tue Nov 12 19:20:45 GMT 2024","","QUICK","QUICK",""
"","3","OPERATIONS-OVER-ATOMS---METTA-LANGUAGE7.01","","Tue Nov 12 18:58:03 GMT 2024","passed","Tue Nov 12 18:58:03 GMT 2024","","METTA-LANG","METTA-LANG",""
"","3","SPACE-SUBTRACTION-TESTS.04","","Tue Nov 12 18:48:46 GMT 2024","passed","Tue Nov 12 18:48:46 GMT 2024","","HYPERON-METTALOG-SANITY","HYPERON-METTALOG-SANITY",""
"","103","EVAL-FOR-TESTS.01","","Tue Nov 12 18:48:46 GMT 2024","failed","Tue Nov 12 18:48:46 GMT 2024","","HYPERON-METTALOG-SANITY","HYPERON-METTALOG-SANITY",""
"","8000","hyperon-experimental_scripts.a2_opencoggy","","Tue Nov 12 18:40:33 GMT 2024","passed","Tue Nov 12 18:40:41 GMT 2024","","WHOLE-TESTS","WHOLE-TESTS",""
"","1","OR-TEST.19","","Tue Nov 12 18:48:46 GMT 2024","passed","Tue Nov 12 18:48:46 GMT 2024","","HYPERON-METTALOG-SANITY","HYPERON-METTALOG-SANITY",""
"","8000","metta-morph_tests.letlet","","Tue Nov 12 18:40:33 GMT 2024","passed","Tue Nov 12 18:40:41 GMT 2024","","WHOLE-TESTS","WHOLE-TESTS",""
"","2","CONTROLLING-PATTERN-MATCHING---METTA-LANGUAGE12.04","","Tue Nov 12 18:58:03 GMT 2024","passed","Tue Nov 12 18:58:03 GMT 2024","","METTA-LANG","METTA-LANG",""
"","2","C3-PLN-STV.04","","Tue Nov 12 18:45:43 GMT 2024","passed","Tue Nov 12 18:45:43 GMT 2024","","HYPERON-EXPERIMENTAL-SCRIPTS","HYPERON-EXPERIMENTAL-SCRIPTS",""
"","8000","metta_lang.Basic_evaluation___MeTTa_Language3","","Tue Nov 12 18:40:33 GMT 2024","passed","Tue Nov 12 18:40:41 GMT 2024","","WHOLE-TESTS","WHOLE-TESTS",""
"","2","BASIC-GROUNDED-FUNCTIONS---METTA-LANGUAGE6.04","","Tue Nov 12 18:58:03 GMT 2024","passed","Tue Nov 12 18:58:03 GMT 2024","","METTA-LANG","METTA-LANG",""
"","3","CALL-TESTS.05","","Tue Nov 12 18:48:46 GMT 2024","passed","Tue Nov 12 18:48:46 GMT 2024","","HYPERON-METTALOG-SANITY","HYPERON-METTALOG-SANITY",""
"","3","HYPERPOSE.10","","Tue Nov 12 19:17:06 GMT 2024","passed","Tue Nov 12 19:17:06 GMT 2024","","METTA-MORPH-TESTS","METTA-MORPH-TESTS",""
"","1","D2-HIGHERFUNC.12","","Tue Nov 12 18:45:43 GMT 2024","passed","Tue Nov 12 18:45:43 GMT 2024","","HYPERON-EXPERIMENTAL-SCRIPTS","HYPERON-EXPERIMENTAL-SCRIPTS",""
"","2","C1-GROUNDED-BASIC.02","","Tue Nov 12 19:20:45 GMT 2024","passed","Tue Nov 12 19:20:45 GMT 2024","","QUICK","QUICK",""
"","8000","anti-regression.test_if_closed","","Tue Nov 12 18:40:33 GMT 2024","passed","Tue Nov 12 18:40:41 GMT 2024","","WHOLE-TESTS","WHOLE-TESTS",""
"","3","02-CURRIED-PLUS.01","","Tue Nov 12 18:48:46 GMT 2024","passed","Tue Nov 12 18:48:46 GMT 2024","","HYPERON-METTALOG-SANITY","HYPERON-METTALOG-SANITY",""
"","1","WORKING-WITH-SPACES---METTA-LANGUAGE12.07","","Tue Nov 12 18:58:03 GMT 2024","passed","Tue Nov 12 18:58:03 GMT 2024","","METTA-LANG","METTA-LANG",""
"","8000","metta_lang.Basic_grounded_functions___MeTTa_Language2","","Tue Nov 12 18:40:33 GMT 2024","passed","Tue Nov 12 18:40:41 GMT 2024","","WHOLE-TESTS","WHOLE-TESTS",""
"","2","SEQUENTIAL-NESTED.08","","Tue Nov 12 19:17:06 GMT 2024","passed","Tue Nov 12 19:17:06 GMT 2024","","METTA-MORPH-TESTS","METTA-MORPH-TESTS",""
"","4","BASIC-GROUNDED-FUNCTIONS---METTA-LANGUAGE6.01","","Tue Nov 12 18:58:03 GMT 2024","passed","Tue Nov 12 18:58:03 GMT 2024","","METTA-LANG","METTA-LANG",""
"","7000","metta_lang.Working_with_spaces___MeTTa_Language1","","Tue Nov 12 18:40:33 GMT 2024","passed","Tue Nov 12 18:40:40 GMT 2024","","WHOLE-TESTS","WHOLE-TESTS",""
"","3","F1-MODULEA.05","","Tue Nov 12 19:20:45 GMT 2024","passed","Tue Nov 12 19:20:45 GMT 2024","","QUICK","QUICK",""
"","3","SPACE-SUBTRACTION-TESTS.05","","Tue Nov 12 18:48:46 GMT 2024","passed","Tue Nov 12 18:48:46 GMT 2024","","HYPERON-METTALOG-SANITY","HYPERON-METTALOG-SANITY",""
"","3","WORKING-WITH-SPACES---METTA-LANGUAGE6.03","","Tue Nov 12 18:58:03 GMT 2024","passed","Tue Nov 12 18:58:03 GMT 2024","","METTA-LANG","METTA-LANG",""
"","71","CONSOLE-OUTPUT-AND-DEBUGGING---METTA-LANGUAGE5.02","","Tue Nov 12 18:58:03 GMT 2024","failed","Tue Nov 12 18:58:03 GMT 2024","","METTA-LANG","METTA-LANG",""
"","1","F1-IMPORTS.08","","Tue Nov 12 18:40:24 GMT 2024","passed","Tue Nov 12 18:40:24 GMT 2024","","MODULE-SYSTEM","MODULE-SYSTEM",""
"","9","CONCRETE-TYPES---METTA-LANGUAGE7.03","","Tue Nov 12 18:58:03 GMT 2024","passed","Tue Nov 12 18:58:03 GMT 2024","","METTA-LANG","METTA-LANG",""
"","2","B1-EQUAL-CHAIN.05","","Tue Nov 12 18:45:43 GMT 2024","passed","Tue Nov 12 18:45:43 GMT 2024","","HYPERON-EXPERIMENTAL-SCRIPTS","HYPERON-EXPERIMENTAL-SCRIPTS",""
"","3","TYPES.01","","Tue Nov 12 19:17:06 GMT 2024","passed","Tue Nov 12 19:17:06 GMT 2024","","METTA-MORPH-TESTS","METTA-MORPH-TESTS",""
"","2","XOR-TEST.09","","Tue Nov 12 18:48:46 GMT 2024","passed","Tue Nov 12 18:48:46 GMT 2024","","HYPERON-METTALOG-SANITY","HYPERON-METTALOG-SANITY",""
"","3","SUPERCOLLAPSE.01","","Tue Nov 12 19:17:06 GMT 2024","passed","Tue Nov 12 19:17:06 GMT 2024","","METTA-MORPH-TESTS","METTA-MORPH-TESTS",""
"","2","HANDLING-NONDETERMINISTIC-RESULTS---METTA-LANGUAGE8.05","","Tue Nov 12 18:58:03 GMT 2024","passed","Tue Nov 12 18:58:03 GMT 2024","","METTA-LANG","METTA-LANG",""
"","75","MINIMAL-METTA-TESTS.35","","Tue Nov 12 18:48:46 GMT 2024","failed","Tue Nov 12 18:48:46 GMT 2024","","HYPERON-METTALOG-SANITY","HYPERON-METTALOG-SANITY",""
"","2","OPERATIONS-OVER-ATOMS---METTA-LANGUAGE3.03","","Tue Nov 12 18:58:03 GMT 2024","passed","Tue Nov 12 18:58:03 GMT 2024","","METTA-LANG","METTA-LANG",""
"","8000","hyperon-mettalog_sanity.py_types_2","","Tue Nov 12 18:40:33 GMT 2024","passed","Tue Nov 12 18:40:41 GMT 2024","","WHOLE-TESTS","WHOLE-TESTS",""
"","2","C1-GROUNDED-BASIC.06","","Tue Nov 12 19:20:45 GMT 2024","passed","Tue Nov 12 19:20:45 GMT 2024","","QUICK","QUICK",""
"","1","OR-TEST.10","","Tue Nov 12 18:48:46 GMT 2024","passed","Tue Nov 12 18:48:46 GMT 2024","","HYPERON-METTALOG-SANITY","HYPERON-METTALOG-SANITY",""
"","3","BASIC-GROUNDED-FUNCTIONS---METTA-LANGUAGE8.04","","Tue Nov 12 18:58:03 GMT 2024","passed","Tue Nov 12 18:58:03 GMT 2024","","METTA-LANG","METTA-LANG",""
"","2","C1-GROUNDED-BASIC.16","","Tue Nov 12 19:20:45 GMT 2024","passed","Tue Nov 12 19:20:45 GMT 2024","","QUICK","QUICK",""
"","3","HANDLING-NONDETERMINISTIC-RESULTS---METTA-LANGUAGE8.11","","Tue Nov 12 18:58:03 GMT 2024","passed","Tue Nov 12 18:58:03 GMT 2024","","METTA-LANG","METTA-LANG",""
"","1","CALL-TESTS.11","","Tue Nov 12 18:48:46 GMT 2024","passed","Tue Nov 12 18:48:46 GMT 2024","","HYPERON-METTALOG-SANITY","HYPERON-METTALOG-SANITY",""
"","2","00-LANG-CASE.02","","Tue Nov 12 18:48:46 GMT 2024","passed","Tue Nov 12 18:48:46 GMT 2024","","HYPERON-METTALOG-SANITY","HYPERON-METTALOG-SANITY",""
"","4","AND-OR.01","","Tue Nov 12 19:17:06 GMT 2024","passed","Tue Nov 12 19:17:06 GMT 2024","","METTA-MORPH-TESTS","METTA-MORPH-TESTS",""
"","2","D2-HIGHERFUNC.04","","Tue Nov 12 19:20:45 GMT 2024","passed","Tue Nov 12 19:20:45 GMT 2024","","QUICK","QUICK",""
"","2","CONCRETE-TYPES---METTA-LANGUAGE12.04","","Tue Nov 12 18:58:03 GMT 2024","passed","Tue Nov 12 18:58:03 GMT 2024","","METTA-LANG","METTA-LANG",""
"","8000","anti-regression.tmpMatch1","","Tue Nov 12 18:40:33 GMT 2024","passed","Tue Nov 12 18:40:41 GMT 2024","","WHOLE-TESTS","WHOLE-TESTS",""
"","3","F1-IMPORTS.06","","Tue Nov 12 18:45:43 GMT 2024","passed","Tue Nov 12 18:45:43 GMT 2024","","HYPERON-EXPERIMENTAL-SCRIPTS","HYPERON-EXPERIMENTAL-SCRIPTS",""
"","59","MINIMAL-METTA-TESTS.11","","Tue Nov 12 18:48:46 GMT 2024","passed","Tue Nov 12 18:48:46 GMT 2024","","HYPERON-METTALOG-SANITY","HYPERON-METTALOG-SANITY",""
"","8000","hyperon-experimental_scripts.c3_pln_stv","","Tue Nov 12 18:40:33 GMT 2024","passed","Tue Nov 12 18:40:41 GMT 2024","","WHOLE-TESTS","WHOLE-TESTS",""
"","2","BASIC-GROUNDED-FUNCTIONS---METTA-LANGUAGE6.02","","Tue Nov 12 18:58:03 GMT 2024","passed","Tue Nov 12 18:58:03 GMT 2024","","METTA-LANG","METTA-LANG",""
"","8000","metta_lang.Working_with_spaces___MeTTa_Language10","","Tue Nov 12 18:40:33 GMT 2024","passed","Tue Nov 12 18:40:41 GMT 2024","","WHOLE-TESTS","WHOLE-TESTS",""
"","9","RECURSIVE-AND-PARAMETRIC-TYPES---METTA-LANGUAGE7.08","","Tue Nov 12 18:58:03 GMT 2024","passed","Tue Nov 12 18:58:03 GMT 2024","","METTA-LANG","METTA-LANG",""
"","57","RECURSIVE-AND-PARAMETRIC-TYPES---METTA-LANGUAGE5.06","","Tue Nov 12 18:58:03 GMT 2024","failed","Tue Nov 12 18:58:03 GMT 2024","","METTA-LANG","METTA-LANG",""
"","3","RECURSION-AND-CONTROL---METTA-LANGUAGE8.02","","Tue Nov 12 18:58:03 GMT 2024","passed","Tue Nov 12 18:58:03 GMT 2024","","METTA-LANG","METTA-LANG",""
"","2","C1-GROUNDED-BASIC.07","","Tue Nov 12 19:20:45 GMT 2024","passed","Tue Nov 12 19:20:45 GMT 2024","","QUICK","QUICK",""
"","8000","metta-morph_tests.let_superpose_if_case","","Tue Nov 12 18:40:33 GMT 2024","passed","Tue Nov 12 18:40:41 GMT 2024","","WHOLE-TESTS","WHOLE-TESTS",""
"","1","INTERSECTION-TESTS.03","","Tue Nov 12 18:48:46 GMT 2024","passed","Tue Nov 12 18:48:46 GMT 2024","","HYPERON-METTALOG-SANITY","HYPERON-METTALOG-SANITY",""
"","4","CONTROL-FLOW---METTA-LANGUAGE12.01","","Tue Nov 12 18:58:03 GMT 2024","passed","Tue Nov 12 18:58:03 GMT 2024","","METTA-LANG","METTA-LANG",""
"","1","RECURSIVE-AND-PARAMETRIC-TYPES---METTA-LANGUAGE9.02","","Tue Nov 12 18:58:03 GMT 2024","passed","Tue Nov 12 18:58:03 GMT 2024","","METTA-LANG","METTA-LANG",""
"","3","FUNCTIONS-AND-UNIFICATION---METTA-LANGUAGE2.01","","Tue Nov 12 18:58:03 GMT 2024","passed","Tue Nov 12 18:58:03 GMT 2024","","METTA-LANG","METTA-LANG",""
"","2","C3-PLN-STV.03","","Tue Nov 12 18:45:43 GMT 2024","passed","Tue Nov 12 18:45:43 GMT 2024","","HYPERON-EXPERIMENTAL-SCRIPTS","HYPERON-EXPERIMENTAL-SCRIPTS",""
"","145","TESTS0.01","","Tue Nov 12 19:17:06 GMT 2024","passed","Tue Nov 12 19:17:06 GMT 2024","","METTA-MORPH-TESTS","METTA-MORPH-TESTS",""
"","3","D2-HIGHERFUNC.09","","Tue Nov 12 18:45:43 GMT 2024","passed","Tue Nov 12 18:45:43 GMT 2024","","HYPERON-EXPERIMENTAL-SCRIPTS","HYPERON-EXPERIMENTAL-SCRIPTS",""
"","7000","hyperon-mettalog_sanity.is_space","","Tue Nov 12 18:40:33 GMT 2024","passed","Tue Nov 12 18:40:40 GMT 2024","","WHOLE-TESTS","WHOLE-TESTS",""
"","77","INTERSECTION-TESTS.29","","Tue Nov 12 18:48:46 GMT 2024","failed","Tue Nov 12 18:48:46 GMT 2024","","HYPERON-METTALOG-SANITY","HYPERON-METTALOG-SANITY",""
"","2","MATCH-VOID.02","","Tue Nov 12 19:17:06 GMT 2024","passed","Tue Nov 12 19:17:06 GMT 2024","","METTA-MORPH-TESTS","METTA-MORPH-TESTS",""
"","3","RECURSIVE-AND-PARAMETRIC-TYPES---METTA-LANGUAGE6.01","","Tue Nov 12 18:58:03 GMT 2024","passed","Tue Nov 12 18:58:03 GMT 2024","","METTA-LANG","METTA-LANG",""
"","8000","metta-morph_tests.factorial","","Tue Nov 12 18:40:33 GMT 2024","passed","Tue Nov 12 18:40:41 GMT 2024","","WHOLE-TESTS","WHOLE-TESTS",""
"","8","D2-HIGHERFUNC.22","","Tue Nov 12 18:45:43 GMT 2024","passed","Tue Nov 12 18:45:43 GMT 2024","","HYPERON-EXPERIMENTAL-SCRIPTS","HYPERON-EXPERIMENTAL-SCRIPTS",""
"","125","C1-GROUNDED-BASIC.14","","Tue Nov 12 18:45:43 GMT 2024","failed","Tue Nov 12 18:45:43 GMT 2024","","HYPERON-EXPERIMENTAL-SCRIPTS","HYPERON-EXPERIMENTAL-SCRIPTS",""
"","7000","metta_lang.Basic_evaluation___MeTTa_Language8","","Tue Nov 12 18:40:33 GMT 2024","passed","Tue Nov 12 18:40:40 GMT 2024","","WHOLE-TESTS","WHOLE-TESTS",""
"","43000","hyperon-mettalog_sanity.compile_tests","","Tue Nov 12 18:40:33 GMT 2024","failed","Tue Nov 12 18:41:16 GMT 2024","","WHOLE-TESTS","WHOLE-TESTS",""
"","2","C1-GROUNDED-BASIC.03","","Tue Nov 12 18:45:43 GMT 2024","passed","Tue Nov 12 18:45:43 GMT 2024","","HYPERON-EXPERIMENTAL-SCRIPTS","HYPERON-EXPERIMENTAL-SCRIPTS",""
"","7000","metta_lang.Recursive_and_parametric_types___MeTTa_Language6","","Tue Nov 12 18:40:33 GMT 2024","passed","Tue Nov 12 18:40:40 GMT 2024","","WHOLE-TESTS","WHOLE-TESTS",""
"","47","B5-TYPES-PRELIM.15","","Tue Nov 12 18:45:43 GMT 2024","failed","Tue Nov 12 18:45:43 GMT 2024","","HYPERON-EXPERIMENTAL-SCRIPTS","HYPERON-EXPERIMENTAL-SCRIPTS",""
"","18","F1-IMPORTS.04","","Tue Nov 12 18:40:24 GMT 2024","failed","Tue Nov 12 18:40:24 GMT 2024","","MODULE-SYSTEM","MODULE-SYSTEM",""
"","1","CALL-CLEANUP-TESTS.03","","Tue Nov 12 18:48:46 GMT 2024","passed","Tue Nov 12 18:48:46 GMT 2024","","HYPERON-METTALOG-SANITY","HYPERON-METTALOG-SANITY",""
"","31","BC-COMP.04","","Tue Nov 12 18:40:40 GMT 2024","passed","Tue Nov 12 18:40:40 GMT 2024","","ANTI-REGRESSION","ANTI-REGRESSION",""
"","3","D4-TYPE-PROP.01","","Tue Nov 12 18:45:43 GMT 2024","passed","Tue Nov 12 18:45:43 GMT 2024","","HYPERON-EXPERIMENTAL-SCRIPTS","HYPERON-EXPERIMENTAL-SCRIPTS",""
"","169","NALIFIER.01","","Tue Nov 12 19:17:06 GMT 2024","passed","Tue Nov 12 19:17:06 GMT 2024","","METTA-MORPH-TESTS","METTA-MORPH-TESTS",""
"","8000","metta_lang.Working_with_spaces___MeTTa_Language6","","Tue Nov 12 18:40:33 GMT 2024","passed","Tue Nov 12 18:40:41 GMT 2024","","WHOLE-TESTS","WHOLE-TESTS",""
"","2","C2-SPACES.03","","Tue Nov 12 18:40:24 GMT 2024","passed","Tue Nov 12 18:40:24 GMT 2024","","MODULE-SYSTEM","MODULE-SYSTEM",""
"","2","QUERYING-SPACE-CONTENT---METTA-LANGUAGE5.03","","Tue Nov 12 18:58:03 GMT 2024","passed","Tue Nov 12 18:58:03 GMT 2024","","METTA-LANG","METTA-LANG",""
"","4","OPERATIONS-OVER-ATOMS---METTA-LANGUAGE5.01","","Tue Nov 12 18:58:03 GMT 2024","passed","Tue Nov 12 18:58:03 GMT 2024","","METTA-LANG","METTA-LANG",""
"","1","CONTROL-FLOW---METTA-LANGUAGE8.02","","Tue Nov 12 18:58:03 GMT 2024","passed","Tue Nov 12 18:58:03 GMT 2024","","METTA-LANG","METTA-LANG",""
"","8000","hyperon-mettalog_sanity.00_lang_case","","Tue Nov 12 18:40:33 GMT 2024","passed","Tue Nov 12 18:40:41 GMT 2024","","WHOLE-TESTS","WHOLE-TESTS",""
"","8000","anti-regression.bchain_comp","","Tue Nov 12 18:40:33 GMT 2024","passed","Tue Nov 12 18:40:41 GMT 2024","","WHOLE-TESTS","WHOLE-TESTS",""
"","1","FUNCTIONS-AND-UNIFICATION---METTA-LANGUAGE7.06","","Tue Nov 12 18:58:03 GMT 2024","passed","Tue Nov 12 18:58:03 GMT 2024","","METTA-LANG","METTA-LANG",""
"","61","FUNCTIONAL-PROGRAMMING-TESTS.06","","Tue Nov 12 18:48:46 GMT 2024","failed","Tue Nov 12 18:48:46 GMT 2024","","HYPERON-METTALOG-SANITY","HYPERON-METTALOG-SANITY",""
"","119","OUTPUT-LOAD-TESTS.15","","Tue Nov 12 18:48:46 GMT 2024","failed","Tue Nov 12 18:48:46 GMT 2024","","HYPERON-METTALOG-SANITY","HYPERON-METTALOG-SANITY",""
"","345","QUERYING-SPACE-CONTENT---METTA-LANGUAGE5.04","","Tue Nov 12 18:58:03 GMT 2024","failed","Tue Nov 12 18:58:03 GMT 2024","","METTA-LANG","METTA-LANG",""
"","62","D5-AUTO-TYPES.01","","Tue Nov 12 18:45:43 GMT 2024","failed","Tue Nov 12 18:45:43 GMT 2024","","HYPERON-EXPERIMENTAL-SCRIPTS","HYPERON-EXPERIMENTAL-SCRIPTS",""
"","2","BCHAIN.02","","Tue Nov 12 18:40:40 GMT 2024","passed","Tue Nov 12 18:40:40 GMT 2024","","ANTI-REGRESSION","ANTI-REGRESSION",""
"","2","B5-TYPES-PRELIM.19","","Tue Nov 12 18:45:43 GMT 2024","passed","Tue Nov 12 18:45:43 GMT 2024","","HYPERON-EXPERIMENTAL-SCRIPTS","HYPERON-EXPERIMENTAL-SCRIPTS",""
"","1","LIMIT-TESTS.05","","Tue Nov 12 18:48:46 GMT 2024","passed","Tue Nov 12 18:48:46 GMT 2024","","HYPERON-METTALOG-SANITY","HYPERON-METTALOG-SANITY",""
"","2","METATYPES---METTA-LANGUAGE1.12","","Tue Nov 12 18:58:03 GMT 2024","passed","Tue Nov 12 18:58:03 GMT 2024","","METTA-LANG","METTA-LANG",""
"","2","D2-HIGHERFUNC.06","","Tue Nov 12 19:20:45 GMT 2024","passed","Tue Nov 12 19:20:45 GMT 2024","","QUICK","QUICK",""
"","8000","metta_lang.Control_flow___MeTTa_Language11","","Tue Nov 12 18:40:33 GMT 2024","passed","Tue Nov 12 18:40:41 GMT 2024","","WHOLE-TESTS","WHOLE-TESTS",""
"","7000","metta_lang.Recursion_and_control___MeTTa_Language8","","Tue Nov 12 18:40:33 GMT 2024","passed","Tue Nov 12 18:40:40 GMT 2024","","WHOLE-TESTS","WHOLE-TESTS",""
"","3","FUNCTIONS-AND-UNIFICATION---METTA-LANGUAGE1.06","","Tue Nov 12 18:58:03 GMT 2024","passed","Tue Nov 12 18:58:03 GMT 2024","","METTA-LANG","METTA-LANG",""
"","5","OPERATIONS-OVER-ATOMS---METTA-LANGUAGE6.01","","Tue Nov 12 18:58:03 GMT 2024","passed","Tue Nov 12 18:58:03 GMT 2024","","METTA-LANG","METTA-LANG",""
"","2","B5-TYPES-PRELIM.09","","Tue Nov 12 18:45:43 GMT 2024","passed","Tue Nov 12 18:45:43 GMT 2024","","HYPERON-EXPERIMENTAL-SCRIPTS","HYPERON-EXPERIMENTAL-SCRIPTS",""
"","3","CATCH-THROW-TESTS.08","","Tue Nov 12 18:48:46 GMT 2024","passed","Tue Nov 12 18:48:46 GMT 2024","","HYPERON-METTALOG-SANITY","HYPERON-METTALOG-SANITY",""
"","3","WORKING-WITH-SPACES---METTA-LANGUAGE1.09","","Tue Nov 12 18:58:03 GMT 2024","passed","Tue Nov 12 18:58:03 GMT 2024","","METTA-LANG","METTA-LANG",""
"","5","WORKING-WITH-SPACES---METTA-LANGUAGE6.01","","Tue Nov 12 18:58:03 GMT 2024","passed","Tue Nov 12 18:58:03 GMT 2024","","METTA-LANG","METTA-LANG",""
"","8000","hyperon-experimental_scripts.b4_nondeterm","","Tue Nov 12 18:40:33 GMT 2024","passed","Tue Nov 12 18:40:41 GMT 2024","","WHOLE-TESTS","WHOLE-TESTS",""
"","8000","metta_lang.Basic_evaluation___MeTTa_Language12","","Tue Nov 12 18:40:33 GMT 2024","passed","Tue Nov 12 18:40:41 GMT 2024","","WHOLE-TESTS","WHOLE-TESTS",""
"","8000","metta-morph_tests.types","","Tue Nov 12 18:40:33 GMT 2024","passed","Tue Nov 12 18:40:41 GMT 2024","","WHOLE-TESTS","WHOLE-TESTS",""
"","3","FIRST-ANSWER.02","","Tue Nov 12 18:48:46 GMT 2024","passed","Tue Nov 12 18:48:46 GMT 2024","","HYPERON-METTALOG-SANITY","HYPERON-METTALOG-SANITY",""
"","2","D2-HIGHERFUNC.27","","Tue Nov 12 18:45:43 GMT 2024","passed","Tue Nov 12 18:45:43 GMT 2024","","HYPERON-EXPERIMENTAL-SCRIPTS","HYPERON-EXPERIMENTAL-SCRIPTS",""
"","36","D5-AUTO-TYPES.05","","Tue Nov 12 18:45:43 GMT 2024","failed","Tue Nov 12 18:45:43 GMT 2024","","HYPERON-EXPERIMENTAL-SCRIPTS","HYPERON-EXPERIMENTAL-SCRIPTS",""
"","2","D1-GADT.03","","Tue Nov 12 18:45:43 GMT 2024","passed","Tue Nov 12 18:45:43 GMT 2024","","HYPERON-EXPERIMENTAL-SCRIPTS","HYPERON-EXPERIMENTAL-SCRIPTS",""
"","3","CONTROL-FLOW---METTA-LANGUAGE11.03","","Tue Nov 12 18:58:03 GMT 2024","passed","Tue Nov 12 18:58:03 GMT 2024","","METTA-LANG","METTA-LANG",""
"","4","COMMA-IS-NOT-SPECIAL.01","","Tue Nov 12 18:40:40 GMT 2024","passed","Tue Nov 12 18:40:40 GMT 2024","","ANTI-REGRESSION","ANTI-REGRESSION",""
"","1","D4-TYPE-PROP.07","","Tue Nov 12 18:45:43 GMT 2024","passed","Tue Nov 12 18:45:43 GMT 2024","","HYPERON-EXPERIMENTAL-SCRIPTS","HYPERON-EXPERIMENTAL-SCRIPTS",""
"","2","OPERATIONS-OVER-ATOMS---METTA-LANGUAGE5.02","","Tue Nov 12 18:58:03 GMT 2024","passed","Tue Nov 12 18:58:03 GMT 2024","","METTA-LANG","METTA-LANG",""
"","18","G1-DOCS.05","","Tue Nov 12 18:45:43 GMT 2024","failed","Tue Nov 12 18:45:43 GMT 2024","","HYPERON-EXPERIMENTAL-SCRIPTS","HYPERON-EXPERIMENTAL-SCRIPTS",""
"","1","B1-EQUAL-CHAIN.06","","Tue Nov 12 18:45:43 GMT 2024","passed","Tue Nov 12 18:45:43 GMT 2024","","HYPERON-EXPERIMENTAL-SCRIPTS","HYPERON-EXPERIMENTAL-SCRIPTS",""
"","8000","metta_lang.Control_flow___MeTTa_Language3","","Tue Nov 12 18:40:33 GMT 2024","passed","Tue Nov 12 18:40:41 GMT 2024","","WHOLE-TESTS","WHOLE-TESTS",""
"","8000","metta-morph_tests.superpose_nested","","Tue Nov 12 18:40:33 GMT 2024","passed","Tue Nov 12 18:40:41 GMT 2024","","WHOLE-TESTS","WHOLE-TESTS",""
"","2","TMPMATCH1.03","","Tue Nov 12 18:40:40 GMT 2024","passed","Tue Nov 12 18:40:40 GMT 2024","","ANTI-REGRESSION","ANTI-REGRESSION",""
"","2","METATYPES---METTA-LANGUAGE1.03","","Tue Nov 12 18:58:03 GMT 2024","passed","Tue Nov 12 18:58:03 GMT 2024","","METTA-LANG","METTA-LANG",""
"","3","D2-HIGHERFUNC.01","","Tue Nov 12 18:45:43 GMT 2024","passed","Tue Nov 12 18:45:43 GMT 2024","","HYPERON-EXPERIMENTAL-SCRIPTS","HYPERON-EXPERIMENTAL-SCRIPTS",""
"","3","WORKING-WITH-SPACES---METTA-LANGUAGE12.03","","Tue Nov 12 18:58:03 GMT 2024","passed","Tue Nov 12 18:58:03 GMT 2024","","METTA-LANG","METTA-LANG",""
"","7000","hyperon-experimental_scripts.e1_kb_write","","Tue Nov 12 18:40:33 GMT 2024","passed","Tue Nov 12 18:40:40 GMT 2024","","WHOLE-TESTS","WHOLE-TESTS",""
"","7000","metta_lang.Concrete_types___MeTTa_Language4","","Tue Nov 12 18:40:33 GMT 2024","passed","Tue Nov 12 18:40:40 GMT 2024","","WHOLE-TESTS","WHOLE-TESTS",""
"","6","F1-IMPORTS.02","","Tue Nov 12 19:20:45 GMT 2024","passed","Tue Nov 12 19:20:45 GMT 2024","","QUICK","QUICK",""
"","8000","hyperon-mettalog_sanity.flip_test","","Tue Nov 12 18:40:33 GMT 2024","passed","Tue Nov 12 18:40:41 GMT 2024","","WHOLE-TESTS","WHOLE-TESTS",""
"","2","SEQUENTIAL-TESTS.02","","Tue Nov 12 18:48:46 GMT 2024","passed","Tue Nov 12 18:48:46 GMT 2024","","HYPERON-METTALOG-SANITY","HYPERON-METTALOG-SANITY",""
"","3","LIMIT-TESTS.12","","Tue Nov 12 18:48:46 GMT 2024","passed","Tue Nov 12 18:48:46 GMT 2024","","HYPERON-METTALOG-SANITY","HYPERON-METTALOG-SANITY",""
"","1","D4-TYPE-PROP.09","","Tue Nov 12 19:20:45 GMT 2024","passed","Tue Nov 12 19:20:45 GMT 2024","","QUICK","QUICK",""
"","1","C1-GROUNDED-BASIC.06","","Tue Nov 12 18:45:43 GMT 2024","passed","Tue Nov 12 18:45:43 GMT 2024","","HYPERON-EXPERIMENTAL-SCRIPTS","HYPERON-EXPERIMENTAL-SCRIPTS",""
"","28000","metta-wam-issue-116.test_spo_116378","","Tue Nov 12 18:40:33 GMT 2024","passed","Tue Nov 12 18:41:01 GMT 2024","","WHOLE-TESTS","WHOLE-TESTS",""
"","11","CONCRETE-TYPES---METTA-LANGUAGE11.01","","Tue Nov 12 18:58:03 GMT 2024","passed","Tue Nov 12 18:58:03 GMT 2024","","METTA-LANG","METTA-LANG",""
"","2","SEALED-TEST.03","","Tue Nov 12 18:48:46 GMT 2024","passed","Tue Nov 12 18:48:46 GMT 2024","","HYPERON-METTALOG-SANITY","HYPERON-METTALOG-SANITY",""
"","5","CALL-CLEANUP-TESTS.01","","Tue Nov 12 18:48:46 GMT 2024","passed","Tue Nov 12 18:48:46 GMT 2024","","HYPERON-METTALOG-SANITY","HYPERON-METTALOG-SANITY",""
"","2","FIND-ALL-TESTS.02","","Tue Nov 12 18:48:46 GMT 2024","passed","Tue Nov 12 18:48:46 GMT 2024","","HYPERON-METTALOG-SANITY","HYPERON-METTALOG-SANITY",""
"","65","B4-NONDETERM.03","","Tue Nov 12 18:45:43 GMT 2024","passed","Tue Nov 12 18:45:43 GMT 2024","","HYPERON-EXPERIMENTAL-SCRIPTS","HYPERON-EXPERIMENTAL-SCRIPTS",""
"","8000","hyperon-mettalog_sanity.find_all_tests","","Tue Nov 12 18:40:33 GMT 2024","passed","Tue Nov 12 18:40:41 GMT 2024","","WHOLE-TESTS","WHOLE-TESTS",""
"","4","SEALED-TEST.10","","Tue Nov 12 18:48:46 GMT 2024","passed","Tue Nov 12 18:48:46 GMT 2024","","HYPERON-METTALOG-SANITY","HYPERON-METTALOG-SANITY",""
"","3","B2-BACKCHAIN.05","","Tue Nov 12 18:45:43 GMT 2024","passed","Tue Nov 12 18:45:43 GMT 2024","","HYPERON-EXPERIMENTAL-SCRIPTS","HYPERON-EXPERIMENTAL-SCRIPTS",""
"","102","SPACE-INTERSECTION-TESTS.09","","Tue Nov 12 18:48:46 GMT 2024","failed","Tue Nov 12 18:48:46 GMT 2024","","HYPERON-METTALOG-SANITY","HYPERON-METTALOG-SANITY",""
"","1","B5-TYPES-PRELIM.23","","Tue Nov 12 18:45:43 GMT 2024","passed","Tue Nov 12 18:45:43 GMT 2024","","HYPERON-EXPERIMENTAL-SCRIPTS","HYPERON-EXPERIMENTAL-SCRIPTS",""
"","14","CALL-TESTS.02","","Tue Nov 12 18:48:46 GMT 2024","passed","Tue Nov 12 18:48:46 GMT 2024","","HYPERON-METTALOG-SANITY","HYPERON-METTALOG-SANITY",""
"","41000","anti-regression.system_proofTestCurried","","Tue Nov 12 18:40:33 GMT 2024","failed","Tue Nov 12 18:41:14 GMT 2024","","WHOLE-TESTS","WHOLE-TESTS",""
"","2","D4-TYPE-PROP.02","","Tue Nov 12 18:45:43 GMT 2024","passed","Tue Nov 12 18:45:43 GMT 2024","","HYPERON-EXPERIMENTAL-SCRIPTS","HYPERON-EXPERIMENTAL-SCRIPTS",""
"","1","F1-MODULEA.06","","Tue Nov 12 18:40:24 GMT 2024","passed","Tue Nov 12 18:40:24 GMT 2024","","MODULE-SYSTEM","MODULE-SYSTEM",""
"","4","BASIC-EVALUATION---METTA-LANGUAGE3.01","","Tue Nov 12 18:58:03 GMT 2024","passed","Tue Nov 12 18:58:03 GMT 2024","","METTA-LANG","METTA-LANG",""
"","2","D1-GADT.06","","Tue Nov 12 19:20:45 GMT 2024","passed","Tue Nov 12 19:20:45 GMT 2024","","QUICK","QUICK",""
"","117","PY-TYPES.04","","Tue Nov 12 18:48:46 GMT 2024","passed","Tue Nov 12 18:48:46 GMT 2024","","HYPERON-METTALOG-SANITY","HYPERON-METTALOG-SANITY",""
"","3","FUNCTIONS-AND-UNIFICATION---METTA-LANGUAGE1.05","","Tue Nov 12 18:58:03 GMT 2024","passed","Tue Nov 12 18:58:03 GMT 2024","","METTA-LANG","METTA-LANG",""
"","8000","hyperon-experimental_scripts.f1_imports","","Tue Nov 12 18:40:33 GMT 2024","passed","Tue Nov 12 18:40:41 GMT 2024","","WHOLE-TESTS","WHOLE-TESTS",""
"","2","LIMIT-TESTS.09","","Tue Nov 12 18:48:46 GMT 2024","passed","Tue Nov 12 18:48:46 GMT 2024","","HYPERON-METTALOG-SANITY","HYPERON-METTALOG-SANITY",""
"","16","BCHAIN-COMP.05","","Tue Nov 12 18:40:40 GMT 2024","passed","Tue Nov 12 18:40:40 GMT 2024","","ANTI-REGRESSION","ANTI-REGRESSION",""
"","5","OR-TEST.07","","Tue Nov 12 18:48:46 GMT 2024","passed","Tue Nov 12 18:48:46 GMT 2024","","HYPERON-METTALOG-SANITY","HYPERON-METTALOG-SANITY",""
"","2","SPACE-INTERSECTION-TESTS.14","","Tue Nov 12 18:48:46 GMT 2024","passed","Tue Nov 12 18:48:46 GMT 2024","","HYPERON-METTALOG-SANITY","HYPERON-METTALOG-SANITY",""
"","4","SPACE-SUBTRACTION-TESTS.10","","Tue Nov 12 18:48:46 GMT 2024","passed","Tue Nov 12 18:48:46 GMT 2024","","HYPERON-METTALOG-SANITY","HYPERON-METTALOG-SANITY",""
"","8000","hyperon-experimental_scripts.d2_higherfunc","","Tue Nov 12 18:40:33 GMT 2024","passed","Tue Nov 12 18:40:41 GMT 2024","","WHOLE-TESTS","WHOLE-TESTS",""
"","2","D4-TYPE-PROP.08","","Tue Nov 12 19:20:45 GMT 2024","passed","Tue Nov 12 19:20:45 GMT 2024","","QUICK","QUICK",""
"","77","BASIC-EVALUATION---METTA-LANGUAGE15.03","","Tue Nov 12 18:58:03 GMT 2024","failed","Tue Nov 12 18:58:03 GMT 2024","","METTA-LANG","METTA-LANG",""
"","3","F1-IMPORTS.15","","Tue Nov 12 18:45:43 GMT 2024","passed","Tue Nov 12 18:45:43 GMT 2024","","HYPERON-EXPERIMENTAL-SCRIPTS","HYPERON-EXPERIMENTAL-SCRIPTS",""
"","8","CONTROLLING-PATTERN-MATCHING---METTA-LANGUAGE6.01","","Tue Nov 12 18:58:03 GMT 2024","failed","Tue Nov 12 18:58:03 GMT 2024","","METTA-LANG","METTA-LANG",""
"","2","BASIC-GROUNDED-FUNCTIONS---METTA-LANGUAGE1.02","","Tue Nov 12 18:58:03 GMT 2024","passed","Tue Nov 12 18:58:03 GMT 2024","","METTA-LANG","METTA-LANG",""
"","1","MINIMAL-METTA-TESTS.03","","Tue Nov 12 18:48:46 GMT 2024","passed","Tue Nov 12 18:48:46 GMT 2024","","HYPERON-METTALOG-SANITY","HYPERON-METTALOG-SANITY",""
"","93","BASE-TEST-REPR-PARSE-INTERSECTION.02","","Tue Nov 12 18:48:46 GMT 2024","passed","Tue Nov 12 18:48:46 GMT 2024","","HYPERON-METTALOG-SANITY","HYPERON-METTALOG-SANITY",""
"","1","PRINT-GRAPH.03","","Tue Nov 12 18:43:39 GMT 2024","passed","Tue Nov 12 18:43:39 GMT 2024","","METTA-WAM-ISSUE-145","METTA-WAM-ISSUE-145",""
"","2","HANDLING-NONDETERMINISTIC-RESULTS---METTA-LANGUAGE8.10","","Tue Nov 12 18:58:03 GMT 2024","passed","Tue Nov 12 18:58:03 GMT 2024","","METTA-LANG","METTA-LANG",""
"","3","D2-HIGHERFUNC.25","","Tue Nov 12 19:20:45 GMT 2024","passed","Tue Nov 12 19:20:45 GMT 2024","","QUICK","QUICK",""
"","2","CONSOLE-OUTPUT-AND-DEBUGGING---METTA-LANGUAGE3.04","","Tue Nov 12 18:58:03 GMT 2024","passed","Tue Nov 12 18:58:03 GMT 2024","","METTA-LANG","METTA-LANG",""
"","2","F1-MODULEA.08","","Tue Nov 12 18:45:43 GMT 2024","passed","Tue Nov 12 18:45:43 GMT 2024","","HYPERON-EXPERIMENTAL-SCRIPTS","HYPERON-EXPERIMENTAL-SCRIPTS",""
"","384","TESTS0.06","","Tue Nov 12 19:17:06 GMT 2024","passed","Tue Nov 12 19:17:06 GMT 2024","","METTA-MORPH-TESTS","METTA-MORPH-TESTS",""
"","2","FUNCTIONS-AND-UNIFICATION---METTA-LANGUAGE3.02","","Tue Nov 12 18:58:03 GMT 2024","passed","Tue Nov 12 18:58:03 GMT 2024","","METTA-LANG","METTA-LANG",""
"","910","WORKING-WITH-SPACES---METTA-LANGUAGE13.02","","Tue Nov 12 18:58:03 GMT 2024","failed","Tue Nov 12 18:58:03 GMT 2024","","METTA-LANG","METTA-LANG",""
"","8","D1-GADT.05","","Tue Nov 12 18:45:43 GMT 2024","passed","Tue Nov 12 18:45:43 GMT 2024","","HYPERON-EXPERIMENTAL-SCRIPTS","HYPERON-EXPERIMENTAL-SCRIPTS",""
"","3","QUERYING-SPACE-CONTENT---METTA-LANGUAGE2.03","","Tue Nov 12 18:58:03 GMT 2024","passed","Tue Nov 12 18:58:03 GMT 2024","","METTA-LANG","METTA-LANG",""
"","93","CONCRETE-TYPES---METTA-LANGUAGE13.04","","Tue Nov 12 18:58:03 GMT 2024","failed","Tue Nov 12 18:58:03 GMT 2024","","METTA-LANG","METTA-LANG",""
"","2","C1-GROUNDED-BASIC.04","","Tue Nov 12 19:20:45 GMT 2024","passed","Tue Nov 12 19:20:45 GMT 2024","","QUICK","QUICK",""
"","5","SEALED-TEST.09","","Tue Nov 12 18:48:46 GMT 2024","passed","Tue Nov 12 18:48:46 GMT 2024","","HYPERON-METTALOG-SANITY","HYPERON-METTALOG-SANITY",""
"","9000","module-system.f1_imports","","Tue Nov 12 18:40:33 GMT 2024","passed","Tue Nov 12 18:40:42 GMT 2024","","WHOLE-TESTS","WHOLE-TESTS",""
"","2","CONTROLLING-PATTERN-MATCHING---METTA-LANGUAGE5.02","","Tue Nov 12 18:58:03 GMT 2024","passed","Tue Nov 12 18:58:03 GMT 2024","","METTA-LANG","METTA-LANG",""
"","3","00-LANG-CASE.14","","Tue Nov 12 18:48:46 GMT 2024","passed","Tue Nov 12 18:48:46 GMT 2024","","HYPERON-METTALOG-SANITY","HYPERON-METTALOG-SANITY",""
"","2","F1-IMPORTS.03","","Tue Nov 12 19:20:45 GMT 2024","passed","Tue Nov 12 19:20:45 GMT 2024","","QUICK","QUICK",""
"","15","D2-HIGHERFUNC.20","","Tue Nov 12 18:45:43 GMT 2024","passed","Tue Nov 12 18:45:43 GMT 2024","","HYPERON-EXPERIMENTAL-SCRIPTS","HYPERON-EXPERIMENTAL-SCRIPTS",""
"","2","METTALOGTESTCURRIED2.02","","Tue Nov 12 18:40:40 GMT 2024","passed","Tue Nov 12 18:40:40 GMT 2024","","ANTI-REGRESSION","ANTI-REGRESSION",""
"","157","CONTROLLING-PATTERN-MATCHING---METTA-LANGUAGE10.07","","Tue Nov 12 18:58:03 GMT 2024","failed","Tue Nov 12 18:58:03 GMT 2024","","METTA-LANG","METTA-LANG",""
"","3","D4-TYPE-PROP.19","","Tue Nov 12 19:20:45 GMT 2024","passed","Tue Nov 12 19:20:45 GMT 2024","","QUICK","QUICK",""
"","3","D4-TYPE-PROP.01","","Tue Nov 12 19:20:45 GMT 2024","passed","Tue Nov 12 19:20:45 GMT 2024","","QUICK","QUICK",""
"","9","00-LANG-CASE.11","","Tue Nov 12 18:48:46 GMT 2024","passed","Tue Nov 12 18:48:46 GMT 2024","","HYPERON-METTALOG-SANITY","HYPERON-METTALOG-SANITY",""
"","7000","metta_lang.Basic_evaluation___MeTTa_Language13","","Tue Nov 12 18:40:33 GMT 2024","passed","Tue Nov 12 18:40:40 GMT 2024","","WHOLE-TESTS","WHOLE-TESTS",""
"","15","D2-HIGHERFUNC.21","","Tue Nov 12 19:20:45 GMT 2024","passed","Tue Nov 12 19:20:45 GMT 2024","","QUICK","QUICK",""
"","12","D1-GADT.09","","Tue Nov 12 18:45:43 GMT 2024","passed","Tue Nov 12 18:45:43 GMT 2024","","HYPERON-EXPERIMENTAL-SCRIPTS","HYPERON-EXPERIMENTAL-SCRIPTS",""
"","2","D4-TYPE-PROP.16","","Tue Nov 12 18:45:43 GMT 2024","passed","Tue Nov 12 18:45:43 GMT 2024","","HYPERON-EXPERIMENTAL-SCRIPTS","HYPERON-EXPERIMENTAL-SCRIPTS",""
"","15","ARITY-TESTS.02","","Tue Nov 12 18:48:46 GMT 2024","failed","Tue Nov 12 18:48:46 GMT 2024","","HYPERON-METTALOG-SANITY","HYPERON-METTALOG-SANITY",""
"","3","TMPMATCH1.04","","Tue Nov 12 18:40:40 GMT 2024","passed","Tue Nov 12 18:40:40 GMT 2024","","ANTI-REGRESSION","ANTI-REGRESSION",""
"","1","D4-TYPE-PROP.15","","Tue Nov 12 19:20:45 GMT 2024","passed","Tue Nov 12 19:20:45 GMT 2024","","QUICK","QUICK",""
"","2","FUNCTIONS-AND-UNIFICATION---METTA-LANGUAGE2.02","","Tue Nov 12 18:58:03 GMT 2024","passed","Tue Nov 12 18:58:03 GMT 2024","","METTA-LANG","METTA-LANG",""
"","2","CONTROLLING-PATTERN-MATCHING---METTA-LANGUAGE10.03","","Tue Nov 12 18:58:03 GMT 2024","passed","Tue Nov 12 18:58:03 GMT 2024","","METTA-LANG","METTA-LANG",""
"","15","D3-DEPTYPES.04","","Tue Nov 12 18:45:43 GMT 2024","passed","Tue Nov 12 18:45:43 GMT 2024","","HYPERON-EXPERIMENTAL-SCRIPTS","HYPERON-EXPERIMENTAL-SCRIPTS",""
"","2","OUTPUT-LOAD-TESTS.07","","Tue Nov 12 18:48:46 GMT 2024","passed","Tue Nov 12 18:48:46 GMT 2024","","HYPERON-METTALOG-SANITY","HYPERON-METTALOG-SANITY",""
"","7","MINIMAL-METTA-TESTS.05","","Tue Nov 12 18:48:46 GMT 2024","failed","Tue Nov 12 18:48:46 GMT 2024","","HYPERON-METTALOG-SANITY","HYPERON-METTALOG-SANITY",""
"","8000","hyperon-mettalog_sanity.sequential_tests","","Tue Nov 12 18:40:33 GMT 2024","passed","Tue Nov 12 18:40:41 GMT 2024","","WHOLE-TESTS","WHOLE-TESTS",""
"","4","RECURSION-AND-CONTROL---METTA-LANGUAGE7.01","","Tue Nov 12 18:58:03 GMT 2024","passed","Tue Nov 12 18:58:03 GMT 2024","","METTA-LANG","METTA-LANG",""
"","27","BCHAIN-COMP.04","","Tue Nov 12 18:40:40 GMT 2024","passed","Tue Nov 12 18:40:40 GMT 2024","","ANTI-REGRESSION","ANTI-REGRESSION",""
"","8000","metta_lang.Concrete_types___MeTTa_Language12","","Tue Nov 12 18:40:33 GMT 2024","passed","Tue Nov 12 18:40:41 GMT 2024","","WHOLE-TESTS","WHOLE-TESTS",""
"","87","CALL-CLEANUP-TESTS.06","","Tue Nov 12 18:48:46 GMT 2024","failed","Tue Nov 12 18:48:46 GMT 2024","","HYPERON-METTALOG-SANITY","HYPERON-METTALOG-SANITY",""
"","2","CONTROL-FLOW---METTA-LANGUAGE7.02","","Tue Nov 12 18:58:03 GMT 2024","passed","Tue Nov 12 18:58:03 GMT 2024","","METTA-LANG","METTA-LANG",""
"","4","OPERATIONS-OVER-ATOMS---METTA-LANGUAGE2.01","","Tue Nov 12 18:58:03 GMT 2024","passed","Tue Nov 12 18:58:03 GMT 2024","","METTA-LANG","METTA-LANG",""
"","4","QUERYING-SPACE-CONTENT---METTA-LANGUAGE4.01","","Tue Nov 12 18:58:03 GMT 2024","passed","Tue Nov 12 18:58:03 GMT 2024","","METTA-LANG","METTA-LANG",""
"","2","WORKING-WITH-SPACES---METTA-LANGUAGE12.04","","Tue Nov 12 18:58:03 GMT 2024","passed","Tue Nov 12 18:58:03 GMT 2024","","METTA-LANG","METTA-LANG",""
"","2","CONSOLE-OUTPUT-AND-DEBUGGING---METTA-LANGUAGE3.03","","Tue Nov 12 18:58:03 GMT 2024","passed","Tue Nov 12 18:58:03 GMT 2024","","METTA-LANG","METTA-LANG",""
"","7000","metta_lang.Metatypes___MeTTa_Language6","","Tue Nov 12 18:40:33 GMT 2024","passed","Tue Nov 12 18:40:40 GMT 2024","","WHOLE-TESTS","WHOLE-TESTS",""
"","1","SUBTRACTION-TEST.06","","Tue Nov 12 18:48:46 GMT 2024","passed","Tue Nov 12 18:48:46 GMT 2024","","HYPERON-METTALOG-SANITY","HYPERON-METTALOG-SANITY",""
"","188","TIME-SYNTHESIZE.01","","Tue Nov 12 18:55:17 GMT 2024","failed","Tue Nov 12 18:55:17 GMT 2024","","SYNTH-BUFFER","SYNTH-BUFFER",""
"","4","CONTROL-FLOW---METTA-LANGUAGE11.01","","Tue Nov 12 18:58:03 GMT 2024","passed","Tue Nov 12 18:58:03 GMT 2024","","METTA-LANG","METTA-LANG",""
"","651","TESTS0.07","","Tue Nov 12 19:17:06 GMT 2024","passed","Tue Nov 12 19:17:06 GMT 2024","","METTA-MORPH-TESTS","METTA-MORPH-TESTS",""
"","1","00-LANG-CASE.07","","Tue Nov 12 18:48:46 GMT 2024","passed","Tue Nov 12 18:48:46 GMT 2024","","HYPERON-METTALOG-SANITY","HYPERON-METTALOG-SANITY",""
"","8000","metta_lang.Controlling_pattern_matching___MeTTa_Language12","","Tue Nov 12 18:40:33 GMT 2024","passed","Tue Nov 12 18:40:41 GMT 2024","","WHOLE-TESTS","WHOLE-TESTS",""
"","3","F1-MODULEA.07","","Tue Nov 12 18:45:43 GMT 2024","passed","Tue Nov 12 18:45:43 GMT 2024","","HYPERON-EXPERIMENTAL-SCRIPTS","HYPERON-EXPERIMENTAL-SCRIPTS",""
"","2","CALL-CLEANUP-TESTS.02","","Tue Nov 12 18:48:46 GMT 2024","passed","Tue Nov 12 18:48:46 GMT 2024","","HYPERON-METTALOG-SANITY","HYPERON-METTALOG-SANITY",""
"","5","SPACE-SUBTRACTION-TESTS.11","","Tue Nov 12 18:48:46 GMT 2024","passed","Tue Nov 12 18:48:46 GMT 2024","","HYPERON-METTALOG-SANITY","HYPERON-METTALOG-SANITY",""
"","2","HYPERPOSE.07","","Tue Nov 12 19:17:06 GMT 2024","passed","Tue Nov 12 19:17:06 GMT 2024","","METTA-MORPH-TESTS","METTA-MORPH-TESTS",""
"","3","SUBTRACTION-TEST.08","","Tue Nov 12 18:48:46 GMT 2024","passed","Tue Nov 12 18:48:46 GMT 2024","","HYPERON-METTALOG-SANITY","HYPERON-METTALOG-SANITY",""
"","6","SEALED-TEST.01","","Tue Nov 12 18:48:46 GMT 2024","passed","Tue Nov 12 18:48:46 GMT 2024","","HYPERON-METTALOG-SANITY","HYPERON-METTALOG-SANITY",""
"","2","D1-GADT.01","","Tue Nov 12 18:45:43 GMT 2024","passed","Tue Nov 12 18:45:43 GMT 2024","","HYPERON-EXPERIMENTAL-SCRIPTS","HYPERON-EXPERIMENTAL-SCRIPTS",""
"","8000","metta-morph_tests.hyperpose","","Tue Nov 12 18:40:33 GMT 2024","passed","Tue Nov 12 18:40:41 GMT 2024","","WHOLE-TESTS","WHOLE-TESTS",""
"","2","D2-HIGHERFUNC.08","","Tue Nov 12 19:20:45 GMT 2024","passed","Tue Nov 12 19:20:45 GMT 2024","","QUICK","QUICK",""
"","8000","hyperon-mettalog_sanity.what_evals_or_not","","Tue Nov 12 18:40:33 GMT 2024","passed","Tue Nov 12 18:40:41 GMT 2024","","WHOLE-TESTS","WHOLE-TESTS",""
"","4","ZEROARGS.01","","Tue Nov 12 19:17:06 GMT 2024","passed","Tue Nov 12 19:17:06 GMT 2024","","METTA-MORPH-TESTS","METTA-MORPH-TESTS",""
"","2","LIMIT-TESTS.17","","Tue Nov 12 18:48:46 GMT 2024","passed","Tue Nov 12 18:48:46 GMT 2024","","HYPERON-METTALOG-SANITY","HYPERON-METTALOG-SANITY",""
"","60","METATYPES---METTA-LANGUAGE6.02","","Tue Nov 12 18:58:03 GMT 2024","failed","Tue Nov 12 18:58:03 GMT 2024","","METTA-LANG","METTA-LANG",""
"","3","FUNCTIONAL-PROGRAMMING-TESTS.01","","Tue Nov 12 18:48:46 GMT 2024","passed","Tue Nov 12 18:48:46 GMT 2024","","HYPERON-METTALOG-SANITY","HYPERON-METTALOG-SANITY",""
"","86","MINIMAL-METTA-TESTS.18","","Tue Nov 12 18:48:46 GMT 2024","failed","Tue Nov 12 18:48:46 GMT 2024","","HYPERON-METTALOG-SANITY","HYPERON-METTALOG-SANITY",""
"","2","WORKING-WITH-SPACES---METTA-LANGUAGE8.04","","Tue Nov 12 18:58:03 GMT 2024","passed","Tue Nov 12 18:58:03 GMT 2024","","METTA-LANG","METTA-LANG",""
"","1","F1-MODULEA.03","","Tue Nov 12 18:40:24 GMT 2024","passed","Tue Nov 12 18:40:24 GMT 2024","","MODULE-SYSTEM","MODULE-SYSTEM",""
"","3","WORKING-WITH-SPACES---METTA-LANGUAGE2.03","","Tue Nov 12 18:58:03 GMT 2024","passed","Tue Nov 12 18:58:03 GMT 2024","","METTA-LANG","METTA-LANG",""
"","2","BCHAIN.03","","Tue Nov 12 18:40:40 GMT 2024","passed","Tue Nov 12 18:40:40 GMT 2024","","ANTI-REGRESSION","ANTI-REGRESSION",""
"","8000","metta-morph_tests.match_void","","Tue Nov 12 18:40:33 GMT 2024","passed","Tue Nov 12 18:40:41 GMT 2024","","WHOLE-TESTS","WHOLE-TESTS",""
"","8000","hyperon-mettalog_sanity.catch_throw_tests","","Tue Nov 12 18:40:33 GMT 2024","passed","Tue Nov 12 18:40:41 GMT 2024","","WHOLE-TESTS","WHOLE-TESTS",""
"","8000","hyperon-experimental_scripts.e2_states","","Tue Nov 12 18:40:33 GMT 2024","passed","Tue Nov 12 18:40:41 GMT 2024","","WHOLE-TESTS","WHOLE-TESTS",""
"","8000","metta-morph_tests.types3","","Tue Nov 12 18:40:33 GMT 2024","passed","Tue Nov 12 18:40:41 GMT 2024","","WHOLE-TESTS","WHOLE-TESTS",""
"","1","D4-TYPE-PROP.10","","Tue Nov 12 19:20:45 GMT 2024","passed","Tue Nov 12 19:20:45 GMT 2024","","QUICK","QUICK",""
"","2","C1-GROUNDED-BASIC.16","","Tue Nov 12 18:45:43 GMT 2024","passed","Tue Nov 12 18:45:43 GMT 2024","","HYPERON-EXPERIMENTAL-SCRIPTS","HYPERON-EXPERIMENTAL-SCRIPTS",""
"","2","F1-IMPORTS.17","","Tue Nov 12 18:45:43 GMT 2024","passed","Tue Nov 12 18:45:43 GMT 2024","","HYPERON-EXPERIMENTAL-SCRIPTS","HYPERON-EXPERIMENTAL-SCRIPTS",""
"","2","D4-TYPE-PROP.16","","Tue Nov 12 19:20:45 GMT 2024","passed","Tue Nov 12 19:20:45 GMT 2024","","QUICK","QUICK",""
"","2","WORKING-WITH-SPACES---METTA-LANGUAGE1.02","","Tue Nov 12 18:58:03 GMT 2024","passed","Tue Nov 12 18:58:03 GMT 2024","","METTA-LANG","METTA-LANG",""
"","2","EVAL-FOR-TESTS.09","","Tue Nov 12 18:48:46 GMT 2024","passed","Tue Nov 12 18:48:46 GMT 2024","","HYPERON-METTALOG-SANITY","HYPERON-METTALOG-SANITY",""
"","3","CATCH-THROW-TESTS.04","","Tue Nov 12 18:48:46 GMT 2024","passed","Tue Nov 12 18:48:46 GMT 2024","","HYPERON-METTALOG-SANITY","HYPERON-METTALOG-SANITY",""
"","1","CONTROLLING-PATTERN-MATCHING---METTA-LANGUAGE10.04","","Tue Nov 12 18:58:03 GMT 2024","passed","Tue Nov 12 18:58:03 GMT 2024","","METTA-LANG","METTA-LANG",""
"","3","MATCH-SUPERPOSED-SPACES.01","","Tue Nov 12 19:17:06 GMT 2024","passed","Tue Nov 12 19:17:06 GMT 2024","","METTA-MORPH-TESTS","METTA-MORPH-TESTS",""
"","2","RECURSION-AND-CONTROL---METTA-LANGUAGE3.06","","Tue Nov 12 18:58:03 GMT 2024","passed","Tue Nov 12 18:58:03 GMT 2024","","METTA-LANG","METTA-LANG",""
"","2","TMPMATCH1.01","","Tue Nov 12 18:40:40 GMT 2024","passed","Tue Nov 12 18:40:40 GMT 2024","","ANTI-REGRESSION","ANTI-REGRESSION",""
"","76","MINIMAL-METTA-TESTS.15","","Tue Nov 12 18:48:46 GMT 2024","passed","Tue Nov 12 18:48:46 GMT 2024","","HYPERON-METTALOG-SANITY","HYPERON-METTALOG-SANITY",""
"","7000","metta_lang.Metatypes___MeTTa_Language7","","Tue Nov 12 18:40:33 GMT 2024","passed","Tue Nov 12 18:40:40 GMT 2024","","WHOLE-TESTS","WHOLE-TESTS",""
"","7000","metta_lang.Concrete_types___MeTTa_Language3","","Tue Nov 12 18:40:33 GMT 2024","passed","Tue Nov 12 18:40:40 GMT 2024","","WHOLE-TESTS","WHOLE-TESTS",""
"","1","CONSOLE-OUTPUT-AND-DEBUGGING---METTA-LANGUAGE2.04","","Tue Nov 12 18:58:03 GMT 2024","passed","Tue Nov 12 18:58:03 GMT 2024","","METTA-LANG","METTA-LANG",""
"","2","RECURSION-AND-CONTROL---METTA-LANGUAGE6.02","","Tue Nov 12 18:58:03 GMT 2024","passed","Tue Nov 12 18:58:03 GMT 2024","","METTA-LANG","METTA-LANG",""
"","2","INTERSECTION-TESTS.12","","Tue Nov 12 18:48:46 GMT 2024","passed","Tue Nov 12 18:48:46 GMT 2024","","HYPERON-METTALOG-SANITY","HYPERON-METTALOG-SANITY",""
"","2","C1-GROUNDED-BASIC.11","","Tue Nov 12 18:45:43 GMT 2024","passed","Tue Nov 12 18:45:43 GMT 2024","","HYPERON-EXPERIMENTAL-SCRIPTS","HYPERON-EXPERIMENTAL-SCRIPTS",""
"","1","F1-IMPORTS.09","","Tue Nov 12 19:20:45 GMT 2024","passed","Tue Nov 12 19:20:45 GMT 2024","","QUICK","QUICK",""
"","2","SUPERPOSE-NESTED.04","","Tue Nov 12 19:17:06 GMT 2024","passed","Tue Nov 12 19:17:06 GMT 2024","","METTA-MORPH-TESTS","METTA-MORPH-TESTS",""
"","1","METATYPES---METTA-LANGUAGE1.04","","Tue Nov 12 18:58:03 GMT 2024","passed","Tue Nov 12 18:58:03 GMT 2024","","METTA-LANG","METTA-LANG",""
"","1","OPERATIONS-OVER-ATOMS---METTA-LANGUAGE1.04","","Tue Nov 12 18:58:03 GMT 2024","passed","Tue Nov 12 18:58:03 GMT 2024","","METTA-LANG","METTA-LANG",""
"","14","D1-GADT.04","","Tue Nov 12 19:20:45 GMT 2024","passed","Tue Nov 12 19:20:45 GMT 2024","","QUICK","QUICK",""
"","1","WORKING-WITH-SPACES---METTA-LANGUAGE6.02","","Tue Nov 12 18:58:03 GMT 2024","passed","Tue Nov 12 18:58:03 GMT 2024","","METTA-LANG","METTA-LANG",""
"","2","WORKING-WITH-SPACES---METTA-LANGUAGE1.08","","Tue Nov 12 18:58:03 GMT 2024","passed","Tue Nov 12 18:58:03 GMT 2024","","METTA-LANG","METTA-LANG",""
"","3","METATYPES---METTA-LANGUAGE4.01","","Tue Nov 12 18:58:03 GMT 2024","passed","Tue Nov 12 18:58:03 GMT 2024","","METTA-LANG","METTA-LANG",""
"","7000","baseline_compat.rust_01","","Tue Nov 12 18:40:33 GMT 2024","passed","Tue Nov 12 18:40:40 GMT 2024","","WHOLE-TESTS","WHOLE-TESTS",""
"","3","RECURSIVE-AND-PARAMETRIC-TYPES---METTA-LANGUAGE7.04","","Tue Nov 12 18:58:03 GMT 2024","passed","Tue Nov 12 18:58:03 GMT 2024","","METTA-LANG","METTA-LANG",""
"","5","RECURSIVE-AND-PARAMETRIC-TYPES---METTA-LANGUAGE4.01","","Tue Nov 12 18:58:03 GMT 2024","passed","Tue Nov 12 18:58:03 GMT 2024","","METTA-LANG","METTA-LANG",""
"","1","HYPERPOSE.04","","Tue Nov 12 19:17:06 GMT 2024","passed","Tue Nov 12 19:17:06 GMT 2024","","METTA-MORPH-TESTS","METTA-MORPH-TESTS",""
"","142","SPACE-INTERSECTION-TESTS.07","","Tue Nov 12 18:48:46 GMT 2024","failed","Tue Nov 12 18:48:46 GMT 2024","","HYPERON-METTALOG-SANITY","HYPERON-METTALOG-SANITY",""
"","96","MINIMAL-METTA-TESTS.37","","Tue Nov 12 18:48:46 GMT 2024","failed","Tue Nov 12 18:48:46 GMT 2024","","HYPERON-METTALOG-SANITY","HYPERON-METTALOG-SANITY",""
"","2","OUTPUT-LOAD-TESTS.10","","Tue Nov 12 18:48:46 GMT 2024","passed","Tue Nov 12 18:48:46 GMT 2024","","HYPERON-METTALOG-SANITY","HYPERON-METTALOG-SANITY",""
"","7000","hyperon-mettalog_sanity.string-tests","","Tue Nov 12 18:40:33 GMT 2024","passed","Tue Nov 12 18:40:40 GMT 2024","","WHOLE-TESTS","WHOLE-TESTS",""
"","3","CATCH-THROW-TESTS.01","","Tue Nov 12 18:48:46 GMT 2024","passed","Tue Nov 12 18:48:46 GMT 2024","","HYPERON-METTALOG-SANITY","HYPERON-METTALOG-SANITY",""
"","8000","metta-morph_tests.match_superposed_spaces","","Tue Nov 12 18:40:33 GMT 2024","passed","Tue Nov 12 18:40:41 GMT 2024","","WHOLE-TESTS","WHOLE-TESTS",""
"","9","CONCRETE-TYPES---METTA-LANGUAGE7.02","","Tue Nov 12 18:58:03 GMT 2024","passed","Tue Nov 12 18:58:03 GMT 2024","","METTA-LANG","METTA-LANG",""
"","94","RECURSIVE-AND-PARAMETRIC-TYPES---METTA-LANGUAGE1.03","","Tue Nov 12 18:58:03 GMT 2024","failed","Tue Nov 12 18:58:03 GMT 2024","","METTA-LANG","METTA-LANG",""
"","5","WORKING-WITH-SPACES---METTA-LANGUAGE9.01","","Tue Nov 12 18:58:03 GMT 2024","passed","Tue Nov 12 18:58:03 GMT 2024","","METTA-LANG","METTA-LANG",""
"","2","BCHAIN.01","","Tue Nov 12 18:40:40 GMT 2024","passed","Tue Nov 12 18:40:40 GMT 2024","","ANTI-REGRESSION","ANTI-REGRESSION",""
"","1","TYPES2.05","","Tue Nov 12 19:17:06 GMT 2024","passed","Tue Nov 12 19:17:06 GMT 2024","","METTA-MORPH-TESTS","METTA-MORPH-TESTS",""
"","2","OPERATIONS-OVER-ATOMS---METTA-LANGUAGE3.04","","Tue Nov 12 18:58:03 GMT 2024","passed","Tue Nov 12 18:58:03 GMT 2024","","METTA-LANG","METTA-LANG",""
"","2","OPERATIONS-OVER-ATOMS---METTA-LANGUAGE2.03","","Tue Nov 12 18:58:03 GMT 2024","passed","Tue Nov 12 18:58:03 GMT 2024","","METTA-LANG","METTA-LANG",""
"","3","CATCH-THROW-TESTS.02","","Tue Nov 12 18:48:46 GMT 2024","passed","Tue Nov 12 18:48:46 GMT 2024","","HYPERON-METTALOG-SANITY","HYPERON-METTALOG-SANITY",""
"","3","TYPES2.01","","Tue Nov 12 19:17:06 GMT 2024","passed","Tue Nov 12 19:17:06 GMT 2024","","METTA-MORPH-TESTS","METTA-MORPH-TESTS",""
"","3","FIND-ALL-TESTS.03","","Tue Nov 12 18:48:46 GMT 2024","passed","Tue Nov 12 18:48:46 GMT 2024","","HYPERON-METTALOG-SANITY","HYPERON-METTALOG-SANITY",""
"","2","STRING-TESTS.05","","Tue Nov 12 18:48:46 GMT 2024","passed","Tue Nov 12 18:48:46 GMT 2024","","HYPERON-METTALOG-SANITY","HYPERON-METTALOG-SANITY",""
"","111","BASIC-EVALUATION---METTA-LANGUAGE4.01","","Tue Nov 12 18:58:03 GMT 2024","failed","Tue Nov 12 18:58:03 GMT 2024","","METTA-LANG","METTA-LANG",""
"","1","00-LANG-CASE.09","","Tue Nov 12 18:48:46 GMT 2024","passed","Tue Nov 12 18:48:46 GMT 2024","","HYPERON-METTALOG-SANITY","HYPERON-METTALOG-SANITY",""
"","2","SUPERCOLLAPSE.03","","Tue Nov 12 19:17:06 GMT 2024","passed","Tue Nov 12 19:17:06 GMT 2024","","METTA-MORPH-TESTS","METTA-MORPH-TESTS",""
"","2","C1-GROUNDED-BASIC.05","","Tue Nov 12 19:20:45 GMT 2024","passed","Tue Nov 12 19:20:45 GMT 2024","","QUICK","QUICK",""
"","9","METTALOGTESTCURRIED2.07","","Tue Nov 12 18:40:40 GMT 2024","passed","Tue Nov 12 18:40:40 GMT 2024","","ANTI-REGRESSION","ANTI-REGRESSION",""
"","1","SEQUENTIAL-NESTED.12","","Tue Nov 12 19:17:06 GMT 2024","passed","Tue Nov 12 19:17:06 GMT 2024","","METTA-MORPH-TESTS","METTA-MORPH-TESTS",""
"","83","MINIMAL-METTA-TESTS.24","","Tue Nov 12 18:48:46 GMT 2024","failed","Tue Nov 12 18:48:46 GMT 2024","","HYPERON-METTALOG-SANITY","HYPERON-METTALOG-SANITY",""
"","2","F1-IMPORTS.13","","Tue Nov 12 19:20:45 GMT 2024","passed","Tue Nov 12 19:20:45 GMT 2024","","QUICK","QUICK",""
"","1","OR-TEST.06","","Tue Nov 12 18:48:46 GMT 2024","passed","Tue Nov 12 18:48:46 GMT 2024","","HYPERON-METTALOG-SANITY","HYPERON-METTALOG-SANITY",""
"","2","00-LANG-CASE.17","","Tue Nov 12 18:48:46 GMT 2024","passed","Tue Nov 12 18:48:46 GMT 2024","","HYPERON-METTALOG-SANITY","HYPERON-METTALOG-SANITY",""
"","2","TIME-SYNTHESIZE-SHORT.03","","Tue Nov 12 18:55:17 GMT 2024","passed","Tue Nov 12 18:55:17 GMT 2024","","SYNTH-BUFFER","SYNTH-BUFFER",""
"","42","BC-COMP.02","","Tue Nov 12 18:40:40 GMT 2024","failed","Tue Nov 12 18:40:40 GMT 2024","","ANTI-REGRESSION","ANTI-REGRESSION",""
"","5","CONTROL-FLOW---METTA-LANGUAGE15.01","","Tue Nov 12 18:58:03 GMT 2024","passed","Tue Nov 12 18:58:03 GMT 2024","","METTA-LANG","METTA-LANG",""
"","1","D4-TYPE-PROP.06","","Tue Nov 12 19:20:45 GMT 2024","passed","Tue Nov 12 19:20:45 GMT 2024","","QUICK","QUICK",""
"","7000","module-system.f1_moduleA","","Tue Nov 12 18:40:33 GMT 2024","passed","Tue Nov 12 18:40:40 GMT 2024","","WHOLE-TESTS","WHOLE-TESTS",""
"","2","B4-NONDETERM.05","","Tue Nov 12 18:45:43 GMT 2024","passed","Tue Nov 12 18:45:43 GMT 2024","","HYPERON-EXPERIMENTAL-SCRIPTS","HYPERON-EXPERIMENTAL-SCRIPTS",""
"","8000","hyperon-experimental_scripts.f1_moduleA","","Tue Nov 12 18:40:33 GMT 2024","passed","Tue Nov 12 18:40:41 GMT 2024","","WHOLE-TESTS","WHOLE-TESTS",""
"","3","D3-DEPTYPES.07","","Tue Nov 12 18:45:43 GMT 2024","passed","Tue Nov 12 18:45:43 GMT 2024","","HYPERON-EXPERIMENTAL-SCRIPTS","HYPERON-EXPERIMENTAL-SCRIPTS",""
"","2","D3-DEPTYPES.05","","Tue Nov 12 18:45:43 GMT 2024","passed","Tue Nov 12 18:45:43 GMT 2024","","HYPERON-EXPERIMENTAL-SCRIPTS","HYPERON-EXPERIMENTAL-SCRIPTS",""
"","3","OR-TEST.17","","Tue Nov 12 18:48:46 GMT 2024","passed","Tue Nov 12 18:48:46 GMT 2024","","HYPERON-METTALOG-SANITY","HYPERON-METTALOG-SANITY",""
"","2","D2-HIGHERFUNC.14","","Tue Nov 12 18:45:43 GMT 2024","passed","Tue Nov 12 18:45:43 GMT 2024","","HYPERON-EXPERIMENTAL-SCRIPTS","HYPERON-EXPERIMENTAL-SCRIPTS",""
"","902","FREE-VARIABLES-AND-NONDETERMINISM-AGAIN,-RECURSIVELY---METTA-LANGUAGE3.02","","Tue Nov 12 18:58:03 GMT 2024","passed","Tue Nov 12 18:58:03 GMT 2024","","METTA-LANG","METTA-LANG",""
"","3","BASIC-GROUNDED-FUNCTIONS---METTA-LANGUAGE1.01","","Tue Nov 12 18:58:03 GMT 2024","passed","Tue Nov 12 18:58:03 GMT 2024","","METTA-LANG","METTA-LANG",""
"","5","RECURSIVE-AND-PARAMETRIC-TYPES---METTA-LANGUAGE7.01","","Tue Nov 12 18:58:03 GMT 2024","passed","Tue Nov 12 18:58:03 GMT 2024","","METTA-LANG","METTA-LANG",""
"","2","00-LANG-CASE.13","","Tue Nov 12 18:48:46 GMT 2024","passed","Tue Nov 12 18:48:46 GMT 2024","","HYPERON-METTALOG-SANITY","HYPERON-METTALOG-SANITY",""
"","3","WORKING-WITH-SPACES---METTA-LANGUAGE3.05","","Tue Nov 12 18:58:03 GMT 2024","passed","Tue Nov 12 18:58:03 GMT 2024","","METTA-LANG","METTA-LANG",""
"","2","F1-IMPORTS.01","","Tue Nov 12 19:20:45 GMT 2024","passed","Tue Nov 12 19:20:45 GMT 2024","","QUICK","QUICK",""
"","2","D2-HIGHERFUNC.02","","Tue Nov 12 19:20:45 GMT 2024","passed","Tue Nov 12 19:20:45 GMT 2024","","QUICK","QUICK",""
"","63","WORKING-WITH-SPACES---METTA-LANGUAGE12.05","","Tue Nov 12 18:58:03 GMT 2024","failed","Tue Nov 12 18:58:03 GMT 2024","","METTA-LANG","METTA-LANG",""
"","1","D4-TYPE-PROP.06","","Tue Nov 12 18:45:43 GMT 2024","passed","Tue Nov 12 18:45:43 GMT 2024","","HYPERON-EXPERIMENTAL-SCRIPTS","HYPERON-EXPERIMENTAL-SCRIPTS",""
"","2","CONTROLLING-PATTERN-MATCHING---METTA-LANGUAGE12.13","","Tue Nov 12 18:58:03 GMT 2024","passed","Tue Nov 12 18:58:03 GMT 2024","","METTA-LANG","METTA-LANG",""
"","3","SPACE-SUBTRACTION-TESTS.03","","Tue Nov 12 18:48:46 GMT 2024","passed","Tue Nov 12 18:48:46 GMT 2024","","HYPERON-METTALOG-SANITY","HYPERON-METTALOG-SANITY",""
"","53","RECURSIVE-AND-PARAMETRIC-TYPES---METTA-LANGUAGE4.02","","Tue Nov 12 18:58:03 GMT 2024","failed","Tue Nov 12 18:58:03 GMT 2024","","METTA-LANG","METTA-LANG",""
"","5","CONTROLLING-PATTERN-MATCHING---METTA-LANGUAGE8.01","","Tue Nov 12 18:58:03 GMT 2024","passed","Tue Nov 12 18:58:03 GMT 2024","","METTA-LANG","METTA-LANG",""
"","2","CONTROLLING-PATTERN-MATCHING---METTA-LANGUAGE10.02","","Tue Nov 12 18:58:03 GMT 2024","passed","Tue Nov 12 18:58:03 GMT 2024","","METTA-LANG","METTA-LANG",""
"","2","F1-IMPORTS.03","","Tue Nov 12 18:45:43 GMT 2024","passed","Tue Nov 12 18:45:43 GMT 2024","","HYPERON-EXPERIMENTAL-SCRIPTS","HYPERON-EXPERIMENTAL-SCRIPTS",""
"","1","MATCH-SUPERPOSED-SPACES.03","","Tue Nov 12 19:17:06 GMT 2024","passed","Tue Nov 12 19:17:06 GMT 2024","","METTA-MORPH-TESTS","METTA-MORPH-TESTS",""
"","2","D4-TYPE-PROP.04","","Tue Nov 12 19:20:45 GMT 2024","passed","Tue Nov 12 19:20:45 GMT 2024","","QUICK","QUICK",""
"","2","CONTROLLING-PATTERN-MATCHING---METTA-LANGUAGE11.06","","Tue Nov 12 18:58:03 GMT 2024","passed","Tue Nov 12 18:58:03 GMT 2024","","METTA-LANG","METTA-LANG",""
"","1","CONCRETE-TYPES---METTA-LANGUAGE8.02","","Tue Nov 12 18:58:03 GMT 2024","passed","Tue Nov 12 18:58:03 GMT 2024","","METTA-LANG","METTA-LANG",""
"","31000","synth_buffer.time_synthesize","","Tue Nov 12 18:40:33 GMT 2024","passed","Tue Nov 12 18:41:04 GMT 2024","","WHOLE-TESTS","WHOLE-TESTS",""
"","2","E2-STATES.05","","Tue Nov 12 18:45:43 GMT 2024","passed","Tue Nov 12 18:45:43 GMT 2024","","HYPERON-EXPERIMENTAL-SCRIPTS","HYPERON-EXPERIMENTAL-SCRIPTS",""
"","2","00-LANG-CASE.16","","Tue Nov 12 18:48:46 GMT 2024","passed","Tue Nov 12 18:48:46 GMT 2024","","HYPERON-METTALOG-SANITY","HYPERON-METTALOG-SANITY",""
"","3","XOR-TEST.02","","Tue Nov 12 18:48:46 GMT 2024","passed","Tue Nov 12 18:48:46 GMT 2024","","HYPERON-METTALOG-SANITY","HYPERON-METTALOG-SANITY",""
"","2","CONSOLE-OUTPUT-AND-DEBUGGING---METTA-LANGUAGE5.07","","Tue Nov 12 18:58:03 GMT 2024","passed","Tue Nov 12 18:58:03 GMT 2024","","METTA-LANG","METTA-LANG",""
"","48","CONSOLE-OUTPUT-AND-DEBUGGING---METTA-LANGUAGE2.07","","Tue Nov 12 18:58:03 GMT 2024","failed","Tue Nov 12 18:58:03 GMT 2024","","METTA-LANG","METTA-LANG",""
"","2","FUNCTIONAL-PROGRAMMING-TESTS.02","","Tue Nov 12 18:48:46 GMT 2024","passed","Tue Nov 12 18:48:46 GMT 2024","","HYPERON-METTALOG-SANITY","HYPERON-METTALOG-SANITY",""
"","2","HANDLING-NONDETERMINISTIC-RESULTS---METTA-LANGUAGE5.04","","Tue Nov 12 18:58:03 GMT 2024","passed","Tue Nov 12 18:58:03 GMT 2024","","METTA-LANG","METTA-LANG",""
"","45","CONTROLLING-PATTERN-MATCHING---METTA-LANGUAGE9.03","","Tue Nov 12 18:58:03 GMT 2024","failed","Tue Nov 12 18:58:03 GMT 2024","","METTA-LANG","METTA-LANG",""
"","8000","hyperon-experimental_scripts.a1_symbols","","Tue Nov 12 18:40:33 GMT 2024","passed","Tue Nov 12 18:40:41 GMT 2024","","WHOLE-TESTS","WHOLE-TESTS",""
"","2","UNIQUE-TEST.04","","Tue Nov 12 18:48:46 GMT 2024","passed","Tue Nov 12 18:48:46 GMT 2024","","HYPERON-METTALOG-SANITY","HYPERON-METTALOG-SANITY",""
"","2","E2-STATES.12","","Tue Nov 12 18:45:43 GMT 2024","passed","Tue Nov 12 18:45:43 GMT 2024","","HYPERON-EXPERIMENTAL-SCRIPTS","HYPERON-EXPERIMENTAL-SCRIPTS",""
"","1","C2-SPACES.03","","Tue Nov 12 18:45:43 GMT 2024","passed","Tue Nov 12 18:45:43 GMT 2024","","HYPERON-EXPERIMENTAL-SCRIPTS","HYPERON-EXPERIMENTAL-SCRIPTS",""
"","15","D1-GADT.05","","Tue Nov 12 19:20:45 GMT 2024","passed","Tue Nov 12 19:20:45 GMT 2024","","QUICK","QUICK",""
"","2","STRING-TESTS.16","","Tue Nov 12 18:48:46 GMT 2024","passed","Tue Nov 12 18:48:46 GMT 2024","","HYPERON-METTALOG-SANITY","HYPERON-METTALOG-SANITY",""
"","10","CONTROL-FLOW---METTA-LANGUAGE14.02","","Tue Nov 12 18:58:03 GMT 2024","failed","Tue Nov 12 18:58:03 GMT 2024","","METTA-LANG","METTA-LANG",""
"","1","F1-IMPORTS.05","","Tue Nov 12 18:40:24 GMT 2024","passed","Tue Nov 12 18:40:24 GMT 2024","","MODULE-SYSTEM","MODULE-SYSTEM",""
"","353","TMPMATCH1.05","","Tue Nov 12 18:40:40 GMT 2024","failed","Tue Nov 12 18:40:40 GMT 2024","","ANTI-REGRESSION","ANTI-REGRESSION",""
"","2","BASIC-GROUNDED-FUNCTIONS---METTA-LANGUAGE7.01","","Tue Nov 12 18:58:03 GMT 2024","passed","Tue Nov 12 18:58:03 GMT 2024","","METTA-LANG","METTA-LANG",""
"","4","BASIC-EVALUATION---METTA-LANGUAGE8.01","","Tue Nov 12 18:58:03 GMT 2024","passed","Tue Nov 12 18:58:03 GMT 2024","","METTA-LANG","METTA-LANG",""
"","3","RECURSIVE-AND-PARAMETRIC-TYPES---METTA-LANGUAGE1.01","","Tue Nov 12 18:58:03 GMT 2024","passed","Tue Nov 12 18:58:03 GMT 2024","","METTA-LANG","METTA-LANG",""
"","1","FUNCTIONS-AND-UNIFICATION---METTA-LANGUAGE4.02","","Tue Nov 12 18:58:03 GMT 2024","passed","Tue Nov 12 18:58:03 GMT 2024","","METTA-LANG","METTA-LANG",""
"","2","CATCH-THROW-TESTS.06","","Tue Nov 12 18:48:46 GMT 2024","passed","Tue Nov 12 18:48:46 GMT 2024","","HYPERON-METTALOG-SANITY","HYPERON-METTALOG-SANITY",""
"","3","FUNCTIONS-AND-UNIFICATION---METTA-LANGUAGE4.03","","Tue Nov 12 18:58:03 GMT 2024","passed","Tue Nov 12 18:58:03 GMT 2024","","METTA-LANG","METTA-LANG",""
"","3","C1-GROUNDED-BASIC.01","","Tue Nov 12 18:45:43 GMT 2024","passed","Tue Nov 12 18:45:43 GMT 2024","","HYPERON-EXPERIMENTAL-SCRIPTS","HYPERON-EXPERIMENTAL-SCRIPTS",""
"","2","RECURSION-AND-CONTROL---METTA-LANGUAGE8.01","","Tue Nov 12 18:58:03 GMT 2024","passed","Tue Nov 12 18:58:03 GMT 2024","","METTA-LANG","METTA-LANG",""
"","9","MATCH-VOID.05","","Tue Nov 12 19:17:06 GMT 2024","passed","Tue Nov 12 19:17:06 GMT 2024","","METTA-MORPH-TESTS","METTA-MORPH-TESTS",""
"","2","BASIC-GROUNDED-FUNCTIONS---METTA-LANGUAGE4.01","","Tue Nov 12 18:58:03 GMT 2024","passed","Tue Nov 12 18:58:03 GMT 2024","","METTA-LANG","METTA-LANG",""
"","1","C1-GROUNDED-BASIC.18","","Tue Nov 12 19:20:45 GMT 2024","passed","Tue Nov 12 19:20:45 GMT 2024","","QUICK","QUICK",""
"","7","CONTROLLING-PATTERN-MATCHING---METTA-LANGUAGE6.02","","Tue Nov 12 18:58:03 GMT 2024","failed","Tue Nov 12 18:58:03 GMT 2024","","METTA-LANG","METTA-LANG",""
"","3","01-LANG-INC.01","","Tue Nov 12 18:48:46 GMT 2024","passed","Tue Nov 12 18:48:46 GMT 2024","","HYPERON-METTALOG-SANITY","HYPERON-METTALOG-SANITY",""
"","4","SPACE-INTERSECTION-TESTS.03","","Tue Nov 12 18:48:46 GMT 2024","passed","Tue Nov 12 18:48:46 GMT 2024","","HYPERON-METTALOG-SANITY","HYPERON-METTALOG-SANITY",""
"","8000","metta-wam-issue-145.print_graph","","Tue Nov 12 18:40:33 GMT 2024","passed","Tue Nov 12 18:40:41 GMT 2024","","WHOLE-TESTS","WHOLE-TESTS",""
"","166","CONTROLLING-PATTERN-MATCHING---METTA-LANGUAGE12.08","","Tue Nov 12 18:58:03 GMT 2024","failed","Tue Nov 12 18:58:03 GMT 2024","","METTA-LANG","METTA-LANG",""
"","2","RECURSION-AND-CONTROL---METTA-LANGUAGE3.02","","Tue Nov 12 18:58:03 GMT 2024","passed","Tue Nov 12 18:58:03 GMT 2024","","METTA-LANG","METTA-LANG",""
"","8000","metta_lang.Working_with_spaces___MeTTa_Language12","","Tue Nov 12 18:40:33 GMT 2024","passed","Tue Nov 12 18:40:41 GMT 2024","","WHOLE-TESTS","WHOLE-TESTS",""
"","7000","metta_lang.Control_flow___MeTTa_Language14","","Tue Nov 12 18:40:33 GMT 2024","passed","Tue Nov 12 18:40:40 GMT 2024","","WHOLE-TESTS","WHOLE-TESTS",""
"","3","BASIC-GROUNDED-FUNCTIONS---METTA-LANGUAGE2.02","","Tue Nov 12 18:58:03 GMT 2024","passed","Tue Nov 12 18:58:03 GMT 2024","","METTA-LANG","METTA-LANG",""
"","2","SPACE-INTERSECTION-TESTS.11","","Tue Nov 12 18:48:46 GMT 2024","passed","Tue Nov 12 18:48:46 GMT 2024","","HYPERON-METTALOG-SANITY","HYPERON-METTALOG-SANITY",""
"","2","RECURSIVE-AND-PARAMETRIC-TYPES---METTA-LANGUAGE7.07","","Tue Nov 12 18:58:03 GMT 2024","passed","Tue Nov 12 18:58:03 GMT 2024","","METTA-LANG","METTA-LANG",""
"","3","BASIC-EVALUATION---METTA-LANGUAGE14.02","","Tue Nov 12 18:58:03 GMT 2024","passed","Tue Nov 12 18:58:03 GMT 2024","","METTA-LANG","METTA-LANG",""
"","4","BASIC-GROUNDED-FUNCTIONS---METTA-LANGUAGE2.01","","Tue Nov 12 18:58:03 GMT 2024","passed","Tue Nov 12 18:58:03 GMT 2024","","METTA-LANG","METTA-LANG",""
"","3","C2-SPACES.01","","Tue Nov 12 18:40:24 GMT 2024","passed","Tue Nov 12 18:40:24 GMT 2024","","MODULE-SYSTEM","MODULE-SYSTEM",""
"","2","F1-IMPORTS.12","","Tue Nov 12 19:20:45 GMT 2024","passed","Tue Nov 12 19:20:45 GMT 2024","","QUICK","QUICK",""
"","207","WORKING-WITH-SPACES---METTA-LANGUAGE4.04","","Tue Nov 12 18:58:03 GMT 2024","failed","Tue Nov 12 18:58:03 GMT 2024","","METTA-LANG","METTA-LANG",""
"","1","METATYPES---METTA-LANGUAGE1.08","","Tue Nov 12 18:58:03 GMT 2024","passed","Tue Nov 12 18:58:03 GMT 2024","","METTA-LANG","METTA-LANG",""
"","3","CONTROL-FLOW---METTA-LANGUAGE16.03","","Tue Nov 12 18:58:03 GMT 2024","passed","Tue Nov 12 18:58:03 GMT 2024","","METTA-LANG","METTA-LANG",""
"","79","INTERSECTION-TESTS.31","","Tue Nov 12 18:48:46 GMT 2024","failed","Tue Nov 12 18:48:46 GMT 2024","","HYPERON-METTALOG-SANITY","HYPERON-METTALOG-SANITY",""
"","2","SEQUENTIAL-NESTED.05","","Tue Nov 12 19:17:06 GMT 2024","passed","Tue Nov 12 19:17:06 GMT 2024","","METTA-MORPH-TESTS","METTA-MORPH-TESTS",""
"","8000","hyperon-experimental_scripts.b1_equal_chain","","Tue Nov 12 18:40:33 GMT 2024","passed","Tue Nov 12 18:40:41 GMT 2024","","WHOLE-TESTS","WHOLE-TESTS",""
"","2","MAX-TIME-TESTS.02","","Tue Nov 12 18:48:46 GMT 2024","passed","Tue Nov 12 18:48:46 GMT 2024","","HYPERON-METTALOG-SANITY","HYPERON-METTALOG-SANITY",""
"","2","NESTED-QUERIES-AND-RECURSIVE-GRAPH-TRAVERSAL---METTA-LANGUAGE2.02","","Tue Nov 12 18:58:03 GMT 2024","passed","Tue Nov 12 18:58:03 GMT 2024","","METTA-LANG","METTA-LANG",""
"","2","D2-HIGHERFUNC.05","","Tue Nov 12 18:45:43 GMT 2024","passed","Tue Nov 12 18:45:43 GMT 2024","","HYPERON-EXPERIMENTAL-SCRIPTS","HYPERON-EXPERIMENTAL-SCRIPTS",""
"","8000","metta_lang.Handling_nondeterministic_results___MeTTa_Language5","","Tue Nov 12 18:40:33 GMT 2024","passed","Tue Nov 12 18:40:41 GMT 2024","","WHOLE-TESTS","WHOLE-TESTS",""
"","46000","hyperon-mettalog_sanity.py_types","","Tue Nov 12 18:40:33 GMT 2024","failed","Tue Nov 12 18:41:19 GMT 2024","","WHOLE-TESTS","WHOLE-TESTS",""
"","3","RECURSIVE-AND-PARAMETRIC-TYPES---METTA-LANGUAGE5.05","","Tue Nov 12 18:58:03 GMT 2024","passed","Tue Nov 12 18:58:03 GMT 2024","","METTA-LANG","METTA-LANG",""
"","2","D2-HIGHERFUNC.24","","Tue Nov 12 19:20:45 GMT 2024","passed","Tue Nov 12 19:20:45 GMT 2024","","QUICK","QUICK",""
"","2","CALL-TESTS.08","","Tue Nov 12 18:48:46 GMT 2024","passed","Tue Nov 12 18:48:46 GMT 2024","","HYPERON-METTALOG-SANITY","HYPERON-METTALOG-SANITY",""
"","2","SPACE-INTERSECTION-TESTS.06","","Tue Nov 12 18:48:46 GMT 2024","passed","Tue Nov 12 18:48:46 GMT 2024","","HYPERON-METTALOG-SANITY","HYPERON-METTALOG-SANITY",""
"","1","00-LANG-CASE.05","","Tue Nov 12 18:48:46 GMT 2024","passed","Tue Nov 12 18:48:46 GMT 2024","","HYPERON-METTALOG-SANITY","HYPERON-METTALOG-SANITY",""
"","1","D1-GADT.14","","Tue Nov 12 18:45:43 GMT 2024","passed","Tue Nov 12 18:45:43 GMT 2024","","HYPERON-EXPERIMENTAL-SCRIPTS","HYPERON-EXPERIMENTAL-SCRIPTS",""
"","3","FUNCTIONS-AND-UNIFICATION---METTA-LANGUAGE1.02","","Tue Nov 12 18:58:03 GMT 2024","passed","Tue Nov 12 18:58:03 GMT 2024","","METTA-LANG","METTA-LANG",""
"","2","D2-HIGHERFUNC.03","","Tue Nov 12 19:20:45 GMT 2024","passed","Tue Nov 12 19:20:45 GMT 2024","","QUICK","QUICK",""
"","2","D2-HIGHERFUNC.24","","Tue Nov 12 18:45:43 GMT 2024","passed","Tue Nov 12 18:45:43 GMT 2024","","HYPERON-EXPERIMENTAL-SCRIPTS","HYPERON-EXPERIMENTAL-SCRIPTS",""
"","4","OPERATIONS-OVER-ATOMS---METTA-LANGUAGE9.01","","Tue Nov 12 18:58:03 GMT 2024","passed","Tue Nov 12 18:58:03 GMT 2024","","METTA-LANG","METTA-LANG",""
"","10000","metta-morph_tests.nalifier","","Tue Nov 12 18:40:33 GMT 2024","passed","Tue Nov 12 18:40:43 GMT 2024","","WHOLE-TESTS","WHOLE-TESTS",""
"","2","A1-SYMBOLS.03","","Tue Nov 12 18:45:43 GMT 2024","passed","Tue Nov 12 18:45:43 GMT 2024","","HYPERON-EXPERIMENTAL-SCRIPTS","HYPERON-EXPERIMENTAL-SCRIPTS",""
"","5","WORKING-WITH-SPACES---METTA-LANGUAGE1.01","","Tue Nov 12 18:58:03 GMT 2024","passed","Tue Nov 12 18:58:03 GMT 2024","","METTA-LANG","METTA-LANG",""
"","66","EVAL-FOR-TESTS.15","","Tue Nov 12 18:48:46 GMT 2024","failed","Tue Nov 12 18:48:46 GMT 2024","","HYPERON-METTALOG-SANITY","HYPERON-METTALOG-SANITY",""
"","93","HANDLING-NONDETERMINISTIC-RESULTS---METTA-LANGUAGE7.02","","Tue Nov 12 18:58:03 GMT 2024","passed","Tue Nov 12 18:58:03 GMT 2024","","METTA-LANG","METTA-LANG",""
"","2","CONTROLLING-PATTERN-MATCHING---METTA-LANGUAGE12.14","","Tue Nov 12 18:58:03 GMT 2024","passed","Tue Nov 12 18:58:03 GMT 2024","","METTA-LANG","METTA-LANG",""
"","1","D4-TYPE-PROP.18","","Tue Nov 12 18:45:43 GMT 2024","passed","Tue Nov 12 18:45:43 GMT 2024","","HYPERON-EXPERIMENTAL-SCRIPTS","HYPERON-EXPERIMENTAL-SCRIPTS",""
"","3","WORKING-WITH-SPACES---METTA-LANGUAGE4.03","","Tue Nov 12 18:58:03 GMT 2024","passed","Tue Nov 12 18:58:03 GMT 2024","","METTA-LANG","METTA-LANG",""
"","8000","metta_lang.Controlling_pattern_matching___MeTTa_Language9","","Tue Nov 12 18:40:33 GMT 2024","passed","Tue Nov 12 18:40:41 GMT 2024","","WHOLE-TESTS","WHOLE-TESTS",""
"","2","A1-SYMBOLS.04","","Tue Nov 12 18:45:43 GMT 2024","passed","Tue Nov 12 18:45:43 GMT 2024","","HYPERON-EXPERIMENTAL-SCRIPTS","HYPERON-EXPERIMENTAL-SCRIPTS",""
"","4","RUST-01.01","","Tue Nov 12 19:21:32 GMT 2024","passed","Tue Nov 12 19:21:32 GMT 2024","","BASELINE-COMPAT","BASELINE-COMPAT",""
"","8000","metta_lang.Nested_queries_and_recursive_graph_traversal___MeTTa_Language2","","Tue Nov 12 18:40:33 GMT 2024","passed","Tue Nov 12 18:40:41 GMT 2024","","WHOLE-TESTS","WHOLE-TESTS",""
"","2","C1-GROUNDED-BASIC.13","","Tue Nov 12 19:20:45 GMT 2024","passed","Tue Nov 12 19:20:45 GMT 2024","","QUICK","QUICK",""
"","77","MINIMAL-METTA-TESTS.19","","Tue Nov 12 18:48:46 GMT 2024","failed","Tue Nov 12 18:48:46 GMT 2024","","HYPERON-METTALOG-SANITY","HYPERON-METTALOG-SANITY",""
"","1","E2-STATES.09","","Tue Nov 12 18:45:43 GMT 2024","passed","Tue Nov 12 18:45:43 GMT 2024","","HYPERON-EXPERIMENTAL-SCRIPTS","HYPERON-EXPERIMENTAL-SCRIPTS",""
"","79","MINIMAL-METTA-TESTS.21","","Tue Nov 12 18:48:46 GMT 2024","failed","Tue Nov 12 18:48:46 GMT 2024","","HYPERON-METTALOG-SANITY","HYPERON-METTALOG-SANITY",""
"","3","CONTROL-FLOW---METTA-LANGUAGE15.04","","Tue Nov 12 18:58:03 GMT 2024","passed","Tue Nov 12 18:58:03 GMT 2024","","METTA-LANG","METTA-LANG",""
"","8000","metta_lang.Handling_nondeterministic_results___MeTTa_Language1","","Tue Nov 12 18:40:33 GMT 2024","passed","Tue Nov 12 18:40:41 GMT 2024","","WHOLE-TESTS","WHOLE-TESTS",""
"","31","CONSOLE-OUTPUT-AND-DEBUGGING---METTA-LANGUAGE5.03","","Tue Nov 12 18:58:03 GMT 2024","failed","Tue Nov 12 18:58:03 GMT 2024","","METTA-LANG","METTA-LANG",""
"","2","WORKING-WITH-SPACES---METTA-LANGUAGE1.06","","Tue Nov 12 18:58:03 GMT 2024","passed","Tue Nov 12 18:58:03 GMT 2024","","METTA-LANG","METTA-LANG",""
"","2","FUNCTIONAL-PROGRAMMING-TESTS.03","","Tue Nov 12 18:48:46 GMT 2024","passed","Tue Nov 12 18:48:46 GMT 2024","","HYPERON-METTALOG-SANITY","HYPERON-METTALOG-SANITY",""
"","2","D2-HIGHERFUNC.26","","Tue Nov 12 19:20:45 GMT 2024","passed","Tue Nov 12 19:20:45 GMT 2024","","QUICK","QUICK",""
"","13","D4-TYPE-PROP.03","","Tue Nov 12 19:20:45 GMT 2024","passed","Tue Nov 12 19:20:45 GMT 2024","","QUICK","QUICK",""
"","2","F1-MODULEA.04","","Tue Nov 12 18:45:43 GMT 2024","passed","Tue Nov 12 18:45:43 GMT 2024","","HYPERON-EXPERIMENTAL-SCRIPTS","HYPERON-EXPERIMENTAL-SCRIPTS",""
"","8000","metta_lang.Controlling_pattern_matching___MeTTa_Language2","","Tue Nov 12 18:40:33 GMT 2024","passed","Tue Nov 12 18:40:41 GMT 2024","","WHOLE-TESTS","WHOLE-TESTS",""
"","3","WORKING-WITH-SPACES---METTA-LANGUAGE3.07","","Tue Nov 12 18:58:03 GMT 2024","passed","Tue Nov 12 18:58:03 GMT 2024","","METTA-LANG","METTA-LANG",""
"","2","SUPERCOLLAPSE.04","","Tue Nov 12 19:17:06 GMT 2024","passed","Tue Nov 12 19:17:06 GMT 2024","","METTA-MORPH-TESTS","METTA-MORPH-TESTS",""
"","1","SEQUENTIAL-NESTED.06","","Tue Nov 12 19:17:06 GMT 2024","passed","Tue Nov 12 19:17:06 GMT 2024","","METTA-MORPH-TESTS","METTA-MORPH-TESTS",""
"","2","A1-SYMBOLS.02","","Tue Nov 12 18:45:43 GMT 2024","passed","Tue Nov 12 18:45:43 GMT 2024","","HYPERON-EXPERIMENTAL-SCRIPTS","HYPERON-EXPERIMENTAL-SCRIPTS",""
"","8000","hyperon-mettalog_sanity.base_test_repr_parse_intersection","","Tue Nov 12 18:40:33 GMT 2024","passed","Tue Nov 12 18:40:41 GMT 2024","","WHOLE-TESTS","WHOLE-TESTS",""
"","2","CONTROL-FLOW---METTA-LANGUAGE15.03","","Tue Nov 12 18:58:03 GMT 2024","passed","Tue Nov 12 18:58:03 GMT 2024","","METTA-LANG","METTA-LANG",""
"","3","UNIQUE-TEST.09","","Tue Nov 12 18:48:46 GMT 2024","passed","Tue Nov 12 18:48:46 GMT 2024","","HYPERON-METTALOG-SANITY","HYPERON-METTALOG-SANITY",""
"","1","WORKING-WITH-SPACES---METTA-LANGUAGE12.02","","Tue Nov 12 18:58:03 GMT 2024","passed","Tue Nov 12 18:58:03 GMT 2024","","METTA-LANG","METTA-LANG",""
"","17","WORKING-WITH-SPACES---METTA-LANGUAGE2.06","","Tue Nov 12 18:58:03 GMT 2024","failed","Tue Nov 12 18:58:03 GMT 2024","","METTA-LANG","METTA-LANG",""
"","2","D2-HIGHERFUNC.18","","Tue Nov 12 19:20:45 GMT 2024","passed","Tue Nov 12 19:20:45 GMT 2024","","QUICK","QUICK",""
"","2","RECURSIVE-AND-PARAMETRIC-TYPES---METTA-LANGUAGE5.07","","Tue Nov 12 18:58:03 GMT 2024","passed","Tue Nov 12 18:58:03 GMT 2024","","METTA-LANG","METTA-LANG",""
"","2","EVAL-FOR-TESTS.06","","Tue Nov 12 18:48:46 GMT 2024","passed","Tue Nov 12 18:48:46 GMT 2024","","HYPERON-METTALOG-SANITY","HYPERON-METTALOG-SANITY",""
"","2","CALL-TESTS.03","","Tue Nov 12 18:48:46 GMT 2024","passed","Tue Nov 12 18:48:46 GMT 2024","","HYPERON-METTALOG-SANITY","HYPERON-METTALOG-SANITY",""
"","48","D5-AUTO-TYPES.02","","Tue Nov 12 18:45:43 GMT 2024","failed","Tue Nov 12 18:45:43 GMT 2024","","HYPERON-EXPERIMENTAL-SCRIPTS","HYPERON-EXPERIMENTAL-SCRIPTS",""
"","8000","metta-morph_tests.multifunction","","Tue Nov 12 18:40:33 GMT 2024","passed","Tue Nov 12 18:40:41 GMT 2024","","WHOLE-TESTS","WHOLE-TESTS",""
"","100","INTERSECTION-TESTS.21","","Tue Nov 12 18:48:46 GMT 2024","passed","Tue Nov 12 18:48:46 GMT 2024","","HYPERON-METTALOG-SANITY","HYPERON-METTALOG-SANITY",""
"","1","BASIC-EVALUATION---METTA-LANGUAGE10.02","","Tue Nov 12 18:58:03 GMT 2024","passed","Tue Nov 12 18:58:03 GMT 2024","","METTA-LANG","METTA-LANG",""
"","7000","hyperon-experimental_scripts.b0_chaining_prelim","","Tue Nov 12 18:40:33 GMT 2024","passed","Tue Nov 12 18:40:40 GMT 2024","","WHOLE-TESTS","WHOLE-TESTS",""
"","2","INTERSECTION-TESTS.24","","Tue Nov 12 18:48:46 GMT 2024","passed","Tue Nov 12 18:48:46 GMT 2024","","HYPERON-METTALOG-SANITY","HYPERON-METTALOG-SANITY",""
"","11","CONCRETE-TYPES---METTA-LANGUAGE2.01","","Tue Nov 12 18:58:03 GMT 2024","failed","Tue Nov 12 18:58:03 GMT 2024","","METTA-LANG","METTA-LANG",""
"","2","CONTROLLING-PATTERN-MATCHING---METTA-LANGUAGE10.05","","Tue Nov 12 18:58:03 GMT 2024","passed","Tue Nov 12 18:58:03 GMT 2024","","METTA-LANG","METTA-LANG",""
"","240","TIME-SYNTHESIZE-SHORT.01","","Tue Nov 12 18:55:17 GMT 2024","passed","Tue Nov 12 18:55:17 GMT 2024","","SYNTH-BUFFER","SYNTH-BUFFER",""
"","3","CONTROLLING-PATTERN-MATCHING---METTA-LANGUAGE10.01","","Tue Nov 12 18:58:03 GMT 2024","passed","Tue Nov 12 18:58:03 GMT 2024","","METTA-LANG","METTA-LANG",""
"","8000","hyperon-mettalog_sanity.or_test","","Tue Nov 12 18:40:33 GMT 2024","passed","Tue Nov 12 18:40:41 GMT 2024","","WHOLE-TESTS","WHOLE-TESTS",""
"","2","C1-GROUNDED-BASIC.03","","Tue Nov 12 19:20:45 GMT 2024","passed","Tue Nov 12 19:20:45 GMT 2024","","QUICK","QUICK",""
"","2","SEQUENTIAL-NESTED.07","","Tue Nov 12 19:17:06 GMT 2024","passed","Tue Nov 12 19:17:06 GMT 2024","","METTA-MORPH-TESTS","METTA-MORPH-TESTS",""
"","7000","metta_lang.Controlling_pattern_matching___MeTTa_Language3","","Tue Nov 12 18:40:33 GMT 2024","passed","Tue Nov 12 18:40:40 GMT 2024","","WHOLE-TESTS","WHOLE-TESTS",""
"","120","D5-AUTO-TYPES.04","","Tue Nov 12 18:45:43 GMT 2024","failed","Tue Nov 12 18:45:43 GMT 2024","","HYPERON-EXPERIMENTAL-SCRIPTS","HYPERON-EXPERIMENTAL-SCRIPTS",""
"","1","STATES-SPACES.04","","Tue Nov 12 19:17:06 GMT 2024","passed","Tue Nov 12 19:17:06 GMT 2024","","METTA-MORPH-TESTS","METTA-MORPH-TESTS",""
"","7000","metta_lang.Basic_evaluation___MeTTa_Language7","","Tue Nov 12 18:40:33 GMT 2024","passed","Tue Nov 12 18:40:40 GMT 2024","","WHOLE-TESTS","WHOLE-TESTS",""
"","92","BASIC-EVALUATION---METTA-LANGUAGE15.04","","Tue Nov 12 18:58:03 GMT 2024","passed","Tue Nov 12 18:58:03 GMT 2024","","METTA-LANG","METTA-LANG",""
"","43","RECURSIVE-AND-PARAMETRIC-TYPES---METTA-LANGUAGE5.08","","Tue Nov 12 18:58:03 GMT 2024","failed","Tue Nov 12 18:58:03 GMT 2024","","METTA-LANG","METTA-LANG",""
"","2","STRING-TESTS.09","","Tue Nov 12 18:48:46 GMT 2024","passed","Tue Nov 12 18:48:46 GMT 2024","","HYPERON-METTALOG-SANITY","HYPERON-METTALOG-SANITY",""
"","1","OPERATIONS-OVER-ATOMS---METTA-LANGUAGE1.03","","Tue Nov 12 18:58:03 GMT 2024","passed","Tue Nov 12 18:58:03 GMT 2024","","METTA-LANG","METTA-LANG",""
"","7000","module-system.c2_spaces","","Tue Nov 12 18:40:33 GMT 2024","passed","Tue Nov 12 18:40:40 GMT 2024","","WHOLE-TESTS","WHOLE-TESTS",""
"","7000","metta-morph_tests.peano","","Tue Nov 12 18:40:33 GMT 2024","passed","Tue Nov 12 18:40:40 GMT 2024","","WHOLE-TESTS","WHOLE-TESTS",""
"","1","CONTROL-FLOW---METTA-LANGUAGE16.08","","Tue Nov 12 18:58:03 GMT 2024","passed","Tue Nov 12 18:58:03 GMT 2024","","METTA-LANG","METTA-LANG",""
"","104","EVAL-FOR-TESTS.04","","Tue Nov 12 18:48:46 GMT 2024","failed","Tue Nov 12 18:48:46 GMT 2024","","HYPERON-METTALOG-SANITY","HYPERON-METTALOG-SANITY",""
"","65","HANDLING-NONDETERMINISTIC-RESULTS---METTA-LANGUAGE7.04","","Tue Nov 12 18:58:03 GMT 2024","passed","Tue Nov 12 18:58:03 GMT 2024","","METTA-LANG","METTA-LANG",""
"","4","HYPERPOSE.01","","Tue Nov 12 19:17:06 GMT 2024","passed","Tue Nov 12 19:17:06 GMT 2024","","METTA-MORPH-TESTS","METTA-MORPH-TESTS",""
"","8000","hyperon-mettalog_sanity.space_intersection_tests","","Tue Nov 12 18:40:33 GMT 2024","passed","Tue Nov 12 18:40:41 GMT 2024","","WHOLE-TESTS","WHOLE-TESTS",""
"","48","BC-COMP.03","","Tue Nov 12 18:40:40 GMT 2024","failed","Tue Nov 12 18:40:40 GMT 2024","","ANTI-REGRESSION","ANTI-REGRESSION",""
"","2","OPERATIONS-OVER-ATOMS---METTA-LANGUAGE9.02","","Tue Nov 12 18:58:03 GMT 2024","passed","Tue Nov 12 18:58:03 GMT 2024","","METTA-LANG","METTA-LANG",""
"","3","METATYPES---METTA-LANGUAGE2.08","","Tue Nov 12 18:58:03 GMT 2024","passed","Tue Nov 12 18:58:03 GMT 2024","","METTA-LANG","METTA-LANG",""
"","2","D1-GADT.08","","Tue Nov 12 19:20:45 GMT 2024","passed","Tue Nov 12 19:20:45 GMT 2024","","QUICK","QUICK",""
"","8000","metta_lang.Recursive_and_parametric_types___MeTTa_Language3","","Tue Nov 12 18:40:33 GMT 2024","passed","Tue Nov 12 18:40:41 GMT 2024","","WHOLE-TESTS","WHOLE-TESTS",""
"","1","METTALOGTESTCURRIED2.03","","Tue Nov 12 18:40:40 GMT 2024","passed","Tue Nov 12 18:40:40 GMT 2024","","ANTI-REGRESSION","ANTI-REGRESSION",""
"","83","INTERSECTION-TESTS.06","","Tue Nov 12 18:48:46 GMT 2024","passed","Tue Nov 12 18:48:46 GMT 2024","","HYPERON-METTALOG-SANITY","HYPERON-METTALOG-SANITY",""
"","49","C1-GROUNDED-BASIC.15","","Tue Nov 12 19:20:45 GMT 2024","failed","Tue Nov 12 19:20:45 GMT 2024","","QUICK","QUICK",""
"","2","C3-PLN-STV.05","","Tue Nov 12 18:45:43 GMT 2024","passed","Tue Nov 12 18:45:43 GMT 2024","","HYPERON-EXPERIMENTAL-SCRIPTS","HYPERON-EXPERIMENTAL-SCRIPTS",""
"","2","E2-STATES.02","","Tue Nov 12 18:45:43 GMT 2024","passed","Tue Nov 12 18:45:43 GMT 2024","","HYPERON-EXPERIMENTAL-SCRIPTS","HYPERON-EXPERIMENTAL-SCRIPTS",""
"","6","SEALED-TEST.07","","Tue Nov 12 18:48:46 GMT 2024","passed","Tue Nov 12 18:48:46 GMT 2024","","HYPERON-METTALOG-SANITY","HYPERON-METTALOG-SANITY",""
"","4","MAX-TIME-TESTS.01","","Tue Nov 12 18:48:46 GMT 2024","passed","Tue Nov 12 18:48:46 GMT 2024","","HYPERON-METTALOG-SANITY","HYPERON-METTALOG-SANITY",""
"","2","OUTPUT-LOAD-TESTS.14","","Tue Nov 12 18:48:46 GMT 2024","passed","Tue Nov 12 18:48:46 GMT 2024","","HYPERON-METTALOG-SANITY","HYPERON-METTALOG-SANITY",""
"","85","MINIMAL-METTA-TESTS.17","","Tue Nov 12 18:48:46 GMT 2024","failed","Tue Nov 12 18:48:46 GMT 2024","","HYPERON-METTALOG-SANITY","HYPERON-METTALOG-SANITY",""
"","4","CALL-TESTS.01","","Tue Nov 12 18:48:46 GMT 2024","passed","Tue Nov 12 18:48:46 GMT 2024","","HYPERON-METTALOG-SANITY","HYPERON-METTALOG-SANITY",""
"","15","MINIMAL-METTA-TESTS.40","","Tue Nov 12 18:48:46 GMT 2024","failed","Tue Nov 12 18:48:46 GMT 2024","","HYPERON-METTALOG-SANITY","HYPERON-METTALOG-SANITY",""
"","1","BASIC-GROUNDED-FUNCTIONS---METTA-LANGUAGE7.02","","Tue Nov 12 18:58:03 GMT 2024","passed","Tue Nov 12 18:58:03 GMT 2024","","METTA-LANG","METTA-LANG",""
"","2","D1-GADT.10","","Tue Nov 12 19:20:45 GMT 2024","passed","Tue Nov 12 19:20:45 GMT 2024","","QUICK","QUICK",""
"","7000","metta_lang.Concrete_types___MeTTa_Language9","","Tue Nov 12 18:40:33 GMT 2024","passed","Tue Nov 12 18:40:40 GMT 2024","","WHOLE-TESTS","WHOLE-TESTS",""
"","3","SEQUENTIAL-NESTED.04","","Tue Nov 12 19:17:06 GMT 2024","passed","Tue Nov 12 19:17:06 GMT 2024","","METTA-MORPH-TESTS","METTA-MORPH-TESTS",""
"","7000","metta_lang.Console_output_and_debugging___MeTTa_Language1","","Tue Nov 12 18:40:33 GMT 2024","passed","Tue Nov 12 18:40:40 GMT 2024","","WHOLE-TESTS","WHOLE-TESTS",""
"","3","CONCRETE-TYPES---METTA-LANGUAGE4.01","","Tue Nov 12 18:58:03 GMT 2024","passed","Tue Nov 12 18:58:03 GMT 2024","","METTA-LANG","METTA-LANG",""
"","3","RECURSIVE-AND-PARAMETRIC-TYPES---METTA-LANGUAGE7.02","","Tue Nov 12 18:58:03 GMT 2024","passed","Tue Nov 12 18:58:03 GMT 2024","","METTA-LANG","METTA-LANG",""
"","2","CONTROL-FLOW---METTA-LANGUAGE15.05","","Tue Nov 12 18:58:03 GMT 2024","passed","Tue Nov 12 18:58:03 GMT 2024","","METTA-LANG","METTA-LANG",""
"","4","00-LANG-CASE.01","","Tue Nov 12 18:48:46 GMT 2024","passed","Tue Nov 12 18:48:46 GMT 2024","","HYPERON-METTALOG-SANITY","HYPERON-METTALOG-SANITY",""
"","15","RECURSIVE-AND-PARAMETRIC-TYPES---METTA-LANGUAGE1.05","","Tue Nov 12 18:58:03 GMT 2024","failed","Tue Nov 12 18:58:03 GMT 2024","","METTA-LANG","METTA-LANG",""
"","2","F1-IMPORTS.14","","Tue Nov 12 18:40:24 GMT 2024","passed","Tue Nov 12 18:40:24 GMT 2024","","MODULE-SYSTEM","MODULE-SYSTEM",""
"","8000","metta_lang.Recursion_and_control___MeTTa_Language7","","Tue Nov 12 18:40:33 GMT 2024","passed","Tue Nov 12 18:40:41 GMT 2024","","WHOLE-TESTS","WHOLE-TESTS",""
"","2","CONSOLE-OUTPUT-AND-DEBUGGING---METTA-LANGUAGE5.06","","Tue Nov 12 18:58:03 GMT 2024","passed","Tue Nov 12 18:58:03 GMT 2024","","METTA-LANG","METTA-LANG",""
"","3","A3-TWOSIDE.01","","Tue Nov 12 18:45:43 GMT 2024","passed","Tue Nov 12 18:45:43 GMT 2024","","HYPERON-EXPERIMENTAL-SCRIPTS","HYPERON-EXPERIMENTAL-SCRIPTS",""
"","2","TMPMATCH2.02","","Tue Nov 12 18:40:40 GMT 2024","passed","Tue Nov 12 18:40:40 GMT 2024","","ANTI-REGRESSION","ANTI-REGRESSION",""
"","1","D2-HIGHERFUNC.11","","Tue Nov 12 19:20:45 GMT 2024","passed","Tue Nov 12 19:20:45 GMT 2024","","QUICK","QUICK",""
"","2","A1-SYMBOLS.07","","Tue Nov 12 18:45:43 GMT 2024","passed","Tue Nov 12 18:45:43 GMT 2024","","HYPERON-EXPERIMENTAL-SCRIPTS","HYPERON-EXPERIMENTAL-SCRIPTS",""
"","1","C1-GROUNDED-BASIC.20","","Tue Nov 12 18:45:43 GMT 2024","passed","Tue Nov 12 18:45:43 GMT 2024","","HYPERON-EXPERIMENTAL-SCRIPTS","HYPERON-EXPERIMENTAL-SCRIPTS",""
"","2","CONTROLLING-PATTERN-MATCHING---METTA-LANGUAGE12.02","","Tue Nov 12 18:58:03 GMT 2024","passed","Tue Nov 12 18:58:03 GMT 2024","","METTA-LANG","METTA-LANG",""
"","5","WORKING-WITH-SPACES---METTA-LANGUAGE11.01","","Tue Nov 12 18:58:03 GMT 2024","passed","Tue Nov 12 18:58:03 GMT 2024","","METTA-LANG","METTA-LANG",""
"","2","FLIP-TEST.02","","Tue Nov 12 18:48:46 GMT 2024","passed","Tue Nov 12 18:48:46 GMT 2024","","HYPERON-METTALOG-SANITY","HYPERON-METTALOG-SANITY",""
"","2","B5-TYPES-PRELIM.22","","Tue Nov 12 18:45:43 GMT 2024","passed","Tue Nov 12 18:45:43 GMT 2024","","HYPERON-EXPERIMENTAL-SCRIPTS","HYPERON-EXPERIMENTAL-SCRIPTS",""
"","2","B2-BACKCHAIN.03","","Tue Nov 12 18:45:43 GMT 2024","passed","Tue Nov 12 18:45:43 GMT 2024","","HYPERON-EXPERIMENTAL-SCRIPTS","HYPERON-EXPERIMENTAL-SCRIPTS",""
"","1","F1-IMPORTS.14","","Tue Nov 12 19:20:45 GMT 2024","passed","Tue Nov 12 19:20:45 GMT 2024","","QUICK","QUICK",""
"","1","D4-TYPE-PROP.15","","Tue Nov 12 18:45:43 GMT 2024","passed","Tue Nov 12 18:45:43 GMT 2024","","HYPERON-EXPERIMENTAL-SCRIPTS","HYPERON-EXPERIMENTAL-SCRIPTS",""
"","2","CONTROL-FLOW---METTA-LANGUAGE10.01","","Tue Nov 12 18:58:03 GMT 2024","passed","Tue Nov 12 18:58:03 GMT 2024","","METTA-LANG","METTA-LANG",""
"","3956","PY-TYPES.01","","Tue Nov 12 18:48:46 GMT 2024","passed","Tue Nov 12 18:48:49 GMT 2024","","HYPERON-METTALOG-SANITY","HYPERON-METTALOG-SANITY",""
"","5","UNIQUE-TEST.14","","Tue Nov 12 18:48:46 GMT 2024","passed","Tue Nov 12 18:48:46 GMT 2024","","HYPERON-METTALOG-SANITY","HYPERON-METTALOG-SANITY",""
"","2","OPERATIONS-OVER-ATOMS---METTA-LANGUAGE1.05","","Tue Nov 12 18:58:03 GMT 2024","passed","Tue Nov 12 18:58:03 GMT 2024","","METTA-LANG","METTA-LANG",""
"","2","CONTROLLING-PATTERN-MATCHING---METTA-LANGUAGE11.02","","Tue Nov 12 18:58:03 GMT 2024","passed","Tue Nov 12 18:58:03 GMT 2024","","METTA-LANG","METTA-LANG",""
"","3","OUTPUT-LOAD-TESTS.09","","Tue Nov 12 18:48:46 GMT 2024","passed","Tue Nov 12 18:48:46 GMT 2024","","HYPERON-METTALOG-SANITY","HYPERON-METTALOG-SANITY",""
"","3","UNIQUE-TEST.02","","Tue Nov 12 18:48:46 GMT 2024","passed","Tue Nov 12 18:48:46 GMT 2024","","HYPERON-METTALOG-SANITY","HYPERON-METTALOG-SANITY",""
"","2","HANDLING-NONDETERMINISTIC-RESULTS---METTA-LANGUAGE8.08","","Tue Nov 12 18:58:03 GMT 2024","passed","Tue Nov 12 18:58:03 GMT 2024","","METTA-LANG","METTA-LANG",""
"","3","BCHAIN.04","","Tue Nov 12 18:40:40 GMT 2024","passed","Tue Nov 12 18:40:40 GMT 2024","","ANTI-REGRESSION","ANTI-REGRESSION",""
"","3","SPACE-INTERSECTION-TESTS.13","","Tue Nov 12 18:48:46 GMT 2024","passed","Tue Nov 12 18:48:46 GMT 2024","","HYPERON-METTALOG-SANITY","HYPERON-METTALOG-SANITY",""
"","8000","metta_lang.Free_variables_and_nondeterminism_again,_recursively___MeTTa_Language3","","Tue Nov 12 18:40:33 GMT 2024","passed","Tue Nov 12 18:40:41 GMT 2024","","WHOLE-TESTS","WHOLE-TESTS",""
"","1","RECURSION-AND-CONTROL---METTA-LANGUAGE4.02","","Tue Nov 12 18:58:03 GMT 2024","passed","Tue Nov 12 18:58:03 GMT 2024","","METTA-LANG","METTA-LANG",""
"","2","F1-IMPORTS.12","","Tue Nov 12 18:45:43 GMT 2024","passed","Tue Nov 12 18:45:43 GMT 2024","","HYPERON-EXPERIMENTAL-SCRIPTS","HYPERON-EXPERIMENTAL-SCRIPTS",""
"","2","F1-MODULEA.01","","Tue Nov 12 19:20:45 GMT 2024","passed","Tue Nov 12 19:20:45 GMT 2024","","QUICK","QUICK",""
"","3","BASIC-EVALUATION---METTA-LANGUAGE6.01","","Tue Nov 12 18:58:03 GMT 2024","passed","Tue Nov 12 18:58:03 GMT 2024","","METTA-LANG","METTA-LANG",""
"","3","STRING-TESTS.14","","Tue Nov 12 18:48:46 GMT 2024","passed","Tue Nov 12 18:48:46 GMT 2024","","HYPERON-METTALOG-SANITY","HYPERON-METTALOG-SANITY",""
"","2","CONTROL-FLOW---METTA-LANGUAGE16.02","","Tue Nov 12 18:58:03 GMT 2024","passed","Tue Nov 12 18:58:03 GMT 2024","","METTA-LANG","METTA-LANG",""
"","2","QUERYING-SPACE-CONTENT---METTA-LANGUAGE4.02","","Tue Nov 12 18:58:03 GMT 2024","passed","Tue Nov 12 18:58:03 GMT 2024","","METTA-LANG","METTA-LANG",""
"","5","WORKING-WITH-SPACES---METTA-LANGUAGE10.01","","Tue Nov 12 18:58:03 GMT 2024","passed","Tue Nov 12 18:58:03 GMT 2024","","METTA-LANG","METTA-LANG",""
"","8000","metta_lang.Basic_grounded_functions___MeTTa_Language3","","Tue Nov 12 18:40:33 GMT 2024","passed","Tue Nov 12 18:40:41 GMT 2024","","WHOLE-TESTS","WHOLE-TESTS",""
"","3","E2-STATES.01","","Tue Nov 12 18:45:43 GMT 2024","passed","Tue Nov 12 18:45:43 GMT 2024","","HYPERON-EXPERIMENTAL-SCRIPTS","HYPERON-EXPERIMENTAL-SCRIPTS",""
"","2","TEST-IF-CLOSED.01","","Tue Nov 12 18:40:40 GMT 2024","passed","Tue Nov 12 18:40:40 GMT 2024","","ANTI-REGRESSION","ANTI-REGRESSION",""
"","2","LIMIT-TESTS.02","","Tue Nov 12 18:48:46 GMT 2024","passed","Tue Nov 12 18:48:46 GMT 2024","","HYPERON-METTALOG-SANITY","HYPERON-METTALOG-SANITY",""
"","3","CONTROLLING-PATTERN-MATCHING---METTA-LANGUAGE12.16","","Tue Nov 12 18:58:03 GMT 2024","passed","Tue Nov 12 18:58:03 GMT 2024","","METTA-LANG","METTA-LANG",""
"","2","METATYPES---METTA-LANGUAGE1.07","","Tue Nov 12 18:58:03 GMT 2024","passed","Tue Nov 12 18:58:03 GMT 2024","","METTA-LANG","METTA-LANG",""
"","51","BASIC-EVALUATION---METTA-LANGUAGE13.01","","Tue Nov 12 18:58:03 GMT 2024","failed","Tue Nov 12 18:58:03 GMT 2024","","METTA-LANG","METTA-LANG",""
"","2","CONSOLE-OUTPUT-AND-DEBUGGING---METTA-LANGUAGE2.01","","Tue Nov 12 18:58:03 GMT 2024","passed","Tue Nov 12 18:58:03 GMT 2024","","METTA-LANG","METTA-LANG",""
"","2","EVAL-FOR-TESTS.11","","Tue Nov 12 18:48:46 GMT 2024","passed","Tue Nov 12 18:48:46 GMT 2024","","HYPERON-METTALOG-SANITY","HYPERON-METTALOG-SANITY",""
"","7000","metta-morph_tests.if","","Tue Nov 12 18:40:33 GMT 2024","passed","Tue Nov 12 18:40:40 GMT 2024","","WHOLE-TESTS","WHOLE-TESTS",""
"","2","D2-HIGHERFUNC.03","","Tue Nov 12 18:45:43 GMT 2024","passed","Tue Nov 12 18:45:43 GMT 2024","","HYPERON-EXPERIMENTAL-SCRIPTS","HYPERON-EXPERIMENTAL-SCRIPTS",""
"","3","BCHAIN.06","","Tue Nov 12 18:40:40 GMT 2024","passed","Tue Nov 12 18:40:40 GMT 2024","","ANTI-REGRESSION","ANTI-REGRESSION",""
"","5","UNIQUE-TEST.13","","Tue Nov 12 18:48:46 GMT 2024","passed","Tue Nov 12 18:48:46 GMT 2024","","HYPERON-METTALOG-SANITY","HYPERON-METTALOG-SANITY",""
"","2","EVAL-FOR-TESTS.07","","Tue Nov 12 18:48:46 GMT 2024","passed","Tue Nov 12 18:48:46 GMT 2024","","HYPERON-METTALOG-SANITY","HYPERON-METTALOG-SANITY",""
"","6","FREE-VARIABLES-AND-NONDETERMINISM-AGAIN-RECURSIVELY---METTA-LANGUAGE5.01","","Tue Nov 12 18:58:03 GMT 2024","passed","Tue Nov 12 18:58:03 GMT 2024","","METTA-LANG","METTA-LANG",""
"","2","FUNCTIONAL-PROGRAMMING-TESTS.07","","Tue Nov 12 18:48:46 GMT 2024","passed","Tue Nov 12 18:48:46 GMT 2024","","HYPERON-METTALOG-SANITY","HYPERON-METTALOG-SANITY",""
"","2","D1-GADT.01","","Tue Nov 12 19:20:45 GMT 2024","passed","Tue Nov 12 19:20:45 GMT 2024","","QUICK","QUICK",""
"","1","D1-GADT.08","","Tue Nov 12 18:45:43 GMT 2024","passed","Tue Nov 12 18:45:43 GMT 2024","","HYPERON-EXPERIMENTAL-SCRIPTS","HYPERON-EXPERIMENTAL-SCRIPTS",""
"","7000","metta_lang.Operations_over_atoms___MeTTa_Language4","","Tue Nov 12 18:40:33 GMT 2024","passed","Tue Nov 12 18:40:40 GMT 2024","","WHOLE-TESTS","WHOLE-TESTS",""
"","8000","metta_lang.Controlling_pattern_matching___MeTTa_Language7","","Tue Nov 12 18:40:33 GMT 2024","passed","Tue Nov 12 18:40:41 GMT 2024","","WHOLE-TESTS","WHOLE-TESTS",""
"","8000","metta_lang.Working_with_spaces___MeTTa_Language16","","Tue Nov 12 18:40:33 GMT 2024","passed","Tue Nov 12 18:40:41 GMT 2024","","WHOLE-TESTS","WHOLE-TESTS",""
"","61","METATYPES---METTA-LANGUAGE7.04","","Tue Nov 12 18:58:03 GMT 2024","failed","Tue Nov 12 18:58:03 GMT 2024","","METTA-LANG","METTA-LANG",""
"","8000","anti-regression.tmpMatch2","","Tue Nov 12 18:40:33 GMT 2024","passed","Tue Nov 12 18:40:41 GMT 2024","","WHOLE-TESTS","WHOLE-TESTS",""
"","113","C1-GROUNDED-BASIC.14","","Tue Nov 12 19:20:45 GMT 2024","failed","Tue Nov 12 19:20:45 GMT 2024","","QUICK","QUICK",""
"","8000","hyperon-experimental_scripts.c1_grounded_basic","","Tue Nov 12 18:40:33 GMT 2024","passed","Tue Nov 12 18:40:41 GMT 2024","","WHOLE-TESTS","WHOLE-TESTS",""
"","1","STATES-SPACES.03","","Tue Nov 12 19:17:06 GMT 2024","passed","Tue Nov 12 19:17:06 GMT 2024","","METTA-MORPH-TESTS","METTA-MORPH-TESTS",""
"","1","METATYPES---METTA-LANGUAGE7.02","","Tue Nov 12 18:58:03 GMT 2024","passed","Tue Nov 12 18:58:03 GMT 2024","","METTA-LANG","METTA-LANG",""
"","197","TIME-SYNTHESIZE-LONG.03","","Tue Nov 12 18:55:17 GMT 2024","failed","Tue Nov 12 18:55:17 GMT 2024","","SYNTH-BUFFER","SYNTH-BUFFER",""
"","2","INTERSECTION-TESTS.22","","Tue Nov 12 18:48:46 GMT 2024","passed","Tue Nov 12 18:48:46 GMT 2024","","HYPERON-METTALOG-SANITY","HYPERON-METTALOG-SANITY",""
"","2","D3-DEPTYPES.02","","Tue Nov 12 18:45:43 GMT 2024","passed","Tue Nov 12 18:45:43 GMT 2024","","HYPERON-EXPERIMENTAL-SCRIPTS","HYPERON-EXPERIMENTAL-SCRIPTS",""
"","3","CONTROLLING-PATTERN-MATCHING---METTA-LANGUAGE12.15","","Tue Nov 12 18:58:03 GMT 2024","passed","Tue Nov 12 18:58:03 GMT 2024","","METTA-LANG","METTA-LANG",""
"","1","C1-GROUNDED-BASIC.12","","Tue Nov 12 19:20:45 GMT 2024","passed","Tue Nov 12 19:20:45 GMT 2024","","QUICK","QUICK",""
"","5","OPERATIONS-OVER-ATOMS---METTA-LANGUAGE1.01","","Tue Nov 12 18:58:03 GMT 2024","passed","Tue Nov 12 18:58:03 GMT 2024","","METTA-LANG","METTA-LANG",""
"","2","EVAL-FOR-TESTS.08","","Tue Nov 12 18:48:46 GMT 2024","passed","Tue Nov 12 18:48:46 GMT 2024","","HYPERON-METTALOG-SANITY","HYPERON-METTALOG-SANITY",""
"","8000","hyperon-mettalog_sanity.eval_for_tests","","Tue Nov 12 18:40:33 GMT 2024","passed","Tue Nov 12 18:40:41 GMT 2024","","WHOLE-TESTS","WHOLE-TESTS",""
"","1","RECURSIVE-AND-PARAMETRIC-TYPES---METTA-LANGUAGE5.04","","Tue Nov 12 18:58:03 GMT 2024","passed","Tue Nov 12 18:58:03 GMT 2024","","METTA-LANG","METTA-LANG",""
"","792","REPRESENT-AND-PARSE-TESTS.01","","Tue Nov 12 18:48:46 GMT 2024","failed","Tue Nov 12 18:48:46 GMT 2024","","HYPERON-METTALOG-SANITY","HYPERON-METTALOG-SANITY",""
"","1","D2-HIGHERFUNC.08","","Tue Nov 12 18:45:43 GMT 2024","passed","Tue Nov 12 18:45:43 GMT 2024","","HYPERON-EXPERIMENTAL-SCRIPTS","HYPERON-EXPERIMENTAL-SCRIPTS",""
"","7000","metta_lang.Working_with_spaces___MeTTa_Language2","","Tue Nov 12 18:40:33 GMT 2024","passed","Tue Nov 12 18:40:40 GMT 2024","","WHOLE-TESTS","WHOLE-TESTS",""
"","2","B4-NONDETERM.04","","Tue Nov 12 18:45:43 GMT 2024","passed","Tue Nov 12 18:45:43 GMT 2024","","HYPERON-EXPERIMENTAL-SCRIPTS","HYPERON-EXPERIMENTAL-SCRIPTS",""
"","3","BASIC-GROUNDED-FUNCTIONS---METTA-LANGUAGE4.02","","Tue Nov 12 18:58:03 GMT 2024","passed","Tue Nov 12 18:58:03 GMT 2024","","METTA-LANG","METTA-LANG",""
"","90","F1-IMPORTS.16","","Tue Nov 12 19:20:45 GMT 2024","passed","Tue Nov 12 19:20:45 GMT 2024","","QUICK","QUICK",""
"","86","WHAT-EVALS-OR-NOT.07","","Tue Nov 12 18:48:46 GMT 2024","failed","Tue Nov 12 18:48:46 GMT 2024","","HYPERON-METTALOG-SANITY","HYPERON-METTALOG-SANITY",""
"","3","C2-SPACES.04","","Tue Nov 12 18:45:43 GMT 2024","passed","Tue Nov 12 18:45:43 GMT 2024","","HYPERON-EXPERIMENTAL-SCRIPTS","HYPERON-EXPERIMENTAL-SCRIPTS",""
"","2","CONTROL-FLOW---METTA-LANGUAGE16.05","","Tue Nov 12 18:58:03 GMT 2024","passed","Tue Nov 12 18:58:03 GMT 2024","","METTA-LANG","METTA-LANG",""
"","2","WORKING-WITH-SPACES---METTA-LANGUAGE8.01","","Tue Nov 12 18:58:03 GMT 2024","passed","Tue Nov 12 18:58:03 GMT 2024","","METTA-LANG","METTA-LANG",""
"","126","PY-TYPES.06","","Tue Nov 12 18:48:46 GMT 2024","passed","Tue Nov 12 18:48:46 GMT 2024","","HYPERON-METTALOG-SANITY","HYPERON-METTALOG-SANITY",""
"","8000","metta_lang.Controlling_pattern_matching___MeTTa_Language5","","Tue Nov 12 18:40:33 GMT 2024","passed","Tue Nov 12 18:40:41 GMT 2024","","WHOLE-TESTS","WHOLE-TESTS",""
"","4","WORKING-WITH-SPACES---METTA-LANGUAGE13.01","","Tue Nov 12 18:58:03 GMT 2024","passed","Tue Nov 12 18:58:03 GMT 2024","","METTA-LANG","METTA-LANG",""
"","2","MATCH-VOID.06","","Tue Nov 12 19:17:06 GMT 2024","passed","Tue Nov 12 19:17:06 GMT 2024","","METTA-MORPH-TESTS","METTA-MORPH-TESTS",""
"","7000","metta_lang.Operations_over_atoms___MeTTa_Language3","","Tue Nov 12 18:40:33 GMT 2024","passed","Tue Nov 12 18:40:40 GMT 2024","","WHOLE-TESTS","WHOLE-TESTS",""
"","2","IS-SPACE.03","","Tue Nov 12 18:48:46 GMT 2024","passed","Tue Nov 12 18:48:46 GMT 2024","","HYPERON-METTALOG-SANITY","HYPERON-METTALOG-SANITY",""
"","2","MINIMAL-METTA-TESTS.43","","Tue Nov 12 18:48:46 GMT 2024","passed","Tue Nov 12 18:48:46 GMT 2024","","HYPERON-METTALOG-SANITY","HYPERON-METTALOG-SANITY",""
"","3","CONCRETE-TYPES---METTA-LANGUAGE1.01","","Tue Nov 12 18:58:03 GMT 2024","passed","Tue Nov 12 18:58:03 GMT 2024","","METTA-LANG","METTA-LANG",""
"","55","EVAL-FOR-TESTS.14","","Tue Nov 12 18:48:46 GMT 2024","failed","Tue Nov 12 18:48:46 GMT 2024","","HYPERON-METTALOG-SANITY","HYPERON-METTALOG-SANITY",""
"","3","OUTPUT-LOAD-TESTS.03","","Tue Nov 12 18:48:46 GMT 2024","passed","Tue Nov 12 18:48:46 GMT 2024","","HYPERON-METTALOG-SANITY","HYPERON-METTALOG-SANITY",""
"","8000","metta_lang.Functions_and_unification___MeTTa_Language7","","Tue Nov 12 18:40:33 GMT 2024","passed","Tue Nov 12 18:40:41 GMT 2024","","WHOLE-TESTS","WHOLE-TESTS",""
"","2","RECURSION-AND-CONTROL---METTA-LANGUAGE7.02","","Tue Nov 12 18:58:03 GMT 2024","passed","Tue Nov 12 18:58:03 GMT 2024","","METTA-LANG","METTA-LANG",""
"","3","A1-SYMBOLS.05","","Tue Nov 12 18:45:43 GMT 2024","passed","Tue Nov 12 18:45:43 GMT 2024","","HYPERON-EXPERIMENTAL-SCRIPTS","HYPERON-EXPERIMENTAL-SCRIPTS",""
"","7000","quick.d1_gadt","","Tue Nov 12 18:40:33 GMT 2024","passed","Tue Nov 12 18:40:40 GMT 2024","","WHOLE-TESTS","WHOLE-TESTS",""
"","8000","synth_buffer.time_synthesize_short","","Tue Nov 12 18:40:33 GMT 2024","passed","Tue Nov 12 18:40:41 GMT 2024","","WHOLE-TESTS","WHOLE-TESTS",""
"","8000","metta_lang.Querying_space_content___MeTTa_Language4","","Tue Nov 12 18:40:33 GMT 2024","passed","Tue Nov 12 18:40:41 GMT 2024","","WHOLE-TESTS","WHOLE-TESTS",""
"","2","RECURSIVE-AND-PARAMETRIC-TYPES---METTA-LANGUAGE5.02","","Tue Nov 12 18:58:03 GMT 2024","passed","Tue Nov 12 18:58:03 GMT 2024","","METTA-LANG","METTA-LANG",""
"","2","UNIQUE-TEST.07","","Tue Nov 12 18:48:46 GMT 2024","passed","Tue Nov 12 18:48:46 GMT 2024","","HYPERON-METTALOG-SANITY","HYPERON-METTALOG-SANITY",""
"","23770","TIME-SYNTHESIZE-SHORT.02","","Tue Nov 12 18:55:17 GMT 2024","passed","Tue Nov 12 18:55:40 GMT 2024","","SYNTH-BUFFER","SYNTH-BUFFER",""
"","3","FUNCTIONS-AND-UNIFICATION---METTA-LANGUAGE2.06","","Tue Nov 12 18:58:03 GMT 2024","passed","Tue Nov 12 18:58:03 GMT 2024","","METTA-LANG","METTA-LANG",""
"","2","FREE-VARIABLES-AND-NONDETERMINISM-AGAIN-RECURSIVELY---METTA-LANGUAGE5.02","","Tue Nov 12 18:58:03 GMT 2024","passed","Tue Nov 12 18:58:03 GMT 2024","","METTA-LANG","METTA-LANG",""
"","3","UNIQUE-TEST.08","","Tue Nov 12 18:48:46 GMT 2024","passed","Tue Nov 12 18:48:46 GMT 2024","","HYPERON-METTALOG-SANITY","HYPERON-METTALOG-SANITY",""
"","2","METATYPES---METTA-LANGUAGE1.10","","Tue Nov 12 18:58:03 GMT 2024","passed","Tue Nov 12 18:58:03 GMT 2024","","METTA-LANG","METTA-LANG",""
"","3","D1-GADT.11","","Tue Nov 12 19:20:45 GMT 2024","passed","Tue Nov 12 19:20:45 GMT 2024","","QUICK","QUICK",""
"","3","LIMIT-TESTS.16","","Tue Nov 12 18:48:46 GMT 2024","passed","Tue Nov 12 18:48:46 GMT 2024","","HYPERON-METTALOG-SANITY","HYPERON-METTALOG-SANITY",""
"","2","C2-SPACES.01","","Tue Nov 12 18:45:43 GMT 2024","passed","Tue Nov 12 18:45:43 GMT 2024","","HYPERON-EXPERIMENTAL-SCRIPTS","HYPERON-EXPERIMENTAL-SCRIPTS",""
"","42","B5-TYPES-PRELIM.24","","Tue Nov 12 18:45:43 GMT 2024","failed","Tue Nov 12 18:45:43 GMT 2024","","HYPERON-EXPERIMENTAL-SCRIPTS","HYPERON-EXPERIMENTAL-SCRIPTS",""
"","48252","TEST-SPO-116378.01","","Tue Nov 12 18:41:54 GMT 2024","passed","Tue Nov 12 18:42:42 GMT 2024","","METTA-WAM-ISSUE-116","METTA-WAM-ISSUE-116",""
"","123","BASIC-EVALUATION---METTA-LANGUAGE11.02","","Tue Nov 12 18:58:03 GMT 2024","passed","Tue Nov 12 18:58:03 GMT 2024","","METTA-LANG","METTA-LANG",""
"","8000","metta_lang.Basic_evaluation___MeTTa_Language11","","Tue Nov 12 18:40:33 GMT 2024","passed","Tue Nov 12 18:40:41 GMT 2024","","WHOLE-TESTS","WHOLE-TESTS",""
"","8000","quick.d4_type_prop","","Tue Nov 12 18:40:33 GMT 2024","passed","Tue Nov 12 18:40:41 GMT 2024","","WHOLE-TESTS","WHOLE-TESTS",""
"","3","WORKING-WITH-SPACES---METTA-LANGUAGE17.01","","Tue Nov 12 18:58:03 GMT 2024","passed","Tue Nov 12 18:58:03 GMT 2024","","METTA-LANG","METTA-LANG",""
"","9","MATCH-VOID.11","","Tue Nov 12 19:17:06 GMT 2024","passed","Tue Nov 12 19:17:06 GMT 2024","","METTA-MORPH-TESTS","METTA-MORPH-TESTS",""
"","3","F1-IMPORTS.13","","Tue Nov 12 18:45:43 GMT 2024","passed","Tue Nov 12 18:45:43 GMT 2024","","HYPERON-EXPERIMENTAL-SCRIPTS","HYPERON-EXPERIMENTAL-SCRIPTS",""
"","7000","metta_lang.Recursive_and_parametric_types___MeTTa_Language8","","Tue Nov 12 18:40:33 GMT 2024","passed","Tue Nov 12 18:40:40 GMT 2024","","WHOLE-TESTS","WHOLE-TESTS",""
"","62","B5-TYPES-PRELIM.02","","Tue Nov 12 18:45:43 GMT 2024","failed","Tue Nov 12 18:45:43 GMT 2024","","HYPERON-EXPERIMENTAL-SCRIPTS","HYPERON-EXPERIMENTAL-SCRIPTS",""
"","2","SPACE-INTERSECTION-TESTS.20","","Tue Nov 12 18:48:46 GMT 2024","passed","Tue Nov 12 18:48:46 GMT 2024","","HYPERON-METTALOG-SANITY","HYPERON-METTALOG-SANITY",""
"","8000","synth_buffer.synthesize","","Tue Nov 12 18:40:33 GMT 2024","passed","Tue Nov 12 18:40:41 GMT 2024","","WHOLE-TESTS","WHOLE-TESTS",""
"","2","D1-GADT.12","","Tue Nov 12 18:45:43 GMT 2024","passed","Tue Nov 12 18:45:43 GMT 2024","","HYPERON-EXPERIMENTAL-SCRIPTS","HYPERON-EXPERIMENTAL-SCRIPTS",""
"","132","B5-TYPES-PRELIM.08","","Tue Nov 12 18:45:43 GMT 2024","failed","Tue Nov 12 18:45:43 GMT 2024","","HYPERON-EXPERIMENTAL-SCRIPTS","HYPERON-EXPERIMENTAL-SCRIPTS",""
"","2","CALL-CLEANUP-TESTS.07","","Tue Nov 12 18:48:46 GMT 2024","passed","Tue Nov 12 18:48:46 GMT 2024","","HYPERON-METTALOG-SANITY","HYPERON-METTALOG-SANITY",""
"","2","D1-GADT.02","","Tue Nov 12 19:20:45 GMT 2024","passed","Tue Nov 12 19:20:45 GMT 2024","","QUICK","QUICK",""
"","8000","metta_lang.Concrete_types___MeTTa_Language13","","Tue Nov 12 18:40:33 GMT 2024","passed","Tue Nov 12 18:40:41 GMT 2024","","WHOLE-TESTS","WHOLE-TESTS",""
"","3","XOR-TEST.04","","Tue Nov 12 18:48:46 GMT 2024","passed","Tue Nov 12 18:48:46 GMT 2024","","HYPERON-METTALOG-SANITY","HYPERON-METTALOG-SANITY",""
"","8000","hyperon-mettalog_sanity.01_lang_inc","","Tue Nov 12 18:40:33 GMT 2024","passed","Tue Nov 12 18:40:41 GMT 2024","","WHOLE-TESTS","WHOLE-TESTS",""
"","2","OR-TEST.03","","Tue Nov 12 18:48:46 GMT 2024","passed","Tue Nov 12 18:48:46 GMT 2024","","HYPERON-METTALOG-SANITY","HYPERON-METTALOG-SANITY",""
"","2","PY-TYPES-2.02","","Tue Nov 12 18:48:46 GMT 2024","passed","Tue Nov 12 18:48:46 GMT 2024","","HYPERON-METTALOG-SANITY","HYPERON-METTALOG-SANITY",""
"","97","SPACE-INTERSECTION-TESTS.10","","Tue Nov 12 18:48:46 GMT 2024","failed","Tue Nov 12 18:48:46 GMT 2024","","HYPERON-METTALOG-SANITY","HYPERON-METTALOG-SANITY",""
"","61","METATYPES---METTA-LANGUAGE2.04","","Tue Nov 12 18:58:03 GMT 2024","failed","Tue Nov 12 18:58:03 GMT 2024","","METTA-LANG","METTA-LANG",""
"","3","CONTROL-FLOW---METTA-LANGUAGE11.02","","Tue Nov 12 18:58:03 GMT 2024","passed","Tue Nov 12 18:58:03 GMT 2024","","METTA-LANG","METTA-LANG",""
"","46","WORKING-WITH-SPACES---METTA-LANGUAGE17.02","","Tue Nov 12 18:58:03 GMT 2024","failed","Tue Nov 12 18:58:03 GMT 2024","","METTA-LANG","METTA-LANG",""
"","3","B1-EQUAL-CHAIN.02","","Tue Nov 12 18:45:43 GMT 2024","passed","Tue Nov 12 18:45:43 GMT 2024","","HYPERON-EXPERIMENTAL-SCRIPTS","HYPERON-EXPERIMENTAL-SCRIPTS",""
"","8000","metta_lang.Working_with_spaces___MeTTa_Language3","","Tue Nov 12 18:40:33 GMT 2024","passed","Tue Nov 12 18:40:41 GMT 2024","","WHOLE-TESTS","WHOLE-TESTS",""
"","4","RECURSION-AND-CONTROL---METTA-LANGUAGE2.01","","Tue Nov 12 18:58:03 GMT 2024","passed","Tue Nov 12 18:58:03 GMT 2024","","METTA-LANG","METTA-LANG",""
"","65","MINIMAL-METTA-TESTS.22","","Tue Nov 12 18:48:46 GMT 2024","failed","Tue Nov 12 18:48:46 GMT 2024","","HYPERON-METTALOG-SANITY","HYPERON-METTALOG-SANITY",""
"","2","SEALED-TEST.04","","Tue Nov 12 18:48:46 GMT 2024","passed","Tue Nov 12 18:48:46 GMT 2024","","HYPERON-METTALOG-SANITY","HYPERON-METTALOG-SANITY",""
"","56","OUTPUT-LOAD-TESTS.12","","Tue Nov 12 18:48:46 GMT 2024","failed","Tue Nov 12 18:48:46 GMT 2024","","HYPERON-METTALOG-SANITY","HYPERON-METTALOG-SANITY",""
"","2","STRING-TESTS.12","","Tue Nov 12 18:48:46 GMT 2024","passed","Tue Nov 12 18:48:46 GMT 2024","","HYPERON-METTALOG-SANITY","HYPERON-METTALOG-SANITY",""
"","4","B3-DIRECT.01","","Tue Nov 12 18:45:43 GMT 2024","passed","Tue Nov 12 18:45:43 GMT 2024","","HYPERON-EXPERIMENTAL-SCRIPTS","HYPERON-EXPERIMENTAL-SCRIPTS",""
"","3","CONTROL-FLOW---METTA-LANGUAGE14.01","","Tue Nov 12 18:58:03 GMT 2024","passed","Tue Nov 12 18:58:03 GMT 2024","","METTA-LANG","METTA-LANG",""
"","3","RECURSION-AND-CONTROL---METTA-LANGUAGE9.03","","Tue Nov 12 18:58:03 GMT 2024","passed","Tue Nov 12 18:58:03 GMT 2024","","METTA-LANG","METTA-LANG",""
"","2","D4-TYPE-PROP.17","","Tue Nov 12 19:20:45 GMT 2024","passed","Tue Nov 12 19:20:45 GMT 2024","","QUICK","QUICK",""
"","6","MATCH-FEVAL.01","","Tue Nov 12 19:17:06 GMT 2024","passed","Tue Nov 12 19:17:06 GMT 2024","","METTA-MORPH-TESTS","METTA-MORPH-TESTS",""
"","1","RECURSIVE-AND-PARAMETRIC-TYPES---METTA-LANGUAGE2.04","","Tue Nov 12 18:58:03 GMT 2024","passed","Tue Nov 12 18:58:03 GMT 2024","","METTA-LANG","METTA-LANG",""
"","1","RECURSIVE-AND-PARAMETRIC-TYPES---METTA-LANGUAGE3.02","","Tue Nov 12 18:58:03 GMT 2024","passed","Tue Nov 12 18:58:03 GMT 2024","","METTA-LANG","METTA-LANG",""
"","13","HANDLING-NONDETERMINISTIC-RESULTS---METTA-LANGUAGE4.01","","Tue Nov 12 18:58:03 GMT 2024","failed","Tue Nov 12 18:58:03 GMT 2024","","METTA-LANG","METTA-LANG",""
"","1","CONTROLLING-PATTERN-MATCHING---METTA-LANGUAGE12.09","","Tue Nov 12 18:58:03 GMT 2024","passed","Tue Nov 12 18:58:03 GMT 2024","","METTA-LANG","METTA-LANG",""
"","1","B5-TYPES-PRELIM.25","","Tue Nov 12 18:45:43 GMT 2024","passed","Tue Nov 12 18:45:43 GMT 2024","","HYPERON-EXPERIMENTAL-SCRIPTS","HYPERON-EXPERIMENTAL-SCRIPTS",""
"","7000","metta_lang.Metatypes___MeTTa_Language8","","Tue Nov 12 18:40:33 GMT 2024","passed","Tue Nov 12 18:40:40 GMT 2024","","WHOLE-TESTS","WHOLE-TESTS",""
"","12","WORKING-WITH-SPACES---METTA-LANGUAGE11.02","","Tue Nov 12 18:58:03 GMT 2024","failed","Tue Nov 12 18:58:03 GMT 2024","","METTA-LANG","METTA-LANG",""
"","37","BASIC-GROUNDED-FUNCTIONS---METTA-LANGUAGE1.04","","Tue Nov 12 18:58:03 GMT 2024","passed","Tue Nov 12 18:58:03 GMT 2024","","METTA-LANG","METTA-LANG",""
"","1","TEST-IF-CLOSED.11","","Tue Nov 12 18:40:40 GMT 2024","passed","Tue Nov 12 18:40:40 GMT 2024","","ANTI-REGRESSION","ANTI-REGRESSION",""
"","1","C2-SPACES.02","","Tue Nov 12 18:45:43 GMT 2024","passed","Tue Nov 12 18:45:43 GMT 2024","","HYPERON-EXPERIMENTAL-SCRIPTS","HYPERON-EXPERIMENTAL-SCRIPTS",""
"","1","06-MATCH-IN-SPACE.02","","Tue Nov 12 18:48:46 GMT 2024","passed","Tue Nov 12 18:48:46 GMT 2024","","HYPERON-METTALOG-SANITY","HYPERON-METTALOG-SANITY",""
"","4","METATYPES---METTA-LANGUAGE7.01","","Tue Nov 12 18:58:03 GMT 2024","passed","Tue Nov 12 18:58:03 GMT 2024","","METTA-LANG","METTA-LANG",""
"","4","CONSOLE-OUTPUT-AND-DEBUGGING---METTA-LANGUAGE4.01","","Tue Nov 12 18:58:03 GMT 2024","passed","Tue Nov 12 18:58:03 GMT 2024","","METTA-LANG","METTA-LANG",""
"","11","CONCRETE-TYPES---METTA-LANGUAGE13.02","","Tue Nov 12 18:58:03 GMT 2024","failed","Tue Nov 12 18:58:03 GMT 2024","","METTA-LANG","METTA-LANG",""
"","2","SEQUENTIAL-NESTED.03","","Tue Nov 12 19:17:06 GMT 2024","passed","Tue Nov 12 19:17:06 GMT 2024","","METTA-MORPH-TESTS","METTA-MORPH-TESTS",""
"","3","HYPERPOSE.08","","Tue Nov 12 19:17:06 GMT 2024","passed","Tue Nov 12 19:17:06 GMT 2024","","METTA-MORPH-TESTS","METTA-MORPH-TESTS",""
"","8000","metta_lang.Recursion_and_control___MeTTa_Language5","","Tue Nov 12 18:40:33 GMT 2024","passed","Tue Nov 12 18:40:41 GMT 2024","","WHOLE-TESTS","WHOLE-TESTS",""
"","1","D4-TYPE-PROP.13","","Tue Nov 12 19:20:45 GMT 2024","passed","Tue Nov 12 19:20:45 GMT 2024","","QUICK","QUICK",""
"","1","HANDLING-NONDETERMINISTIC-RESULTS---METTA-LANGUAGE6.02","","Tue Nov 12 18:58:03 GMT 2024","passed","Tue Nov 12 18:58:03 GMT 2024","","METTA-LANG","METTA-LANG",""
"","1","TMPMATCH2.04","","Tue Nov 12 18:40:40 GMT 2024","passed","Tue Nov 12 18:40:40 GMT 2024","","ANTI-REGRESSION","ANTI-REGRESSION",""
"","8000","metta_lang.Concrete_types___MeTTa_Language7","","Tue Nov 12 18:40:33 GMT 2024","passed","Tue Nov 12 18:40:41 GMT 2024","","WHOLE-TESTS","WHOLE-TESTS",""
"","7000","metta_lang.Basic_grounded_functions___MeTTa_Language8","","Tue Nov 12 18:40:33 GMT 2024","passed","Tue Nov 12 18:40:40 GMT 2024","","WHOLE-TESTS","WHOLE-TESTS",""
"","8000","metta-morph_tests.tests0","","Tue Nov 12 18:40:33 GMT 2024","passed","Tue Nov 12 18:40:41 GMT 2024","","WHOLE-TESTS","WHOLE-TESTS",""
"","3","A3-TWOSIDE.04","","Tue Nov 12 18:45:43 GMT 2024","passed","Tue Nov 12 18:45:43 GMT 2024","","HYPERON-EXPERIMENTAL-SCRIPTS","HYPERON-EXPERIMENTAL-SCRIPTS",""
"","1","00-LANG-CASE.10","","Tue Nov 12 18:48:46 GMT 2024","passed","Tue Nov 12 18:48:46 GMT 2024","","HYPERON-METTALOG-SANITY","HYPERON-METTALOG-SANITY",""
"","2","XOR-TEST.06","","Tue Nov 12 18:48:46 GMT 2024","passed","Tue Nov 12 18:48:46 GMT 2024","","HYPERON-METTALOG-SANITY","HYPERON-METTALOG-SANITY",""
"","2","F1-IMPORTS.18","","Tue Nov 12 19:20:45 GMT 2024","passed","Tue Nov 12 19:20:45 GMT 2024","","QUICK","QUICK",""
"","2","SUBTRACTION-TEST.07","","Tue Nov 12 18:48:46 GMT 2024","passed","Tue Nov 12 18:48:46 GMT 2024","","HYPERON-METTALOG-SANITY","HYPERON-METTALOG-SANITY",""
"","3","METATYPES---METTA-LANGUAGE1.01","","Tue Nov 12 18:58:03 GMT 2024","passed","Tue Nov 12 18:58:03 GMT 2024","","METTA-LANG","METTA-LANG",""
"","2","CATCH-THROW-TESTS.10","","Tue Nov 12 18:48:46 GMT 2024","passed","Tue Nov 12 18:48:46 GMT 2024","","HYPERON-METTALOG-SANITY","HYPERON-METTALOG-SANITY",""
"","2","HANDLING-NONDETERMINISTIC-RESULTS---METTA-LANGUAGE1.04","","Tue Nov 12 18:58:03 GMT 2024","passed","Tue Nov 12 18:58:03 GMT 2024","","METTA-LANG","METTA-LANG",""
"","2","HYPERPOSE-TESTS.02","","Tue Nov 12 18:48:46 GMT 2024","passed","Tue Nov 12 18:48:46 GMT 2024","","HYPERON-METTALOG-SANITY","HYPERON-METTALOG-SANITY",""
"","2","INTERSECTION-TESTS.04","","Tue Nov 12 18:48:46 GMT 2024","passed","Tue Nov 12 18:48:46 GMT 2024","","HYPERON-METTALOG-SANITY","HYPERON-METTALOG-SANITY",""
"","1","D1-GADT.07","","Tue Nov 12 18:45:43 GMT 2024","passed","Tue Nov 12 18:45:43 GMT 2024","","HYPERON-EXPERIMENTAL-SCRIPTS","HYPERON-EXPERIMENTAL-SCRIPTS",""
"","51","CONSOLE-OUTPUT-AND-DEBUGGING---METTA-LANGUAGE5.08","","Tue Nov 12 18:58:03 GMT 2024","failed","Tue Nov 12 18:58:03 GMT 2024","","METTA-LANG","METTA-LANG",""
"","1","CONTROL-FLOW---METTA-LANGUAGE15.06","","Tue Nov 12 18:58:03 GMT 2024","passed","Tue Nov 12 18:58:03 GMT 2024","","METTA-LANG","METTA-LANG",""
"","91","CONTROLLING-PATTERN-MATCHING---METTA-LANGUAGE4.02","","Tue Nov 12 18:58:03 GMT 2024","passed","Tue Nov 12 18:58:03 GMT 2024","","METTA-LANG","METTA-LANG",""
"","1","C1-GROUNDED-BASIC.04","","Tue Nov 12 18:45:43 GMT 2024","passed","Tue Nov 12 18:45:43 GMT 2024","","HYPERON-EXPERIMENTAL-SCRIPTS","HYPERON-EXPERIMENTAL-SCRIPTS",""
"","2","RECURSION-AND-CONTROL---METTA-LANGUAGE2.02","","Tue Nov 12 18:58:03 GMT 2024","passed","Tue Nov 12 18:58:03 GMT 2024","","METTA-LANG","METTA-LANG",""
"","18","CONCRETE-TYPES---METTA-LANGUAGE9.01","","Tue Nov 12 18:58:03 GMT 2024","passed","Tue Nov 12 18:58:03 GMT 2024","","METTA-LANG","METTA-LANG",""
"","54","CONTROLLING-PATTERN-MATCHING---METTA-LANGUAGE9.02","","Tue Nov 12 18:58:03 GMT 2024","failed","Tue Nov 12 18:58:03 GMT 2024","","METTA-LANG","METTA-LANG",""
"","3","CONTROL-FLOW---METTA-LANGUAGE3.01","","Tue Nov 12 18:58:03 GMT 2024","passed","Tue Nov 12 18:58:03 GMT 2024","","METTA-LANG","METTA-LANG",""
"","1","MATCH-VOID.10","","Tue Nov 12 19:17:06 GMT 2024","passed","Tue Nov 12 19:17:06 GMT 2024","","METTA-MORPH-TESTS","METTA-MORPH-TESTS",""
"","7000","metta_lang.Functions_and_unification___MeTTa_Language5","","Tue Nov 12 18:40:33 GMT 2024","passed","Tue Nov 12 18:40:40 GMT 2024","","WHOLE-TESTS","WHOLE-TESTS",""
"","4","B2-BACKCHAIN.01","","Tue Nov 12 18:45:43 GMT 2024","passed","Tue Nov 12 18:45:43 GMT 2024","","HYPERON-EXPERIMENTAL-SCRIPTS","HYPERON-EXPERIMENTAL-SCRIPTS",""
"","2","CALL-TESTS.06","","Tue Nov 12 18:48:46 GMT 2024","passed","Tue Nov 12 18:48:46 GMT 2024","","HYPERON-METTALOG-SANITY","HYPERON-METTALOG-SANITY",""
"","3","CONSOLE-OUTPUT-AND-DEBUGGING---METTA-LANGUAGE3.05","","Tue Nov 12 18:58:03 GMT 2024","passed","Tue Nov 12 18:58:03 GMT 2024","","METTA-LANG","METTA-LANG",""
"","8000","hyperon-experimental_scripts.b5_types_prelim","","Tue Nov 12 18:40:33 GMT 2024","passed","Tue Nov 12 18:40:41 GMT 2024","","WHOLE-TESTS","WHOLE-TESTS",""
"","3","F1-MODULEA.04","","Tue Nov 12 19:20:45 GMT 2024","passed","Tue Nov 12 19:20:45 GMT 2024","","QUICK","QUICK",""
"","3","CONTROLLING-PATTERN-MATCHING---METTA-LANGUAGE11.03","","Tue Nov 12 18:58:03 GMT 2024","passed","Tue Nov 12 18:58:03 GMT 2024","","METTA-LANG","METTA-LANG",""
"","2","A3-TWOSIDE.02","","Tue Nov 12 18:45:43 GMT 2024","passed","Tue Nov 12 18:45:43 GMT 2024","","HYPERON-EXPERIMENTAL-SCRIPTS","HYPERON-EXPERIMENTAL-SCRIPTS",""
"","2","CONCRETE-TYPES---METTA-LANGUAGE5.03","","Tue Nov 12 18:58:03 GMT 2024","passed","Tue Nov 12 18:58:03 GMT 2024","","METTA-LANG","METTA-LANG",""
"","1","CONTROLLING-PATTERN-MATCHING---METTA-LANGUAGE12.10","","Tue Nov 12 18:58:03 GMT 2024","passed","Tue Nov 12 18:58:03 GMT 2024","","METTA-LANG","METTA-LANG",""
"","6","UNIQUE-TEST.12","","Tue Nov 12 18:48:46 GMT 2024","passed","Tue Nov 12 18:48:46 GMT 2024","","HYPERON-METTALOG-SANITY","HYPERON-METTALOG-SANITY",""
"","1","SUBTRACTION-TEST.05","","Tue Nov 12 18:48:46 GMT 2024","passed","Tue Nov 12 18:48:46 GMT 2024","","HYPERON-METTALOG-SANITY","HYPERON-METTALOG-SANITY",""
"","3","TYPES2.02","","Tue Nov 12 19:17:06 GMT 2024","passed","Tue Nov 12 19:17:06 GMT 2024","","METTA-MORPH-TESTS","METTA-MORPH-TESTS",""
"","1","F1-IMPORTS.11","","Tue Nov 12 18:40:24 GMT 2024","passed","Tue Nov 12 18:40:24 GMT 2024","","MODULE-SYSTEM","MODULE-SYSTEM",""
"","7000","metta-morph_tests.let_superpose_list","","Tue Nov 12 18:40:33 GMT 2024","passed","Tue Nov 12 18:40:40 GMT 2024","","WHOLE-TESTS","WHOLE-TESTS",""
"","51","WORKING-WITH-SPACES---METTA-LANGUAGE8.06","","Tue Nov 12 18:58:03 GMT 2024","failed","Tue Nov 12 18:58:03 GMT 2024","","METTA-LANG","METTA-LANG",""
"","1","OUTPUT-LOAD-TESTS.08","","Tue Nov 12 18:48:46 GMT 2024","passed","Tue Nov 12 18:48:46 GMT 2024","","HYPERON-METTALOG-SANITY","HYPERON-METTALOG-SANITY",""
"","36","BCHAIN-COMP.03","","Tue Nov 12 18:40:40 GMT 2024","failed","Tue Nov 12 18:40:40 GMT 2024","","ANTI-REGRESSION","ANTI-REGRESSION",""
"","3","FUNCTIONS-AND-UNIFICATION---METTA-LANGUAGE6.01","","Tue Nov 12 18:58:03 GMT 2024","passed","Tue Nov 12 18:58:03 GMT 2024","","METTA-LANG","METTA-LANG",""
"","3","D2-HIGHERFUNC.11","","Tue Nov 12 18:45:43 GMT 2024","passed","Tue Nov 12 18:45:43 GMT 2024","","HYPERON-EXPERIMENTAL-SCRIPTS","HYPERON-EXPERIMENTAL-SCRIPTS",""
"","1","STATES-SPACES.02","","Tue Nov 12 19:17:06 GMT 2024","passed","Tue Nov 12 19:17:06 GMT 2024","","METTA-MORPH-TESTS","METTA-MORPH-TESTS",""
"","4","SEALED-TEST.02","","Tue Nov 12 18:48:46 GMT 2024","passed","Tue Nov 12 18:48:46 GMT 2024","","HYPERON-METTALOG-SANITY","HYPERON-METTALOG-SANITY",""
"","6","UNIQUE-TEST.11","","Tue Nov 12 18:48:46 GMT 2024","passed","Tue Nov 12 18:48:46 GMT 2024","","HYPERON-METTALOG-SANITY","HYPERON-METTALOG-SANITY",""
"","2","SUPERCOLLAPSE.08","","Tue Nov 12 19:17:06 GMT 2024","passed","Tue Nov 12 19:17:06 GMT 2024","","METTA-MORPH-TESTS","METTA-MORPH-TESTS",""
"","2","OR-TEST.16","","Tue Nov 12 18:48:46 GMT 2024","passed","Tue Nov 12 18:48:46 GMT 2024","","HYPERON-METTALOG-SANITY","HYPERON-METTALOG-SANITY",""
"","1","BASIC-GROUNDED-FUNCTIONS---METTA-LANGUAGE8.02","","Tue Nov 12 18:58:03 GMT 2024","passed","Tue Nov 12 18:58:03 GMT 2024","","METTA-LANG","METTA-LANG",""
"","1","D2-HIGHERFUNC.12","","Tue Nov 12 19:20:45 GMT 2024","passed","Tue Nov 12 19:20:45 GMT 2024","","QUICK","QUICK",""
"","1","CONTROLLING-PATTERN-MATCHING---METTA-LANGUAGE4.03","","Tue Nov 12 18:58:03 GMT 2024","passed","Tue Nov 12 18:58:03 GMT 2024","","METTA-LANG","METTA-LANG",""
"","1","00-LANG-CASE.06","","Tue Nov 12 18:48:46 GMT 2024","passed","Tue Nov 12 18:48:46 GMT 2024","","HYPERON-METTALOG-SANITY","HYPERON-METTALOG-SANITY",""
"","8000","anti-regression.mettalogTestCurried2","","Tue Nov 12 18:40:33 GMT 2024","passed","Tue Nov 12 18:40:41 GMT 2024","","WHOLE-TESTS","WHOLE-TESTS",""
"","2","WORKING-WITH-SPACES---METTA-LANGUAGE10.02","","Tue Nov 12 18:58:03 GMT 2024","passed","Tue Nov 12 18:58:03 GMT 2024","","METTA-LANG","METTA-LANG",""
"","8000","quick.f1_imports","","Tue Nov 12 18:40:33 GMT 2024","passed","Tue Nov 12 18:40:41 GMT 2024","","WHOLE-TESTS","WHOLE-TESTS",""
"","2","BASIC-GROUNDED-FUNCTIONS---METTA-LANGUAGE6.03","","Tue Nov 12 18:58:03 GMT 2024","passed","Tue Nov 12 18:58:03 GMT 2024","","METTA-LANG","METTA-LANG",""
"","3","D2-HIGHERFUNC.19","","Tue Nov 12 18:45:43 GMT 2024","passed","Tue Nov 12 18:45:43 GMT 2024","","HYPERON-EXPERIMENTAL-SCRIPTS","HYPERON-EXPERIMENTAL-SCRIPTS",""
"","2","QUERYING-SPACE-CONTENT---METTA-LANGUAGE5.02","","Tue Nov 12 18:58:03 GMT 2024","passed","Tue Nov 12 18:58:03 GMT 2024","","METTA-LANG","METTA-LANG",""
"","3","CONSOLE-OUTPUT-AND-DEBUGGING---METTA-LANGUAGE5.05","","Tue Nov 12 18:58:03 GMT 2024","passed","Tue Nov 12 18:58:03 GMT 2024","","METTA-LANG","METTA-LANG",""
"","2","C1-GROUNDED-BASIC.02","","Tue Nov 12 18:45:43 GMT 2024","passed","Tue Nov 12 18:45:43 GMT 2024","","HYPERON-EXPERIMENTAL-SCRIPTS","HYPERON-EXPERIMENTAL-SCRIPTS",""
"","1","C1-GROUNDED-BASIC.05","","Tue Nov 12 18:45:43 GMT 2024","passed","Tue Nov 12 18:45:43 GMT 2024","","HYPERON-EXPERIMENTAL-SCRIPTS","HYPERON-EXPERIMENTAL-SCRIPTS",""
"","8000","metta_lang.Functions_and_unification___MeTTa_Language3","","Tue Nov 12 18:40:33 GMT 2024","passed","Tue Nov 12 18:40:41 GMT 2024","","WHOLE-TESTS","WHOLE-TESTS",""
"","8000","metta-morph_tests.supercollapse","","Tue Nov 12 18:40:33 GMT 2024","passed","Tue Nov 12 18:40:41 GMT 2024","","WHOLE-TESTS","WHOLE-TESTS",""
"","14","SPACE-INTERSECTION-TESTS.16","","Tue Nov 12 18:48:46 GMT 2024","failed","Tue Nov 12 18:48:46 GMT 2024","","HYPERON-METTALOG-SANITY","HYPERON-METTALOG-SANITY",""
"","46000","synth_buffer.time_synthesize_long","","Tue Nov 12 18:40:33 GMT 2024","failed","Tue Nov 12 18:41:19 GMT 2024","","WHOLE-TESTS","WHOLE-TESTS",""
"","1","HANDLING-NONDETERMINISTIC-RESULTS---METTA-LANGUAGE4.02","","Tue Nov 12 18:58:03 GMT 2024","passed","Tue Nov 12 18:58:03 GMT 2024","","METTA-LANG","METTA-LANG",""
"","81","CONSOLE-OUTPUT-AND-DEBUGGING---METTA-LANGUAGE4.02","","Tue Nov 12 18:58:03 GMT 2024","passed","Tue Nov 12 18:58:03 GMT 2024","","METTA-LANG","METTA-LANG",""
"","4","METATYPES---METTA-LANGUAGE6.01","","Tue Nov 12 18:58:03 GMT 2024","passed","Tue Nov 12 18:58:03 GMT 2024","","METTA-LANG","METTA-LANG",""
"","3","SUBTRACTION-TEST.09","","Tue Nov 12 18:48:46 GMT 2024","passed","Tue Nov 12 18:48:46 GMT 2024","","HYPERON-METTALOG-SANITY","HYPERON-METTALOG-SANITY",""
"","4","LET-SUPERPOSE-LIST.01","","Tue Nov 12 19:17:06 GMT 2024","passed","Tue Nov 12 19:17:06 GMT 2024","","METTA-MORPH-TESTS","METTA-MORPH-TESTS",""
"","16","D1-GADT.09","","Tue Nov 12 19:20:45 GMT 2024","passed","Tue Nov 12 19:20:45 GMT 2024","","QUICK","QUICK",""
"","1","D2-HIGHERFUNC.10","","Tue Nov 12 19:20:45 GMT 2024","passed","Tue Nov 12 19:20:45 GMT 2024","","QUICK","QUICK",""
"","1","MATCH-SUPERPOSED-SPACES.02","","Tue Nov 12 19:17:06 GMT 2024","passed","Tue Nov 12 19:17:06 GMT 2024","","METTA-MORPH-TESTS","METTA-MORPH-TESTS",""
"","7000","metta_lang.Controlling_pattern_matching___MeTTa_Language4","","Tue Nov 12 18:40:33 GMT 2024","passed","Tue Nov 12 18:40:40 GMT 2024","","WHOLE-TESTS","WHOLE-TESTS",""
"","19","CONCRETE-TYPES---METTA-LANGUAGE5.04","","Tue Nov 12 18:58:03 GMT 2024","failed","Tue Nov 12 18:58:03 GMT 2024","","METTA-LANG","METTA-LANG",""
"","2","CONTROLLING-PATTERN-MATCHING---METTA-LANGUAGE1.02","","Tue Nov 12 18:58:03 GMT 2024","passed","Tue Nov 12 18:58:03 GMT 2024","","METTA-LANG","METTA-LANG",""
"","2","BASIC-EVALUATION---METTA-LANGUAGE6.02","","Tue Nov 12 18:58:03 GMT 2024","passed","Tue Nov 12 18:58:03 GMT 2024","","METTA-LANG","METTA-LANG",""
"","2","CATCH-THROW-TESTS.05","","Tue Nov 12 18:48:46 GMT 2024","passed","Tue Nov 12 18:48:46 GMT 2024","","HYPERON-METTALOG-SANITY","HYPERON-METTALOG-SANITY",""
"","8000","metta_lang.Metatypes___MeTTa_Language9","","Tue Nov 12 18:40:33 GMT 2024","passed","Tue Nov 12 18:40:41 GMT 2024","","WHOLE-TESTS","WHOLE-TESTS",""
"","4","TEST-SPO-100.01","","Tue Nov 12 18:41:54 GMT 2024","passed","Tue Nov 12 18:41:54 GMT 2024","","METTA-WAM-ISSUE-116","METTA-WAM-ISSUE-116",""
"","127","CALL-CLEANUP-TESTS.04","","Tue Nov 12 18:48:46 GMT 2024","failed","Tue Nov 12 18:48:46 GMT 2024","","HYPERON-METTALOG-SANITY","HYPERON-METTALOG-SANITY",""
"","3","FIND-ALL-TESTS.01","","Tue Nov 12 18:48:46 GMT 2024","passed","Tue Nov 12 18:48:46 GMT 2024","","HYPERON-METTALOG-SANITY","HYPERON-METTALOG-SANITY",""
"","2","TEST-IF-CLOSED.10","","Tue Nov 12 18:40:40 GMT 2024","passed","Tue Nov 12 18:40:40 GMT 2024","","ANTI-REGRESSION","ANTI-REGRESSION",""
"","8000","metta_lang.Metatypes___MeTTa_Language4","","Tue Nov 12 18:40:33 GMT 2024","passed","Tue Nov 12 18:40:41 GMT 2024","","WHOLE-TESTS","WHOLE-TESTS",""
"","1","D4-TYPE-PROP.13","","Tue Nov 12 18:45:43 GMT 2024","passed","Tue Nov 12 18:45:43 GMT 2024","","HYPERON-EXPERIMENTAL-SCRIPTS","HYPERON-EXPERIMENTAL-SCRIPTS",""
"","3","BASIC-EVALUATION---METTA-LANGUAGE12.01","","Tue Nov 12 18:58:03 GMT 2024","passed","Tue Nov 12 18:58:03 GMT 2024","","METTA-LANG","METTA-LANG",""
"","5","QUERYING-SPACE-CONTENT---METTA-LANGUAGE5.01","","Tue Nov 12 18:58:03 GMT 2024","passed","Tue Nov 12 18:58:03 GMT 2024","","METTA-LANG","METTA-LANG",""
"","76","E2-STATES.07","","Tue Nov 12 18:45:43 GMT 2024","failed","Tue Nov 12 18:45:43 GMT 2024","","HYPERON-EXPERIMENTAL-SCRIPTS","HYPERON-EXPERIMENTAL-SCRIPTS",""
"","8000","metta_lang.Controlling_pattern_matching___MeTTa_Language1","","Tue Nov 12 18:40:33 GMT 2024","passed","Tue Nov 12 18:40:41 GMT 2024","","WHOLE-TESTS","WHOLE-TESTS",""
"","2","BASE-TEST-REPR-PARSE-INTERSECTION.04","","Tue Nov 12 18:48:46 GMT 2024","passed","Tue Nov 12 18:48:46 GMT 2024","","HYPERON-METTALOG-SANITY","HYPERON-METTALOG-SANITY",""
"","2","D1-GADT.06","","Tue Nov 12 18:45:43 GMT 2024","passed","Tue Nov 12 18:45:43 GMT 2024","","HYPERON-EXPERIMENTAL-SCRIPTS","HYPERON-EXPERIMENTAL-SCRIPTS",""
"","2","BASIC-EVALUATION---METTA-LANGUAGE6.03","","Tue Nov 12 18:58:03 GMT 2024","passed","Tue Nov 12 18:58:03 GMT 2024","","METTA-LANG","METTA-LANG",""
"","2","D4-TYPE-PROP.11","","Tue Nov 12 18:45:43 GMT 2024","passed","Tue Nov 12 18:45:43 GMT 2024","","HYPERON-EXPERIMENTAL-SCRIPTS","HYPERON-EXPERIMENTAL-SCRIPTS",""
"","5","ADD-ATOM-MATCH.01","","Tue Nov 12 19:17:06 GMT 2024","passed","Tue Nov 12 19:17:06 GMT 2024","","METTA-MORPH-TESTS","METTA-MORPH-TESTS",""
"","7000","hyperon-mettalog_sanity.represent_and_parse_tests","","Tue Nov 12 18:40:33 GMT 2024","passed","Tue Nov 12 18:40:40 GMT 2024","","WHOLE-TESTS","WHOLE-TESTS",""
"","3","BASIC-GROUNDED-FUNCTIONS---METTA-LANGUAGE5.02","","Tue Nov 12 18:58:03 GMT 2024","passed","Tue Nov 12 18:58:03 GMT 2024","","METTA-LANG","METTA-LANG",""
"","1","MINIMAL-METTA-TESTS.06","","Tue Nov 12 18:48:46 GMT 2024","passed","Tue Nov 12 18:48:46 GMT 2024","","HYPERON-METTALOG-SANITY","HYPERON-METTALOG-SANITY",""
"","8000","hyperon-mettalog_sanity.first_answer_long","","Tue Nov 12 18:40:33 GMT 2024","passed","Tue Nov 12 18:40:41 GMT 2024","","WHOLE-TESTS","WHOLE-TESTS",""
"","2","OUTPUT-LOAD-TESTS.06","","Tue Nov 12 18:48:46 GMT 2024","passed","Tue Nov 12 18:48:46 GMT 2024","","HYPERON-METTALOG-SANITY","HYPERON-METTALOG-SANITY",""
"","3","CONCRETE-TYPES---METTA-LANGUAGE5.01","","Tue Nov 12 18:58:03 GMT 2024","passed","Tue Nov 12 18:58:03 GMT 2024","","METTA-LANG","METTA-LANG",""
"","107","MINIMAL-METTA-TESTS.33","","Tue Nov 12 18:48:46 GMT 2024","failed","Tue Nov 12 18:48:46 GMT 2024","","HYPERON-METTALOG-SANITY","HYPERON-METTALOG-SANITY",""
"","8000","metta-wam-issue-116.test_spo_100","","Tue Nov 12 18:40:33 GMT 2024","passed","Tue Nov 12 18:40:41 GMT 2024","","WHOLE-TESTS","WHOLE-TESTS",""
"","8000","metta_lang.Controlling_pattern_matching___MeTTa_Language8","","Tue Nov 12 18:40:33 GMT 2024","passed","Tue Nov 12 18:40:41 GMT 2024","","WHOLE-TESTS","WHOLE-TESTS",""
"","7000","metta_lang.Functions_and_unification___MeTTa_Language6","","Tue Nov 12 18:40:33 GMT 2024","passed","Tue Nov 12 18:40:40 GMT 2024","","WHOLE-TESTS","WHOLE-TESTS",""
"","8000","metta_lang.Metatypes___MeTTa_Language2","","Tue Nov 12 18:40:33 GMT 2024","passed","Tue Nov 12 18:40:41 GMT 2024","","WHOLE-TESTS","WHOLE-TESTS",""
"","2","D4-TYPE-PROP.04","","Tue Nov 12 18:45:43 GMT 2024","passed","Tue Nov 12 18:45:43 GMT 2024","","HYPERON-EXPERIMENTAL-SCRIPTS","HYPERON-EXPERIMENTAL-SCRIPTS",""
"","108","MINIMAL-METTA-TESTS.28","","Tue Nov 12 18:48:46 GMT 2024","failed","Tue Nov 12 18:48:46 GMT 2024","","HYPERON-METTALOG-SANITY","HYPERON-METTALOG-SANITY",""
"","151","TEST-SPO-5000.01","","Tue Nov 12 18:41:54 GMT 2024","passed","Tue Nov 12 18:41:54 GMT 2024","","METTA-WAM-ISSUE-116","METTA-WAM-ISSUE-116",""
"","7000","metta_lang.Control_flow___MeTTa_Language5","","Tue Nov 12 18:40:33 GMT 2024","passed","Tue Nov 12 18:40:40 GMT 2024","","WHOLE-TESTS","WHOLE-TESTS",""
"","4","RECURSION-AND-CONTROL---METTA-LANGUAGE9.01","","Tue Nov 12 18:58:03 GMT 2024","passed","Tue Nov 12 18:58:03 GMT 2024","","METTA-LANG","METTA-LANG",""
"","1","LIMIT-TESTS.14","","Tue Nov 12 18:48:46 GMT 2024","passed","Tue Nov 12 18:48:46 GMT 2024","","HYPERON-METTALOG-SANITY","HYPERON-METTALOG-SANITY",""
"","1","CALL-TESTS.07","","Tue Nov 12 18:48:46 GMT 2024","passed","Tue Nov 12 18:48:46 GMT 2024","","HYPERON-METTALOG-SANITY","HYPERON-METTALOG-SANITY",""
"","8000","metta_lang.Basic_evaluation___MeTTa_Language1","","Tue Nov 12 18:40:33 GMT 2024","passed","Tue Nov 12 18:40:41 GMT 2024","","WHOLE-TESTS","WHOLE-TESTS",""
"","4","CONTROLLING-PATTERN-MATCHING---METTA-LANGUAGE4.01","","Tue Nov 12 18:58:03 GMT 2024","passed","Tue Nov 12 18:58:03 GMT 2024","","METTA-LANG","METTA-LANG",""
"","1","D4-TYPE-PROP.11","","Tue Nov 12 19:20:45 GMT 2024","passed","Tue Nov 12 19:20:45 GMT 2024","","QUICK","QUICK",""
"","2","F1-MODULEA.07","","Tue Nov 12 19:20:45 GMT 2024","passed","Tue Nov 12 19:20:45 GMT 2024","","QUICK","QUICK",""
"","1","LIMIT-TESTS.13","","Tue Nov 12 18:48:46 GMT 2024","passed","Tue Nov 12 18:48:46 GMT 2024","","HYPERON-METTALOG-SANITY","HYPERON-METTALOG-SANITY",""
"","14","D2-HIGHERFUNC.21","","Tue Nov 12 18:45:43 GMT 2024","passed","Tue Nov 12 18:45:43 GMT 2024","","HYPERON-EXPERIMENTAL-SCRIPTS","HYPERON-EXPERIMENTAL-SCRIPTS",""
"","8000","metta-morph_tests.collapse","","Tue Nov 12 18:40:33 GMT 2024","passed","Tue Nov 12 18:40:41 GMT 2024","","WHOLE-TESTS","WHOLE-TESTS",""
"","1","B3-DIRECT.02","","Tue Nov 12 18:45:43 GMT 2024","passed","Tue Nov 12 18:45:43 GMT 2024","","HYPERON-EXPERIMENTAL-SCRIPTS","HYPERON-EXPERIMENTAL-SCRIPTS",""
"","2","CONCRETE-TYPES---METTA-LANGUAGE7.04","","Tue Nov 12 18:58:03 GMT 2024","passed","Tue Nov 12 18:58:03 GMT 2024","","METTA-LANG","METTA-LANG",""
"","8000","hyperon-experimental_scripts.g1_docs","","Tue Nov 12 18:40:33 GMT 2024","passed","Tue Nov 12 18:40:41 GMT 2024","","WHOLE-TESTS","WHOLE-TESTS",""
"","3","D2-HIGHERFUNC.19","","Tue Nov 12 19:20:45 GMT 2024","passed","Tue Nov 12 19:20:45 GMT 2024","","QUICK","QUICK",""
"","3","E1-KB-WRITE.01","","Tue Nov 12 18:45:43 GMT 2024","passed","Tue Nov 12 18:45:43 GMT 2024","","HYPERON-EXPERIMENTAL-SCRIPTS","HYPERON-EXPERIMENTAL-SCRIPTS",""
"","97","MINIMAL-METTA-TESTS.31","","Tue Nov 12 18:48:46 GMT 2024","failed","Tue Nov 12 18:48:46 GMT 2024","","HYPERON-METTALOG-SANITY","HYPERON-METTALOG-SANITY",""
"","2","D2-HIGHERFUNC.09","","Tue Nov 12 19:20:45 GMT 2024","passed","Tue Nov 12 19:20:45 GMT 2024","","QUICK","QUICK",""
"","2","FREE-VARIABLES-AND-NONDETERMINISM-AGAIN,-RECURSIVELY---METTA-LANGUAGE1.03","","Tue Nov 12 18:58:03 GMT 2024","passed","Tue Nov 12 18:58:03 GMT 2024","","METTA-LANG","METTA-LANG",""
"","2","WORKING-WITH-SPACES---METTA-LANGUAGE8.05","","Tue Nov 12 18:58:03 GMT 2024","passed","Tue Nov 12 18:58:03 GMT 2024","","METTA-LANG","METTA-LANG",""
"","3","CONCRETE-TYPES---METTA-LANGUAGE7.01","","Tue Nov 12 18:58:03 GMT 2024","passed","Tue Nov 12 18:58:03 GMT 2024","","METTA-LANG","METTA-LANG",""
"","1","PRINT-GRAPH.02","","Tue Nov 12 18:43:39 GMT 2024","passed","Tue Nov 12 18:43:39 GMT 2024","","METTA-WAM-ISSUE-145","METTA-WAM-ISSUE-145",""
"","56","CONSOLE-OUTPUT-AND-DEBUGGING---METTA-LANGUAGE10.02","","Tue Nov 12 18:58:03 GMT 2024","failed","Tue Nov 12 18:58:03 GMT 2024","","METTA-LANG","METTA-LANG",""
"","2","B5-TYPES-PRELIM.07","","Tue Nov 12 18:45:43 GMT 2024","passed","Tue Nov 12 18:45:43 GMT 2024","","HYPERON-EXPERIMENTAL-SCRIPTS","HYPERON-EXPERIMENTAL-SCRIPTS",""
"","2","SUPERPOSE-NESTED.02","","Tue Nov 12 19:17:06 GMT 2024","passed","Tue Nov 12 19:17:06 GMT 2024","","METTA-MORPH-TESTS","METTA-MORPH-TESTS",""
"","2","WHAT-EVALS-OR-NOT.05","","Tue Nov 12 18:48:46 GMT 2024","passed","Tue Nov 12 18:48:46 GMT 2024","","HYPERON-METTALOG-SANITY","HYPERON-METTALOG-SANITY",""
"","8000","metta_lang.Controlling_pattern_matching___MeTTa_Language10","","Tue Nov 12 18:40:33 GMT 2024","passed","Tue Nov 12 18:40:41 GMT 2024","","WHOLE-TESTS","WHOLE-TESTS",""
"","8000","metta_lang.Free_variables_and_nondeterminism_again,_recursively___MeTTa_Language1","","Tue Nov 12 18:40:33 GMT 2024","passed","Tue Nov 12 18:40:41 GMT 2024","","WHOLE-TESTS","WHOLE-TESTS",""
"","60","EVAL-FOR-TESTS.05","","Tue Nov 12 18:48:46 GMT 2024","failed","Tue Nov 12 18:48:46 GMT 2024","","HYPERON-METTALOG-SANITY","HYPERON-METTALOG-SANITY",""
"","3","D4-TYPE-PROP.19","","Tue Nov 12 18:45:43 GMT 2024","passed","Tue Nov 12 18:45:43 GMT 2024","","HYPERON-EXPERIMENTAL-SCRIPTS","HYPERON-EXPERIMENTAL-SCRIPTS",""
"","4","WORKING-WITH-SPACES---METTA-LANGUAGE7.01","","Tue Nov 12 18:58:03 GMT 2024","passed","Tue Nov 12 18:58:03 GMT 2024","","METTA-LANG","METTA-LANG",""
"","1","HYPERPOSE.03","","Tue Nov 12 19:17:06 GMT 2024","passed","Tue Nov 12 19:17:06 GMT 2024","","METTA-MORPH-TESTS","METTA-MORPH-TESTS",""
"","3","IS-SPACE.02","","Tue Nov 12 18:48:46 GMT 2024","passed","Tue Nov 12 18:48:46 GMT 2024","","HYPERON-METTALOG-SANITY","HYPERON-METTALOG-SANITY",""
"","3","TESTS0.02","","Tue Nov 12 19:17:06 GMT 2024","passed","Tue Nov 12 19:17:06 GMT 2024","","METTA-MORPH-TESTS","METTA-MORPH-TESTS",""
"","54","F1-IMPORTS.19","","Tue Nov 12 19:20:45 GMT 2024","passed","Tue Nov 12 19:20:45 GMT 2024","","QUICK","QUICK",""
"","107","B4-NONDETERM.01","","Tue Nov 12 18:45:43 GMT 2024","passed","Tue Nov 12 18:45:43 GMT 2024","","HYPERON-EXPERIMENTAL-SCRIPTS","HYPERON-EXPERIMENTAL-SCRIPTS",""
"","2","CONTROL-FLOW---METTA-LANGUAGE16.04","","Tue Nov 12 18:58:03 GMT 2024","passed","Tue Nov 12 18:58:03 GMT 2024","","METTA-LANG","METTA-LANG",""
"","10","ARITY-TESTS.04","","Tue Nov 12 18:48:46 GMT 2024","failed","Tue Nov 12 18:48:46 GMT 2024","","HYPERON-METTALOG-SANITY","HYPERON-METTALOG-SANITY",""
"","2","03-SORING-VIA-INSERT.02","","Tue Nov 12 18:48:46 GMT 2024","passed","Tue Nov 12 18:48:46 GMT 2024","","HYPERON-METTALOG-SANITY","HYPERON-METTALOG-SANITY",""
"","110","MINIMAL-METTA-TESTS.25","","Tue Nov 12 18:48:46 GMT 2024","failed","Tue Nov 12 18:48:46 GMT 2024","","HYPERON-METTALOG-SANITY","HYPERON-METTALOG-SANITY",""
"","193","BASIC-EVALUATION---METTA-LANGUAGE15.02","","Tue Nov 12 18:58:03 GMT 2024","passed","Tue Nov 12 18:58:03 GMT 2024","","METTA-LANG","METTA-LANG",""
"","91","WHAT-EVALS-OR-NOT.02","","Tue Nov 12 18:48:46 GMT 2024","failed","Tue Nov 12 18:48:46 GMT 2024","","HYPERON-METTALOG-SANITY","HYPERON-METTALOG-SANITY",""
"","1","HYPERPOSE-TESTS.03","","Tue Nov 12 18:48:46 GMT 2024","passed","Tue Nov 12 18:48:46 GMT 2024","","HYPERON-METTALOG-SANITY","HYPERON-METTALOG-SANITY",""
"","49","RECURSIVE-AND-PARAMETRIC-TYPES---METTA-LANGUAGE8.02","","Tue Nov 12 18:58:03 GMT 2024","failed","Tue Nov 12 18:58:03 GMT 2024","","METTA-LANG","METTA-LANG",""
"","2","CONTROL-FLOW---METTA-LANGUAGE2.02","","Tue Nov 12 18:58:03 GMT 2024","passed","Tue Nov 12 18:58:03 GMT 2024","","METTA-LANG","METTA-LANG",""
"","8000","metta_lang.Control_flow___MeTTa_Language2","","Tue Nov 12 18:40:33 GMT 2024","passed","Tue Nov 12 18:40:41 GMT 2024","","WHOLE-TESTS","WHOLE-TESTS",""
"","2","F1-IMPORTS.09","","Tue Nov 12 18:40:24 GMT 2024","passed","Tue Nov 12 18:40:24 GMT 2024","","MODULE-SYSTEM","MODULE-SYSTEM",""
"","2","RECURSION-AND-CONTROL---METTA-LANGUAGE9.02","","Tue Nov 12 18:58:03 GMT 2024","passed","Tue Nov 12 18:58:03 GMT 2024","","METTA-LANG","METTA-LANG",""
"","2","MAX-TIME-TESTS.05","","Tue Nov 12 18:48:46 GMT 2024","passed","Tue Nov 12 18:48:46 GMT 2024","","HYPERON-METTALOG-SANITY","HYPERON-METTALOG-SANITY",""
"","1","FACTORIAL.02","","Tue Nov 12 19:17:06 GMT 2024","passed","Tue Nov 12 19:17:06 GMT 2024","","METTA-MORPH-TESTS","METTA-MORPH-TESTS",""
"","2","WORKING-WITH-SPACES---METTA-LANGUAGE9.03","","Tue Nov 12 18:58:03 GMT 2024","passed","Tue Nov 12 18:58:03 GMT 2024","","METTA-LANG","METTA-LANG",""
"","3","CONTROL-FLOW---METTA-LANGUAGE16.07","","Tue Nov 12 18:58:03 GMT 2024","passed","Tue Nov 12 18:58:03 GMT 2024","","METTA-LANG","METTA-LANG",""
"","2","CONSOLE-OUTPUT-AND-DEBUGGING---METTA-LANGUAGE2.08","","Tue Nov 12 18:58:03 GMT 2024","passed","Tue Nov 12 18:58:03 GMT 2024","","METTA-LANG","METTA-LANG",""
"","8000","metta_lang.Console_output_and_debugging___MeTTa_Language5","","Tue Nov 12 18:40:33 GMT 2024","passed","Tue Nov 12 18:40:41 GMT 2024","","WHOLE-TESTS","WHOLE-TESTS",""
"","2","SUPERCOLLAPSE.02","","Tue Nov 12 19:17:06 GMT 2024","passed","Tue Nov 12 19:17:06 GMT 2024","","METTA-MORPH-TESTS","METTA-MORPH-TESTS",""
"","2","OPERATIONS-OVER-ATOMS---METTA-LANGUAGE2.05","","Tue Nov 12 18:58:03 GMT 2024","passed","Tue Nov 12 18:58:03 GMT 2024","","METTA-LANG","METTA-LANG",""
"","8000","metta_lang.Concrete_types___MeTTa_Language14","","Tue Nov 12 18:40:33 GMT 2024","passed","Tue Nov 12 18:40:41 GMT 2024","","WHOLE-TESTS","WHOLE-TESTS",""
"","2","CONTROL-FLOW---METTA-LANGUAGE10.04","","Tue Nov 12 18:58:03 GMT 2024","passed","Tue Nov 12 18:58:03 GMT 2024","","METTA-LANG","METTA-LANG",""
"","2","WORKING-WITH-SPACES---METTA-LANGUAGE9.04","","Tue Nov 12 18:58:03 GMT 2024","passed","Tue Nov 12 18:58:03 GMT 2024","","METTA-LANG","METTA-LANG",""
"","2","LIMIT-TESTS.18","","Tue Nov 12 18:48:46 GMT 2024","passed","Tue Nov 12 18:48:46 GMT 2024","","HYPERON-METTALOG-SANITY","HYPERON-METTALOG-SANITY",""
"","3","FREE-VARIABLES-AND-NONDETERMINISM-AGAIN,-RECURSIVELY---METTA-LANGUAGE1.04","","Tue Nov 12 18:58:03 GMT 2024","passed","Tue Nov 12 18:58:03 GMT 2024","","METTA-LANG","METTA-LANG",""
"","3","CONTROLLING-PATTERN-MATCHING---METTA-LANGUAGE5.01","","Tue Nov 12 18:58:03 GMT 2024","passed","Tue Nov 12 18:58:03 GMT 2024","","METTA-LANG","METTA-LANG",""
"","50","BASIC-GROUNDED-FUNCTIONS---METTA-LANGUAGE3.02","","Tue Nov 12 18:58:03 GMT 2024","failed","Tue Nov 12 18:58:03 GMT 2024","","METTA-LANG","METTA-LANG",""
"","4","CONTROL-FLOW---METTA-LANGUAGE3.02","","Tue Nov 12 18:58:03 GMT 2024","passed","Tue Nov 12 18:58:03 GMT 2024","","METTA-LANG","METTA-LANG",""
"","8000","metta_lang.Basic_evaluation___MeTTa_Language4","","Tue Nov 12 18:40:33 GMT 2024","passed","Tue Nov 12 18:40:41 GMT 2024","","WHOLE-TESTS","WHOLE-TESTS",""
"","17","CONCRETE-TYPES---METTA-LANGUAGE6.02","","Tue Nov 12 18:58:03 GMT 2024","failed","Tue Nov 12 18:58:03 GMT 2024","","METTA-LANG","METTA-LANG",""
"","2","C1-GROUNDED-BASIC.10","","Tue Nov 12 19:20:45 GMT 2024","passed","Tue Nov 12 19:20:45 GMT 2024","","QUICK","QUICK",""
"","7000","metta_lang.Basic_evaluation___MeTTa_Language14","","Tue Nov 12 18:40:33 GMT 2024","passed","Tue Nov 12 18:40:40 GMT 2024","","WHOLE-TESTS","WHOLE-TESTS",""
"","3","A2-OPENCOGGY.01","","Tue Nov 12 18:45:43 GMT 2024","passed","Tue Nov 12 18:45:43 GMT 2024","","HYPERON-EXPERIMENTAL-SCRIPTS","HYPERON-EXPERIMENTAL-SCRIPTS",""
"","2","PY-TYPES.02","","Tue Nov 12 18:48:46 GMT 2024","passed","Tue Nov 12 18:48:46 GMT 2024","","HYPERON-METTALOG-SANITY","HYPERON-METTALOG-SANITY",""
"","2","STRING-TESTS.21","","Tue Nov 12 18:48:46 GMT 2024","passed","Tue Nov 12 18:48:46 GMT 2024","","HYPERON-METTALOG-SANITY","HYPERON-METTALOG-SANITY",""
"","5","HANDLING-NONDETERMINISTIC-RESULTS---METTA-LANGUAGE2.01","","Tue Nov 12 18:58:03 GMT 2024","passed","Tue Nov 12 18:58:03 GMT 2024","","METTA-LANG","METTA-LANG",""
"","3","WORKING-WITH-SPACES---METTA-LANGUAGE2.05","","Tue Nov 12 18:58:03 GMT 2024","passed","Tue Nov 12 18:58:03 GMT 2024","","METTA-LANG","METTA-LANG",""
"","1","F1-IMPORTS.15","","Tue Nov 12 18:40:24 GMT 2024","passed","Tue Nov 12 18:40:24 GMT 2024","","MODULE-SYSTEM","MODULE-SYSTEM",""
"","7000","metta_lang.Handling_nondeterministic_results___MeTTa_Language3","","Tue Nov 12 18:40:33 GMT 2024","passed","Tue Nov 12 18:40:40 GMT 2024","","WHOLE-TESTS","WHOLE-TESTS",""
"","3","CONSOLE-OUTPUT-AND-DEBUGGING---METTA-LANGUAGE2.02","","Tue Nov 12 18:58:03 GMT 2024","passed","Tue Nov 12 18:58:03 GMT 2024","","METTA-LANG","METTA-LANG",""
"","1","CALL-CLEANUP-TESTS.08","","Tue Nov 12 18:48:46 GMT 2024","passed","Tue Nov 12 18:48:46 GMT 2024","","HYPERON-METTALOG-SANITY","HYPERON-METTALOG-SANITY",""
"","3","FUNCTIONS-AND-UNIFICATION---METTA-LANGUAGE3.03","","Tue Nov 12 18:58:03 GMT 2024","passed","Tue Nov 12 18:58:03 GMT 2024","","METTA-LANG","METTA-LANG",""
"","4","IS-SPACE.01","","Tue Nov 12 18:48:46 GMT 2024","passed","Tue Nov 12 18:48:46 GMT 2024","","HYPERON-METTALOG-SANITY","HYPERON-METTALOG-SANITY",""
"","3","FREE-VARIABLES-AND-NONDETERMINISM-AGAIN,-RECURSIVELY---METTA-LANGUAGE3.01","","Tue Nov 12 18:58:03 GMT 2024","passed","Tue Nov 12 18:58:03 GMT 2024","","METTA-LANG","METTA-LANG",""
"","2","INTERSECTION-TESTS.30","","Tue Nov 12 18:48:46 GMT 2024","passed","Tue Nov 12 18:48:46 GMT 2024","","HYPERON-METTALOG-SANITY","HYPERON-METTALOG-SANITY",""
"","9","D1-GADT.13","","Tue Nov 12 19:20:45 GMT 2024","passed","Tue Nov 12 19:20:45 GMT 2024","","QUICK","QUICK",""
"","5","D2-HIGHERFUNC.01","","Tue Nov 12 19:20:45 GMT 2024","passed","Tue Nov 12 19:20:45 GMT 2024","","QUICK","QUICK",""
"","2","CONTROLLING-PATTERN-MATCHING---METTA-LANGUAGE12.03","","Tue Nov 12 18:58:03 GMT 2024","passed","Tue Nov 12 18:58:03 GMT 2024","","METTA-LANG","METTA-LANG",""
"","8000","metta_lang.Querying_space_content___MeTTa_Language2","","Tue Nov 12 18:40:33 GMT 2024","passed","Tue Nov 12 18:40:41 GMT 2024","","WHOLE-TESTS","WHOLE-TESTS",""
"","2","RECURSION-AND-CONTROL---METTA-LANGUAGE7.03","","Tue Nov 12 18:58:03 GMT 2024","passed","Tue Nov 12 18:58:03 GMT 2024","","METTA-LANG","METTA-LANG",""
"","2","CONSOLE-OUTPUT-AND-DEBUGGING---METTA-LANGUAGE2.03","","Tue Nov 12 18:58:03 GMT 2024","passed","Tue Nov 12 18:58:03 GMT 2024","","METTA-LANG","METTA-LANG",""
"","8000","metta_lang.Controlling_pattern_matching___MeTTa_Language6","","Tue Nov 12 18:40:33 GMT 2024","passed","Tue Nov 12 18:40:41 GMT 2024","","WHOLE-TESTS","WHOLE-TESTS",""
"","7000","metta_lang.Recursive_and_parametric_types___MeTTa_Language9","","Tue Nov 12 18:40:33 GMT 2024","passed","Tue Nov 12 18:40:40 GMT 2024","","WHOLE-TESTS","WHOLE-TESTS",""
"","1","HANDLING-NONDETERMINISTIC-RESULTS---METTA-LANGUAGE8.02","","Tue Nov 12 18:58:03 GMT 2024","passed","Tue Nov 12 18:58:03 GMT 2024","","METTA-LANG","METTA-LANG",""
"","3","RECURSION-AND-CONTROL---METTA-LANGUAGE2.03","","Tue Nov 12 18:58:03 GMT 2024","passed","Tue Nov 12 18:58:03 GMT 2024","","METTA-LANG","METTA-LANG",""
"","8000","hyperon-experimental_scripts.c2_spaces","","Tue Nov 12 18:40:33 GMT 2024","passed","Tue Nov 12 18:40:41 GMT 2024","","WHOLE-TESTS","WHOLE-TESTS",""
"","32","BCHAIN-COMP.02","","Tue Nov 12 18:40:40 GMT 2024","failed","Tue Nov 12 18:40:40 GMT 2024","","ANTI-REGRESSION","ANTI-REGRESSION",""
"","1","B5-TYPES-PRELIM.04","","Tue Nov 12 18:45:43 GMT 2024","passed","Tue Nov 12 18:45:43 GMT 2024","","HYPERON-EXPERIMENTAL-SCRIPTS","HYPERON-EXPERIMENTAL-SCRIPTS",""
"","2","00-LANG-CASE.15","","Tue Nov 12 18:48:46 GMT 2024","passed","Tue Nov 12 18:48:46 GMT 2024","","HYPERON-METTALOG-SANITY","HYPERON-METTALOG-SANITY",""
"","12","MINIMAL-METTA-TESTS.44","","Tue Nov 12 18:48:46 GMT 2024","failed","Tue Nov 12 18:48:46 GMT 2024","","HYPERON-METTALOG-SANITY","HYPERON-METTALOG-SANITY",""
"","2","TEST-IF-CLOSED.02","","Tue Nov 12 18:40:40 GMT 2024","passed","Tue Nov 12 18:40:40 GMT 2024","","ANTI-REGRESSION","ANTI-REGRESSION",""
"","52","MINIMAL-METTA-TESTS.12","","Tue Nov 12 18:48:46 GMT 2024","passed","Tue Nov 12 18:48:46 GMT 2024","","HYPERON-METTALOG-SANITY","HYPERON-METTALOG-SANITY",""
"","2","RECURSIVE-AND-PARAMETRIC-TYPES---METTA-LANGUAGE2.03","","Tue Nov 12 18:58:03 GMT 2024","passed","Tue Nov 12 18:58:03 GMT 2024","","METTA-LANG","METTA-LANG",""
"","1","INTERSECTION-TESTS.16","","Tue Nov 12 18:48:46 GMT 2024","passed","Tue Nov 12 18:48:46 GMT 2024","","HYPERON-METTALOG-SANITY","HYPERON-METTALOG-SANITY",""
"","8000","metta_lang.Control_flow___MeTTa_Language10","","Tue Nov 12 18:40:33 GMT 2024","passed","Tue Nov 12 18:40:41 GMT 2024","","WHOLE-TESTS","WHOLE-TESTS",""
"","2","METATYPES---METTA-LANGUAGE9.02","","Tue Nov 12 18:58:03 GMT 2024","passed","Tue Nov 12 18:58:03 GMT 2024","","METTA-LANG","METTA-LANG",""
"","4","CONTROL-FLOW---METTA-LANGUAGE7.01","","Tue Nov 12 18:58:03 GMT 2024","passed","Tue Nov 12 18:58:03 GMT 2024","","METTA-LANG","METTA-LANG",""
"","5","FUNCTIONS-AND-UNIFICATION---METTA-LANGUAGE3.01","","Tue Nov 12 18:58:03 GMT 2024","passed","Tue Nov 12 18:58:03 GMT 2024","","METTA-LANG","METTA-LANG",""
"","3","INTERSECTION-TESTS.18","","Tue Nov 12 18:48:46 GMT 2024","passed","Tue Nov 12 18:48:46 GMT 2024","","HYPERON-METTALOG-SANITY","HYPERON-METTALOG-SANITY",""
"","5","NESTED-PARAMETERS.01","","Tue Nov 12 19:17:06 GMT 2024","passed","Tue Nov 12 19:17:06 GMT 2024","","METTA-MORPH-TESTS","METTA-MORPH-TESTS",""
"","2","TESTS0.05","","Tue Nov 12 19:17:06 GMT 2024","passed","Tue Nov 12 19:17:06 GMT 2024","","METTA-MORPH-TESTS","METTA-MORPH-TESTS",""
"","61","MINIMAL-METTA-TESTS.14","","Tue Nov 12 18:48:46 GMT 2024","passed","Tue Nov 12 18:48:46 GMT 2024","","HYPERON-METTALOG-SANITY","HYPERON-METTALOG-SANITY",""
"","7000","metta_lang.Handling_nondeterministic_results___MeTTa_Language4","","Tue Nov 12 18:40:33 GMT 2024","passed","Tue Nov 12 18:40:40 GMT 2024","","WHOLE-TESTS","WHOLE-TESTS",""
"","2","WORKING-WITH-SPACES---METTA-LANGUAGE3.03","","Tue Nov 12 18:58:03 GMT 2024","passed","Tue Nov 12 18:58:03 GMT 2024","","METTA-LANG","METTA-LANG",""
"","44","BC-COMP.01","","Tue Nov 12 18:40:40 GMT 2024","failed","Tue Nov 12 18:40:40 GMT 2024","","ANTI-REGRESSION","ANTI-REGRESSION",""
"","3","WORKING-WITH-SPACES---METTA-LANGUAGE2.02","","Tue Nov 12 18:58:03 GMT 2024","passed","Tue Nov 12 18:58:03 GMT 2024","","METTA-LANG","METTA-LANG",""
"","3","D2-HIGHERFUNC.13","","Tue Nov 12 18:45:43 GMT 2024","passed","Tue Nov 12 18:45:43 GMT 2024","","HYPERON-EXPERIMENTAL-SCRIPTS","HYPERON-EXPERIMENTAL-SCRIPTS",""
"","1","OR-TEST.15","","Tue Nov 12 18:48:46 GMT 2024","passed","Tue Nov 12 18:48:46 GMT 2024","","HYPERON-METTALOG-SANITY","HYPERON-METTALOG-SANITY",""
"","5","SUPERPOSE-NESTED.01","","Tue Nov 12 19:17:06 GMT 2024","passed","Tue Nov 12 19:17:06 GMT 2024","","METTA-MORPH-TESTS","METTA-MORPH-TESTS",""
"","8000","metta-morph_tests.zeroargs","","Tue Nov 12 18:40:33 GMT 2024","passed","Tue Nov 12 18:40:41 GMT 2024","","WHOLE-TESTS","WHOLE-TESTS",""
"","2","UNIQUE-TEST.05","","Tue Nov 12 18:48:46 GMT 2024","passed","Tue Nov 12 18:48:46 GMT 2024","","HYPERON-METTALOG-SANITY","HYPERON-METTALOG-SANITY",""
"","3","RECURSIVE-AND-PARAMETRIC-TYPES---METTA-LANGUAGE2.01","","Tue Nov 12 18:58:03 GMT 2024","passed","Tue Nov 12 18:58:03 GMT 2024","","METTA-LANG","METTA-LANG",""
"","10000","hyperon-mettalog_sanity.call_cleanup_tests","","Tue Nov 12 18:40:33 GMT 2024","passed","Tue Nov 12 18:40:43 GMT 2024","","WHOLE-TESTS","WHOLE-TESTS",""
"","13","RECURSIVE-AND-PARAMETRIC-TYPES---METTA-LANGUAGE6.03","","Tue Nov 12 18:58:03 GMT 2024","passed","Tue Nov 12 18:58:03 GMT 2024","","METTA-LANG","METTA-LANG",""
"","7000","metta_lang.Recursion_and_control___MeTTa_Language1","","Tue Nov 12 18:40:33 GMT 2024","passed","Tue Nov 12 18:40:40 GMT 2024","","WHOLE-TESTS","WHOLE-TESTS",""
"","2","CONTROL-FLOW---METTA-LANGUAGE10.03","","Tue Nov 12 18:58:03 GMT 2024","passed","Tue Nov 12 18:58:03 GMT 2024","","METTA-LANG","METTA-LANG",""
"","72","F1-IMPORTS.11","","Tue Nov 12 18:45:43 GMT 2024","failed","Tue Nov 12 18:45:43 GMT 2024","","HYPERON-EXPERIMENTAL-SCRIPTS","HYPERON-EXPERIMENTAL-SCRIPTS",""
"","3","06-MATCH-IN-SPACE.01","","Tue Nov 12 18:48:46 GMT 2024","passed","Tue Nov 12 18:48:46 GMT 2024","","HYPERON-METTALOG-SANITY","HYPERON-METTALOG-SANITY",""
"","3","SEQUENTIAL-TESTS.01","","Tue Nov 12 18:48:46 GMT 2024","passed","Tue Nov 12 18:48:46 GMT 2024","","HYPERON-METTALOG-SANITY","HYPERON-METTALOG-SANITY",""
"","1","CONCRETE-TYPES---METTA-LANGUAGE1.04","","Tue Nov 12 18:58:03 GMT 2024","passed","Tue Nov 12 18:58:03 GMT 2024","","METTA-LANG","METTA-LANG",""
"","48","B5-TYPES-PRELIM.14","","Tue Nov 12 18:45:43 GMT 2024","failed","Tue Nov 12 18:45:43 GMT 2024","","HYPERON-EXPERIMENTAL-SCRIPTS","HYPERON-EXPERIMENTAL-SCRIPTS",""
"","2","E2-STATES.11","","Tue Nov 12 18:45:43 GMT 2024","passed","Tue Nov 12 18:45:43 GMT 2024","","HYPERON-EXPERIMENTAL-SCRIPTS","HYPERON-EXPERIMENTAL-SCRIPTS",""
"","1","06-MATCH-IN-SPACE.06","","Tue Nov 12 18:48:46 GMT 2024","passed","Tue Nov 12 18:48:46 GMT 2024","","HYPERON-METTALOG-SANITY","HYPERON-METTALOG-SANITY",""
"","8000","metta_lang.Recursion_and_control___MeTTa_Language6","","Tue Nov 12 18:40:33 GMT 2024","passed","Tue Nov 12 18:40:41 GMT 2024","","WHOLE-TESTS","WHOLE-TESTS",""
"","8000","metta_lang.Working_with_spaces___MeTTa_Language13","","Tue Nov 12 18:40:33 GMT 2024","passed","Tue Nov 12 18:40:41 GMT 2024","","WHOLE-TESTS","WHOLE-TESTS",""
"","1","D4-TYPE-PROP.08","","Tue Nov 12 18:45:43 GMT 2024","passed","Tue Nov 12 18:45:43 GMT 2024","","HYPERON-EXPERIMENTAL-SCRIPTS","HYPERON-EXPERIMENTAL-SCRIPTS",""
"","11","MINIMAL-METTA-TESTS.02","","Tue Nov 12 18:48:46 GMT 2024","failed","Tue Nov 12 18:48:46 GMT 2024","","HYPERON-METTALOG-SANITY","HYPERON-METTALOG-SANITY",""
"","1","STRING-TESTS.03","","Tue Nov 12 18:48:46 GMT 2024","passed","Tue Nov 12 18:48:46 GMT 2024","","HYPERON-METTALOG-SANITY","HYPERON-METTALOG-SANITY",""
"","1","INTERSECTION-TESTS.25","","Tue Nov 12 18:48:46 GMT 2024","passed","Tue Nov 12 18:48:46 GMT 2024","","HYPERON-METTALOG-SANITY","HYPERON-METTALOG-SANITY",""
"","4","CONTROLLING-PATTERN-MATCHING---METTA-LANGUAGE9.01","","Tue Nov 12 18:58:03 GMT 2024","passed","Tue Nov 12 18:58:03 GMT 2024","","METTA-LANG","METTA-LANG",""
"","8000","hyperon-mettalog_sanity.output_load_tests","","Tue Nov 12 18:40:33 GMT 2024","passed","Tue Nov 12 18:40:41 GMT 2024","","WHOLE-TESTS","WHOLE-TESTS",""
"","3","TEST-SPO-1000.01","","Tue Nov 12 18:41:54 GMT 2024","passed","Tue Nov 12 18:41:54 GMT 2024","","METTA-WAM-ISSUE-116","METTA-WAM-ISSUE-116",""
"","3","C3-PLN-STV.01","","Tue Nov 12 18:45:43 GMT 2024","passed","Tue Nov 12 18:45:43 GMT 2024","","HYPERON-EXPERIMENTAL-SCRIPTS","HYPERON-EXPERIMENTAL-SCRIPTS",""
"","1","TYPES2.04","","Tue Nov 12 19:17:06 GMT 2024","passed","Tue Nov 12 19:17:06 GMT 2024","","METTA-MORPH-TESTS","METTA-MORPH-TESTS",""
"","205","TIME-SYNTHESIZE-LONG.01","","Tue Nov 12 18:55:17 GMT 2024","failed","Tue Nov 12 18:55:17 GMT 2024","","SYNTH-BUFFER","SYNTH-BUFFER",""
"","2","CONCRETE-TYPES---METTA-LANGUAGE7.05","","Tue Nov 12 18:58:03 GMT 2024","passed","Tue Nov 12 18:58:03 GMT 2024","","METTA-LANG","METTA-LANG",""
"","17","FUNCTIONS-AND-UNIFICATION---METTA-LANGUAGE5.02","","Tue Nov 12 18:58:03 GMT 2024","failed","Tue Nov 12 18:58:03 GMT 2024","","METTA-LANG","METTA-LANG",""
"","1","F1-IMPORTS.10","","Tue Nov 12 18:45:43 GMT 2024","passed","Tue Nov 12 18:45:43 GMT 2024","","HYPERON-EXPERIMENTAL-SCRIPTS","HYPERON-EXPERIMENTAL-SCRIPTS",""
"","1","LIMIT-TESTS.15","","Tue Nov 12 18:48:46 GMT 2024","passed","Tue Nov 12 18:48:46 GMT 2024","","HYPERON-METTALOG-SANITY","HYPERON-METTALOG-SANITY",""
"","8000","metta_lang.Console_output_and_debugging___MeTTa_Language3","","Tue Nov 12 18:40:33 GMT 2024","passed","Tue Nov 12 18:40:41 GMT 2024","","WHOLE-TESTS","WHOLE-TESTS",""
"","3","FUNCTIONS-AND-UNIFICATION---METTA-LANGUAGE7.04","","Tue Nov 12 18:58:03 GMT 2024","passed","Tue Nov 12 18:58:03 GMT 2024","","METTA-LANG","METTA-LANG",""
"","4","CONTROLLING-PATTERN-MATCHING---METTA-LANGUAGE7.01","","Tue Nov 12 18:58:03 GMT 2024","passed","Tue Nov 12 18:58:03 GMT 2024","","METTA-LANG","METTA-LANG",""
"","8000","metta-morph_tests.states_spaces","","Tue Nov 12 18:40:33 GMT 2024","passed","Tue Nov 12 18:40:41 GMT 2024","","WHOLE-TESTS","WHOLE-TESTS",""
"","3","METATYPES---METTA-LANGUAGE2.05","","Tue Nov 12 18:58:03 GMT 2024","passed","Tue Nov 12 18:58:03 GMT 2024","","METTA-LANG","METTA-LANG",""
"","2","BASIC-GROUNDED-FUNCTIONS---METTA-LANGUAGE8.03","","Tue Nov 12 18:58:03 GMT 2024","passed","Tue Nov 12 18:58:03 GMT 2024","","METTA-LANG","METTA-LANG",""
"","2","CONTROLLING-PATTERN-MATCHING---METTA-LANGUAGE12.11","","Tue Nov 12 18:58:03 GMT 2024","passed","Tue Nov 12 18:58:03 GMT 2024","","METTA-LANG","METTA-LANG",""
"","2","C1-GROUNDED-BASIC.22","","Tue Nov 12 19:20:45 GMT 2024","passed","Tue Nov 12 19:20:45 GMT 2024","","QUICK","QUICK",""
"","1","INTERSECTION-TESTS.09","","Tue Nov 12 18:48:46 GMT 2024","passed","Tue Nov 12 18:48:46 GMT 2024","","HYPERON-METTALOG-SANITY","HYPERON-METTALOG-SANITY",""
"","8000","hyperon-mettalog_sanity.02-curried-plus","","Tue Nov 12 18:40:33 GMT 2024","passed","Tue Nov 12 18:40:41 GMT 2024","","WHOLE-TESTS","WHOLE-TESTS",""
"","8000","hyperon-experimental_scripts.d5_auto_types","","Tue Nov 12 18:40:33 GMT 2024","passed","Tue Nov 12 18:40:41 GMT 2024","","WHOLE-TESTS","WHOLE-TESTS",""
"","2","CONCRETE-TYPES---METTA-LANGUAGE7.06","","Tue Nov 12 18:58:03 GMT 2024","passed","Tue Nov 12 18:58:03 GMT 2024","","METTA-LANG","METTA-LANG",""
"","1","B5-TYPES-PRELIM.20","","Tue Nov 12 18:45:43 GMT 2024","passed","Tue Nov 12 18:45:43 GMT 2024","","HYPERON-EXPERIMENTAL-SCRIPTS","HYPERON-EXPERIMENTAL-SCRIPTS",""
"","2","BASIC-GROUNDED-FUNCTIONS---METTA-LANGUAGE1.03","","Tue Nov 12 18:58:03 GMT 2024","passed","Tue Nov 12 18:58:03 GMT 2024","","METTA-LANG","METTA-LANG",""
"","2","C2-SPACES.02","","Tue Nov 12 18:40:24 GMT 2024","passed","Tue Nov 12 18:40:24 GMT 2024","","MODULE-SYSTEM","MODULE-SYSTEM",""
"","2","FIND-ALL-TESTS.06","","Tue Nov 12 18:48:46 GMT 2024","passed","Tue Nov 12 18:48:46 GMT 2024","","HYPERON-METTALOG-SANITY","HYPERON-METTALOG-SANITY",""
"","8000","metta_lang.Handling_nondeterministic_results___MeTTa_Language8","","Tue Nov 12 18:40:33 GMT 2024","passed","Tue Nov 12 18:40:41 GMT 2024","","WHOLE-TESTS","WHOLE-TESTS",""
"","3","OPERATIONS-OVER-ATOMS---METTA-LANGUAGE4.02","","Tue Nov 12 18:58:03 GMT 2024","passed","Tue Nov 12 18:58:03 GMT 2024","","METTA-LANG","METTA-LANG",""
"","42000","anti-regression.mettalogTestCurried","","Tue Nov 12 18:40:33 GMT 2024","failed","Tue Nov 12 18:41:15 GMT 2024","","WHOLE-TESTS","WHOLE-TESTS",""
"","14","E3-MATCH-STATES.05","","Tue Nov 12 18:45:43 GMT 2024","failed","Tue Nov 12 18:45:43 GMT 2024","","HYPERON-EXPERIMENTAL-SCRIPTS","HYPERON-EXPERIMENTAL-SCRIPTS",""
"","3","CONCRETE-TYPES---METTA-LANGUAGE8.01","","Tue Nov 12 18:58:03 GMT 2024","passed","Tue Nov 12 18:58:03 GMT 2024","","METTA-LANG","METTA-LANG",""
"","15","CONCRETE-TYPES---METTA-LANGUAGE10.02","","Tue Nov 12 18:58:03 GMT 2024","passed","Tue Nov 12 18:58:03 GMT 2024","","METTA-LANG","METTA-LANG",""
"","2","F1-MODULEA.08","","Tue Nov 12 19:20:45 GMT 2024","passed","Tue Nov 12 19:20:45 GMT 2024","","QUICK","QUICK",""
"","12102","TIME-SYNTHESIZE-LONG.02","","Tue Nov 12 18:55:17 GMT 2024","failed","Tue Nov 12 18:55:29 GMT 2024","","SYNTH-BUFFER","SYNTH-BUFFER",""
"","2","FUNCTIONS-AND-UNIFICATION---METTA-LANGUAGE2.05","","Tue Nov 12 18:58:03 GMT 2024","passed","Tue Nov 12 18:58:03 GMT 2024","","METTA-LANG","METTA-LANG",""
"","3","HANDLING-NONDETERMINISTIC-RESULTS---METTA-LANGUAGE8.04","","Tue Nov 12 18:58:03 GMT 2024","passed","Tue Nov 12 18:58:03 GMT 2024","","METTA-LANG","METTA-LANG",""
"","2","B5-TYPES-PRELIM.10","","Tue Nov 12 18:45:43 GMT 2024","passed","Tue Nov 12 18:45:43 GMT 2024","","HYPERON-EXPERIMENTAL-SCRIPTS","HYPERON-EXPERIMENTAL-SCRIPTS",""
"","2","FIND-ALL-TESTS.07","","Tue Nov 12 18:48:46 GMT 2024","passed","Tue Nov 12 18:48:46 GMT 2024","","HYPERON-METTALOG-SANITY","HYPERON-METTALOG-SANITY",""
"","3","RECURSIVE-AND-PARAMETRIC-TYPES---METTA-LANGUAGE3.03","","Tue Nov 12 18:58:03 GMT 2024","passed","Tue Nov 12 18:58:03 GMT 2024","","METTA-LANG","METTA-LANG",""
"","42","G1-DOCS.03","","Tue Nov 12 18:45:43 GMT 2024","failed","Tue Nov 12 18:45:43 GMT 2024","","HYPERON-EXPERIMENTAL-SCRIPTS","HYPERON-EXPERIMENTAL-SCRIPTS",""
"","2","C2-SPACES.05","","Tue Nov 12 18:45:43 GMT 2024","passed","Tue Nov 12 18:45:43 GMT 2024","","HYPERON-EXPERIMENTAL-SCRIPTS","HYPERON-EXPERIMENTAL-SCRIPTS",""
"","4","HANDLING-NONDETERMINISTIC-RESULTS---METTA-LANGUAGE7.01","","Tue Nov 12 18:58:03 GMT 2024","passed","Tue Nov 12 18:58:03 GMT 2024","","METTA-LANG","METTA-LANG",""
"","1","TMPMATCH1.02","","Tue Nov 12 18:40:40 GMT 2024","passed","Tue Nov 12 18:40:40 GMT 2024","","ANTI-REGRESSION","ANTI-REGRESSION",""
"","2","SPACE-SUBTRACTION-TESTS.06","","Tue Nov 12 18:48:46 GMT 2024","passed","Tue Nov 12 18:48:46 GMT 2024","","HYPERON-METTALOG-SANITY","HYPERON-METTALOG-SANITY",""
"","2","STRING-TESTS.11","","Tue Nov 12 18:48:46 GMT 2024","passed","Tue Nov 12 18:48:46 GMT 2024","","HYPERON-METTALOG-SANITY","HYPERON-METTALOG-SANITY",""
"","107","RECURSIVE-AND-PARAMETRIC-TYPES---METTA-LANGUAGE1.02","","Tue Nov 12 18:58:03 GMT 2024","failed","Tue Nov 12 18:58:03 GMT 2024","","METTA-LANG","METTA-LANG",""
"","2","STRING-TESTS.02","","Tue Nov 12 18:48:46 GMT 2024","passed","Tue Nov 12 18:48:46 GMT 2024","","HYPERON-METTALOG-SANITY","HYPERON-METTALOG-SANITY",""
"","1","OR-TEST.13","","Tue Nov 12 18:48:46 GMT 2024","passed","Tue Nov 12 18:48:46 GMT 2024","","HYPERON-METTALOG-SANITY","HYPERON-METTALOG-SANITY",""
"","7000","metta-morph_tests.sequential_nested","","Tue Nov 12 18:40:33 GMT 2024","passed","Tue Nov 12 18:40:40 GMT 2024","","WHOLE-TESTS","WHOLE-TESTS",""
"","8000","metta_lang.Console_output_and_debugging___MeTTa_Language4","","Tue Nov 12 18:40:33 GMT 2024","passed","Tue Nov 12 18:40:41 GMT 2024","","WHOLE-TESTS","WHOLE-TESTS",""
"","2","FIND-ALL-TESTS.05","","Tue Nov 12 18:48:46 GMT 2024","passed","Tue Nov 12 18:48:46 GMT 2024","","HYPERON-METTALOG-SANITY","HYPERON-METTALOG-SANITY",""
"","3","E2-STATES.03","","Tue Nov 12 18:45:43 GMT 2024","passed","Tue Nov 12 18:45:43 GMT 2024","","HYPERON-EXPERIMENTAL-SCRIPTS","HYPERON-EXPERIMENTAL-SCRIPTS",""
"","68","MINIMAL-METTA-TESTS.08","","Tue Nov 12 18:48:46 GMT 2024","failed","Tue Nov 12 18:48:46 GMT 2024","","HYPERON-METTALOG-SANITY","HYPERON-METTALOG-SANITY",""
"","3","C1-GROUNDED-BASIC.19","","Tue Nov 12 19:20:45 GMT 2024","passed","Tue Nov 12 19:20:45 GMT 2024","","QUICK","QUICK",""
"","2","STRING-TESTS.07","","Tue Nov 12 18:48:46 GMT 2024","passed","Tue Nov 12 18:48:46 GMT 2024","","HYPERON-METTALOG-SANITY","HYPERON-METTALOG-SANITY",""
"","5","OPERATIONS-OVER-ATOMS---METTA-LANGUAGE3.01","","Tue Nov 12 18:58:03 GMT 2024","passed","Tue Nov 12 18:58:03 GMT 2024","","METTA-LANG","METTA-LANG",""
"","2","REPRESENT-AND-PARSE-TESTS.02","","Tue Nov 12 18:48:46 GMT 2024","passed","Tue Nov 12 18:48:46 GMT 2024","","HYPERON-METTALOG-SANITY","HYPERON-METTALOG-SANITY",""
"","7000","metta_lang.Control_flow___MeTTa_Language12","","Tue Nov 12 18:40:33 GMT 2024","passed","Tue Nov 12 18:40:40 GMT 2024","","WHOLE-TESTS","WHOLE-TESTS",""
"","72","FUNCTIONAL-PROGRAMMING-TESTS.08","","Tue Nov 12 18:48:46 GMT 2024","failed","Tue Nov 12 18:48:46 GMT 2024","","HYPERON-METTALOG-SANITY","HYPERON-METTALOG-SANITY",""
"","3","IF.01","","Tue Nov 12 19:17:06 GMT 2024","passed","Tue Nov 12 19:17:06 GMT 2024","","METTA-MORPH-TESTS","METTA-MORPH-TESTS",""
"","15","MINIMAL-METTA-TESTS.10","","Tue Nov 12 18:48:46 GMT 2024","failed","Tue Nov 12 18:48:46 GMT 2024","","HYPERON-METTALOG-SANITY","HYPERON-METTALOG-SANITY",""
"","14","D5-AUTO-TYPES.06","","Tue Nov 12 18:45:43 GMT 2024","passed","Tue Nov 12 18:45:43 GMT 2024","","HYPERON-EXPERIMENTAL-SCRIPTS","HYPERON-EXPERIMENTAL-SCRIPTS",""
"","1","OR-TEST.18","","Tue Nov 12 18:48:46 GMT 2024","passed","Tue Nov 12 18:48:46 GMT 2024","","HYPERON-METTALOG-SANITY","HYPERON-METTALOG-SANITY",""
"","42000","metta_lang.Nested_queries_and_recursive_graph_traversal___MeTTa_Language3","","Tue Nov 12 18:40:33 GMT 2024","failed","Tue Nov 12 18:41:15 GMT 2024","","WHOLE-TESTS","WHOLE-TESTS",""
"","2","C1-GROUNDED-BASIC.09","","Tue Nov 12 18:45:43 GMT 2024","passed","Tue Nov 12 18:45:43 GMT 2024","","HYPERON-EXPERIMENTAL-SCRIPTS","HYPERON-EXPERIMENTAL-SCRIPTS",""
"","3","E2-STATES.06","","Tue Nov 12 18:45:43 GMT 2024","passed","Tue Nov 12 18:45:43 GMT 2024","","HYPERON-EXPERIMENTAL-SCRIPTS","HYPERON-EXPERIMENTAL-SCRIPTS",""
"","3","METATYPES---METTA-LANGUAGE1.11","","Tue Nov 12 18:58:03 GMT 2024","passed","Tue Nov 12 18:58:03 GMT 2024","","METTA-LANG","METTA-LANG",""
"","2","A1-SYMBOLS.06","","Tue Nov 12 18:45:43 GMT 2024","passed","Tue Nov 12 18:45:43 GMT 2024","","HYPERON-EXPERIMENTAL-SCRIPTS","HYPERON-EXPERIMENTAL-SCRIPTS",""
"","69","SEQUENTIAL-NESTED.11","","Tue Nov 12 19:17:06 GMT 2024","passed","Tue Nov 12 19:17:06 GMT 2024","","METTA-MORPH-TESTS","METTA-MORPH-TESTS",""
"","2","HANDLING-NONDETERMINISTIC-RESULTS---METTA-LANGUAGE5.03","","Tue Nov 12 18:58:03 GMT 2024","passed","Tue Nov 12 18:58:03 GMT 2024","","METTA-LANG","METTA-LANG",""
"","1","HANDLING-NONDETERMINISTIC-RESULTS---METTA-LANGUAGE1.02","","Tue Nov 12 18:58:03 GMT 2024","passed","Tue Nov 12 18:58:03 GMT 2024","","METTA-LANG","METTA-LANG",""
"","3","UNIQUE-TEST.10","","Tue Nov 12 18:48:46 GMT 2024","passed","Tue Nov 12 18:48:46 GMT 2024","","HYPERON-METTALOG-SANITY","HYPERON-METTALOG-SANITY",""
"","2","FUNCTIONS-AND-UNIFICATION---METTA-LANGUAGE6.02","","Tue Nov 12 18:58:03 GMT 2024","passed","Tue Nov 12 18:58:03 GMT 2024","","METTA-LANG","METTA-LANG",""
"","93","FUNCTIONS-AND-UNIFICATION---METTA-LANGUAGE3.04","","Tue Nov 12 18:58:03 GMT 2024","passed","Tue Nov 12 18:58:03 GMT 2024","","METTA-LANG","METTA-LANG",""
"","3","CONCRETE-TYPES---METTA-LANGUAGE1.03","","Tue Nov 12 18:58:03 GMT 2024","passed","Tue Nov 12 18:58:03 GMT 2024","","METTA-LANG","METTA-LANG",""
"","8000","metta_lang.Control_flow___MeTTa_Language9","","Tue Nov 12 18:40:33 GMT 2024","passed","Tue Nov 12 18:40:41 GMT 2024","","WHOLE-TESTS","WHOLE-TESTS",""
"","3","F1-IMPORTS.01","","Tue Nov 12 18:45:43 GMT 2024","passed","Tue Nov 12 18:45:43 GMT 2024","","HYPERON-EXPERIMENTAL-SCRIPTS","HYPERON-EXPERIMENTAL-SCRIPTS",""
"","2","FUNCTIONS-AND-UNIFICATION---METTA-LANGUAGE7.03","","Tue Nov 12 18:58:03 GMT 2024","passed","Tue Nov 12 18:58:03 GMT 2024","","METTA-LANG","METTA-LANG",""
"","2","ARITY-TESTS.01","","Tue Nov 12 18:48:46 GMT 2024","passed","Tue Nov 12 18:48:46 GMT 2024","","HYPERON-METTALOG-SANITY","HYPERON-METTALOG-SANITY",""
"","8000","metta-morph_tests.nested_parameters","","Tue Nov 12 18:40:33 GMT 2024","passed","Tue Nov 12 18:40:41 GMT 2024","","WHOLE-TESTS","WHOLE-TESTS",""
"","2","B0-CHAINING-PRELIM.05","","Tue Nov 12 18:45:43 GMT 2024","passed","Tue Nov 12 18:45:43 GMT 2024","","HYPERON-EXPERIMENTAL-SCRIPTS","HYPERON-EXPERIMENTAL-SCRIPTS",""
"","2","D1-GADT.07","","Tue Nov 12 19:20:45 GMT 2024","passed","Tue Nov 12 19:20:45 GMT 2024","","QUICK","QUICK",""
"","5","CONSOLE-OUTPUT-AND-DEBUGGING---METTA-LANGUAGE5.01","","Tue Nov 12 18:58:03 GMT 2024","passed","Tue Nov 12 18:58:03 GMT 2024","","METTA-LANG","METTA-LANG",""
"","8000","metta_lang.Basic_evaluation___MeTTa_Language10","","Tue Nov 12 18:40:33 GMT 2024","passed","Tue Nov 12 18:40:41 GMT 2024","","WHOLE-TESTS","WHOLE-TESTS",""
"","11855","TIME-SYNTHESIZE.02","","Tue Nov 12 18:55:17 GMT 2024","failed","Tue Nov 12 18:55:28 GMT 2024","","SYNTH-BUFFER","SYNTH-BUFFER",""
"","3","HANDLING-NONDETERMINISTIC-RESULTS---METTA-LANGUAGE6.03","","Tue Nov 12 18:58:03 GMT 2024","passed","Tue Nov 12 18:58:03 GMT 2024","","METTA-LANG","METTA-LANG",""
"","2","SPACE-INTERSECTION-TESTS.02","","Tue Nov 12 18:48:46 GMT 2024","passed","Tue Nov 12 18:48:46 GMT 2024","","HYPERON-METTALOG-SANITY","HYPERON-METTALOG-SANITY",""
"","3","RECURSION-AND-CONTROL---METTA-LANGUAGE5.01","","Tue Nov 12 18:58:03 GMT 2024","passed","Tue Nov 12 18:58:03 GMT 2024","","METTA-LANG","METTA-LANG",""
"","8000","metta_lang.Handling_nondeterministic_results___MeTTa_Language2","","Tue Nov 12 18:40:33 GMT 2024","passed","Tue Nov 12 18:40:41 GMT 2024","","WHOLE-TESTS","WHOLE-TESTS",""
"","3","FUNCTIONAL-PROGRAMMING-TESTS.04","","Tue Nov 12 18:48:46 GMT 2024","passed","Tue Nov 12 18:48:46 GMT 2024","","HYPERON-METTALOG-SANITY","HYPERON-METTALOG-SANITY",""
"","8000","hyperon-experimental_scripts.b2_backchain","","Tue Nov 12 18:40:33 GMT 2024","passed","Tue Nov 12 18:40:41 GMT 2024","","WHOLE-TESTS","WHOLE-TESTS",""
"","72","MINIMAL-METTA-TESTS.20","","Tue Nov 12 18:48:46 GMT 2024","failed","Tue Nov 12 18:48:46 GMT 2024","","HYPERON-METTALOG-SANITY","HYPERON-METTALOG-SANITY",""
"","3","RECURSIVE-AND-PARAMETRIC-TYPES---METTA-LANGUAGE5.01","","Tue Nov 12 18:58:03 GMT 2024","passed","Tue Nov 12 18:58:03 GMT 2024","","METTA-LANG","METTA-LANG",""
"","2","B2-BACKCHAIN.02","","Tue Nov 12 18:45:43 GMT 2024","passed","Tue Nov 12 18:45:43 GMT 2024","","HYPERON-EXPERIMENTAL-SCRIPTS","HYPERON-EXPERIMENTAL-SCRIPTS",""
"","4","SUBTRACTION-TEST.01","","Tue Nov 12 18:48:46 GMT 2024","passed","Tue Nov 12 18:48:46 GMT 2024","","HYPERON-METTALOG-SANITY","HYPERON-METTALOG-SANITY",""
"","8000","quick.d2_higherfunc","","Tue Nov 12 18:40:33 GMT 2024","passed","Tue Nov 12 18:40:41 GMT 2024","","WHOLE-TESTS","WHOLE-TESTS",""
"","4","CONTROL-FLOW---METTA-LANGUAGE4.01","","Tue Nov 12 18:58:03 GMT 2024","passed","Tue Nov 12 18:58:03 GMT 2024","","METTA-LANG","METTA-LANG",""
"","78","WHAT-EVALS-OR-NOT.09","","Tue Nov 12 18:48:46 GMT 2024","failed","Tue Nov 12 18:48:46 GMT 2024","","HYPERON-METTALOG-SANITY","HYPERON-METTALOG-SANITY",""
"","4","SEALED-TEST.08","","Tue Nov 12 18:48:46 GMT 2024","passed","Tue Nov 12 18:48:46 GMT 2024","","HYPERON-METTALOG-SANITY","HYPERON-METTALOG-SANITY",""
"","1","TEST-IF-CLOSED.03","","Tue Nov 12 18:40:40 GMT 2024","passed","Tue Nov 12 18:40:40 GMT 2024","","ANTI-REGRESSION","ANTI-REGRESSION",""
"","2","SUBTRACTION-TEST.02","","Tue Nov 12 18:48:46 GMT 2024","passed","Tue Nov 12 18:48:46 GMT 2024","","HYPERON-METTALOG-SANITY","HYPERON-METTALOG-SANITY",""
"","2","FUNCTIONS-AND-UNIFICATION---METTA-LANGUAGE7.01","","Tue Nov 12 18:58:03 GMT 2024","passed","Tue Nov 12 18:58:03 GMT 2024","","METTA-LANG","METTA-LANG",""
"","2","B5-TYPES-PRELIM.26","","Tue Nov 12 18:45:43 GMT 2024","passed","Tue Nov 12 18:45:43 GMT 2024","","HYPERON-EXPERIMENTAL-SCRIPTS","HYPERON-EXPERIMENTAL-SCRIPTS",""
"","2","D2-HIGHERFUNC.17","","Tue Nov 12 18:45:43 GMT 2024","passed","Tue Nov 12 18:45:43 GMT 2024","","HYPERON-EXPERIMENTAL-SCRIPTS","HYPERON-EXPERIMENTAL-SCRIPTS",""
"","1","C2-SPACES.04","","Tue Nov 12 18:40:24 GMT 2024","passed","Tue Nov 12 18:40:24 GMT 2024","","MODULE-SYSTEM","MODULE-SYSTEM",""
"","1","E1-KB-WRITE.02","","Tue Nov 12 18:45:43 GMT 2024","passed","Tue Nov 12 18:45:43 GMT 2024","","HYPERON-EXPERIMENTAL-SCRIPTS","HYPERON-EXPERIMENTAL-SCRIPTS",""
"","2","B5-TYPES-PRELIM.18","","Tue Nov 12 18:45:43 GMT 2024","passed","Tue Nov 12 18:45:43 GMT 2024","","HYPERON-EXPERIMENTAL-SCRIPTS","HYPERON-EXPERIMENTAL-SCRIPTS",""
"","1","B5-TYPES-PRELIM.05","","Tue Nov 12 18:45:43 GMT 2024","passed","Tue Nov 12 18:45:43 GMT 2024","","HYPERON-EXPERIMENTAL-SCRIPTS","HYPERON-EXPERIMENTAL-SCRIPTS",""
"","3","WHAT-EVALS-OR-NOT.06","","Tue Nov 12 18:48:46 GMT 2024","passed","Tue Nov 12 18:48:46 GMT 2024","","HYPERON-METTALOG-SANITY","HYPERON-METTALOG-SANITY",""
"","3","CONTROL-FLOW---METTA-LANGUAGE6.01","","Tue Nov 12 18:58:03 GMT 2024","passed","Tue Nov 12 18:58:03 GMT 2024","","METTA-LANG","METTA-LANG",""
"","2","ARITY-TESTS.03","","Tue Nov 12 18:48:46 GMT 2024","passed","Tue Nov 12 18:48:46 GMT 2024","","HYPERON-METTALOG-SANITY","HYPERON-METTALOG-SANITY",""
"","2","STRING-TESTS.10","","Tue Nov 12 18:48:46 GMT 2024","passed","Tue Nov 12 18:48:46 GMT 2024","","HYPERON-METTALOG-SANITY","HYPERON-METTALOG-SANITY",""
"","119","CONCRETE-TYPES---METTA-LANGUAGE13.03","","Tue Nov 12 18:58:03 GMT 2024","failed","Tue Nov 12 18:58:03 GMT 2024","","METTA-LANG","METTA-LANG",""
"","8000","metta_lang.Basic_grounded_functions___MeTTa_Language1","","Tue Nov 12 18:40:33 GMT 2024","passed","Tue Nov 12 18:40:41 GMT 2024","","WHOLE-TESTS","WHOLE-TESTS",""
"","3","FUNCTIONS-AND-UNIFICATION---METTA-LANGUAGE4.04","","Tue Nov 12 18:58:03 GMT 2024","passed","Tue Nov 12 18:58:03 GMT 2024","","METTA-LANG","METTA-LANG",""
"","2","CONTROLLING-PATTERN-MATCHING---METTA-LANGUAGE11.05","","Tue Nov 12 18:58:03 GMT 2024","passed","Tue Nov 12 18:58:03 GMT 2024","","METTA-LANG","METTA-LANG",""
"","8000","metta_lang.Concrete_types___MeTTa_Language2","","Tue Nov 12 18:40:33 GMT 2024","passed","Tue Nov 12 18:40:41 GMT 2024","","WHOLE-TESTS","WHOLE-TESTS",""
"","5","METATYPES---METTA-LANGUAGE9.01","","Tue Nov 12 18:58:03 GMT 2024","passed","Tue Nov 12 18:58:03 GMT 2024","","METTA-LANG","METTA-LANG",""
"","1","CALL-CLEANUP-TESTS.05","","Tue Nov 12 18:48:46 GMT 2024","passed","Tue Nov 12 18:48:46 GMT 2024","","HYPERON-METTALOG-SANITY","HYPERON-METTALOG-SANITY",""
"","2","HANDLING-NONDETERMINISTIC-RESULTS---METTA-LANGUAGE8.01","","Tue Nov 12 18:58:03 GMT 2024","passed","Tue Nov 12 18:58:03 GMT 2024","","METTA-LANG","METTA-LANG",""
"","2","C1-GROUNDED-BASIC.10","","Tue Nov 12 18:45:43 GMT 2024","passed","Tue Nov 12 18:45:43 GMT 2024","","HYPERON-EXPERIMENTAL-SCRIPTS","HYPERON-EXPERIMENTAL-SCRIPTS",""
"","8000","metta_lang.Controlling_pattern_matching___MeTTa_Language11","","Tue Nov 12 18:40:33 GMT 2024","passed","Tue Nov 12 18:40:41 GMT 2024","","WHOLE-TESTS","WHOLE-TESTS",""
"","2","C1-GROUNDED-BASIC.17","","Tue Nov 12 18:45:43 GMT 2024","passed","Tue Nov 12 18:45:43 GMT 2024","","HYPERON-EXPERIMENTAL-SCRIPTS","HYPERON-EXPERIMENTAL-SCRIPTS",""
"","7000","metta_lang.Console_output_and_debugging___MeTTa_Language10","","Tue Nov 12 18:40:33 GMT 2024","passed","Tue Nov 12 18:40:40 GMT 2024","","WHOLE-TESTS","WHOLE-TESTS",""
"","1","F1-IMPORTS.18","","Tue Nov 12 18:45:43 GMT 2024","passed","Tue Nov 12 18:45:43 GMT 2024","","HYPERON-EXPERIMENTAL-SCRIPTS","HYPERON-EXPERIMENTAL-SCRIPTS",""
"","75","BASIC-GROUNDED-FUNCTIONS---METTA-LANGUAGE4.04","","Tue Nov 12 18:58:03 GMT 2024","failed","Tue Nov 12 18:58:03 GMT 2024","","METTA-LANG","METTA-LANG",""
"","8000","metta_lang.Working_with_spaces___MeTTa_Language9","","Tue Nov 12 18:40:33 GMT 2024","passed","Tue Nov 12 18:40:41 GMT 2024","","WHOLE-TESTS","WHOLE-TESTS",""
"","1","OR-TEST.05","","Tue Nov 12 18:48:46 GMT 2024","passed","Tue Nov 12 18:48:46 GMT 2024","","HYPERON-METTALOG-SANITY","HYPERON-METTALOG-SANITY",""
"","4","WORKING-WITH-SPACES---METTA-LANGUAGE5.01","","Tue Nov 12 18:58:03 GMT 2024","passed","Tue Nov 12 18:58:03 GMT 2024","","METTA-LANG","METTA-LANG",""
"","12","CONSOLE-OUTPUT-AND-DEBUGGING---METTA-LANGUAGE1.01","","Tue Nov 12 18:58:03 GMT 2024","failed","Tue Nov 12 18:58:03 GMT 2024","","METTA-LANG","METTA-LANG",""
"","1","00-LANG-CASE.18","","Tue Nov 12 18:48:46 GMT 2024","passed","Tue Nov 12 18:48:46 GMT 2024","","HYPERON-METTALOG-SANITY","HYPERON-METTALOG-SANITY",""
"","1","CONSOLE-OUTPUT-AND-DEBUGGING---METTA-LANGUAGE3.02","","Tue Nov 12 18:58:03 GMT 2024","passed","Tue Nov 12 18:58:03 GMT 2024","","METTA-LANG","METTA-LANG",""
"","3","OPERATIONS-OVER-ATOMS---METTA-LANGUAGE3.02","","Tue Nov 12 18:58:03 GMT 2024","passed","Tue Nov 12 18:58:03 GMT 2024","","METTA-LANG","METTA-LANG",""
"","2","E3-MATCH-STATES.02","","Tue Nov 12 18:45:43 GMT 2024","passed","Tue Nov 12 18:45:43 GMT 2024","","HYPERON-EXPERIMENTAL-SCRIPTS","HYPERON-EXPERIMENTAL-SCRIPTS",""
"","60","WORKING-WITH-SPACES---METTA-LANGUAGE11.04","","Tue Nov 12 18:58:03 GMT 2024","failed","Tue Nov 12 18:58:03 GMT 2024","","METTA-LANG","METTA-LANG",""
"","7000","metta_lang.Basic_grounded_functions___MeTTa_Language7","","Tue Nov 12 18:40:33 GMT 2024","passed","Tue Nov 12 18:40:40 GMT 2024","","WHOLE-TESTS","WHOLE-TESTS",""
"","2","03-SORING-VIA-INSERT.03","","Tue Nov 12 18:48:46 GMT 2024","passed","Tue Nov 12 18:48:46 GMT 2024","","HYPERON-METTALOG-SANITY","HYPERON-METTALOG-SANITY",""
"","1","D4-TYPE-PROP.05","","Tue Nov 12 19:20:45 GMT 2024","passed","Tue Nov 12 19:20:45 GMT 2024","","QUICK","QUICK",""
"","3","CONCRETE-TYPES---METTA-LANGUAGE10.01","","Tue Nov 12 18:58:03 GMT 2024","passed","Tue Nov 12 18:58:03 GMT 2024","","METTA-LANG","METTA-LANG",""
"","2","METATYPES---METTA-LANGUAGE1.09","","Tue Nov 12 18:58:03 GMT 2024","passed","Tue Nov 12 18:58:03 GMT 2024","","METTA-LANG","METTA-LANG",""
"","3","TESTS0.04","","Tue Nov 12 19:17:06 GMT 2024","passed","Tue Nov 12 19:17:06 GMT 2024","","METTA-MORPH-TESTS","METTA-MORPH-TESTS",""
"","2","MATCH-SUPERPOSED-SPACES.05","","Tue Nov 12 19:17:06 GMT 2024","passed","Tue Nov 12 19:17:06 GMT 2024","","METTA-MORPH-TESTS","METTA-MORPH-TESTS",""
"","3","CONTROLLING-PATTERN-MATCHING---METTA-LANGUAGE6.04","","Tue Nov 12 18:58:03 GMT 2024","passed","Tue Nov 12 18:58:03 GMT 2024","","METTA-LANG","METTA-LANG",""
"","2","CONTROL-FLOW---METTA-LANGUAGE11.04","","Tue Nov 12 18:58:03 GMT 2024","passed","Tue Nov 12 18:58:03 GMT 2024","","METTA-LANG","METTA-LANG",""
"","3","BASIC-EVALUATION---METTA-LANGUAGE14.01","","Tue Nov 12 18:58:03 GMT 2024","passed","Tue Nov 12 18:58:03 GMT 2024","","METTA-LANG","METTA-LANG",""
"","4","BASIC-GROUNDED-FUNCTIONS---METTA-LANGUAGE8.01","","Tue Nov 12 18:58:03 GMT 2024","passed","Tue Nov 12 18:58:03 GMT 2024","","METTA-LANG","METTA-LANG",""
"","1","F1-IMPORTS.12","","Tue Nov 12 18:40:24 GMT 2024","passed","Tue Nov 12 18:40:24 GMT 2024","","MODULE-SYSTEM","MODULE-SYSTEM",""
"","1","CALL-TESTS.13","","Tue Nov 12 18:48:46 GMT 2024","passed","Tue Nov 12 18:48:46 GMT 2024","","HYPERON-METTALOG-SANITY","HYPERON-METTALOG-SANITY",""
"","8000","metta_lang.Recursive_and_parametric_types___MeTTa_Language5","","Tue Nov 12 18:40:33 GMT 2024","passed","Tue Nov 12 18:40:41 GMT 2024","","WHOLE-TESTS","WHOLE-TESTS",""
"","3","FREE-VARIABLES-AND-NONDETERMINISM-AGAIN,-RECURSIVELY---METTA-LANGUAGE1.01","","Tue Nov 12 18:58:03 GMT 2024","passed","Tue Nov 12 18:58:03 GMT 2024","","METTA-LANG","METTA-LANG",""
"","4","NESTED-QUERIES-AND-RECURSIVE-GRAPH-TRAVERSAL---METTA-LANGUAGE2.01","","Tue Nov 12 18:58:03 GMT 2024","passed","Tue Nov 12 18:58:03 GMT 2024","","METTA-LANG","METTA-LANG",""
"","1","XOR-TEST.11","","Tue Nov 12 18:48:46 GMT 2024","passed","Tue Nov 12 18:48:46 GMT 2024","","HYPERON-METTALOG-SANITY","HYPERON-METTALOG-SANITY",""
"","2","CONSOLE-OUTPUT-AND-DEBUGGING---METTA-LANGUAGE2.09","","Tue Nov 12 18:58:03 GMT 2024","passed","Tue Nov 12 18:58:03 GMT 2024","","METTA-LANG","METTA-LANG",""
"","71","E2-STATES.08","","Tue Nov 12 18:45:43 GMT 2024","failed","Tue Nov 12 18:45:43 GMT 2024","","HYPERON-EXPERIMENTAL-SCRIPTS","HYPERON-EXPERIMENTAL-SCRIPTS",""
"","3","METTALOGTESTCURRIED2.06","","Tue Nov 12 18:40:40 GMT 2024","passed","Tue Nov 12 18:40:40 GMT 2024","","ANTI-REGRESSION","ANTI-REGRESSION",""
"","2","FUNCTIONS-AND-UNIFICATION---METTA-LANGUAGE1.04","","Tue Nov 12 18:58:03 GMT 2024","passed","Tue Nov 12 18:58:03 GMT 2024","","METTA-LANG","METTA-LANG",""
"","7000","hyperon-mettalog_sanity.arity_tests","","Tue Nov 12 18:40:33 GMT 2024","passed","Tue Nov 12 18:40:40 GMT 2024","","WHOLE-TESTS","WHOLE-TESTS",""
"","9000","metta-wam-issue-116.test_spo_5000","","Tue Nov 12 18:40:33 GMT 2024","passed","Tue Nov 12 18:40:42 GMT 2024","","WHOLE-TESTS","WHOLE-TESTS",""
"","9","D2-HIGHERFUNC.20","","Tue Nov 12 19:20:45 GMT 2024","passed","Tue Nov 12 19:20:45 GMT 2024","","QUICK","QUICK",""
"","8000","metta_lang.Handling_nondeterministic_results___MeTTa_Language6","","Tue Nov 12 18:40:33 GMT 2024","passed","Tue Nov 12 18:40:41 GMT 2024","","WHOLE-TESTS","WHOLE-TESTS",""
"","2","CALL-TESTS.12","","Tue Nov 12 18:48:46 GMT 2024","passed","Tue Nov 12 18:48:46 GMT 2024","","HYPERON-METTALOG-SANITY","HYPERON-METTALOG-SANITY",""
"","59","SPACE-INTERSECTION-TESTS.12","","Tue Nov 12 18:48:46 GMT 2024","failed","Tue Nov 12 18:48:46 GMT 2024","","HYPERON-METTALOG-SANITY","HYPERON-METTALOG-SANITY",""
"","2","SUBTRACTION-TEST.04","","Tue Nov 12 18:48:46 GMT 2024","passed","Tue Nov 12 18:48:46 GMT 2024","","HYPERON-METTALOG-SANITY","HYPERON-METTALOG-SANITY",""
"","1","WORKING-WITH-SPACES---METTA-LANGUAGE3.04","","Tue Nov 12 18:58:03 GMT 2024","passed","Tue Nov 12 18:58:03 GMT 2024","","METTA-LANG","METTA-LANG",""
"","8000","metta_lang.Concrete_types___MeTTa_Language6","","Tue Nov 12 18:40:33 GMT 2024","passed","Tue Nov 12 18:40:41 GMT 2024","","WHOLE-TESTS","WHOLE-TESTS",""
"","2","CONCRETE-TYPES---METTA-LANGUAGE12.01","","Tue Nov 12 18:58:03 GMT 2024","passed","Tue Nov 12 18:58:03 GMT 2024","","METTA-LANG","METTA-LANG",""
"","5","HANDLING-NONDETERMINISTIC-RESULTS---METTA-LANGUAGE5.01","","Tue Nov 12 18:58:03 GMT 2024","passed","Tue Nov 12 18:58:03 GMT 2024","","METTA-LANG","METTA-LANG",""
"","7","METATYPES---METTA-LANGUAGE2.06","","Tue Nov 12 18:58:03 GMT 2024","failed","Tue Nov 12 18:58:03 GMT 2024","","METTA-LANG","METTA-LANG",""
"","8000","hyperon-mettalog_sanity.unique_test","","Tue Nov 12 18:40:33 GMT 2024","passed","Tue Nov 12 18:40:41 GMT 2024","","WHOLE-TESTS","WHOLE-TESTS",""
"","2","B5-TYPES-PRELIM.01","","Tue Nov 12 18:45:43 GMT 2024","passed","Tue Nov 12 18:45:43 GMT 2024","","HYPERON-EXPERIMENTAL-SCRIPTS","HYPERON-EXPERIMENTAL-SCRIPTS",""
"","83","WORKING-WITH-SPACES---METTA-LANGUAGE11.03","","Tue Nov 12 18:58:03 GMT 2024","failed","Tue Nov 12 18:58:03 GMT 2024","","METTA-LANG","METTA-LANG",""
"","2","RECURSIVE-AND-PARAMETRIC-TYPES---METTA-LANGUAGE1.04","","Tue Nov 12 18:58:03 GMT 2024","passed","Tue Nov 12 18:58:03 GMT 2024","","METTA-LANG","METTA-LANG",""
"","1","B0-CHAINING-PRELIM.03","","Tue Nov 12 18:45:43 GMT 2024","passed","Tue Nov 12 18:45:43 GMT 2024","","HYPERON-EXPERIMENTAL-SCRIPTS","HYPERON-EXPERIMENTAL-SCRIPTS",""
"","4","FREE-VARIABLES-AND-NONDETERMINISM-AGAIN,-RECURSIVELY---METTA-LANGUAGE4.01","","Tue Nov 12 18:58:03 GMT 2024","passed","Tue Nov 12 18:58:03 GMT 2024","","METTA-LANG","METTA-LANG",""
"","2","RECURSION-AND-CONTROL---METTA-LANGUAGE2.06","","Tue Nov 12 18:58:03 GMT 2024","passed","Tue Nov 12 18:58:03 GMT 2024","","METTA-LANG","METTA-LANG",""
"","27","G1-DOCS.04","","Tue Nov 12 18:45:43 GMT 2024","failed","Tue Nov 12 18:45:43 GMT 2024","","HYPERON-EXPERIMENTAL-SCRIPTS","HYPERON-EXPERIMENTAL-SCRIPTS",""
"","80","EVAL-FOR-TESTS.02","","Tue Nov 12 18:48:46 GMT 2024","failed","Tue Nov 12 18:48:46 GMT 2024","","HYPERON-METTALOG-SANITY","HYPERON-METTALOG-SANITY",""
"","2","D4-TYPE-PROP.14","","Tue Nov 12 19:20:45 GMT 2024","passed","Tue Nov 12 19:20:45 GMT 2024","","QUICK","QUICK",""
"","3","CONTROL-FLOW---METTA-LANGUAGE9.01","","Tue Nov 12 18:58:03 GMT 2024","passed","Tue Nov 12 18:58:03 GMT 2024","","METTA-LANG","METTA-LANG",""
"","11000","metta-wam-issue-116.test_spo_1000","","Tue Nov 12 18:40:33 GMT 2024","passed","Tue Nov 12 18:40:44 GMT 2024","","WHOLE-TESTS","WHOLE-TESTS",""
"","144","PY-TYPES.05","","Tue Nov 12 18:48:46 GMT 2024","failed","Tue Nov 12 18:48:46 GMT 2024","","HYPERON-METTALOG-SANITY","HYPERON-METTALOG-SANITY",""
"","2","LIMIT-TESTS.03","","Tue Nov 12 18:48:46 GMT 2024","passed","Tue Nov 12 18:48:46 GMT 2024","","HYPERON-METTALOG-SANITY","HYPERON-METTALOG-SANITY",""
"","3","FUNCTIONS-AND-UNIFICATION---METTA-LANGUAGE4.01","","Tue Nov 12 18:58:03 GMT 2024","passed","Tue Nov 12 18:58:03 GMT 2024","","METTA-LANG","METTA-LANG",""
"","3","C1-GROUNDED-BASIC.18","","Tue Nov 12 18:45:43 GMT 2024","passed","Tue Nov 12 18:45:43 GMT 2024","","HYPERON-EXPERIMENTAL-SCRIPTS","HYPERON-EXPERIMENTAL-SCRIPTS",""
"","81","WORKING-WITH-SPACES---METTA-LANGUAGE5.02","","Tue Nov 12 18:58:03 GMT 2024","passed","Tue Nov 12 18:58:03 GMT 2024","","METTA-LANG","METTA-LANG",""
"","3","RECURSION-AND-CONTROL---METTA-LANGUAGE1.01","","Tue Nov 12 18:58:03 GMT 2024","passed","Tue Nov 12 18:58:03 GMT 2024","","METTA-LANG","METTA-LANG",""
"","10000","hyperon-mettalog_sanity.functional_programming_tests","","Tue Nov 12 18:40:33 GMT 2024","passed","Tue Nov 12 18:40:43 GMT 2024","","WHOLE-TESTS","WHOLE-TESTS",""
"","3","A1-SYMBOLS.01","","Tue Nov 12 18:45:43 GMT 2024","passed","Tue Nov 12 18:45:43 GMT 2024","","HYPERON-EXPERIMENTAL-SCRIPTS","HYPERON-EXPERIMENTAL-SCRIPTS",""
"","3","RECURSION-AND-CONTROL---METTA-LANGUAGE6.01","","Tue Nov 12 18:58:03 GMT 2024","passed","Tue Nov 12 18:58:03 GMT 2024","","METTA-LANG","METTA-LANG",""
"","88","EVAL-FOR-TESTS.13","","Tue Nov 12 18:48:46 GMT 2024","failed","Tue Nov 12 18:48:46 GMT 2024","","HYPERON-METTALOG-SANITY","HYPERON-METTALOG-SANITY",""
"","3","METATYPES---METTA-LANGUAGE2.03","","Tue Nov 12 18:58:03 GMT 2024","passed","Tue Nov 12 18:58:03 GMT 2024","","METTA-LANG","METTA-LANG",""
"","15","CONCRETE-TYPES---METTA-LANGUAGE5.02","","Tue Nov 12 18:58:03 GMT 2024","passed","Tue Nov 12 18:58:03 GMT 2024","","METTA-LANG","METTA-LANG",""
"","8000","metta_lang.Functions_and_unification___MeTTa_Language2","","Tue Nov 12 18:40:33 GMT 2024","passed","Tue Nov 12 18:40:41 GMT 2024","","WHOLE-TESTS","WHOLE-TESTS",""
"","3","D4-TYPE-PROP.17","","Tue Nov 12 18:45:43 GMT 2024","passed","Tue Nov 12 18:45:43 GMT 2024","","HYPERON-EXPERIMENTAL-SCRIPTS","HYPERON-EXPERIMENTAL-SCRIPTS",""
"","2","F1-IMPORTS.02","","Tue Nov 12 18:40:24 GMT 2024","passed","Tue Nov 12 18:40:24 GMT 2024","","MODULE-SYSTEM","MODULE-SYSTEM",""
"","2","C1-GROUNDED-BASIC.17","","Tue Nov 12 19:20:45 GMT 2024","passed","Tue Nov 12 19:20:45 GMT 2024","","QUICK","QUICK",""
"","1","HYPERPOSE.06","","Tue Nov 12 19:17:06 GMT 2024","passed","Tue Nov 12 19:17:06 GMT 2024","","METTA-MORPH-TESTS","METTA-MORPH-TESTS",""
"","23665","SYNTHESIZE.01","","Tue Nov 12 18:55:17 GMT 2024","passed","Tue Nov 12 18:55:40 GMT 2024","","SYNTH-BUFFER","SYNTH-BUFFER",""
"","1","MINIMAL-METTA-TESTS.42","","Tue Nov 12 18:48:46 GMT 2024","passed","Tue Nov 12 18:48:46 GMT 2024","","HYPERON-METTALOG-SANITY","HYPERON-METTALOG-SANITY",""
"","4","D3-DEPTYPES.01","","Tue Nov 12 18:45:43 GMT 2024","passed","Tue Nov 12 18:45:43 GMT 2024","","HYPERON-EXPERIMENTAL-SCRIPTS","HYPERON-EXPERIMENTAL-SCRIPTS",""
"","57","E3-MATCH-STATES.03","","Tue Nov 12 18:45:43 GMT 2024","failed","Tue Nov 12 18:45:43 GMT 2024","","HYPERON-EXPERIMENTAL-SCRIPTS","HYPERON-EXPERIMENTAL-SCRIPTS",""
"","2","HYPERPOSE.05","","Tue Nov 12 19:17:06 GMT 2024","passed","Tue Nov 12 19:17:06 GMT 2024","","METTA-MORPH-TESTS","METTA-MORPH-TESTS",""
"","1","TEST-IF-CLOSED.05","","Tue Nov 12 18:40:40 GMT 2024","passed","Tue Nov 12 18:40:40 GMT 2024","","ANTI-REGRESSION","ANTI-REGRESSION",""
"","1","SPACE-INTERSECTION-TESTS.18","","Tue Nov 12 18:48:46 GMT 2024","passed","Tue Nov 12 18:48:46 GMT 2024","","HYPERON-METTALOG-SANITY","HYPERON-METTALOG-SANITY",""
"","2","HANDLING-NONDETERMINISTIC-RESULTS---METTA-LANGUAGE8.06","","Tue Nov 12 18:58:03 GMT 2024","passed","Tue Nov 12 18:58:03 GMT 2024","","METTA-LANG","METTA-LANG",""
"","2","CATCH-THROW-TESTS.09","","Tue Nov 12 18:48:46 GMT 2024","passed","Tue Nov 12 18:48:46 GMT 2024","","HYPERON-METTALOG-SANITY","HYPERON-METTALOG-SANITY",""
"","2","METATYPES---METTA-LANGUAGE8.01","","Tue Nov 12 18:58:03 GMT 2024","passed","Tue Nov 12 18:58:03 GMT 2024","","METTA-LANG","METTA-LANG",""
"","8000","metta_lang.Handling_nondeterministic_results___MeTTa_Language7","","Tue Nov 12 18:40:33 GMT 2024","passed","Tue Nov 12 18:40:41 GMT 2024","","WHOLE-TESTS","WHOLE-TESTS",""
"","1","INTERSECTION-TESTS.11","","Tue Nov 12 18:48:46 GMT 2024","passed","Tue Nov 12 18:48:46 GMT 2024","","HYPERON-METTALOG-SANITY","HYPERON-METTALOG-SANITY",""
"","2","FUNCTIONS-AND-UNIFICATION---METTA-LANGUAGE1.01","","Tue Nov 12 18:58:03 GMT 2024","passed","Tue Nov 12 18:58:03 GMT 2024","","METTA-LANG","METTA-LANG",""
"","106","HANDLING-NONDETERMINISTIC-RESULTS---METTA-LANGUAGE3.01","","Tue Nov 12 18:58:03 GMT 2024","passed","Tue Nov 12 18:58:03 GMT 2024","","METTA-LANG","METTA-LANG",""
"","2","OPERATIONS-OVER-ATOMS---METTA-LANGUAGE4.01","","Tue Nov 12 18:58:03 GMT 2024","passed","Tue Nov 12 18:58:03 GMT 2024","","METTA-LANG","METTA-LANG",""
"","5","CONTROLLING-PATTERN-MATCHING---METTA-LANGUAGE11.01","","Tue Nov 12 18:58:03 GMT 2024","passed","Tue Nov 12 18:58:03 GMT 2024","","METTA-LANG","METTA-LANG",""
"","100","F1-IMPORTS.13","","Tue Nov 12 18:40:24 GMT 2024","passed","Tue Nov 12 18:40:24 GMT 2024","","MODULE-SYSTEM","MODULE-SYSTEM",""
"","4","F1-MODULEA.01","","Tue Nov 12 18:40:24 GMT 2024","passed","Tue Nov 12 18:40:24 GMT 2024","","MODULE-SYSTEM","MODULE-SYSTEM",""
"","3","TESTS0.03","","Tue Nov 12 19:17:06 GMT 2024","passed","Tue Nov 12 19:17:06 GMT 2024","","METTA-MORPH-TESTS","METTA-MORPH-TESTS",""
"","2","C3-PLN-STV.02","","Tue Nov 12 18:45:43 GMT 2024","passed","Tue Nov 12 18:45:43 GMT 2024","","HYPERON-EXPERIMENTAL-SCRIPTS","HYPERON-EXPERIMENTAL-SCRIPTS",""
"","1","B5-TYPES-PRELIM.12","","Tue Nov 12 18:45:43 GMT 2024","passed","Tue Nov 12 18:45:43 GMT 2024","","HYPERON-EXPERIMENTAL-SCRIPTS","HYPERON-EXPERIMENTAL-SCRIPTS",""
"","7000","metta_lang.Recursive_and_parametric_types___MeTTa_Language7","","Tue Nov 12 18:40:33 GMT 2024","passed","Tue Nov 12 18:40:40 GMT 2024","","WHOLE-TESTS","WHOLE-TESTS",""
"","1","B5-TYPES-PRELIM.17","","Tue Nov 12 18:45:43 GMT 2024","passed","Tue Nov 12 18:45:43 GMT 2024","","HYPERON-EXPERIMENTAL-SCRIPTS","HYPERON-EXPERIMENTAL-SCRIPTS",""
"","2","STRING-TESTS.15","","Tue Nov 12 18:48:46 GMT 2024","passed","Tue Nov 12 18:48:46 GMT 2024","","HYPERON-METTALOG-SANITY","HYPERON-METTALOG-SANITY",""
"","8000","metta_lang.Concrete_types___MeTTa_Language1","","Tue Nov 12 18:40:33 GMT 2024","passed","Tue Nov 12 18:40:41 GMT 2024","","WHOLE-TESTS","WHOLE-TESTS",""
"","15","CONSOLE-OUTPUT-AND-DEBUGGING---METTA-LANGUAGE1.02","","Tue Nov 12 18:58:03 GMT 2024","failed","Tue Nov 12 18:58:03 GMT 2024","","METTA-LANG","METTA-LANG",""
"","2","B4-NONDETERM.02","","Tue Nov 12 18:45:43 GMT 2024","passed","Tue Nov 12 18:45:43 GMT 2024","","HYPERON-EXPERIMENTAL-SCRIPTS","HYPERON-EXPERIMENTAL-SCRIPTS",""
"","2","BASIC-EVALUATION---METTA-LANGUAGE1.02","","Tue Nov 12 18:58:03 GMT 2024","passed","Tue Nov 12 18:58:03 GMT 2024","","METTA-LANG","METTA-LANG",""
"","14","MINIMAL-METTA-TESTS.13","","Tue Nov 12 18:48:46 GMT 2024","failed","Tue Nov 12 18:48:46 GMT 2024","","HYPERON-METTALOG-SANITY","HYPERON-METTALOG-SANITY",""
"","9000","metta-morph_tests.minnars","","Tue Nov 12 18:40:33 GMT 2024","passed","Tue Nov 12 18:40:42 GMT 2024","","WHOLE-TESTS","WHOLE-TESTS",""
"","2","BASIC-EVALUATION---METTA-LANGUAGE2.02","","Tue Nov 12 18:58:03 GMT 2024","passed","Tue Nov 12 18:58:03 GMT 2024","","METTA-LANG","METTA-LANG",""
"","8000","hyperon-mettalog_sanity.limit_tests","","Tue Nov 12 18:40:33 GMT 2024","passed","Tue Nov 12 18:40:41 GMT 2024","","WHOLE-TESTS","WHOLE-TESTS",""
"","2","B5-TYPES-PRELIM.16","","Tue Nov 12 18:45:43 GMT 2024","passed","Tue Nov 12 18:45:43 GMT 2024","","HYPERON-EXPERIMENTAL-SCRIPTS","HYPERON-EXPERIMENTAL-SCRIPTS",""
"","1","D4-TYPE-PROP.05","","Tue Nov 12 18:45:43 GMT 2024","passed","Tue Nov 12 18:45:43 GMT 2024","","HYPERON-EXPERIMENTAL-SCRIPTS","HYPERON-EXPERIMENTAL-SCRIPTS",""
"","101","MINIMAL-METTA-TESTS.07","","Tue Nov 12 18:48:46 GMT 2024","failed","Tue Nov 12 18:48:46 GMT 2024","","HYPERON-METTALOG-SANITY","HYPERON-METTALOG-SANITY",""
"","121","WHAT-EVALS-OR-NOT.01","","Tue Nov 12 18:48:46 GMT 2024","failed","Tue Nov 12 18:48:46 GMT 2024","","HYPERON-METTALOG-SANITY","HYPERON-METTALOG-SANITY",""
"","1","CONSOLE-OUTPUT-AND-DEBUGGING---METTA-LANGUAGE3.06","","Tue Nov 12 18:58:03 GMT 2024","passed","Tue Nov 12 18:58:03 GMT 2024","","METTA-LANG","METTA-LANG",""
"","2","RECURSION-AND-CONTROL---METTA-LANGUAGE6.04","","Tue Nov 12 18:58:03 GMT 2024","passed","Tue Nov 12 18:58:03 GMT 2024","","METTA-LANG","METTA-LANG",""
"","2","HANDLING-NONDETERMINISTIC-RESULTS---METTA-LANGUAGE8.12","","Tue Nov 12 18:58:03 GMT 2024","passed","Tue Nov 12 18:58:03 GMT 2024","","METTA-LANG","METTA-LANG",""
"","2","CONSOLE-OUTPUT-AND-DEBUGGING---METTA-LANGUAGE2.06","","Tue Nov 12 18:58:03 GMT 2024","passed","Tue Nov 12 18:58:03 GMT 2024","","METTA-LANG","METTA-LANG",""
"","2","LIMIT-TESTS.06","","Tue Nov 12 18:48:46 GMT 2024","passed","Tue Nov 12 18:48:46 GMT 2024","","HYPERON-METTALOG-SANITY","HYPERON-METTALOG-SANITY",""
"","199","TIME-SYNTHESIZE.03","","Tue Nov 12 18:55:17 GMT 2024","failed","Tue Nov 12 18:55:17 GMT 2024","","SYNTH-BUFFER","SYNTH-BUFFER",""
"","2","RECURSIVE-AND-PARAMETRIC-TYPES---METTA-LANGUAGE7.06","","Tue Nov 12 18:58:03 GMT 2024","passed","Tue Nov 12 18:58:03 GMT 2024","","METTA-LANG","METTA-LANG",""
"","4","BASIC-EVALUATION---METTA-LANGUAGE2.01","","Tue Nov 12 18:58:03 GMT 2024","passed","Tue Nov 12 18:58:03 GMT 2024","","METTA-LANG","METTA-LANG",""
"","7000","metta_lang.Control_flow___MeTTa_Language7","","Tue Nov 12 18:40:33 GMT 2024","passed","Tue Nov 12 18:40:40 GMT 2024","","WHOLE-TESTS","WHOLE-TESTS",""
"","2","BASIC-EVALUATION---METTA-LANGUAGE3.02","","Tue Nov 12 18:58:03 GMT 2024","passed","Tue Nov 12 18:58:03 GMT 2024","","METTA-LANG","METTA-LANG",""
"","3","FUNCTIONS-AND-UNIFICATION---METTA-LANGUAGE7.05","","Tue Nov 12 18:58:03 GMT 2024","passed","Tue Nov 12 18:58:03 GMT 2024","","METTA-LANG","METTA-LANG",""
"","2","OPERATIONS-OVER-ATOMS---METTA-LANGUAGE6.02","","Tue Nov 12 18:58:03 GMT 2024","passed","Tue Nov 12 18:58:03 GMT 2024","","METTA-LANG","METTA-LANG",""
"","2","D2-HIGHERFUNC.16","","Tue Nov 12 19:20:45 GMT 2024","passed","Tue Nov 12 19:20:45 GMT 2024","","QUICK","QUICK",""
"","8000","metta_lang.Basic_grounded_functions___MeTTa_Language4","","Tue Nov 12 18:40:33 GMT 2024","passed","Tue Nov 12 18:40:41 GMT 2024","","WHOLE-TESTS","WHOLE-TESTS",""
"","2","WORKING-WITH-SPACES---METTA-LANGUAGE9.02","","Tue Nov 12 18:58:03 GMT 2024","passed","Tue Nov 12 18:58:03 GMT 2024","","METTA-LANG","METTA-LANG",""
"","118","OPERATIONS-OVER-ATOMS---METTA-LANGUAGE1.02","","Tue Nov 12 18:58:03 GMT 2024","failed","Tue Nov 12 18:58:03 GMT 2024","","METTA-LANG","METTA-LANG",""
"","3","PEANO.01","","Tue Nov 12 19:17:06 GMT 2024","passed","Tue Nov 12 19:17:06 GMT 2024","","METTA-MORPH-TESTS","METTA-MORPH-TESTS",""
"","5","RECURSIVE-AND-PARAMETRIC-TYPES---METTA-LANGUAGE3.01","","Tue Nov 12 18:58:03 GMT 2024","passed","Tue Nov 12 18:58:03 GMT 2024","","METTA-LANG","METTA-LANG",""
"","4","XOR-TEST.01","","Tue Nov 12 18:48:46 GMT 2024","passed","Tue Nov 12 18:48:46 GMT 2024","","HYPERON-METTALOG-SANITY","HYPERON-METTALOG-SANITY",""
"","1","D4-TYPE-PROP.14","","Tue Nov 12 18:45:43 GMT 2024","passed","Tue Nov 12 18:45:43 GMT 2024","","HYPERON-EXPERIMENTAL-SCRIPTS","HYPERON-EXPERIMENTAL-SCRIPTS",""
"","3910","PY-TYPES-2.01","","Tue Nov 12 18:48:46 GMT 2024","passed","Tue Nov 12 18:48:49 GMT 2024","","HYPERON-METTALOG-SANITY","HYPERON-METTALOG-SANITY",""
"","1","D4-TYPE-PROP.12","","Tue Nov 12 19:20:45 GMT 2024","passed","Tue Nov 12 19:20:45 GMT 2024","","QUICK","QUICK",""
"","3","SEQUENTIAL-NESTED.02","","Tue Nov 12 19:17:06 GMT 2024","passed","Tue Nov 12 19:17:06 GMT 2024","","METTA-MORPH-TESTS","METTA-MORPH-TESTS",""
"","3","FUNCTIONAL-PROGRAMMING-TESTS.05","","Tue Nov 12 18:48:46 GMT 2024","passed","Tue Nov 12 18:48:46 GMT 2024","","HYPERON-METTALOG-SANITY","HYPERON-METTALOG-SANITY",""
"","2","D4-TYPE-PROP.18","","Tue Nov 12 19:20:45 GMT 2024","passed","Tue Nov 12 19:20:45 GMT 2024","","QUICK","QUICK",""
"","2","D2-HIGHERFUNC.25","","Tue Nov 12 18:45:43 GMT 2024","passed","Tue Nov 12 18:45:43 GMT 2024","","HYPERON-EXPERIMENTAL-SCRIPTS","HYPERON-EXPERIMENTAL-SCRIPTS",""
"","3","G1-DOCS.01","","Tue Nov 12 18:45:43 GMT 2024","passed","Tue Nov 12 18:45:43 GMT 2024","","HYPERON-EXPERIMENTAL-SCRIPTS","HYPERON-EXPERIMENTAL-SCRIPTS",""
"","1","TMPMATCH2.03","","Tue Nov 12 18:40:40 GMT 2024","passed","Tue Nov 12 18:40:40 GMT 2024","","ANTI-REGRESSION","ANTI-REGRESSION",""
"","8000","metta_lang.Console_output_and_debugging___MeTTa_Language2","","Tue Nov 12 18:40:33 GMT 2024","passed","Tue Nov 12 18:40:41 GMT 2024","","WHOLE-TESTS","WHOLE-TESTS",""
"","2","EVAL-FOR-TESTS.10","","Tue Nov 12 18:48:46 GMT 2024","passed","Tue Nov 12 18:48:46 GMT 2024","","HYPERON-METTALOG-SANITY","HYPERON-METTALOG-SANITY",""
"","3","A3-TWOSIDE.03","","Tue Nov 12 18:45:43 GMT 2024","passed","Tue Nov 12 18:45:43 GMT 2024","","HYPERON-EXPERIMENTAL-SCRIPTS","HYPERON-EXPERIMENTAL-SCRIPTS",""
"","3","STATES-SPACES.01","","Tue Nov 12 19:17:06 GMT 2024","passed","Tue Nov 12 19:17:06 GMT 2024","","METTA-MORPH-TESTS","METTA-MORPH-TESTS",""
"","3","03-SORING-VIA-INSERT.06","","Tue Nov 12 18:48:46 GMT 2024","passed","Tue Nov 12 18:48:46 GMT 2024","","HYPERON-METTALOG-SANITY","HYPERON-METTALOG-SANITY",""
"","3","CONCRETE-TYPES---METTA-LANGUAGE3.01","","Tue Nov 12 18:58:03 GMT 2024","passed","Tue Nov 12 18:58:03 GMT 2024","","METTA-LANG","METTA-LANG",""
"","4","03-SORING-VIA-INSERT.01","","Tue Nov 12 18:48:46 GMT 2024","passed","Tue Nov 12 18:48:46 GMT 2024","","HYPERON-METTALOG-SANITY","HYPERON-METTALOG-SANITY",""
"","3","D4-TYPE-PROP.10","","Tue Nov 12 18:45:43 GMT 2024","passed","Tue Nov 12 18:45:43 GMT 2024","","HYPERON-EXPERIMENTAL-SCRIPTS","HYPERON-EXPERIMENTAL-SCRIPTS",""
"","1","D2-HIGHERFUNC.17","","Tue Nov 12 19:20:45 GMT 2024","passed","Tue Nov 12 19:20:45 GMT 2024","","QUICK","QUICK",""
"","2","PRINT-GRAPH.01","","Tue Nov 12 18:43:39 GMT 2024","passed","Tue Nov 12 18:43:39 GMT 2024","","METTA-WAM-ISSUE-145","METTA-WAM-ISSUE-145",""
"","1","HYPERPOSE.02","","Tue Nov 12 19:17:06 GMT 2024","passed","Tue Nov 12 19:17:06 GMT 2024","","METTA-MORPH-TESTS","METTA-MORPH-TESTS",""
"","2","RECURSION-AND-CONTROL---METTA-LANGUAGE2.05","","Tue Nov 12 18:58:03 GMT 2024","passed","Tue Nov 12 18:58:03 GMT 2024","","METTA-LANG","METTA-LANG",""
"","8000","hyperon-mettalog_sanity.xor_test","","Tue Nov 12 18:40:33 GMT 2024","passed","Tue Nov 12 18:40:41 GMT 2024","","WHOLE-TESTS","WHOLE-TESTS",""
"","2","OPERATIONS-OVER-ATOMS---METTA-LANGUAGE8.02","","Tue Nov 12 18:58:03 GMT 2024","passed","Tue Nov 12 18:58:03 GMT 2024","","METTA-LANG","METTA-LANG",""
"","17","FUNCTIONS-AND-UNIFICATION---METTA-LANGUAGE7.02","","Tue Nov 12 18:58:03 GMT 2024","failed","Tue Nov 12 18:58:03 GMT 2024","","METTA-LANG","METTA-LANG",""
"","3","CATCH-THROW-TESTS.07","","Tue Nov 12 18:48:46 GMT 2024","passed","Tue Nov 12 18:48:46 GMT 2024","","HYPERON-METTALOG-SANITY","HYPERON-METTALOG-SANITY",""
"","9","D1-GADT.04","","Tue Nov 12 18:45:43 GMT 2024","passed","Tue Nov 12 18:45:43 GMT 2024","","HYPERON-EXPERIMENTAL-SCRIPTS","HYPERON-EXPERIMENTAL-SCRIPTS",""
"","2","METATYPES---METTA-LANGUAGE7.03","","Tue Nov 12 18:58:03 GMT 2024","passed","Tue Nov 12 18:58:03 GMT 2024","","METTA-LANG","METTA-LANG",""
"","2","RECURSION-AND-CONTROL---METTA-LANGUAGE6.03","","Tue Nov 12 18:58:03 GMT 2024","passed","Tue Nov 12 18:58:03 GMT 2024","","METTA-LANG","METTA-LANG",""
"","7000","metta-morph_tests.match_feval","","Tue Nov 12 18:40:33 GMT 2024","passed","Tue Nov 12 18:40:40 GMT 2024","","WHOLE-TESTS","WHOLE-TESTS",""
"","3","D1-GADT.03","","Tue Nov 12 19:20:45 GMT 2024","passed","Tue Nov 12 19:20:45 GMT 2024","","QUICK","QUICK",""
"","4","BASIC-EVALUATION---METTA-LANGUAGE11.01","","Tue Nov 12 18:58:03 GMT 2024","passed","Tue Nov 12 18:58:03 GMT 2024","","METTA-LANG","METTA-LANG",""
"","8000","metta_lang.Basic_grounded_functions___MeTTa_Language6","","Tue Nov 12 18:40:33 GMT 2024","passed","Tue Nov 12 18:40:41 GMT 2024","","WHOLE-TESTS","WHOLE-TESTS",""
"","2","B4-NONDETERM.06","","Tue Nov 12 18:45:43 GMT 2024","passed","Tue Nov 12 18:45:43 GMT 2024","","HYPERON-EXPERIMENTAL-SCRIPTS","HYPERON-EXPERIMENTAL-SCRIPTS",""
"","3","01-LANG-INC.02","","Tue Nov 12 18:48:46 GMT 2024","passed","Tue Nov 12 18:48:46 GMT 2024","","HYPERON-METTALOG-SANITY","HYPERON-METTALOG-SANITY",""
"","2","WORKING-WITH-SPACES---METTA-LANGUAGE1.03","","Tue Nov 12 18:58:03 GMT 2024","passed","Tue Nov 12 18:58:03 GMT 2024","","METTA-LANG","METTA-LANG",""
"","116","BASE-TEST-REPR-PARSE-INTERSECTION.01","","Tue Nov 12 18:48:46 GMT 2024","passed","Tue Nov 12 18:48:46 GMT 2024","","HYPERON-METTALOG-SANITY","HYPERON-METTALOG-SANITY",""
"","2","F1-MODULEA.02","","Tue Nov 12 18:45:43 GMT 2024","passed","Tue Nov 12 18:45:43 GMT 2024","","HYPERON-EXPERIMENTAL-SCRIPTS","HYPERON-EXPERIMENTAL-SCRIPTS",""
"","126","CONTROLLING-PATTERN-MATCHING---METTA-LANGUAGE6.03","","Tue Nov 12 18:58:03 GMT 2024","failed","Tue Nov 12 18:58:03 GMT 2024","","METTA-LANG","METTA-LANG",""
"","5","FUNCTIONS-AND-UNIFICATION---METTA-LANGUAGE5.01","","Tue Nov 12 18:58:03 GMT 2024","passed","Tue Nov 12 18:58:03 GMT 2024","","METTA-LANG","METTA-LANG",""
"","3","SUPERPOSE-NESTED.03","","Tue Nov 12 19:17:06 GMT 2024","passed","Tue Nov 12 19:17:06 GMT 2024","","METTA-MORPH-TESTS","METTA-MORPH-TESTS",""
"","8000","metta_lang.Control_flow___MeTTa_Language8","","Tue Nov 12 18:40:33 GMT 2024","passed","Tue Nov 12 18:40:41 GMT 2024","","WHOLE-TESTS","WHOLE-TESTS",""
"","2","CONSOLE-OUTPUT-AND-DEBUGGING---METTA-LANGUAGE2.05","","Tue Nov 12 18:58:03 GMT 2024","passed","Tue Nov 12 18:58:03 GMT 2024","","METTA-LANG","METTA-LANG",""
"","1","CONTROLLING-PATTERN-MATCHING---METTA-LANGUAGE11.04","","Tue Nov 12 18:58:03 GMT 2024","passed","Tue Nov 12 18:58:03 GMT 2024","","METTA-LANG","METTA-LANG",""
"","8000","hyperon-mettalog_sanity.sealed_test","","Tue Nov 12 18:40:33 GMT 2024","passed","Tue Nov 12 18:40:41 GMT 2024","","WHOLE-TESTS","WHOLE-TESTS",""
"","12","ARITY-TESTS.06","","Tue Nov 12 18:48:46 GMT 2024","failed","Tue Nov 12 18:48:46 GMT 2024","","HYPERON-METTALOG-SANITY","HYPERON-METTALOG-SANITY",""
"","3","CONTROLLING-PATTERN-MATCHING---METTA-LANGUAGE12.12","","Tue Nov 12 18:58:03 GMT 2024","passed","Tue Nov 12 18:58:03 GMT 2024","","METTA-LANG","METTA-LANG",""
"","7000","hyperon-mettalog_sanity.06_match_in_space","","Tue Nov 12 18:40:33 GMT 2024","passed","Tue Nov 12 18:40:40 GMT 2024","","WHOLE-TESTS","WHOLE-TESTS",""
"","1","F1-IMPORTS.14","","Tue Nov 12 18:45:43 GMT 2024","passed","Tue Nov 12 18:45:43 GMT 2024","","HYPERON-EXPERIMENTAL-SCRIPTS","HYPERON-EXPERIMENTAL-SCRIPTS",""
"","8000","metta_lang.Recursive_and_parametric_types___MeTTa_Language1","","Tue Nov 12 18:40:33 GMT 2024","passed","Tue Nov 12 18:40:41 GMT 2024","","WHOLE-TESTS","WHOLE-TESTS",""
"","312","SPACE-SUBTRACTION-TESTS.07","","Tue Nov 12 18:48:46 GMT 2024","passed","Tue Nov 12 18:48:46 GMT 2024","","HYPERON-METTALOG-SANITY","HYPERON-METTALOG-SANITY",""
"","17","CONCRETE-TYPES---METTA-LANGUAGE13.01","","Tue Nov 12 18:58:03 GMT 2024","passed","Tue Nov 12 18:58:03 GMT 2024","","METTA-LANG","METTA-LANG",""
"","3","IDENTITY.01","","Tue Nov 12 19:17:06 GMT 2024","passed","Tue Nov 12 19:17:06 GMT 2024","","METTA-MORPH-TESTS","METTA-MORPH-TESTS",""
"","2","B4-NONDETERM.09","","Tue Nov 12 18:45:43 GMT 2024","passed","Tue Nov 12 18:45:43 GMT 2024","","HYPERON-EXPERIMENTAL-SCRIPTS","HYPERON-EXPERIMENTAL-SCRIPTS",""
"","1","MAX-TIME-TESTS.03","","Tue Nov 12 18:48:46 GMT 2024","passed","Tue Nov 12 18:48:46 GMT 2024","","HYPERON-METTALOG-SANITY","HYPERON-METTALOG-SANITY",""
"","2","FLIP-TEST.01","","Tue Nov 12 18:48:46 GMT 2024","passed","Tue Nov 12 18:48:46 GMT 2024","","HYPERON-METTALOG-SANITY","HYPERON-METTALOG-SANITY",""
"","2","HANDLING-NONDETERMINISTIC-RESULTS---METTA-LANGUAGE8.03","","Tue Nov 12 18:58:03 GMT 2024","passed","Tue Nov 12 18:58:03 GMT 2024","","METTA-LANG","METTA-LANG",""
"","107","MINIMAL-METTA-TESTS.38","","Tue Nov 12 18:48:46 GMT 2024","failed","Tue Nov 12 18:48:46 GMT 2024","","HYPERON-METTALOG-SANITY","HYPERON-METTALOG-SANITY",""
"","2","G1-DOCS.02","","Tue Nov 12 18:45:43 GMT 2024","passed","Tue Nov 12 18:45:43 GMT 2024","","HYPERON-EXPERIMENTAL-SCRIPTS","HYPERON-EXPERIMENTAL-SCRIPTS",""
"","3","CALL-TESTS.09","","Tue Nov 12 18:48:46 GMT 2024","passed","Tue Nov 12 18:48:46 GMT 2024","","HYPERON-METTALOG-SANITY","HYPERON-METTALOG-SANITY",""
"","8000","metta_lang.Recursion_and_control___MeTTa_Language4","","Tue Nov 12 18:40:33 GMT 2024","passed","Tue Nov 12 18:40:41 GMT 2024","","WHOLE-TESTS","WHOLE-TESTS",""
"","8000","metta_lang.Concrete_types___MeTTa_Language5","","Tue Nov 12 18:40:33 GMT 2024","passed","Tue Nov 12 18:40:41 GMT 2024","","WHOLE-TESTS","WHOLE-TESTS",""
"","2","OUTPUT-LOAD-TESTS.13","","Tue Nov 12 18:48:46 GMT 2024","passed","Tue Nov 12 18:48:46 GMT 2024","","HYPERON-METTALOG-SANITY","HYPERON-METTALOG-SANITY",""
"","82","D5-AUTO-TYPES.07","","Tue Nov 12 18:45:43 GMT 2024","failed","Tue Nov 12 18:45:43 GMT 2024","","HYPERON-EXPERIMENTAL-SCRIPTS","HYPERON-EXPERIMENTAL-SCRIPTS",""
"","2","WORKING-WITH-SPACES---METTA-LANGUAGE6.04","","Tue Nov 12 18:58:03 GMT 2024","passed","Tue Nov 12 18:58:03 GMT 2024","","METTA-LANG","METTA-LANG",""
"","2","CALL-CLEANUP-TESTS.09","","Tue Nov 12 18:48:46 GMT 2024","passed","Tue Nov 12 18:48:46 GMT 2024","","HYPERON-METTALOG-SANITY","HYPERON-METTALOG-SANITY",""
"","2","D1-GADT.10","","Tue Nov 12 18:45:43 GMT 2024","passed","Tue Nov 12 18:45:43 GMT 2024","","HYPERON-EXPERIMENTAL-SCRIPTS","HYPERON-EXPERIMENTAL-SCRIPTS",""
"","1","OR-TEST.08","","Tue Nov 12 18:48:46 GMT 2024","passed","Tue Nov 12 18:48:46 GMT 2024","","HYPERON-METTALOG-SANITY","HYPERON-METTALOG-SANITY",""
"","3","C1-GROUNDED-BASIC.13","","Tue Nov 12 18:45:43 GMT 2024","passed","Tue Nov 12 18:45:43 GMT 2024","","HYPERON-EXPERIMENTAL-SCRIPTS","HYPERON-EXPERIMENTAL-SCRIPTS",""
"","3","STRING-TESTS.18","","Tue Nov 12 18:48:46 GMT 2024","passed","Tue Nov 12 18:48:46 GMT 2024","","HYPERON-METTALOG-SANITY","HYPERON-METTALOG-SANITY",""
"","14","CONCRETE-TYPES---METTA-LANGUAGE6.01","","Tue Nov 12 18:58:03 GMT 2024","failed","Tue Nov 12 18:58:03 GMT 2024","","METTA-LANG","METTA-LANG",""
