"DESCRIPTION","DURATION IN MS","NAME","PARENT SUITE","START TIME","STATUS","STOP TIME","SUB SUITE","SUITE","TEST CLASS","TEST METHOD"
"","1","BASIC-EVALUATION---METTA-LANGUAGE15.05","","Wed Nov 20 21:24:55 GMT 2024","passed","Wed Nov 20 21:24:55 GMT 2024","","METTA-LANG","METTA-LANG",""
"","5","CONTROL-FLOW---METTA-LANGUAGE9.01","","Wed Nov 20 21:24:55 GMT 2024","passed","Wed Nov 20 21:24:55 GMT 2024","","METTA-LANG","METTA-LANG",""
"","11","CONCRETE-TYPES---METTA-LANGUAGE13.01","","Wed Nov 20 21:24:55 GMT 2024","passed","Wed Nov 20 21:24:55 GMT 2024","","METTA-LANG","METTA-LANG",""
"","2","00-LANG-CASE.18","","Wed Nov 20 21:14:17 GMT 2024","passed","Wed Nov 20 21:14:17 GMT 2024","","HYPERON-METTALOG-SANITY","HYPERON-METTALOG-SANITY",""
"","2","D1-GADT.02","","Wed Nov 20 21:10:52 GMT 2024","passed","Wed Nov 20 21:10:52 GMT 2024","","HYPERON-EXPERIMENTAL-SCRIPTS","HYPERON-EXPERIMENTAL-SCRIPTS",""
"","3","XOR-TEST.02","","Wed Nov 20 21:14:17 GMT 2024","passed","Wed Nov 20 21:14:17 GMT 2024","","HYPERON-METTALOG-SANITY","HYPERON-METTALOG-SANITY",""
"","5","CONTROLLING-PATTERN-MATCHING---METTA-LANGUAGE7.01","","Wed Nov 20 21:24:55 GMT 2024","passed","Wed Nov 20 21:24:55 GMT 2024","","METTA-LANG","METTA-LANG",""
"","9000","metta_lang.Operations_over_atoms___MeTTa_Language1","","Wed Nov 20 21:05:48 GMT 2024","passed","Wed Nov 20 21:05:57 GMT 2024","","WHOLE-TESTS","WHOLE-TESTS",""
"","97","RECURSIVE-AND-PARAMETRIC-TYPES---METTA-LANGUAGE1.03","","Wed Nov 20 21:24:55 GMT 2024","failed","Wed Nov 20 21:24:55 GMT 2024","","METTA-LANG","METTA-LANG",""
"","60","METATYPES---METTA-LANGUAGE8.04","","Wed Nov 20 21:24:55 GMT 2024","failed","Wed Nov 20 21:24:55 GMT 2024","","METTA-LANG","METTA-LANG",""
"","3","HANDLING-NONDETERMINISTIC-RESULTS---METTA-LANGUAGE5.03","","Wed Nov 20 21:24:55 GMT 2024","passed","Wed Nov 20 21:24:55 GMT 2024","","METTA-LANG","METTA-LANG",""
"","84","HANDLING-NONDETERMINISTIC-RESULTS---METTA-LANGUAGE6.04","","Wed Nov 20 21:24:55 GMT 2024","passed","Wed Nov 20 21:24:55 GMT 2024","","METTA-LANG","METTA-LANG",""
"","129","MINIMAL-METTA-TESTS.29","","Wed Nov 20 21:14:17 GMT 2024","failed","Wed Nov 20 21:14:17 GMT 2024","","HYPERON-METTALOG-SANITY","HYPERON-METTALOG-SANITY",""
"","2","MATCH-SUPERPOSED-SPACES.04","","Wed Nov 20 21:46:24 GMT 2024","passed","Wed Nov 20 21:46:24 GMT 2024","","METTA-MORPH-TESTS","METTA-MORPH-TESTS",""
"","63","F1-IMPORTS.11","","Wed Nov 20 21:10:52 GMT 2024","failed","Wed Nov 20 21:10:52 GMT 2024","","HYPERON-EXPERIMENTAL-SCRIPTS","HYPERON-EXPERIMENTAL-SCRIPTS",""
"","29","BC-COMP.04","","Wed Nov 20 21:05:56 GMT 2024","passed","Wed Nov 20 21:05:56 GMT 2024","","ANTI-REGRESSION","ANTI-REGRESSION",""
"","3","OPERATIONS-OVER-ATOMS---METTA-LANGUAGE3.02","","Wed Nov 20 21:24:55 GMT 2024","passed","Wed Nov 20 21:24:55 GMT 2024","","METTA-LANG","METTA-LANG",""
"","90","CALL-CLEANUP-TESTS.06","","Wed Nov 20 21:14:17 GMT 2024","failed","Wed Nov 20 21:14:17 GMT 2024","","HYPERON-METTALOG-SANITY","HYPERON-METTALOG-SANITY",""
"","4","METATYPES---METTA-LANGUAGE4.01","","Wed Nov 20 21:24:55 GMT 2024","passed","Wed Nov 20 21:24:55 GMT 2024","","METTA-LANG","METTA-LANG",""
"","3","D2-HIGHERFUNC.01","","Wed Nov 20 21:50:36 GMT 2024","passed","Wed Nov 20 21:50:36 GMT 2024","","QUICK","QUICK",""
"","9000","quick.c1_grounded_basic","","Wed Nov 20 21:05:48 GMT 2024","passed","Wed Nov 20 21:05:57 GMT 2024","","WHOLE-TESTS","WHOLE-TESTS",""
"","14","HANDLING-NONDETERMINISTIC-RESULTS---METTA-LANGUAGE4.01","","Wed Nov 20 21:24:55 GMT 2024","failed","Wed Nov 20 21:24:55 GMT 2024","","METTA-LANG","METTA-LANG",""
"","5","CONTROLLING-PATTERN-MATCHING---METTA-LANGUAGE2.01","","Wed Nov 20 21:24:55 GMT 2024","passed","Wed Nov 20 21:24:55 GMT 2024","","METTA-LANG","METTA-LANG",""
"","2","CONTROL-FLOW---METTA-LANGUAGE10.04","","Wed Nov 20 21:24:55 GMT 2024","passed","Wed Nov 20 21:24:55 GMT 2024","","METTA-LANG","METTA-LANG",""
"","20","G1-DOCS.01","","Wed Nov 20 21:10:52 GMT 2024","passed","Wed Nov 20 21:10:52 GMT 2024","","HYPERON-EXPERIMENTAL-SCRIPTS","HYPERON-EXPERIMENTAL-SCRIPTS",""
"","1","B2-BACKCHAIN.03","","Wed Nov 20 21:10:52 GMT 2024","passed","Wed Nov 20 21:10:52 GMT 2024","","HYPERON-EXPERIMENTAL-SCRIPTS","HYPERON-EXPERIMENTAL-SCRIPTS",""
"","108","EVAL-FOR-TESTS.04","","Wed Nov 20 21:14:17 GMT 2024","failed","Wed Nov 20 21:14:17 GMT 2024","","HYPERON-METTALOG-SANITY","HYPERON-METTALOG-SANITY",""
"","9000","metta_lang.Basic_grounded_functions___MeTTa_Language4","","Wed Nov 20 21:05:48 GMT 2024","passed","Wed Nov 20 21:05:57 GMT 2024","","WHOLE-TESTS","WHOLE-TESTS",""
"","4","F1-IMPORTS.02","","Wed Nov 20 21:10:52 GMT 2024","passed","Wed Nov 20 21:10:52 GMT 2024","","HYPERON-EXPERIMENTAL-SCRIPTS","HYPERON-EXPERIMENTAL-SCRIPTS",""
"","2","MATCH-SUPERPOSED-SPACES.01","","Wed Nov 20 21:46:24 GMT 2024","passed","Wed Nov 20 21:46:24 GMT 2024","","METTA-MORPH-TESTS","METTA-MORPH-TESTS",""
"","5","OPERATIONS-OVER-ATOMS---METTA-LANGUAGE2.01","","Wed Nov 20 21:24:55 GMT 2024","passed","Wed Nov 20 21:24:55 GMT 2024","","METTA-LANG","METTA-LANG",""
"","2","HYPERPOSE-TESTS.03","","Wed Nov 20 21:14:17 GMT 2024","passed","Wed Nov 20 21:14:17 GMT 2024","","HYPERON-METTALOG-SANITY","HYPERON-METTALOG-SANITY",""
"","1","INTERSECTION-TESTS.08","","Wed Nov 20 21:14:17 GMT 2024","passed","Wed Nov 20 21:14:17 GMT 2024","","HYPERON-METTALOG-SANITY","HYPERON-METTALOG-SANITY",""
"","9000","metta_lang.Handling_nondeterministic_results___MeTTa_Language7","","Wed Nov 20 21:05:48 GMT 2024","passed","Wed Nov 20 21:05:57 GMT 2024","","WHOLE-TESTS","WHOLE-TESTS",""
"","2","WORKING-WITH-SPACES---METTA-LANGUAGE9.03","","Wed Nov 20 21:24:55 GMT 2024","passed","Wed Nov 20 21:24:55 GMT 2024","","METTA-LANG","METTA-LANG",""
"","2","RECURSIVE-AND-PARAMETRIC-TYPES---METTA-LANGUAGE7.06","","Wed Nov 20 21:24:55 GMT 2024","passed","Wed Nov 20 21:24:55 GMT 2024","","METTA-LANG","METTA-LANG",""
"","4","F1-IMPORTS.01","","Wed Nov 20 21:05:39 GMT 2024","passed","Wed Nov 20 21:05:39 GMT 2024","","MODULE-SYSTEM","MODULE-SYSTEM",""
"","3","SUBTRACTION-TEST.01","","Wed Nov 20 21:14:17 GMT 2024","passed","Wed Nov 20 21:14:17 GMT 2024","","HYPERON-METTALOG-SANITY","HYPERON-METTALOG-SANITY",""
"","2","WORKING-WITH-SPACES---METTA-LANGUAGE12.04","","Wed Nov 20 21:24:55 GMT 2024","passed","Wed Nov 20 21:24:55 GMT 2024","","METTA-LANG","METTA-LANG",""
"","4","CONCRETE-TYPES---METTA-LANGUAGE3.01","","Wed Nov 20 21:24:55 GMT 2024","passed","Wed Nov 20 21:24:55 GMT 2024","","METTA-LANG","METTA-LANG",""
"","869","WORKING-WITH-SPACES---METTA-LANGUAGE13.02","","Wed Nov 20 21:24:55 GMT 2024","failed","Wed Nov 20 21:24:55 GMT 2024","","METTA-LANG","METTA-LANG",""
"","4","CONCRETE-TYPES---METTA-LANGUAGE10.01","","Wed Nov 20 21:24:55 GMT 2024","passed","Wed Nov 20 21:24:55 GMT 2024","","METTA-LANG","METTA-LANG",""
"","8000","metta_lang.Basic_grounded_functions___MeTTa_Language1","","Wed Nov 20 21:05:48 GMT 2024","passed","Wed Nov 20 21:05:56 GMT 2024","","WHOLE-TESTS","WHOLE-TESTS",""
"","1","D1-GADT.06","","Wed Nov 20 21:10:52 GMT 2024","passed","Wed Nov 20 21:10:52 GMT 2024","","HYPERON-EXPERIMENTAL-SCRIPTS","HYPERON-EXPERIMENTAL-SCRIPTS",""
"","1","SPACE-INTERSECTION-TESTS.04","","Wed Nov 20 21:14:17 GMT 2024","passed","Wed Nov 20 21:14:17 GMT 2024","","HYPERON-METTALOG-SANITY","HYPERON-METTALOG-SANITY",""
"","110","OPERATIONS-OVER-ATOMS---METTA-LANGUAGE1.02","","Wed Nov 20 21:24:55 GMT 2024","failed","Wed Nov 20 21:24:55 GMT 2024","","METTA-LANG","METTA-LANG",""
"","4","SPACE-INTERSECTION-TESTS.15","","Wed Nov 20 21:14:17 GMT 2024","passed","Wed Nov 20 21:14:17 GMT 2024","","HYPERON-METTALOG-SANITY","HYPERON-METTALOG-SANITY",""
"","17","D1-GADT.04","","Wed Nov 20 21:10:52 GMT 2024","passed","Wed Nov 20 21:10:52 GMT 2024","","HYPERON-EXPERIMENTAL-SCRIPTS","HYPERON-EXPERIMENTAL-SCRIPTS",""
"","9000","hyperon-mettalog_sanity.sealed_test","","Wed Nov 20 21:05:48 GMT 2024","passed","Wed Nov 20 21:05:57 GMT 2024","","WHOLE-TESTS","WHOLE-TESTS",""
"","3","D4-TYPE-PROP.02","","Wed Nov 20 21:50:36 GMT 2024","passed","Wed Nov 20 21:50:36 GMT 2024","","QUICK","QUICK",""
"","2","PY-TYPES.02","","Wed Nov 20 21:14:17 GMT 2024","passed","Wed Nov 20 21:14:17 GMT 2024","","HYPERON-METTALOG-SANITY","HYPERON-METTALOG-SANITY",""
"","352","TMPMATCH1.05","","Wed Nov 20 21:05:56 GMT 2024","failed","Wed Nov 20 21:05:56 GMT 2024","","ANTI-REGRESSION","ANTI-REGRESSION",""
"","3","D1-GADT.10","","Wed Nov 20 21:10:52 GMT 2024","passed","Wed Nov 20 21:10:52 GMT 2024","","HYPERON-EXPERIMENTAL-SCRIPTS","HYPERON-EXPERIMENTAL-SCRIPTS",""
"","99","HANDLING-NONDETERMINISTIC-RESULTS---METTA-LANGUAGE3.02","","Wed Nov 20 21:24:55 GMT 2024","failed","Wed Nov 20 21:24:55 GMT 2024","","METTA-LANG","METTA-LANG",""
"","18","F1-IMPORTS.04","","Wed Nov 20 21:05:39 GMT 2024","failed","Wed Nov 20 21:05:39 GMT 2024","","MODULE-SYSTEM","MODULE-SYSTEM",""
"","2","OUTPUT-LOAD-TESTS.08","","Wed Nov 20 21:14:17 GMT 2024","passed","Wed Nov 20 21:14:17 GMT 2024","","HYPERON-METTALOG-SANITY","HYPERON-METTALOG-SANITY",""
"","57","B5-TYPES-PRELIM.02","","Wed Nov 20 21:10:52 GMT 2024","failed","Wed Nov 20 21:10:52 GMT 2024","","HYPERON-EXPERIMENTAL-SCRIPTS","HYPERON-EXPERIMENTAL-SCRIPTS",""
"","11","CONCRETE-TYPES---METTA-LANGUAGE13.02","","Wed Nov 20 21:24:55 GMT 2024","failed","Wed Nov 20 21:24:55 GMT 2024","","METTA-LANG","METTA-LANG",""
"","1","STATES-SPACES.05","","Wed Nov 20 21:46:24 GMT 2024","passed","Wed Nov 20 21:46:24 GMT 2024","","METTA-MORPH-TESTS","METTA-MORPH-TESTS",""
"","2","C1-GROUNDED-BASIC.07","","Wed Nov 20 21:50:36 GMT 2024","passed","Wed Nov 20 21:50:36 GMT 2024","","QUICK","QUICK",""
"","4","SPACE-INTERSECTION-TESTS.06","","Wed Nov 20 21:14:17 GMT 2024","passed","Wed Nov 20 21:14:17 GMT 2024","","HYPERON-METTALOG-SANITY","HYPERON-METTALOG-SANITY",""
"","2","C1-GROUNDED-BASIC.05","","Wed Nov 20 21:10:52 GMT 2024","passed","Wed Nov 20 21:10:52 GMT 2024","","HYPERON-EXPERIMENTAL-SCRIPTS","HYPERON-EXPERIMENTAL-SCRIPTS",""
"","2","D4-TYPE-PROP.13","","Wed Nov 20 21:50:36 GMT 2024","passed","Wed Nov 20 21:50:36 GMT 2024","","QUICK","QUICK",""
"","3","D2-HIGHERFUNC.09","","Wed Nov 20 21:50:36 GMT 2024","passed","Wed Nov 20 21:50:36 GMT 2024","","QUICK","QUICK",""
"","9000","metta-morph_tests.let_superpose_list","","Wed Nov 20 21:05:48 GMT 2024","passed","Wed Nov 20 21:05:57 GMT 2024","","WHOLE-TESTS","WHOLE-TESTS",""
"","3","CALL-CLEANUP-TESTS.07","","Wed Nov 20 21:14:17 GMT 2024","passed","Wed Nov 20 21:14:17 GMT 2024","","HYPERON-METTALOG-SANITY","HYPERON-METTALOG-SANITY",""
"","1","TEST-IF-CLOSED.05","","Wed Nov 20 21:05:56 GMT 2024","passed","Wed Nov 20 21:05:56 GMT 2024","","ANTI-REGRESSION","ANTI-REGRESSION",""
"","9000","metta_lang.Handling_nondeterministic_results___MeTTa_Language5","","Wed Nov 20 21:05:48 GMT 2024","passed","Wed Nov 20 21:05:57 GMT 2024","","WHOLE-TESTS","WHOLE-TESTS",""
"","112","INTERSECTION-TESTS.21","","Wed Nov 20 21:14:17 GMT 2024","passed","Wed Nov 20 21:14:17 GMT 2024","","HYPERON-METTALOG-SANITY","HYPERON-METTALOG-SANITY",""
"","5","SEALED-TEST.05","","Wed Nov 20 21:14:17 GMT 2024","passed","Wed Nov 20 21:14:17 GMT 2024","","HYPERON-METTALOG-SANITY","HYPERON-METTALOG-SANITY",""
"","2","TMPMATCH2.01","","Wed Nov 20 21:05:56 GMT 2024","passed","Wed Nov 20 21:05:56 GMT 2024","","ANTI-REGRESSION","ANTI-REGRESSION",""
"","3","02-CURRIED-PLUS.01","","Wed Nov 20 21:14:17 GMT 2024","passed","Wed Nov 20 21:14:17 GMT 2024","","HYPERON-METTALOG-SANITY","HYPERON-METTALOG-SANITY",""
"","7","MINIMAL-METTA-TESTS.02","","Wed Nov 20 21:14:17 GMT 2024","failed","Wed Nov 20 21:14:17 GMT 2024","","HYPERON-METTALOG-SANITY","HYPERON-METTALOG-SANITY",""
"","4","RECURSION-AND-CONTROL---METTA-LANGUAGE7.03","","Wed Nov 20 21:24:55 GMT 2024","passed","Wed Nov 20 21:24:55 GMT 2024","","METTA-LANG","METTA-LANG",""
"","3","CONTROL-FLOW---METTA-LANGUAGE15.03","","Wed Nov 20 21:24:55 GMT 2024","passed","Wed Nov 20 21:24:55 GMT 2024","","METTA-LANG","METTA-LANG",""
"","9000","metta_lang.Basic_evaluation___MeTTa_Language4","","Wed Nov 20 21:05:48 GMT 2024","passed","Wed Nov 20 21:05:57 GMT 2024","","WHOLE-TESTS","WHOLE-TESTS",""
"","13","D5-AUTO-TYPES.06","","Wed Nov 20 21:10:52 GMT 2024","passed","Wed Nov 20 21:10:52 GMT 2024","","HYPERON-EXPERIMENTAL-SCRIPTS","HYPERON-EXPERIMENTAL-SCRIPTS",""
"","2","INTERSECTION-TESTS.14","","Wed Nov 20 21:14:17 GMT 2024","passed","Wed Nov 20 21:14:17 GMT 2024","","HYPERON-METTALOG-SANITY","HYPERON-METTALOG-SANITY",""
"","9000","metta_lang.Control_flow___MeTTa_Language8","","Wed Nov 20 21:05:48 GMT 2024","passed","Wed Nov 20 21:05:57 GMT 2024","","WHOLE-TESTS","WHOLE-TESTS",""
"","8000","hyperon-mettalog_sanity.02-curried-plus","","Wed Nov 20 21:05:48 GMT 2024","passed","Wed Nov 20 21:05:56 GMT 2024","","WHOLE-TESTS","WHOLE-TESTS",""
"","45","CONTROLLING-PATTERN-MATCHING---METTA-LANGUAGE9.03","","Wed Nov 20 21:24:55 GMT 2024","failed","Wed Nov 20 21:24:55 GMT 2024","","METTA-LANG","METTA-LANG",""
"","15","RECURSIVE-AND-PARAMETRIC-TYPES---METTA-LANGUAGE6.03","","Wed Nov 20 21:24:55 GMT 2024","passed","Wed Nov 20 21:24:55 GMT 2024","","METTA-LANG","METTA-LANG",""
"","9000","hyperon-mettalog_sanity.find_all_tests","","Wed Nov 20 21:05:48 GMT 2024","passed","Wed Nov 20 21:05:57 GMT 2024","","WHOLE-TESTS","WHOLE-TESTS",""
"","111","MINIMAL-METTA-TESTS.07","","Wed Nov 20 21:14:17 GMT 2024","failed","Wed Nov 20 21:14:17 GMT 2024","","HYPERON-METTALOG-SANITY","HYPERON-METTALOG-SANITY",""
"","1","OR-TEST.10","","Wed Nov 20 21:14:17 GMT 2024","passed","Wed Nov 20 21:14:17 GMT 2024","","HYPERON-METTALOG-SANITY","HYPERON-METTALOG-SANITY",""
"","15","ARITY-TESTS.02","","Wed Nov 20 21:14:17 GMT 2024","failed","Wed Nov 20 21:14:17 GMT 2024","","HYPERON-METTALOG-SANITY","HYPERON-METTALOG-SANITY",""
"","2","CALL-TESTS.09","","Wed Nov 20 21:14:17 GMT 2024","passed","Wed Nov 20 21:14:17 GMT 2024","","HYPERON-METTALOG-SANITY","HYPERON-METTALOG-SANITY",""
"","8000","hyperon-experimental_scripts.c2_spaces","","Wed Nov 20 21:05:48 GMT 2024","passed","Wed Nov 20 21:05:56 GMT 2024","","WHOLE-TESTS","WHOLE-TESTS",""
"","1","MAX-TIME-TESTS.02","","Wed Nov 20 21:14:17 GMT 2024","passed","Wed Nov 20 21:14:17 GMT 2024","","HYPERON-METTALOG-SANITY","HYPERON-METTALOG-SANITY",""
"","1","MATCH-VOID.02","","Wed Nov 20 21:46:24 GMT 2024","passed","Wed Nov 20 21:46:24 GMT 2024","","METTA-MORPH-TESTS","METTA-MORPH-TESTS",""
"","2","FUNCTIONS-AND-UNIFICATION---METTA-LANGUAGE7.03","","Wed Nov 20 21:24:55 GMT 2024","passed","Wed Nov 20 21:24:55 GMT 2024","","METTA-LANG","METTA-LANG",""
"","1","C1-GROUNDED-BASIC.21","","Wed Nov 20 21:50:36 GMT 2024","passed","Wed Nov 20 21:50:36 GMT 2024","","QUICK","QUICK",""
"","3","F1-IMPORTS.01","","Wed Nov 20 21:10:52 GMT 2024","passed","Wed Nov 20 21:10:52 GMT 2024","","HYPERON-EXPERIMENTAL-SCRIPTS","HYPERON-EXPERIMENTAL-SCRIPTS",""
"","30000","metta-wam-issue-116.test_spo_116378","","Wed Nov 20 21:05:48 GMT 2024","passed","Wed Nov 20 21:06:18 GMT 2024","","WHOLE-TESTS","WHOLE-TESTS",""
"","2","HYPERPOSE.09","","Wed Nov 20 21:46:24 GMT 2024","passed","Wed Nov 20 21:46:24 GMT 2024","","METTA-MORPH-TESTS","METTA-MORPH-TESTS",""
"","86","MINIMAL-METTA-TESTS.15","","Wed Nov 20 21:14:17 GMT 2024","passed","Wed Nov 20 21:14:17 GMT 2024","","HYPERON-METTALOG-SANITY","HYPERON-METTALOG-SANITY",""
"","14","CALL-TESTS.02","","Wed Nov 20 21:14:17 GMT 2024","passed","Wed Nov 20 21:14:17 GMT 2024","","HYPERON-METTALOG-SANITY","HYPERON-METTALOG-SANITY",""
"","3","B5-TYPES-PRELIM.06","","Wed Nov 20 21:10:52 GMT 2024","passed","Wed Nov 20 21:10:52 GMT 2024","","HYPERON-EXPERIMENTAL-SCRIPTS","HYPERON-EXPERIMENTAL-SCRIPTS",""
"","8000","metta_lang.Working_with_spaces___MeTTa_Language3","","Wed Nov 20 21:05:48 GMT 2024","passed","Wed Nov 20 21:05:56 GMT 2024","","WHOLE-TESTS","WHOLE-TESTS",""
"","4","BCHAIN.01","","Wed Nov 20 21:05:56 GMT 2024","passed","Wed Nov 20 21:05:56 GMT 2024","","ANTI-REGRESSION","ANTI-REGRESSION",""
"","2","WORKING-WITH-SPACES---METTA-LANGUAGE1.04","","Wed Nov 20 21:24:55 GMT 2024","passed","Wed Nov 20 21:24:55 GMT 2024","","METTA-LANG","METTA-LANG",""
"","2","RECURSION-AND-CONTROL---METTA-LANGUAGE3.02","","Wed Nov 20 21:24:55 GMT 2024","passed","Wed Nov 20 21:24:55 GMT 2024","","METTA-LANG","METTA-LANG",""
"","2","RECURSION-AND-CONTROL---METTA-LANGUAGE3.05","","Wed Nov 20 21:24:55 GMT 2024","passed","Wed Nov 20 21:24:55 GMT 2024","","METTA-LANG","METTA-LANG",""
"","2","ARITY-TESTS.03","","Wed Nov 20 21:14:17 GMT 2024","passed","Wed Nov 20 21:14:17 GMT 2024","","HYPERON-METTALOG-SANITY","HYPERON-METTALOG-SANITY",""
"","5","MULTIFUNCTION.01","","Wed Nov 20 21:46:24 GMT 2024","passed","Wed Nov 20 21:46:24 GMT 2024","","METTA-MORPH-TESTS","METTA-MORPH-TESTS",""
"","1","SPACE-SUBTRACTION-TESTS.03","","Wed Nov 20 21:14:17 GMT 2024","passed","Wed Nov 20 21:14:17 GMT 2024","","HYPERON-METTALOG-SANITY","HYPERON-METTALOG-SANITY",""
"","14","D4-TYPE-PROP.03","","Wed Nov 20 21:50:36 GMT 2024","passed","Wed Nov 20 21:50:36 GMT 2024","","QUICK","QUICK",""
"","2","HANDLING-NONDETERMINISTIC-RESULTS---METTA-LANGUAGE7.03","","Wed Nov 20 21:24:55 GMT 2024","passed","Wed Nov 20 21:24:55 GMT 2024","","METTA-LANG","METTA-LANG",""
"","2","SUPERPOSE-NESTED.04","","Wed Nov 20 21:46:24 GMT 2024","passed","Wed Nov 20 21:46:24 GMT 2024","","METTA-MORPH-TESTS","METTA-MORPH-TESTS",""
"","1","C1-GROUNDED-BASIC.04","","Wed Nov 20 21:50:36 GMT 2024","passed","Wed Nov 20 21:50:36 GMT 2024","","QUICK","QUICK",""
"","1","LIMIT-TESTS.05","","Wed Nov 20 21:14:17 GMT 2024","passed","Wed Nov 20 21:14:17 GMT 2024","","HYPERON-METTALOG-SANITY","HYPERON-METTALOG-SANITY",""
"","3","A1-SYMBOLS.03","","Wed Nov 20 21:10:52 GMT 2024","passed","Wed Nov 20 21:10:52 GMT 2024","","HYPERON-EXPERIMENTAL-SCRIPTS","HYPERON-EXPERIMENTAL-SCRIPTS",""
"","182","TIME-SYNTHESIZE-LONG.03","","Wed Nov 20 21:22:07 GMT 2024","failed","Wed Nov 20 21:22:07 GMT 2024","","SYNTH-BUFFER","SYNTH-BUFFER",""
"","9000","metta_lang.Basic_grounded_functions___MeTTa_Language5","","Wed Nov 20 21:05:48 GMT 2024","passed","Wed Nov 20 21:05:57 GMT 2024","","WHOLE-TESTS","WHOLE-TESTS",""
"","2","BCHAIN.06","","Wed Nov 20 21:05:56 GMT 2024","passed","Wed Nov 20 21:05:56 GMT 2024","","ANTI-REGRESSION","ANTI-REGRESSION",""
"","5","LET-SUPERPOSE-IF-CASE.01","","Wed Nov 20 21:46:24 GMT 2024","passed","Wed Nov 20 21:46:24 GMT 2024","","METTA-MORPH-TESTS","METTA-MORPH-TESTS",""
"","123","SPACE-INTERSECTION-TESTS.08","","Wed Nov 20 21:14:17 GMT 2024","failed","Wed Nov 20 21:14:17 GMT 2024","","HYPERON-METTALOG-SANITY","HYPERON-METTALOG-SANITY",""
"","2","B5-TYPES-PRELIM.10","","Wed Nov 20 21:10:52 GMT 2024","passed","Wed Nov 20 21:10:52 GMT 2024","","HYPERON-EXPERIMENTAL-SCRIPTS","HYPERON-EXPERIMENTAL-SCRIPTS",""
"","11483","TIME-SYNTHESIZE.02","","Wed Nov 20 21:22:07 GMT 2024","failed","Wed Nov 20 21:22:18 GMT 2024","","SYNTH-BUFFER","SYNTH-BUFFER",""
"","9000","metta_lang.Basic_grounded_functions___MeTTa_Language2","","Wed Nov 20 21:05:48 GMT 2024","passed","Wed Nov 20 21:05:57 GMT 2024","","WHOLE-TESTS","WHOLE-TESTS",""
"","68","RECURSIVE-AND-PARAMETRIC-TYPES---METTA-LANGUAGE4.02","","Wed Nov 20 21:24:55 GMT 2024","failed","Wed Nov 20 21:24:55 GMT 2024","","METTA-LANG","METTA-LANG",""
"","3","00-LANG-CASE.01","","Wed Nov 20 21:14:17 GMT 2024","passed","Wed Nov 20 21:14:17 GMT 2024","","HYPERON-METTALOG-SANITY","HYPERON-METTALOG-SANITY",""
"","2","STRING-TESTS.21","","Wed Nov 20 21:14:17 GMT 2024","passed","Wed Nov 20 21:14:17 GMT 2024","","HYPERON-METTALOG-SANITY","HYPERON-METTALOG-SANITY",""
"","5","STATES-SPACES.01","","Wed Nov 20 21:46:24 GMT 2024","passed","Wed Nov 20 21:46:24 GMT 2024","","METTA-MORPH-TESTS","METTA-MORPH-TESTS",""
"","2","FREE-VARIABLES-AND-NONDETERMINISM-AGAIN,-RECURSIVELY---METTA-LANGUAGE1.03","","Wed Nov 20 21:24:55 GMT 2024","passed","Wed Nov 20 21:24:55 GMT 2024","","METTA-LANG","METTA-LANG",""
"","51","WORKING-WITH-SPACES---METTA-LANGUAGE8.06","","Wed Nov 20 21:24:55 GMT 2024","failed","Wed Nov 20 21:24:55 GMT 2024","","METTA-LANG","METTA-LANG",""
"","5","CONTROLLING-PATTERN-MATCHING---METTA-LANGUAGE8.01","","Wed Nov 20 21:24:55 GMT 2024","passed","Wed Nov 20 21:24:55 GMT 2024","","METTA-LANG","METTA-LANG",""
"","8000","metta-morph_tests.identity","","Wed Nov 20 21:05:48 GMT 2024","passed","Wed Nov 20 21:05:56 GMT 2024","","WHOLE-TESTS","WHOLE-TESTS",""
"","4","HANDLING-NONDETERMINISTIC-RESULTS---METTA-LANGUAGE5.01","","Wed Nov 20 21:24:55 GMT 2024","passed","Wed Nov 20 21:24:55 GMT 2024","","METTA-LANG","METTA-LANG",""
"","9000","hyperon-mettalog_sanity.06_match_in_space","","Wed Nov 20 21:05:48 GMT 2024","passed","Wed Nov 20 21:05:57 GMT 2024","","WHOLE-TESTS","WHOLE-TESTS",""
"","9000","metta_lang.Handling_nondeterministic_results___MeTTa_Language8","","Wed Nov 20 21:05:48 GMT 2024","passed","Wed Nov 20 21:05:57 GMT 2024","","WHOLE-TESTS","WHOLE-TESTS",""
"","15","D1-GADT.09","","Wed Nov 20 21:10:52 GMT 2024","passed","Wed Nov 20 21:10:52 GMT 2024","","HYPERON-EXPERIMENTAL-SCRIPTS","HYPERON-EXPERIMENTAL-SCRIPTS",""
"","3","E2-STATES.02","","Wed Nov 20 21:10:52 GMT 2024","passed","Wed Nov 20 21:10:52 GMT 2024","","HYPERON-EXPERIMENTAL-SCRIPTS","HYPERON-EXPERIMENTAL-SCRIPTS",""
"","8000","metta_lang.Basic_evaluation___MeTTa_Language13","","Wed Nov 20 21:05:48 GMT 2024","passed","Wed Nov 20 21:05:56 GMT 2024","","WHOLE-TESTS","WHOLE-TESTS",""
"","89","PY-TYPES.03","","Wed Nov 20 21:14:17 GMT 2024","passed","Wed Nov 20 21:14:17 GMT 2024","","HYPERON-METTALOG-SANITY","HYPERON-METTALOG-SANITY",""
"","9000","metta_lang.Working_with_spaces___MeTTa_Language11","","Wed Nov 20 21:05:48 GMT 2024","passed","Wed Nov 20 21:05:57 GMT 2024","","WHOLE-TESTS","WHOLE-TESTS",""
"","1","D1-GADT.07","","Wed Nov 20 21:50:36 GMT 2024","passed","Wed Nov 20 21:50:36 GMT 2024","","QUICK","QUICK",""
"","3","B4-NONDETERM.04","","Wed Nov 20 21:10:52 GMT 2024","passed","Wed Nov 20 21:10:52 GMT 2024","","HYPERON-EXPERIMENTAL-SCRIPTS","HYPERON-EXPERIMENTAL-SCRIPTS",""
"","9000","hyperon-experimental_scripts.d3_deptypes","","Wed Nov 20 21:05:48 GMT 2024","passed","Wed Nov 20 21:05:57 GMT 2024","","WHOLE-TESTS","WHOLE-TESTS",""
"","1","B5-TYPES-PRELIM.25","","Wed Nov 20 21:10:52 GMT 2024","passed","Wed Nov 20 21:10:52 GMT 2024","","HYPERON-EXPERIMENTAL-SCRIPTS","HYPERON-EXPERIMENTAL-SCRIPTS",""
"","2","CALL-CLEANUP-TESTS.09","","Wed Nov 20 21:14:17 GMT 2024","passed","Wed Nov 20 21:14:17 GMT 2024","","HYPERON-METTALOG-SANITY","HYPERON-METTALOG-SANITY",""
"","4","QUERYING-SPACE-CONTENT---METTA-LANGUAGE5.01","","Wed Nov 20 21:24:55 GMT 2024","passed","Wed Nov 20 21:24:55 GMT 2024","","METTA-LANG","METTA-LANG",""
"","3","C1-GROUNDED-BASIC.07","","Wed Nov 20 21:10:52 GMT 2024","passed","Wed Nov 20 21:10:52 GMT 2024","","HYPERON-EXPERIMENTAL-SCRIPTS","HYPERON-EXPERIMENTAL-SCRIPTS",""
"","3","UNIQUE-TEST.08","","Wed Nov 20 21:14:17 GMT 2024","passed","Wed Nov 20 21:14:17 GMT 2024","","HYPERON-METTALOG-SANITY","HYPERON-METTALOG-SANITY",""
"","4","CONTROL-FLOW---METTA-LANGUAGE11.01","","Wed Nov 20 21:24:55 GMT 2024","passed","Wed Nov 20 21:24:55 GMT 2024","","METTA-LANG","METTA-LANG",""
"","2","RECURSIVE-AND-PARAMETRIC-TYPES---METTA-LANGUAGE2.04","","Wed Nov 20 21:24:55 GMT 2024","passed","Wed Nov 20 21:24:55 GMT 2024","","METTA-LANG","METTA-LANG",""
"","9000","hyperon-experimental_scripts.b5_types_prelim","","Wed Nov 20 21:05:48 GMT 2024","passed","Wed Nov 20 21:05:57 GMT 2024","","WHOLE-TESTS","WHOLE-TESTS",""
"","126","WHAT-EVALS-OR-NOT.01","","Wed Nov 20 21:14:17 GMT 2024","failed","Wed Nov 20 21:14:17 GMT 2024","","HYPERON-METTALOG-SANITY","HYPERON-METTALOG-SANITY",""
"","2","TMPMATCH1.04","","Wed Nov 20 21:05:56 GMT 2024","passed","Wed Nov 20 21:05:56 GMT 2024","","ANTI-REGRESSION","ANTI-REGRESSION",""
"","1","CONTROLLING-PATTERN-MATCHING---METTA-LANGUAGE12.06","","Wed Nov 20 21:24:55 GMT 2024","passed","Wed Nov 20 21:24:55 GMT 2024","","METTA-LANG","METTA-LANG",""
"","1","CONTROLLING-PATTERN-MATCHING---METTA-LANGUAGE4.04","","Wed Nov 20 21:24:55 GMT 2024","passed","Wed Nov 20 21:24:55 GMT 2024","","METTA-LANG","METTA-LANG",""
"","25","CONTROL-FLOW---METTA-LANGUAGE8.01","","Wed Nov 20 21:24:55 GMT 2024","passed","Wed Nov 20 21:24:55 GMT 2024","","METTA-LANG","METTA-LANG",""
"","2","RECURSIVE-AND-PARAMETRIC-TYPES---METTA-LANGUAGE9.02","","Wed Nov 20 21:24:55 GMT 2024","passed","Wed Nov 20 21:24:55 GMT 2024","","METTA-LANG","METTA-LANG",""
"","4","SEQUENTIAL-NESTED.01","","Wed Nov 20 21:46:24 GMT 2024","passed","Wed Nov 20 21:46:24 GMT 2024","","METTA-MORPH-TESTS","METTA-MORPH-TESTS",""
"","2","F1-MODULEA.05","","Wed Nov 20 21:10:52 GMT 2024","passed","Wed Nov 20 21:10:52 GMT 2024","","HYPERON-EXPERIMENTAL-SCRIPTS","HYPERON-EXPERIMENTAL-SCRIPTS",""
"","2","FIND-ALL-TESTS.02","","Wed Nov 20 21:14:17 GMT 2024","passed","Wed Nov 20 21:14:17 GMT 2024","","HYPERON-METTALOG-SANITY","HYPERON-METTALOG-SANITY",""
"","58","BASIC-GROUNDED-FUNCTIONS---METTA-LANGUAGE3.02","","Wed Nov 20 21:24:55 GMT 2024","failed","Wed Nov 20 21:24:55 GMT 2024","","METTA-LANG","METTA-LANG",""
"","9000","hyperon-mettalog_sanity.base_test_repr_parse_intersection","","Wed Nov 20 21:05:48 GMT 2024","passed","Wed Nov 20 21:05:57 GMT 2024","","WHOLE-TESTS","WHOLE-TESTS",""
"","5","SPACE-INTERSECTION-TESTS.01","","Wed Nov 20 21:14:17 GMT 2024","passed","Wed Nov 20 21:14:17 GMT 2024","","HYPERON-METTALOG-SANITY","HYPERON-METTALOG-SANITY",""
"","123","OPERATIONS-OVER-ATOMS---METTA-LANGUAGE2.02","","Wed Nov 20 21:24:55 GMT 2024","failed","Wed Nov 20 21:24:55 GMT 2024","","METTA-LANG","METTA-LANG",""
"","9000","hyperon-experimental_scripts.c3_pln_stv","","Wed Nov 20 21:05:48 GMT 2024","passed","Wed Nov 20 21:05:57 GMT 2024","","WHOLE-TESTS","WHOLE-TESTS",""
"","3","FUNCTIONAL-PROGRAMMING-TESTS.09","","Wed Nov 20 21:14:17 GMT 2024","passed","Wed Nov 20 21:14:17 GMT 2024","","HYPERON-METTALOG-SANITY","HYPERON-METTALOG-SANITY",""
"","3","B4-NONDETERM.09","","Wed Nov 20 21:10:52 GMT 2024","passed","Wed Nov 20 21:10:52 GMT 2024","","HYPERON-EXPERIMENTAL-SCRIPTS","HYPERON-EXPERIMENTAL-SCRIPTS",""
"","3","C1-GROUNDED-BASIC.16","","Wed Nov 20 21:10:52 GMT 2024","passed","Wed Nov 20 21:10:52 GMT 2024","","HYPERON-EXPERIMENTAL-SCRIPTS","HYPERON-EXPERIMENTAL-SCRIPTS",""
"","2","CONTROLLING-PATTERN-MATCHING---METTA-LANGUAGE11.03","","Wed Nov 20 21:24:55 GMT 2024","passed","Wed Nov 20 21:24:55 GMT 2024","","METTA-LANG","METTA-LANG",""
"","2","B2-BACKCHAIN.01","","Wed Nov 20 21:10:52 GMT 2024","passed","Wed Nov 20 21:10:52 GMT 2024","","HYPERON-EXPERIMENTAL-SCRIPTS","HYPERON-EXPERIMENTAL-SCRIPTS",""
"","3","CALL-TESTS.03","","Wed Nov 20 21:14:17 GMT 2024","passed","Wed Nov 20 21:14:17 GMT 2024","","HYPERON-METTALOG-SANITY","HYPERON-METTALOG-SANITY",""
"","129","PY-TYPES.04","","Wed Nov 20 21:14:17 GMT 2024","passed","Wed Nov 20 21:14:17 GMT 2024","","HYPERON-METTALOG-SANITY","HYPERON-METTALOG-SANITY",""
"","13","D2-HIGHERFUNC.22","","Wed Nov 20 21:10:52 GMT 2024","passed","Wed Nov 20 21:10:52 GMT 2024","","HYPERON-EXPERIMENTAL-SCRIPTS","HYPERON-EXPERIMENTAL-SCRIPTS",""
"","8000","metta-morph_tests.if","","Wed Nov 20 21:05:48 GMT 2024","passed","Wed Nov 20 21:05:56 GMT 2024","","WHOLE-TESTS","WHOLE-TESTS",""
"","9000","metta_lang.Working_with_spaces___MeTTa_Language9","","Wed Nov 20 21:05:48 GMT 2024","passed","Wed Nov 20 21:05:57 GMT 2024","","WHOLE-TESTS","WHOLE-TESTS",""
"","101","MINIMAL-METTA-TESTS.37","","Wed Nov 20 21:14:17 GMT 2024","failed","Wed Nov 20 21:14:17 GMT 2024","","HYPERON-METTALOG-SANITY","HYPERON-METTALOG-SANITY",""
"","9000","anti-regression.test_if_closed","","Wed Nov 20 21:05:48 GMT 2024","passed","Wed Nov 20 21:05:57 GMT 2024","","WHOLE-TESTS","WHOLE-TESTS",""
"","1","C1-GROUNDED-BASIC.03","","Wed Nov 20 21:50:36 GMT 2024","passed","Wed Nov 20 21:50:36 GMT 2024","","QUICK","QUICK",""
"","8000","hyperon-mettalog_sanity.03-soring-via-insert","","Wed Nov 20 21:05:48 GMT 2024","passed","Wed Nov 20 21:05:56 GMT 2024","","WHOLE-TESTS","WHOLE-TESTS",""
"","2","LIMIT-TESTS.17","","Wed Nov 20 21:14:17 GMT 2024","passed","Wed Nov 20 21:14:17 GMT 2024","","HYPERON-METTALOG-SANITY","HYPERON-METTALOG-SANITY",""
"","2","CONTROL-FLOW---METTA-LANGUAGE16.07","","Wed Nov 20 21:24:55 GMT 2024","passed","Wed Nov 20 21:24:55 GMT 2024","","METTA-LANG","METTA-LANG",""
"","1","D4-TYPE-PROP.17","","Wed Nov 20 21:50:36 GMT 2024","passed","Wed Nov 20 21:50:36 GMT 2024","","QUICK","QUICK",""
"","9000","metta_lang.Recursion_and_control___MeTTa_Language2","","Wed Nov 20 21:05:48 GMT 2024","passed","Wed Nov 20 21:05:57 GMT 2024","","WHOLE-TESTS","WHOLE-TESTS",""
"","2","CONTROLLING-PATTERN-MATCHING---METTA-LANGUAGE5.02","","Wed Nov 20 21:24:55 GMT 2024","passed","Wed Nov 20 21:24:55 GMT 2024","","METTA-LANG","METTA-LANG",""
"","9000","metta_lang.Functions_and_unification___MeTTa_Language4","","Wed Nov 20 21:05:48 GMT 2024","passed","Wed Nov 20 21:05:57 GMT 2024","","WHOLE-TESTS","WHOLE-TESTS",""
"","3","STRING-TESTS.17","","Wed Nov 20 21:14:17 GMT 2024","passed","Wed Nov 20 21:14:17 GMT 2024","","HYPERON-METTALOG-SANITY","HYPERON-METTALOG-SANITY",""
"","5","NESTED-QUERIES-AND-RECURSIVE-GRAPH-TRAVERSAL---METTA-LANGUAGE2.01","","Wed Nov 20 21:24:55 GMT 2024","passed","Wed Nov 20 21:24:55 GMT 2024","","METTA-LANG","METTA-LANG",""
"","3","CONTROL-FLOW---METTA-LANGUAGE14.01","","Wed Nov 20 21:24:55 GMT 2024","passed","Wed Nov 20 21:24:55 GMT 2024","","METTA-LANG","METTA-LANG",""
"","1","INTERSECTION-TESTS.09","","Wed Nov 20 21:14:17 GMT 2024","passed","Wed Nov 20 21:14:17 GMT 2024","","HYPERON-METTALOG-SANITY","HYPERON-METTALOG-SANITY",""
"","9000","metta_lang.Metatypes___MeTTa_Language2","","Wed Nov 20 21:05:48 GMT 2024","passed","Wed Nov 20 21:05:57 GMT 2024","","WHOLE-TESTS","WHOLE-TESTS",""
"","7","CONTROLLING-PATTERN-MATCHING---METTA-LANGUAGE6.02","","Wed Nov 20 21:24:55 GMT 2024","failed","Wed Nov 20 21:24:55 GMT 2024","","METTA-LANG","METTA-LANG",""
"","3","METTALOGTESTCURRIED2.02","","Wed Nov 20 21:05:56 GMT 2024","passed","Wed Nov 20 21:05:56 GMT 2024","","ANTI-REGRESSION","ANTI-REGRESSION",""
"","1","D2-HIGHERFUNC.16","","Wed Nov 20 21:50:36 GMT 2024","passed","Wed Nov 20 21:50:36 GMT 2024","","QUICK","QUICK",""
"","114","OR-TEST.20","","Wed Nov 20 21:14:17 GMT 2024","failed","Wed Nov 20 21:14:17 GMT 2024","","HYPERON-METTALOG-SANITY","HYPERON-METTALOG-SANITY",""
"","9000","metta_lang.Controlling_pattern_matching___MeTTa_Language6","","Wed Nov 20 21:05:48 GMT 2024","passed","Wed Nov 20 21:05:57 GMT 2024","","WHOLE-TESTS","WHOLE-TESTS",""
"","2","XOR-TEST.07","","Wed Nov 20 21:14:17 GMT 2024","passed","Wed Nov 20 21:14:17 GMT 2024","","HYPERON-METTALOG-SANITY","HYPERON-METTALOG-SANITY",""
"","63","RUST-TESTS.08","","Wed Nov 20 21:14:17 GMT 2024","failed","Wed Nov 20 21:14:17 GMT 2024","","HYPERON-METTALOG-SANITY","HYPERON-METTALOG-SANITY",""
"","2","RUST-02.01","","Wed Nov 20 21:51:29 GMT 2024","passed","Wed Nov 20 21:51:29 GMT 2024","","BASELINE-COMPAT","BASELINE-COMPAT",""
"","4","OPERATIONS-OVER-ATOMS---METTA-LANGUAGE7.01","","Wed Nov 20 21:24:55 GMT 2024","passed","Wed Nov 20 21:24:55 GMT 2024","","METTA-LANG","METTA-LANG",""
"","5","CONTROL-FLOW---METTA-LANGUAGE4.01","","Wed Nov 20 21:24:55 GMT 2024","passed","Wed Nov 20 21:24:55 GMT 2024","","METTA-LANG","METTA-LANG",""
"","2","INTERSECTION-TESTS.10","","Wed Nov 20 21:14:17 GMT 2024","passed","Wed Nov 20 21:14:17 GMT 2024","","HYPERON-METTALOG-SANITY","HYPERON-METTALOG-SANITY",""
"","1","D4-TYPE-PROP.08","","Wed Nov 20 21:10:52 GMT 2024","passed","Wed Nov 20 21:10:52 GMT 2024","","HYPERON-EXPERIMENTAL-SCRIPTS","HYPERON-EXPERIMENTAL-SCRIPTS",""
"","125","CONTROLLING-PATTERN-MATCHING---METTA-LANGUAGE6.03","","Wed Nov 20 21:24:55 GMT 2024","failed","Wed Nov 20 21:24:55 GMT 2024","","METTA-LANG","METTA-LANG",""
"","3","CONTROL-FLOW---METTA-LANGUAGE15.04","","Wed Nov 20 21:24:55 GMT 2024","passed","Wed Nov 20 21:24:55 GMT 2024","","METTA-LANG","METTA-LANG",""
"","1","SUPERPOSE-NESTED.02","","Wed Nov 20 21:46:24 GMT 2024","passed","Wed Nov 20 21:46:24 GMT 2024","","METTA-MORPH-TESTS","METTA-MORPH-TESTS",""
"","2","RECURSION-AND-CONTROL---METTA-LANGUAGE8.02","","Wed Nov 20 21:24:55 GMT 2024","passed","Wed Nov 20 21:24:55 GMT 2024","","METTA-LANG","METTA-LANG",""
"","3","A1-SYMBOLS.02","","Wed Nov 20 21:10:52 GMT 2024","passed","Wed Nov 20 21:10:52 GMT 2024","","HYPERON-EXPERIMENTAL-SCRIPTS","HYPERON-EXPERIMENTAL-SCRIPTS",""
"","2","CONTROLLING-PATTERN-MATCHING---METTA-LANGUAGE10.05","","Wed Nov 20 21:24:55 GMT 2024","passed","Wed Nov 20 21:24:55 GMT 2024","","METTA-LANG","METTA-LANG",""
"","2","OUTPUT-LOAD-TESTS.14","","Wed Nov 20 21:14:17 GMT 2024","passed","Wed Nov 20 21:14:17 GMT 2024","","HYPERON-METTALOG-SANITY","HYPERON-METTALOG-SANITY",""
"","2","E3-MATCH-STATES.04","","Wed Nov 20 21:10:52 GMT 2024","passed","Wed Nov 20 21:10:52 GMT 2024","","HYPERON-EXPERIMENTAL-SCRIPTS","HYPERON-EXPERIMENTAL-SCRIPTS",""
"","9","CONCRETE-TYPES---METTA-LANGUAGE7.03","","Wed Nov 20 21:24:55 GMT 2024","passed","Wed Nov 20 21:24:55 GMT 2024","","METTA-LANG","METTA-LANG",""
"","3","D1-GADT.03","","Wed Nov 20 21:10:52 GMT 2024","passed","Wed Nov 20 21:10:52 GMT 2024","","HYPERON-EXPERIMENTAL-SCRIPTS","HYPERON-EXPERIMENTAL-SCRIPTS",""
"","3","CONSOLE-OUTPUT-AND-DEBUGGING---METTA-LANGUAGE2.04","","Wed Nov 20 21:24:55 GMT 2024","passed","Wed Nov 20 21:24:55 GMT 2024","","METTA-LANG","METTA-LANG",""
"","2","D2-HIGHERFUNC.18","","Wed Nov 20 21:10:52 GMT 2024","passed","Wed Nov 20 21:10:52 GMT 2024","","HYPERON-EXPERIMENTAL-SCRIPTS","HYPERON-EXPERIMENTAL-SCRIPTS",""
"","3","CONTROL-FLOW---METTA-LANGUAGE3.02","","Wed Nov 20 21:24:55 GMT 2024","passed","Wed Nov 20 21:24:55 GMT 2024","","METTA-LANG","METTA-LANG",""
"","53","BASIC-GROUNDED-FUNCTIONS---METTA-LANGUAGE5.03","","Wed Nov 20 21:24:55 GMT 2024","failed","Wed Nov 20 21:24:55 GMT 2024","","METTA-LANG","METTA-LANG",""
"","4","METATYPES---METTA-LANGUAGE1.01","","Wed Nov 20 21:24:55 GMT 2024","passed","Wed Nov 20 21:24:55 GMT 2024","","METTA-LANG","METTA-LANG",""
"","2","METATYPES---METTA-LANGUAGE1.02","","Wed Nov 20 21:24:55 GMT 2024","passed","Wed Nov 20 21:24:55 GMT 2024","","METTA-LANG","METTA-LANG",""
"","143","WORKING-WITH-SPACES---METTA-LANGUAGE1.10","","Wed Nov 20 21:24:55 GMT 2024","failed","Wed Nov 20 21:24:55 GMT 2024","","METTA-LANG","METTA-LANG",""
"","9000","metta_lang.Concrete_types___MeTTa_Language1","","Wed Nov 20 21:05:48 GMT 2024","passed","Wed Nov 20 21:05:57 GMT 2024","","WHOLE-TESTS","WHOLE-TESTS",""
"","2","A1-SYMBOLS.05","","Wed Nov 20 21:10:52 GMT 2024","passed","Wed Nov 20 21:10:52 GMT 2024","","HYPERON-EXPERIMENTAL-SCRIPTS","HYPERON-EXPERIMENTAL-SCRIPTS",""
"","3","LET-SUPERPOSE-LIST.01","","Wed Nov 20 21:46:24 GMT 2024","passed","Wed Nov 20 21:46:24 GMT 2024","","METTA-MORPH-TESTS","METTA-MORPH-TESTS",""
"","77","D2-HIGHERFUNC.07","","Wed Nov 20 21:50:36 GMT 2024","failed","Wed Nov 20 21:50:36 GMT 2024","","QUICK","QUICK",""
"","3","RECURSION-AND-CONTROL---METTA-LANGUAGE9.03","","Wed Nov 20 21:24:55 GMT 2024","passed","Wed Nov 20 21:24:55 GMT 2024","","METTA-LANG","METTA-LANG",""
"","9000","metta_lang.Recursive_and_parametric_types___MeTTa_Language7","","Wed Nov 20 21:05:48 GMT 2024","passed","Wed Nov 20 21:05:57 GMT 2024","","WHOLE-TESTS","WHOLE-TESTS",""
"","9","MINIMAL-METTA-TESTS.44","","Wed Nov 20 21:14:17 GMT 2024","failed","Wed Nov 20 21:14:17 GMT 2024","","HYPERON-METTALOG-SANITY","HYPERON-METTALOG-SANITY",""
"","2","WORKING-WITH-SPACES---METTA-LANGUAGE4.03","","Wed Nov 20 21:24:55 GMT 2024","passed","Wed Nov 20 21:24:55 GMT 2024","","METTA-LANG","METTA-LANG",""
"","4","CONTROLLING-PATTERN-MATCHING---METTA-LANGUAGE11.01","","Wed Nov 20 21:24:55 GMT 2024","passed","Wed Nov 20 21:24:55 GMT 2024","","METTA-LANG","METTA-LANG",""
"","2","CALL-TESTS.04","","Wed Nov 20 21:14:17 GMT 2024","passed","Wed Nov 20 21:14:17 GMT 2024","","HYPERON-METTALOG-SANITY","HYPERON-METTALOG-SANITY",""
"","3","D2-HIGHERFUNC.05","","Wed Nov 20 21:10:52 GMT 2024","passed","Wed Nov 20 21:10:52 GMT 2024","","HYPERON-EXPERIMENTAL-SCRIPTS","HYPERON-EXPERIMENTAL-SCRIPTS",""
"","1","C2-SPACES.03","","Wed Nov 20 21:10:52 GMT 2024","passed","Wed Nov 20 21:10:52 GMT 2024","","HYPERON-EXPERIMENTAL-SCRIPTS","HYPERON-EXPERIMENTAL-SCRIPTS",""
"","2","SPACE-INTERSECTION-TESTS.20","","Wed Nov 20 21:14:17 GMT 2024","passed","Wed Nov 20 21:14:17 GMT 2024","","HYPERON-METTALOG-SANITY","HYPERON-METTALOG-SANITY",""
"","2","C1-GROUNDED-BASIC.19","","Wed Nov 20 21:50:36 GMT 2024","passed","Wed Nov 20 21:50:36 GMT 2024","","QUICK","QUICK",""
"","2","TEST-IF-CLOSED.08","","Wed Nov 20 21:05:56 GMT 2024","passed","Wed Nov 20 21:05:56 GMT 2024","","ANTI-REGRESSION","ANTI-REGRESSION",""
"","8000","metta_lang.Concrete_types___MeTTa_Language14","","Wed Nov 20 21:05:48 GMT 2024","passed","Wed Nov 20 21:05:56 GMT 2024","","WHOLE-TESTS","WHOLE-TESTS",""
"","2","RECURSIVE-AND-PARAMETRIC-TYPES---METTA-LANGUAGE5.02","","Wed Nov 20 21:24:55 GMT 2024","passed","Wed Nov 20 21:24:55 GMT 2024","","METTA-LANG","METTA-LANG",""
"","9000","metta_lang.Controlling_pattern_matching___MeTTa_Language2","","Wed Nov 20 21:05:48 GMT 2024","passed","Wed Nov 20 21:05:57 GMT 2024","","WHOLE-TESTS","WHOLE-TESTS",""
"","384","TESTS0.06","","Wed Nov 20 21:46:24 GMT 2024","passed","Wed Nov 20 21:46:24 GMT 2024","","METTA-MORPH-TESTS","METTA-MORPH-TESTS",""
"","69","EVAL-FOR-TESTS.14","","Wed Nov 20 21:14:17 GMT 2024","failed","Wed Nov 20 21:14:17 GMT 2024","","HYPERON-METTALOG-SANITY","HYPERON-METTALOG-SANITY",""
"","8000","module-system.f1_moduleA","","Wed Nov 20 21:05:48 GMT 2024","passed","Wed Nov 20 21:05:56 GMT 2024","","WHOLE-TESTS","WHOLE-TESTS",""
"","3","INTERSECTION-TESTS.20","","Wed Nov 20 21:14:17 GMT 2024","passed","Wed Nov 20 21:14:17 GMT 2024","","HYPERON-METTALOG-SANITY","HYPERON-METTALOG-SANITY",""
"","5","RECURSIVE-AND-PARAMETRIC-TYPES---METTA-LANGUAGE7.01","","Wed Nov 20 21:24:55 GMT 2024","passed","Wed Nov 20 21:24:55 GMT 2024","","METTA-LANG","METTA-LANG",""
"","2","HYPERPOSE.07","","Wed Nov 20 21:46:24 GMT 2024","passed","Wed Nov 20 21:46:24 GMT 2024","","METTA-MORPH-TESTS","METTA-MORPH-TESTS",""
"","2","03-SORING-VIA-INSERT.02","","Wed Nov 20 21:14:17 GMT 2024","passed","Wed Nov 20 21:14:17 GMT 2024","","HYPERON-METTALOG-SANITY","HYPERON-METTALOG-SANITY",""
"","8000","hyperon-experimental_scripts.e1_kb_write","","Wed Nov 20 21:05:48 GMT 2024","passed","Wed Nov 20 21:05:56 GMT 2024","","WHOLE-TESTS","WHOLE-TESTS",""
"","2","F1-IMPORTS.05","","Wed Nov 20 21:05:39 GMT 2024","passed","Wed Nov 20 21:05:39 GMT 2024","","MODULE-SYSTEM","MODULE-SYSTEM",""
"","3","D4-TYPE-PROP.18","","Wed Nov 20 21:50:36 GMT 2024","passed","Wed Nov 20 21:50:36 GMT 2024","","QUICK","QUICK",""
"","9000","quick.f1_moduleA","","Wed Nov 20 21:05:48 GMT 2024","passed","Wed Nov 20 21:05:57 GMT 2024","","WHOLE-TESTS","WHOLE-TESTS",""
"","2","OR-TEST.04","","Wed Nov 20 21:14:17 GMT 2024","passed","Wed Nov 20 21:14:17 GMT 2024","","HYPERON-METTALOG-SANITY","HYPERON-METTALOG-SANITY",""
"","60","CONTROL-FLOW---METTA-LANGUAGE2.01","","Wed Nov 20 21:24:55 GMT 2024","failed","Wed Nov 20 21:24:55 GMT 2024","","METTA-LANG","METTA-LANG",""
"","1","D4-TYPE-PROP.13","","Wed Nov 20 21:10:52 GMT 2024","passed","Wed Nov 20 21:10:52 GMT 2024","","HYPERON-EXPERIMENTAL-SCRIPTS","HYPERON-EXPERIMENTAL-SCRIPTS",""
"","8000","hyperon-experimental_scripts.a2_opencoggy","","Wed Nov 20 21:05:48 GMT 2024","passed","Wed Nov 20 21:05:56 GMT 2024","","WHOLE-TESTS","WHOLE-TESTS",""
"","4","BASIC-EVALUATION---METTA-LANGUAGE12.01","","Wed Nov 20 21:24:55 GMT 2024","passed","Wed Nov 20 21:24:55 GMT 2024","","METTA-LANG","METTA-LANG",""
"","9000","hyperon-mettalog_sanity.flip_test","","Wed Nov 20 21:05:48 GMT 2024","passed","Wed Nov 20 21:05:57 GMT 2024","","WHOLE-TESTS","WHOLE-TESTS",""
"","2","MATCH-SUPERPOSED-SPACES.05","","Wed Nov 20 21:46:24 GMT 2024","passed","Wed Nov 20 21:46:24 GMT 2024","","METTA-MORPH-TESTS","METTA-MORPH-TESTS",""
"","4","SUBTRACTION-TEST.10","","Wed Nov 20 21:14:17 GMT 2024","passed","Wed Nov 20 21:14:17 GMT 2024","","HYPERON-METTALOG-SANITY","HYPERON-METTALOG-SANITY",""
"","9000","metta_lang.Console_output_and_debugging___MeTTa_Language10","","Wed Nov 20 21:05:48 GMT 2024","passed","Wed Nov 20 21:05:57 GMT 2024","","WHOLE-TESTS","WHOLE-TESTS",""
"","2","FUNCTIONS-AND-UNIFICATION---METTA-LANGUAGE6.02","","Wed Nov 20 21:24:55 GMT 2024","passed","Wed Nov 20 21:24:55 GMT 2024","","METTA-LANG","METTA-LANG",""
"","9000","metta_lang.Working_with_spaces___MeTTa_Language13","","Wed Nov 20 21:05:48 GMT 2024","passed","Wed Nov 20 21:05:57 GMT 2024","","WHOLE-TESTS","WHOLE-TESTS",""
"","3","CONTROLLING-PATTERN-MATCHING---METTA-LANGUAGE6.04","","Wed Nov 20 21:24:55 GMT 2024","passed","Wed Nov 20 21:24:55 GMT 2024","","METTA-LANG","METTA-LANG",""
"","9000","metta_lang.Console_output_and_debugging___MeTTa_Language2","","Wed Nov 20 21:05:48 GMT 2024","passed","Wed Nov 20 21:05:57 GMT 2024","","WHOLE-TESTS","WHOLE-TESTS",""
"","94","INTERSECTION-TESTS.28","","Wed Nov 20 21:14:17 GMT 2024","failed","Wed Nov 20 21:14:17 GMT 2024","","HYPERON-METTALOG-SANITY","HYPERON-METTALOG-SANITY",""
"","9000","hyperon-experimental_scripts.b3_direct","","Wed Nov 20 21:05:48 GMT 2024","passed","Wed Nov 20 21:05:57 GMT 2024","","WHOLE-TESTS","WHOLE-TESTS",""
"","9000","metta-morph_tests.factorial","","Wed Nov 20 21:05:48 GMT 2024","passed","Wed Nov 20 21:05:57 GMT 2024","","WHOLE-TESTS","WHOLE-TESTS",""
"","9000","metta_lang.Concrete_types___MeTTa_Language11","","Wed Nov 20 21:05:48 GMT 2024","passed","Wed Nov 20 21:05:57 GMT 2024","","WHOLE-TESTS","WHOLE-TESTS",""
"","4","D1-GADT.12","","Wed Nov 20 21:10:52 GMT 2024","passed","Wed Nov 20 21:10:52 GMT 2024","","HYPERON-EXPERIMENTAL-SCRIPTS","HYPERON-EXPERIMENTAL-SCRIPTS",""
"","86","MINIMAL-METTA-TESTS.17","","Wed Nov 20 21:14:17 GMT 2024","failed","Wed Nov 20 21:14:17 GMT 2024","","HYPERON-METTALOG-SANITY","HYPERON-METTALOG-SANITY",""
"","151","MINIMAL-METTA-TESTS.30","","Wed Nov 20 21:14:17 GMT 2024","failed","Wed Nov 20 21:14:17 GMT 2024","","HYPERON-METTALOG-SANITY","HYPERON-METTALOG-SANITY",""
"","3","CONSOLE-OUTPUT-AND-DEBUGGING---METTA-LANGUAGE2.03","","Wed Nov 20 21:24:55 GMT 2024","passed","Wed Nov 20 21:24:55 GMT 2024","","METTA-LANG","METTA-LANG",""
"","83","INTERSECTION-TESTS.06","","Wed Nov 20 21:14:17 GMT 2024","passed","Wed Nov 20 21:14:17 GMT 2024","","HYPERON-METTALOG-SANITY","HYPERON-METTALOG-SANITY",""
"","2","WHAT-EVALS-OR-NOT.06","","Wed Nov 20 21:14:17 GMT 2024","passed","Wed Nov 20 21:14:17 GMT 2024","","HYPERON-METTALOG-SANITY","HYPERON-METTALOG-SANITY",""
"","1","OR-TEST.09","","Wed Nov 20 21:14:17 GMT 2024","passed","Wed Nov 20 21:14:17 GMT 2024","","HYPERON-METTALOG-SANITY","HYPERON-METTALOG-SANITY",""
"","123","D5-AUTO-TYPES.04","","Wed Nov 20 21:10:52 GMT 2024","failed","Wed Nov 20 21:10:52 GMT 2024","","HYPERON-EXPERIMENTAL-SCRIPTS","HYPERON-EXPERIMENTAL-SCRIPTS",""
"","8000","metta_lang.Control_flow___MeTTa_Language5","","Wed Nov 20 21:05:48 GMT 2024","passed","Wed Nov 20 21:05:56 GMT 2024","","WHOLE-TESTS","WHOLE-TESTS",""
"","2","METATYPES---METTA-LANGUAGE1.09","","Wed Nov 20 21:24:55 GMT 2024","passed","Wed Nov 20 21:24:55 GMT 2024","","METTA-LANG","METTA-LANG",""
"","150","TEST-SPO-5000.01","","Wed Nov 20 21:07:02 GMT 2024","passed","Wed Nov 20 21:07:02 GMT 2024","","METTA-WAM-ISSUE-116","METTA-WAM-ISSUE-116",""
"","2","00-LANG-CASE.02","","Wed Nov 20 21:14:17 GMT 2024","passed","Wed Nov 20 21:14:17 GMT 2024","","HYPERON-METTALOG-SANITY","HYPERON-METTALOG-SANITY",""
"","2","HANDLING-NONDETERMINISTIC-RESULTS---METTA-LANGUAGE7.01","","Wed Nov 20 21:24:55 GMT 2024","passed","Wed Nov 20 21:24:55 GMT 2024","","METTA-LANG","METTA-LANG",""
"","2","D2-HIGHERFUNC.12","","Wed Nov 20 21:10:52 GMT 2024","passed","Wed Nov 20 21:10:52 GMT 2024","","HYPERON-EXPERIMENTAL-SCRIPTS","HYPERON-EXPERIMENTAL-SCRIPTS",""
"","1","BASIC-GROUNDED-FUNCTIONS---METTA-LANGUAGE8.03","","Wed Nov 20 21:24:55 GMT 2024","passed","Wed Nov 20 21:24:55 GMT 2024","","METTA-LANG","METTA-LANG",""
"","2","SUPERCOLLAPSE.03","","Wed Nov 20 21:46:24 GMT 2024","passed","Wed Nov 20 21:46:24 GMT 2024","","METTA-MORPH-TESTS","METTA-MORPH-TESTS",""
"","1","TEST-IF-CLOSED.09","","Wed Nov 20 21:05:56 GMT 2024","passed","Wed Nov 20 21:05:56 GMT 2024","","ANTI-REGRESSION","ANTI-REGRESSION",""
"","9000","module-system.f1_imports","","Wed Nov 20 21:05:48 GMT 2024","passed","Wed Nov 20 21:05:57 GMT 2024","","WHOLE-TESTS","WHOLE-TESTS",""
"","52","BASIC-GROUNDED-FUNCTIONS---METTA-LANGUAGE1.04","","Wed Nov 20 21:24:55 GMT 2024","passed","Wed Nov 20 21:24:55 GMT 2024","","METTA-LANG","METTA-LANG",""
"","9000","metta_lang.Recursion_and_control___MeTTa_Language3","","Wed Nov 20 21:05:48 GMT 2024","passed","Wed Nov 20 21:05:57 GMT 2024","","WHOLE-TESTS","WHOLE-TESTS",""
"","1","B2-BACKCHAIN.02","","Wed Nov 20 21:10:52 GMT 2024","passed","Wed Nov 20 21:10:52 GMT 2024","","HYPERON-EXPERIMENTAL-SCRIPTS","HYPERON-EXPERIMENTAL-SCRIPTS",""
"","9000","hyperon-mettalog_sanity.call_tests","","Wed Nov 20 21:05:48 GMT 2024","passed","Wed Nov 20 21:05:57 GMT 2024","","WHOLE-TESTS","WHOLE-TESTS",""
"","1","CALL-CLEANUP-TESTS.05","","Wed Nov 20 21:14:17 GMT 2024","passed","Wed Nov 20 21:14:17 GMT 2024","","HYPERON-METTALOG-SANITY","HYPERON-METTALOG-SANITY",""
"","2","RECURSIVE-AND-PARAMETRIC-TYPES---METTA-LANGUAGE3.03","","Wed Nov 20 21:24:55 GMT 2024","passed","Wed Nov 20 21:24:55 GMT 2024","","METTA-LANG","METTA-LANG",""
"","8000","metta-morph_tests.zeroargs","","Wed Nov 20 21:05:48 GMT 2024","passed","Wed Nov 20 21:05:56 GMT 2024","","WHOLE-TESTS","WHOLE-TESTS",""
"","3","FUNCTIONS-AND-UNIFICATION---METTA-LANGUAGE2.02","","Wed Nov 20 21:24:55 GMT 2024","passed","Wed Nov 20 21:24:55 GMT 2024","","METTA-LANG","METTA-LANG",""
"","35","OR-TEST.02","","Wed Nov 20 21:14:17 GMT 2024","failed","Wed Nov 20 21:14:17 GMT 2024","","HYPERON-METTALOG-SANITY","HYPERON-METTALOG-SANITY",""
"","3","BASIC-EVALUATION---METTA-LANGUAGE8.01","","Wed Nov 20 21:24:55 GMT 2024","passed","Wed Nov 20 21:24:55 GMT 2024","","METTA-LANG","METTA-LANG",""
"","2","CONTROLLING-PATTERN-MATCHING---METTA-LANGUAGE12.15","","Wed Nov 20 21:24:55 GMT 2024","passed","Wed Nov 20 21:24:55 GMT 2024","","METTA-LANG","METTA-LANG",""
"","5","CONTROLLING-PATTERN-MATCHING---METTA-LANGUAGE3.01","","Wed Nov 20 21:24:55 GMT 2024","passed","Wed Nov 20 21:24:55 GMT 2024","","METTA-LANG","METTA-LANG",""
"","4","FUNCTIONS-AND-UNIFICATION---METTA-LANGUAGE7.01","","Wed Nov 20 21:24:55 GMT 2024","passed","Wed Nov 20 21:24:55 GMT 2024","","METTA-LANG","METTA-LANG",""
"","8000","metta_lang.Handling_nondeterministic_results___MeTTa_Language1","","Wed Nov 20 21:05:48 GMT 2024","passed","Wed Nov 20 21:05:56 GMT 2024","","WHOLE-TESTS","WHOLE-TESTS",""
"","2","A3-TWOSIDE.02","","Wed Nov 20 21:10:52 GMT 2024","passed","Wed Nov 20 21:10:52 GMT 2024","","HYPERON-EXPERIMENTAL-SCRIPTS","HYPERON-EXPERIMENTAL-SCRIPTS",""
"","2","TMPMATCH1.02","","Wed Nov 20 21:05:56 GMT 2024","passed","Wed Nov 20 21:05:56 GMT 2024","","ANTI-REGRESSION","ANTI-REGRESSION",""
"","9000","metta_lang.Functions_and_unification___MeTTa_Language5","","Wed Nov 20 21:05:48 GMT 2024","passed","Wed Nov 20 21:05:57 GMT 2024","","WHOLE-TESTS","WHOLE-TESTS",""
"","2","STRING-TESTS.19","","Wed Nov 20 21:14:17 GMT 2024","passed","Wed Nov 20 21:14:17 GMT 2024","","HYPERON-METTALOG-SANITY","HYPERON-METTALOG-SANITY",""
"","13","METTALOGTESTCURRIED2.07","","Wed Nov 20 21:05:56 GMT 2024","passed","Wed Nov 20 21:05:56 GMT 2024","","ANTI-REGRESSION","ANTI-REGRESSION",""
"","4","WORKING-WITH-SPACES---METTA-LANGUAGE17.01","","Wed Nov 20 21:24:55 GMT 2024","passed","Wed Nov 20 21:24:55 GMT 2024","","METTA-LANG","METTA-LANG",""
"","2","LIMIT-TESTS.13","","Wed Nov 20 21:14:17 GMT 2024","passed","Wed Nov 20 21:14:17 GMT 2024","","HYPERON-METTALOG-SANITY","HYPERON-METTALOG-SANITY",""
"","9000","hyperon-mettalog_sanity.00_lang_case","","Wed Nov 20 21:05:48 GMT 2024","passed","Wed Nov 20 21:05:57 GMT 2024","","WHOLE-TESTS","WHOLE-TESTS",""
"","4","CONCRETE-TYPES---METTA-LANGUAGE5.01","","Wed Nov 20 21:24:55 GMT 2024","passed","Wed Nov 20 21:24:55 GMT 2024","","METTA-LANG","METTA-LANG",""
"","3","HYPERPOSE-TESTS.01","","Wed Nov 20 21:14:17 GMT 2024","passed","Wed Nov 20 21:14:17 GMT 2024","","HYPERON-METTALOG-SANITY","HYPERON-METTALOG-SANITY",""
"","4","METATYPES---METTA-LANGUAGE9.01","","Wed Nov 20 21:24:55 GMT 2024","passed","Wed Nov 20 21:24:55 GMT 2024","","METTA-LANG","METTA-LANG",""
"","66","METATYPES---METTA-LANGUAGE7.04","","Wed Nov 20 21:24:55 GMT 2024","failed","Wed Nov 20 21:24:55 GMT 2024","","METTA-LANG","METTA-LANG",""
"","2","EVAL-FOR-TESTS.11","","Wed Nov 20 21:14:17 GMT 2024","passed","Wed Nov 20 21:14:17 GMT 2024","","HYPERON-METTALOG-SANITY","HYPERON-METTALOG-SANITY",""
"","3","CONSOLE-OUTPUT-AND-DEBUGGING---METTA-LANGUAGE10.01","","Wed Nov 20 21:24:55 GMT 2024","passed","Wed Nov 20 21:24:55 GMT 2024","","METTA-LANG","METTA-LANG",""
"","2","B1-EQUAL-CHAIN.04","","Wed Nov 20 21:10:52 GMT 2024","passed","Wed Nov 20 21:10:52 GMT 2024","","HYPERON-EXPERIMENTAL-SCRIPTS","HYPERON-EXPERIMENTAL-SCRIPTS",""
"","2","00-LANG-CASE.15","","Wed Nov 20 21:14:17 GMT 2024","passed","Wed Nov 20 21:14:17 GMT 2024","","HYPERON-METTALOG-SANITY","HYPERON-METTALOG-SANITY",""
"","9000","metta_lang.Control_flow___MeTTa_Language14","","Wed Nov 20 21:05:48 GMT 2024","passed","Wed Nov 20 21:05:57 GMT 2024","","WHOLE-TESTS","WHOLE-TESTS",""
"","2","CONTROL-FLOW---METTA-LANGUAGE3.01","","Wed Nov 20 21:24:55 GMT 2024","passed","Wed Nov 20 21:24:55 GMT 2024","","METTA-LANG","METTA-LANG",""
"","8000","metta_lang.Metatypes___MeTTa_Language4","","Wed Nov 20 21:05:48 GMT 2024","passed","Wed Nov 20 21:05:56 GMT 2024","","WHOLE-TESTS","WHOLE-TESTS",""
"","42000","metta_lang.Nested_queries_and_recursive_graph_traversal___MeTTa_Language3","","Wed Nov 20 21:05:48 GMT 2024","failed","Wed Nov 20 21:06:30 GMT 2024","","WHOLE-TESTS","WHOLE-TESTS",""
"","3","INTERSECTION-TESTS.18","","Wed Nov 20 21:14:17 GMT 2024","passed","Wed Nov 20 21:14:17 GMT 2024","","HYPERON-METTALOG-SANITY","HYPERON-METTALOG-SANITY",""
"","17","MINIMAL-METTA-TESTS.10","","Wed Nov 20 21:14:17 GMT 2024","failed","Wed Nov 20 21:14:17 GMT 2024","","HYPERON-METTALOG-SANITY","HYPERON-METTALOG-SANITY",""
"","3","C1-GROUNDED-BASIC.18","","Wed Nov 20 21:50:36 GMT 2024","passed","Wed Nov 20 21:50:36 GMT 2024","","QUICK","QUICK",""
"","18","MATCH-VOID.04","","Wed Nov 20 21:46:24 GMT 2024","passed","Wed Nov 20 21:46:24 GMT 2024","","METTA-MORPH-TESTS","METTA-MORPH-TESTS",""
"","1","RECURSION-AND-CONTROL---METTA-LANGUAGE4.02","","Wed Nov 20 21:24:55 GMT 2024","passed","Wed Nov 20 21:24:55 GMT 2024","","METTA-LANG","METTA-LANG",""
"","9000","hyperon-experimental_scripts.b2_backchain","","Wed Nov 20 21:05:48 GMT 2024","passed","Wed Nov 20 21:05:57 GMT 2024","","WHOLE-TESTS","WHOLE-TESTS",""
"","3","F1-MODULEA.04","","Wed Nov 20 21:50:36 GMT 2024","passed","Wed Nov 20 21:50:36 GMT 2024","","QUICK","QUICK",""
"","9000","metta_lang.Controlling_pattern_matching___MeTTa_Language7","","Wed Nov 20 21:05:48 GMT 2024","passed","Wed Nov 20 21:05:57 GMT 2024","","WHOLE-TESTS","WHOLE-TESTS",""
"","2","C1-GROUNDED-BASIC.06","","Wed Nov 20 21:50:36 GMT 2024","passed","Wed Nov 20 21:50:36 GMT 2024","","QUICK","QUICK",""
"","8000","metta_lang.Control_flow___MeTTa_Language11","","Wed Nov 20 21:05:48 GMT 2024","passed","Wed Nov 20 21:05:56 GMT 2024","","WHOLE-TESTS","WHOLE-TESTS",""
"","3","HANDLING-NONDETERMINISTIC-RESULTS---METTA-LANGUAGE1.04","","Wed Nov 20 21:24:55 GMT 2024","passed","Wed Nov 20 21:24:55 GMT 2024","","METTA-LANG","METTA-LANG",""
"","8000","metta_lang.Operations_over_atoms___MeTTa_Language3","","Wed Nov 20 21:05:48 GMT 2024","passed","Wed Nov 20 21:05:56 GMT 2024","","WHOLE-TESTS","WHOLE-TESTS",""
"","2","F1-IMPORTS.09","","Wed Nov 20 21:05:39 GMT 2024","passed","Wed Nov 20 21:05:39 GMT 2024","","MODULE-SYSTEM","MODULE-SYSTEM",""
"","2","D3-DEPTYPES.03","","Wed Nov 20 21:10:52 GMT 2024","passed","Wed Nov 20 21:10:52 GMT 2024","","HYPERON-EXPERIMENTAL-SCRIPTS","HYPERON-EXPERIMENTAL-SCRIPTS",""
"","2","B1-EQUAL-CHAIN.06","","Wed Nov 20 21:10:52 GMT 2024","passed","Wed Nov 20 21:10:52 GMT 2024","","HYPERON-EXPERIMENTAL-SCRIPTS","HYPERON-EXPERIMENTAL-SCRIPTS",""
"","9000","metta-morph_tests.hyperpose","","Wed Nov 20 21:05:48 GMT 2024","passed","Wed Nov 20 21:05:57 GMT 2024","","WHOLE-TESTS","WHOLE-TESTS",""
"","2","WORKING-WITH-SPACES---METTA-LANGUAGE6.03","","Wed Nov 20 21:24:55 GMT 2024","passed","Wed Nov 20 21:24:55 GMT 2024","","METTA-LANG","METTA-LANG",""
"","9000","hyperon-mettalog_sanity.sequential_tests","","Wed Nov 20 21:05:48 GMT 2024","passed","Wed Nov 20 21:05:57 GMT 2024","","WHOLE-TESTS","WHOLE-TESTS",""
"","1","OPERATIONS-OVER-ATOMS---METTA-LANGUAGE1.04","","Wed Nov 20 21:24:55 GMT 2024","passed","Wed Nov 20 21:24:55 GMT 2024","","METTA-LANG","METTA-LANG",""
"","2","OR-TEST.19","","Wed Nov 20 21:14:17 GMT 2024","passed","Wed Nov 20 21:14:17 GMT 2024","","HYPERON-METTALOG-SANITY","HYPERON-METTALOG-SANITY",""
"","2","D2-HIGHERFUNC.16","","Wed Nov 20 21:10:52 GMT 2024","passed","Wed Nov 20 21:10:52 GMT 2024","","HYPERON-EXPERIMENTAL-SCRIPTS","HYPERON-EXPERIMENTAL-SCRIPTS",""
"","2","D2-HIGHERFUNC.10","","Wed Nov 20 21:50:36 GMT 2024","passed","Wed Nov 20 21:50:36 GMT 2024","","QUICK","QUICK",""
"","125","B5-TYPES-PRELIM.08","","Wed Nov 20 21:10:52 GMT 2024","failed","Wed Nov 20 21:10:52 GMT 2024","","HYPERON-EXPERIMENTAL-SCRIPTS","HYPERON-EXPERIMENTAL-SCRIPTS",""
"","9000","metta_lang.Handling_nondeterministic_results___MeTTa_Language4","","Wed Nov 20 21:05:48 GMT 2024","passed","Wed Nov 20 21:05:57 GMT 2024","","WHOLE-TESTS","WHOLE-TESTS",""
"","1","XOR-TEST.08","","Wed Nov 20 21:14:17 GMT 2024","passed","Wed Nov 20 21:14:17 GMT 2024","","HYPERON-METTALOG-SANITY","HYPERON-METTALOG-SANITY",""
"","9000","metta_lang.Recursion_and_control___MeTTa_Language4","","Wed Nov 20 21:05:48 GMT 2024","passed","Wed Nov 20 21:05:57 GMT 2024","","WHOLE-TESTS","WHOLE-TESTS",""
"","2","F1-IMPORTS.03","","Wed Nov 20 21:50:36 GMT 2024","passed","Wed Nov 20 21:50:36 GMT 2024","","QUICK","QUICK",""
"","5","03-SORING-VIA-INSERT.01","","Wed Nov 20 21:14:17 GMT 2024","passed","Wed Nov 20 21:14:17 GMT 2024","","HYPERON-METTALOG-SANITY","HYPERON-METTALOG-SANITY",""
"","3","CONCRETE-TYPES---METTA-LANGUAGE8.01","","Wed Nov 20 21:24:55 GMT 2024","passed","Wed Nov 20 21:24:55 GMT 2024","","METTA-LANG","METTA-LANG",""
"","2","TYPES2.02","","Wed Nov 20 21:46:24 GMT 2024","passed","Wed Nov 20 21:46:24 GMT 2024","","METTA-MORPH-TESTS","METTA-MORPH-TESTS",""
"","3","BASIC-EVALUATION---METTA-LANGUAGE3.01","","Wed Nov 20 21:24:55 GMT 2024","passed","Wed Nov 20 21:24:55 GMT 2024","","METTA-LANG","METTA-LANG",""
"","2","CONCRETE-TYPES---METTA-LANGUAGE5.03","","Wed Nov 20 21:24:55 GMT 2024","passed","Wed Nov 20 21:24:55 GMT 2024","","METTA-LANG","METTA-LANG",""
"","5","TEST-SPO-1000.01","","Wed Nov 20 21:07:02 GMT 2024","passed","Wed Nov 20 21:07:02 GMT 2024","","METTA-WAM-ISSUE-116","METTA-WAM-ISSUE-116",""
"","3","F1-MODULEA.03","","Wed Nov 20 21:05:39 GMT 2024","passed","Wed Nov 20 21:05:39 GMT 2024","","MODULE-SYSTEM","MODULE-SYSTEM",""
"","2","FLIP-TEST.02","","Wed Nov 20 21:14:17 GMT 2024","passed","Wed Nov 20 21:14:17 GMT 2024","","HYPERON-METTALOG-SANITY","HYPERON-METTALOG-SANITY",""
"","2","STATES-SPACES.02","","Wed Nov 20 21:46:24 GMT 2024","passed","Wed Nov 20 21:46:24 GMT 2024","","METTA-MORPH-TESTS","METTA-MORPH-TESTS",""
"","112","B4-NONDETERM.10","","Wed Nov 20 21:10:52 GMT 2024","passed","Wed Nov 20 21:10:52 GMT 2024","","HYPERON-EXPERIMENTAL-SCRIPTS","HYPERON-EXPERIMENTAL-SCRIPTS",""
"","2","A1-SYMBOLS.06","","Wed Nov 20 21:10:52 GMT 2024","passed","Wed Nov 20 21:10:52 GMT 2024","","HYPERON-EXPERIMENTAL-SCRIPTS","HYPERON-EXPERIMENTAL-SCRIPTS",""
"","5","OR-TEST.07","","Wed Nov 20 21:14:17 GMT 2024","passed","Wed Nov 20 21:14:17 GMT 2024","","HYPERON-METTALOG-SANITY","HYPERON-METTALOG-SANITY",""
"","3","BASIC-GROUNDED-FUNCTIONS---METTA-LANGUAGE1.01","","Wed Nov 20 21:24:55 GMT 2024","passed","Wed Nov 20 21:24:55 GMT 2024","","METTA-LANG","METTA-LANG",""
"","4","BASIC-GROUNDED-FUNCTIONS---METTA-LANGUAGE6.01","","Wed Nov 20 21:24:55 GMT 2024","passed","Wed Nov 20 21:24:55 GMT 2024","","METTA-LANG","METTA-LANG",""
"","9000","quick.d2_higherfunc","","Wed Nov 20 21:05:48 GMT 2024","passed","Wed Nov 20 21:05:57 GMT 2024","","WHOLE-TESTS","WHOLE-TESTS",""
"","2","CATCH-THROW-TESTS.10","","Wed Nov 20 21:14:17 GMT 2024","passed","Wed Nov 20 21:14:17 GMT 2024","","HYPERON-METTALOG-SANITY","HYPERON-METTALOG-SANITY",""
"","2","06-MATCH-IN-SPACE.06","","Wed Nov 20 21:14:17 GMT 2024","passed","Wed Nov 20 21:14:17 GMT 2024","","HYPERON-METTALOG-SANITY","HYPERON-METTALOG-SANITY",""
"","45","CONSOLE-OUTPUT-AND-DEBUGGING---METTA-LANGUAGE5.03","","Wed Nov 20 21:24:55 GMT 2024","failed","Wed Nov 20 21:24:55 GMT 2024","","METTA-LANG","METTA-LANG",""
"","2","B5-TYPES-PRELIM.12","","Wed Nov 20 21:10:52 GMT 2024","passed","Wed Nov 20 21:10:52 GMT 2024","","HYPERON-EXPERIMENTAL-SCRIPTS","HYPERON-EXPERIMENTAL-SCRIPTS",""
"","8000","metta_lang.Basic_grounded_functions___MeTTa_Language7","","Wed Nov 20 21:05:48 GMT 2024","passed","Wed Nov 20 21:05:56 GMT 2024","","WHOLE-TESTS","WHOLE-TESTS",""
"","8000","metta-morph_tests.types","","Wed Nov 20 21:05:48 GMT 2024","passed","Wed Nov 20 21:05:56 GMT 2024","","WHOLE-TESTS","WHOLE-TESTS",""
"","1","B3-DIRECT.03","","Wed Nov 20 21:10:52 GMT 2024","passed","Wed Nov 20 21:10:52 GMT 2024","","HYPERON-EXPERIMENTAL-SCRIPTS","HYPERON-EXPERIMENTAL-SCRIPTS",""
"","68","BASIC-GROUNDED-FUNCTIONS---METTA-LANGUAGE4.04","","Wed Nov 20 21:24:55 GMT 2024","failed","Wed Nov 20 21:24:55 GMT 2024","","METTA-LANG","METTA-LANG",""
"","2","BASIC-GROUNDED-FUNCTIONS---METTA-LANGUAGE5.02","","Wed Nov 20 21:24:55 GMT 2024","passed","Wed Nov 20 21:24:55 GMT 2024","","METTA-LANG","METTA-LANG",""
"","9000","metta_lang.Controlling_pattern_matching___MeTTa_Language9","","Wed Nov 20 21:05:48 GMT 2024","passed","Wed Nov 20 21:05:57 GMT 2024","","WHOLE-TESTS","WHOLE-TESTS",""
"","2","RECURSION-AND-CONTROL---METTA-LANGUAGE9.04","","Wed Nov 20 21:24:55 GMT 2024","passed","Wed Nov 20 21:24:55 GMT 2024","","METTA-LANG","METTA-LANG",""
"","9000","hyperon-experimental_scripts.d5_auto_types","","Wed Nov 20 21:05:48 GMT 2024","passed","Wed Nov 20 21:05:57 GMT 2024","","WHOLE-TESTS","WHOLE-TESTS",""
"","5","CALL-CLEANUP-TESTS.01","","Wed Nov 20 21:14:17 GMT 2024","passed","Wed Nov 20 21:14:17 GMT 2024","","HYPERON-METTALOG-SANITY","HYPERON-METTALOG-SANITY",""
"","2","D4-TYPE-PROP.10","","Wed Nov 20 21:10:52 GMT 2024","passed","Wed Nov 20 21:10:52 GMT 2024","","HYPERON-EXPERIMENTAL-SCRIPTS","HYPERON-EXPERIMENTAL-SCRIPTS",""
"","2","C1-GROUNDED-BASIC.10","","Wed Nov 20 21:50:36 GMT 2024","passed","Wed Nov 20 21:50:36 GMT 2024","","QUICK","QUICK",""
"","3","CONTROLLING-PATTERN-MATCHING---METTA-LANGUAGE12.14","","Wed Nov 20 21:24:55 GMT 2024","passed","Wed Nov 20 21:24:55 GMT 2024","","METTA-LANG","METTA-LANG",""
"","98","HANDLING-NONDETERMINISTIC-RESULTS---METTA-LANGUAGE3.01","","Wed Nov 20 21:24:55 GMT 2024","passed","Wed Nov 20 21:24:55 GMT 2024","","METTA-LANG","METTA-LANG",""
"","2","RECURSIVE-AND-PARAMETRIC-TYPES---METTA-LANGUAGE3.02","","Wed Nov 20 21:24:55 GMT 2024","passed","Wed Nov 20 21:24:55 GMT 2024","","METTA-LANG","METTA-LANG",""
"","2","FUNCTIONS-AND-UNIFICATION---METTA-LANGUAGE1.04","","Wed Nov 20 21:24:55 GMT 2024","passed","Wed Nov 20 21:24:55 GMT 2024","","METTA-LANG","METTA-LANG",""
"","5","HANDLING-NONDETERMINISTIC-RESULTS---METTA-LANGUAGE1.01","","Wed Nov 20 21:24:55 GMT 2024","passed","Wed Nov 20 21:24:55 GMT 2024","","METTA-LANG","METTA-LANG",""
"","3","F1-IMPORTS.14","","Wed Nov 20 21:05:39 GMT 2024","passed","Wed Nov 20 21:05:39 GMT 2024","","MODULE-SYSTEM","MODULE-SYSTEM",""
"","3","D1-GADT.01","","Wed Nov 20 21:50:36 GMT 2024","passed","Wed Nov 20 21:50:36 GMT 2024","","QUICK","QUICK",""
"","102","MINIMAL-METTA-TESTS.16","","Wed Nov 20 21:14:17 GMT 2024","failed","Wed Nov 20 21:14:17 GMT 2024","","HYPERON-METTALOG-SANITY","HYPERON-METTALOG-SANITY",""
"","2","D4-TYPE-PROP.17","","Wed Nov 20 21:10:52 GMT 2024","passed","Wed Nov 20 21:10:52 GMT 2024","","HYPERON-EXPERIMENTAL-SCRIPTS","HYPERON-EXPERIMENTAL-SCRIPTS",""
"","2","LIMIT-TESTS.14","","Wed Nov 20 21:14:17 GMT 2024","passed","Wed Nov 20 21:14:17 GMT 2024","","HYPERON-METTALOG-SANITY","HYPERON-METTALOG-SANITY",""
"","4","WORKING-WITH-SPACES---METTA-LANGUAGE4.01","","Wed Nov 20 21:24:55 GMT 2024","passed","Wed Nov 20 21:24:55 GMT 2024","","METTA-LANG","METTA-LANG",""
"","9000","hyperon-experimental_scripts.g1_docs","","Wed Nov 20 21:05:48 GMT 2024","passed","Wed Nov 20 21:05:57 GMT 2024","","WHOLE-TESTS","WHOLE-TESTS",""
"","2","UNIQUE-TEST.10","","Wed Nov 20 21:14:17 GMT 2024","passed","Wed Nov 20 21:14:17 GMT 2024","","HYPERON-METTALOG-SANITY","HYPERON-METTALOG-SANITY",""
"","8000","metta_lang.Controlling_pattern_matching___MeTTa_Language5","","Wed Nov 20 21:05:48 GMT 2024","passed","Wed Nov 20 21:05:56 GMT 2024","","WHOLE-TESTS","WHOLE-TESTS",""
"","15","CONCRETE-TYPES---METTA-LANGUAGE10.02","","Wed Nov 20 21:24:55 GMT 2024","passed","Wed Nov 20 21:24:55 GMT 2024","","METTA-LANG","METTA-LANG",""
"","2","HYPERPOSE.03","","Wed Nov 20 21:46:24 GMT 2024","passed","Wed Nov 20 21:46:24 GMT 2024","","METTA-MORPH-TESTS","METTA-MORPH-TESTS",""
"","333","QUERYING-SPACE-CONTENT---METTA-LANGUAGE5.04","","Wed Nov 20 21:24:55 GMT 2024","failed","Wed Nov 20 21:24:55 GMT 2024","","METTA-LANG","METTA-LANG",""
"","2","INTERSECTION-TESTS.15","","Wed Nov 20 21:14:17 GMT 2024","passed","Wed Nov 20 21:14:17 GMT 2024","","HYPERON-METTALOG-SANITY","HYPERON-METTALOG-SANITY",""
"","4","RECURSIVE-AND-PARAMETRIC-TYPES---METTA-LANGUAGE9.01","","Wed Nov 20 21:24:55 GMT 2024","passed","Wed Nov 20 21:24:55 GMT 2024","","METTA-LANG","METTA-LANG",""
"","2","BASIC-EVALUATION---METTA-LANGUAGE14.03","","Wed Nov 20 21:24:55 GMT 2024","passed","Wed Nov 20 21:24:55 GMT 2024","","METTA-LANG","METTA-LANG",""
"","160","OUTPUT-LOAD-TESTS.11","","Wed Nov 20 21:14:17 GMT 2024","failed","Wed Nov 20 21:14:17 GMT 2024","","HYPERON-METTALOG-SANITY","HYPERON-METTALOG-SANITY",""
"","2","BASIC-EVALUATION---METTA-LANGUAGE6.03","","Wed Nov 20 21:24:55 GMT 2024","passed","Wed Nov 20 21:24:55 GMT 2024","","METTA-LANG","METTA-LANG",""
"","2","B5-TYPES-PRELIM.04","","Wed Nov 20 21:10:52 GMT 2024","passed","Wed Nov 20 21:10:52 GMT 2024","","HYPERON-EXPERIMENTAL-SCRIPTS","HYPERON-EXPERIMENTAL-SCRIPTS",""
"","2","F1-MODULEA.08","","Wed Nov 20 21:10:52 GMT 2024","passed","Wed Nov 20 21:10:52 GMT 2024","","HYPERON-EXPERIMENTAL-SCRIPTS","HYPERON-EXPERIMENTAL-SCRIPTS",""
"","9000","hyperon-mettalog_sanity.first_answer","","Wed Nov 20 21:05:48 GMT 2024","passed","Wed Nov 20 21:05:57 GMT 2024","","WHOLE-TESTS","WHOLE-TESTS",""
"","23122","TIME-SYNTHESIZE-SHORT.02","","Wed Nov 20 21:22:07 GMT 2024","passed","Wed Nov 20 21:22:30 GMT 2024","","SYNTH-BUFFER","SYNTH-BUFFER",""
"","3","RECURSION-AND-CONTROL---METTA-LANGUAGE3.01","","Wed Nov 20 21:24:55 GMT 2024","passed","Wed Nov 20 21:24:55 GMT 2024","","METTA-LANG","METTA-LANG",""
"","2","WORKING-WITH-SPACES---METTA-LANGUAGE3.06","","Wed Nov 20 21:24:55 GMT 2024","passed","Wed Nov 20 21:24:55 GMT 2024","","METTA-LANG","METTA-LANG",""
"","4","LIMIT-TESTS.01","","Wed Nov 20 21:14:17 GMT 2024","passed","Wed Nov 20 21:14:17 GMT 2024","","HYPERON-METTALOG-SANITY","HYPERON-METTALOG-SANITY",""
"","16","00-LANG-CASE.11","","Wed Nov 20 21:14:17 GMT 2024","passed","Wed Nov 20 21:14:17 GMT 2024","","HYPERON-METTALOG-SANITY","HYPERON-METTALOG-SANITY",""
"","4","BASIC-GROUNDED-FUNCTIONS---METTA-LANGUAGE4.01","","Wed Nov 20 21:24:55 GMT 2024","passed","Wed Nov 20 21:24:55 GMT 2024","","METTA-LANG","METTA-LANG",""
"","29000","anti-regression.system_proofTestCurried","","Wed Nov 20 21:05:48 GMT 2024","passed","Wed Nov 20 21:06:17 GMT 2024","","WHOLE-TESTS","WHOLE-TESTS",""
"","103","CONTROL-FLOW---METTA-LANGUAGE12.02","","Wed Nov 20 21:24:55 GMT 2024","passed","Wed Nov 20 21:24:55 GMT 2024","","METTA-LANG","METTA-LANG",""
"","66","HANDLING-NONDETERMINISTIC-RESULTS---METTA-LANGUAGE7.04","","Wed Nov 20 21:24:55 GMT 2024","passed","Wed Nov 20 21:24:55 GMT 2024","","METTA-LANG","METTA-LANG",""
"","2","FUNCTIONAL-PROGRAMMING-TESTS.04","","Wed Nov 20 21:14:17 GMT 2024","passed","Wed Nov 20 21:14:17 GMT 2024","","HYPERON-METTALOG-SANITY","HYPERON-METTALOG-SANITY",""
"","2","C2-SPACES.04","","Wed Nov 20 21:10:52 GMT 2024","passed","Wed Nov 20 21:10:52 GMT 2024","","HYPERON-EXPERIMENTAL-SCRIPTS","HYPERON-EXPERIMENTAL-SCRIPTS",""
"","9000","metta_lang.Basic_evaluation___MeTTa_Language10","","Wed Nov 20 21:05:48 GMT 2024","passed","Wed Nov 20 21:05:57 GMT 2024","","WHOLE-TESTS","WHOLE-TESTS",""
"","2","D1-GADT.08","","Wed Nov 20 21:50:36 GMT 2024","passed","Wed Nov 20 21:50:36 GMT 2024","","QUICK","QUICK",""
"","2","RECURSION-AND-CONTROL---METTA-LANGUAGE8.03","","Wed Nov 20 21:24:55 GMT 2024","passed","Wed Nov 20 21:24:55 GMT 2024","","METTA-LANG","METTA-LANG",""
"","56","RECURSIVE-AND-PARAMETRIC-TYPES---METTA-LANGUAGE5.06","","Wed Nov 20 21:24:55 GMT 2024","failed","Wed Nov 20 21:24:55 GMT 2024","","METTA-LANG","METTA-LANG",""
"","14","CONCRETE-TYPES---METTA-LANGUAGE6.01","","Wed Nov 20 21:24:55 GMT 2024","failed","Wed Nov 20 21:24:55 GMT 2024","","METTA-LANG","METTA-LANG",""
"","3","B5-TYPES-PRELIM.01","","Wed Nov 20 21:10:52 GMT 2024","passed","Wed Nov 20 21:10:52 GMT 2024","","HYPERON-EXPERIMENTAL-SCRIPTS","HYPERON-EXPERIMENTAL-SCRIPTS",""
"","5","METATYPES---METTA-LANGUAGE8.01","","Wed Nov 20 21:24:55 GMT 2024","passed","Wed Nov 20 21:24:55 GMT 2024","","METTA-LANG","METTA-LANG",""
"","2","INTERSECTION-TESTS.25","","Wed Nov 20 21:14:17 GMT 2024","passed","Wed Nov 20 21:14:17 GMT 2024","","HYPERON-METTALOG-SANITY","HYPERON-METTALOG-SANITY",""
"","2","OUTPUT-LOAD-TESTS.16","","Wed Nov 20 21:14:17 GMT 2024","passed","Wed Nov 20 21:14:17 GMT 2024","","HYPERON-METTALOG-SANITY","HYPERON-METTALOG-SANITY",""
"","9000","hyperon-mettalog_sanity.space_intersection_tests","","Wed Nov 20 21:05:48 GMT 2024","passed","Wed Nov 20 21:05:57 GMT 2024","","WHOLE-TESTS","WHOLE-TESTS",""
"","1","HYPERPOSE.05","","Wed Nov 20 21:46:24 GMT 2024","passed","Wed Nov 20 21:46:24 GMT 2024","","METTA-MORPH-TESTS","METTA-MORPH-TESTS",""
"","13","RECURSIVE-AND-PARAMETRIC-TYPES---METTA-LANGUAGE6.02","","Wed Nov 20 21:24:55 GMT 2024","failed","Wed Nov 20 21:24:55 GMT 2024","","METTA-LANG","METTA-LANG",""
"","55","E3-MATCH-STATES.03","","Wed Nov 20 21:10:52 GMT 2024","failed","Wed Nov 20 21:10:52 GMT 2024","","HYPERON-EXPERIMENTAL-SCRIPTS","HYPERON-EXPERIMENTAL-SCRIPTS",""
"","8000","metta_lang.Working_with_spaces___MeTTa_Language7","","Wed Nov 20 21:05:48 GMT 2024","passed","Wed Nov 20 21:05:56 GMT 2024","","WHOLE-TESTS","WHOLE-TESTS",""
"","2","PY-TYPES-2.02","","Wed Nov 20 21:14:17 GMT 2024","passed","Wed Nov 20 21:14:17 GMT 2024","","HYPERON-METTALOG-SANITY","HYPERON-METTALOG-SANITY",""
"","3","WORKING-WITH-SPACES---METTA-LANGUAGE2.02","","Wed Nov 20 21:24:55 GMT 2024","passed","Wed Nov 20 21:24:55 GMT 2024","","METTA-LANG","METTA-LANG",""
"","60","D5-AUTO-TYPES.01","","Wed Nov 20 21:10:52 GMT 2024","failed","Wed Nov 20 21:10:52 GMT 2024","","HYPERON-EXPERIMENTAL-SCRIPTS","HYPERON-EXPERIMENTAL-SCRIPTS",""
"","2","C1-GROUNDED-BASIC.09","","Wed Nov 20 21:50:36 GMT 2024","passed","Wed Nov 20 21:50:36 GMT 2024","","QUICK","QUICK",""
"","143","BASIC-EVALUATION---METTA-LANGUAGE11.02","","Wed Nov 20 21:24:55 GMT 2024","passed","Wed Nov 20 21:24:55 GMT 2024","","METTA-LANG","METTA-LANG",""
"","3","MAX-TIME-TESTS.01","","Wed Nov 20 21:14:17 GMT 2024","passed","Wed Nov 20 21:14:17 GMT 2024","","HYPERON-METTALOG-SANITY","HYPERON-METTALOG-SANITY",""
"","9000","metta_lang.Querying_space_content___MeTTa_Language5","","Wed Nov 20 21:05:48 GMT 2024","passed","Wed Nov 20 21:05:57 GMT 2024","","WHOLE-TESTS","WHOLE-TESTS",""
"","9000","metta_lang.Free_variables_and_nondeterminism_again,_recursively___MeTTa_Language3","","Wed Nov 20 21:05:48 GMT 2024","passed","Wed Nov 20 21:05:57 GMT 2024","","WHOLE-TESTS","WHOLE-TESTS",""
"","3","D1-GADT.12","","Wed Nov 20 21:50:36 GMT 2024","passed","Wed Nov 20 21:50:36 GMT 2024","","QUICK","QUICK",""
"","2","RECURSION-AND-CONTROL---METTA-LANGUAGE3.03","","Wed Nov 20 21:24:55 GMT 2024","passed","Wed Nov 20 21:24:55 GMT 2024","","METTA-LANG","METTA-LANG",""
"","9000","metta-morph_tests.match_superposed_spaces","","Wed Nov 20 21:05:48 GMT 2024","passed","Wed Nov 20 21:05:57 GMT 2024","","WHOLE-TESTS","WHOLE-TESTS",""
"","44","B5-TYPES-PRELIM.24","","Wed Nov 20 21:10:52 GMT 2024","failed","Wed Nov 20 21:10:52 GMT 2024","","HYPERON-EXPERIMENTAL-SCRIPTS","HYPERON-EXPERIMENTAL-SCRIPTS",""
"","122","CALL-CLEANUP-TESTS.04","","Wed Nov 20 21:14:17 GMT 2024","failed","Wed Nov 20 21:14:17 GMT 2024","","HYPERON-METTALOG-SANITY","HYPERON-METTALOG-SANITY",""
"","2","CONTROL-FLOW---METTA-LANGUAGE16.05","","Wed Nov 20 21:24:55 GMT 2024","passed","Wed Nov 20 21:24:55 GMT 2024","","METTA-LANG","METTA-LANG",""
"","172","TIME-SYNTHESIZE.03","","Wed Nov 20 21:22:07 GMT 2024","failed","Wed Nov 20 21:22:07 GMT 2024","","SYNTH-BUFFER","SYNTH-BUFFER",""
"","2","D3-DEPTYPES.02","","Wed Nov 20 21:10:52 GMT 2024","passed","Wed Nov 20 21:10:52 GMT 2024","","HYPERON-EXPERIMENTAL-SCRIPTS","HYPERON-EXPERIMENTAL-SCRIPTS",""
"","3","C1-GROUNDED-BASIC.08","","Wed Nov 20 21:50:36 GMT 2024","passed","Wed Nov 20 21:50:36 GMT 2024","","QUICK","QUICK",""
"","10000","hyperon-experimental_scripts.c1_grounded_basic","","Wed Nov 20 21:05:48 GMT 2024","passed","Wed Nov 20 21:05:58 GMT 2024","","WHOLE-TESTS","WHOLE-TESTS",""
"","16","BC-COMP.05","","Wed Nov 20 21:05:56 GMT 2024","passed","Wed Nov 20 21:05:56 GMT 2024","","ANTI-REGRESSION","ANTI-REGRESSION",""
"","2","METATYPES---METTA-LANGUAGE2.02","","Wed Nov 20 21:24:55 GMT 2024","passed","Wed Nov 20 21:24:55 GMT 2024","","METTA-LANG","METTA-LANG",""
"","109","MINIMAL-METTA-TESTS.33","","Wed Nov 20 21:14:17 GMT 2024","failed","Wed Nov 20 21:14:17 GMT 2024","","HYPERON-METTALOG-SANITY","HYPERON-METTALOG-SANITY",""
"","80","CONTROLLING-PATTERN-MATCHING---METTA-LANGUAGE4.02","","Wed Nov 20 21:24:55 GMT 2024","passed","Wed Nov 20 21:24:55 GMT 2024","","METTA-LANG","METTA-LANG",""
"","9000","metta-morph_tests.supercollapse","","Wed Nov 20 21:05:48 GMT 2024","passed","Wed Nov 20 21:05:57 GMT 2024","","WHOLE-TESTS","WHOLE-TESTS",""
"","3","UNIQUE-TEST.02","","Wed Nov 20 21:14:17 GMT 2024","passed","Wed Nov 20 21:14:17 GMT 2024","","HYPERON-METTALOG-SANITY","HYPERON-METTALOG-SANITY",""
"","3","BASE-TEST-REPR-PARSE-INTERSECTION.03","","Wed Nov 20 21:14:17 GMT 2024","passed","Wed Nov 20 21:14:17 GMT 2024","","HYPERON-METTALOG-SANITY","HYPERON-METTALOG-SANITY",""
"","8000","metta_lang.Control_flow___MeTTa_Language4","","Wed Nov 20 21:05:48 GMT 2024","passed","Wed Nov 20 21:05:56 GMT 2024","","WHOLE-TESTS","WHOLE-TESTS",""
"","4","RECURSION-AND-CONTROL---METTA-LANGUAGE8.01","","Wed Nov 20 21:24:55 GMT 2024","passed","Wed Nov 20 21:24:55 GMT 2024","","METTA-LANG","METTA-LANG",""
"","1","ARITY-TESTS.05","","Wed Nov 20 21:14:17 GMT 2024","passed","Wed Nov 20 21:14:17 GMT 2024","","HYPERON-METTALOG-SANITY","HYPERON-METTALOG-SANITY",""
"","2","MATCH-VOID.08","","Wed Nov 20 21:46:24 GMT 2024","passed","Wed Nov 20 21:46:24 GMT 2024","","METTA-MORPH-TESTS","METTA-MORPH-TESTS",""
"","2","C1-GROUNDED-BASIC.06","","Wed Nov 20 21:10:52 GMT 2024","passed","Wed Nov 20 21:10:52 GMT 2024","","HYPERON-EXPERIMENTAL-SCRIPTS","HYPERON-EXPERIMENTAL-SCRIPTS",""
"","2","RECURSION-AND-CONTROL---METTA-LANGUAGE8.04","","Wed Nov 20 21:24:55 GMT 2024","passed","Wed Nov 20 21:24:55 GMT 2024","","METTA-LANG","METTA-LANG",""
"","4","B1-EQUAL-CHAIN.01","","Wed Nov 20 21:10:52 GMT 2024","passed","Wed Nov 20 21:10:52 GMT 2024","","HYPERON-EXPERIMENTAL-SCRIPTS","HYPERON-EXPERIMENTAL-SCRIPTS",""
"","36","C1-GROUNDED-BASIC.15","","Wed Nov 20 21:10:52 GMT 2024","failed","Wed Nov 20 21:10:52 GMT 2024","","HYPERON-EXPERIMENTAL-SCRIPTS","HYPERON-EXPERIMENTAL-SCRIPTS",""
"","1","METATYPES---METTA-LANGUAGE4.02","","Wed Nov 20 21:24:55 GMT 2024","passed","Wed Nov 20 21:24:55 GMT 2024","","METTA-LANG","METTA-LANG",""
"","1","WORKING-WITH-SPACES---METTA-LANGUAGE1.08","","Wed Nov 20 21:24:55 GMT 2024","passed","Wed Nov 20 21:24:55 GMT 2024","","METTA-LANG","METTA-LANG",""
"","2","CONCRETE-TYPES---METTA-LANGUAGE1.02","","Wed Nov 20 21:24:55 GMT 2024","passed","Wed Nov 20 21:24:55 GMT 2024","","METTA-LANG","METTA-LANG",""
"","9000","metta_lang.Recursive_and_parametric_types___MeTTa_Language6","","Wed Nov 20 21:05:48 GMT 2024","passed","Wed Nov 20 21:05:57 GMT 2024","","WHOLE-TESTS","WHOLE-TESTS",""
"","3","MAX-TIME-TESTS.04","","Wed Nov 20 21:14:17 GMT 2024","passed","Wed Nov 20 21:14:17 GMT 2024","","HYPERON-METTALOG-SANITY","HYPERON-METTALOG-SANITY",""
"","9000","metta_lang.Recursion_and_control___MeTTa_Language9","","Wed Nov 20 21:05:48 GMT 2024","passed","Wed Nov 20 21:05:57 GMT 2024","","WHOLE-TESTS","WHOLE-TESTS",""
"","3","03-SORING-VIA-INSERT.04","","Wed Nov 20 21:14:17 GMT 2024","passed","Wed Nov 20 21:14:17 GMT 2024","","HYPERON-METTALOG-SANITY","HYPERON-METTALOG-SANITY",""
"","46","METATYPES---METTA-LANGUAGE2.04","","Wed Nov 20 21:24:55 GMT 2024","failed","Wed Nov 20 21:24:55 GMT 2024","","METTA-LANG","METTA-LANG",""
"","2","WORKING-WITH-SPACES---METTA-LANGUAGE1.07","","Wed Nov 20 21:24:55 GMT 2024","passed","Wed Nov 20 21:24:55 GMT 2024","","METTA-LANG","METTA-LANG",""
"","2","TYPES2.05","","Wed Nov 20 21:46:24 GMT 2024","passed","Wed Nov 20 21:46:24 GMT 2024","","METTA-MORPH-TESTS","METTA-MORPH-TESTS",""
"","3","00-LANG-CASE.13","","Wed Nov 20 21:14:17 GMT 2024","passed","Wed Nov 20 21:14:17 GMT 2024","","HYPERON-METTALOG-SANITY","HYPERON-METTALOG-SANITY",""
"","2","WORKING-WITH-SPACES---METTA-LANGUAGE1.03","","Wed Nov 20 21:24:55 GMT 2024","passed","Wed Nov 20 21:24:55 GMT 2024","","METTA-LANG","METTA-LANG",""
"","1","LIMIT-TESTS.07","","Wed Nov 20 21:14:17 GMT 2024","passed","Wed Nov 20 21:14:17 GMT 2024","","HYPERON-METTALOG-SANITY","HYPERON-METTALOG-SANITY",""
"","2","INTERSECTION-TESTS.24","","Wed Nov 20 21:14:17 GMT 2024","passed","Wed Nov 20 21:14:17 GMT 2024","","HYPERON-METTALOG-SANITY","HYPERON-METTALOG-SANITY",""
"","2","RECURSIVE-AND-PARAMETRIC-TYPES---METTA-LANGUAGE7.02","","Wed Nov 20 21:24:55 GMT 2024","passed","Wed Nov 20 21:24:55 GMT 2024","","METTA-LANG","METTA-LANG",""
"","3","EVAL-FOR-TESTS.10","","Wed Nov 20 21:14:17 GMT 2024","passed","Wed Nov 20 21:14:17 GMT 2024","","HYPERON-METTALOG-SANITY","HYPERON-METTALOG-SANITY",""
"","126","MINIMAL-METTA-TESTS.25","","Wed Nov 20 21:14:17 GMT 2024","failed","Wed Nov 20 21:14:17 GMT 2024","","HYPERON-METTALOG-SANITY","HYPERON-METTALOG-SANITY",""
"","4","METATYPES---METTA-LANGUAGE2.01","","Wed Nov 20 21:24:55 GMT 2024","passed","Wed Nov 20 21:24:55 GMT 2024","","METTA-LANG","METTA-LANG",""
"","80","WORKING-WITH-SPACES---METTA-LANGUAGE11.03","","Wed Nov 20 21:24:55 GMT 2024","failed","Wed Nov 20 21:24:55 GMT 2024","","METTA-LANG","METTA-LANG",""
"","9000","metta_lang.Control_flow___MeTTa_Language16","","Wed Nov 20 21:05:48 GMT 2024","passed","Wed Nov 20 21:05:57 GMT 2024","","WHOLE-TESTS","WHOLE-TESTS",""
"","3","STRING-TESTS.18","","Wed Nov 20 21:14:17 GMT 2024","passed","Wed Nov 20 21:14:17 GMT 2024","","HYPERON-METTALOG-SANITY","HYPERON-METTALOG-SANITY",""
"","6","WORKING-WITH-SPACES---METTA-LANGUAGE16.01","","Wed Nov 20 21:24:55 GMT 2024","passed","Wed Nov 20 21:24:55 GMT 2024","","METTA-LANG","METTA-LANG",""
"","8000","metta_lang.Recursive_and_parametric_types___MeTTa_Language3","","Wed Nov 20 21:05:48 GMT 2024","passed","Wed Nov 20 21:05:56 GMT 2024","","WHOLE-TESTS","WHOLE-TESTS",""
"","5","01-LANG-INC.01","","Wed Nov 20 21:14:17 GMT 2024","passed","Wed Nov 20 21:14:17 GMT 2024","","HYPERON-METTALOG-SANITY","HYPERON-METTALOG-SANITY",""
"","1","B4-NONDETERM.05","","Wed Nov 20 21:10:52 GMT 2024","passed","Wed Nov 20 21:10:52 GMT 2024","","HYPERON-EXPERIMENTAL-SCRIPTS","HYPERON-EXPERIMENTAL-SCRIPTS",""
"","3","B5-TYPES-PRELIM.07","","Wed Nov 20 21:10:52 GMT 2024","passed","Wed Nov 20 21:10:52 GMT 2024","","HYPERON-EXPERIMENTAL-SCRIPTS","HYPERON-EXPERIMENTAL-SCRIPTS",""
"","2","C3-PLN-STV.03","","Wed Nov 20 21:10:52 GMT 2024","passed","Wed Nov 20 21:10:52 GMT 2024","","HYPERON-EXPERIMENTAL-SCRIPTS","HYPERON-EXPERIMENTAL-SCRIPTS",""
"","3","UNIQUE-TEST.13","","Wed Nov 20 21:14:17 GMT 2024","passed","Wed Nov 20 21:14:17 GMT 2024","","HYPERON-METTALOG-SANITY","HYPERON-METTALOG-SANITY",""
"","8000","metta_lang.Metatypes___MeTTa_Language6","","Wed Nov 20 21:05:48 GMT 2024","passed","Wed Nov 20 21:05:56 GMT 2024","","WHOLE-TESTS","WHOLE-TESTS",""
"","16","CONSOLE-OUTPUT-AND-DEBUGGING---METTA-LANGUAGE1.01","","Wed Nov 20 21:24:55 GMT 2024","failed","Wed Nov 20 21:24:55 GMT 2024","","METTA-LANG","METTA-LANG",""
"","5","FUNCTIONS-AND-UNIFICATION---METTA-LANGUAGE6.01","","Wed Nov 20 21:24:55 GMT 2024","passed","Wed Nov 20 21:24:55 GMT 2024","","METTA-LANG","METTA-LANG",""
"","9000","metta-morph_tests.multifunction","","Wed Nov 20 21:05:48 GMT 2024","passed","Wed Nov 20 21:05:57 GMT 2024","","WHOLE-TESTS","WHOLE-TESTS",""
"","3","FACTORIAL.01","","Wed Nov 20 21:46:24 GMT 2024","passed","Wed Nov 20 21:46:24 GMT 2024","","METTA-MORPH-TESTS","METTA-MORPH-TESTS",""
"","4","C1-GROUNDED-BASIC.08","","Wed Nov 20 21:10:52 GMT 2024","passed","Wed Nov 20 21:10:52 GMT 2024","","HYPERON-EXPERIMENTAL-SCRIPTS","HYPERON-EXPERIMENTAL-SCRIPTS",""
"","4","UNIQUE-TEST.01","","Wed Nov 20 21:14:17 GMT 2024","passed","Wed Nov 20 21:14:17 GMT 2024","","HYPERON-METTALOG-SANITY","HYPERON-METTALOG-SANITY",""
"","3","CONTROLLING-PATTERN-MATCHING---METTA-LANGUAGE12.13","","Wed Nov 20 21:24:55 GMT 2024","passed","Wed Nov 20 21:24:55 GMT 2024","","METTA-LANG","METTA-LANG",""
"","2","EVAL-FOR-TESTS.03","","Wed Nov 20 21:14:17 GMT 2024","passed","Wed Nov 20 21:14:17 GMT 2024","","HYPERON-METTALOG-SANITY","HYPERON-METTALOG-SANITY",""
"","1","CONCRETE-TYPES---METTA-LANGUAGE12.04","","Wed Nov 20 21:24:55 GMT 2024","passed","Wed Nov 20 21:24:55 GMT 2024","","METTA-LANG","METTA-LANG",""
"","2","WORKING-WITH-SPACES---METTA-LANGUAGE3.07","","Wed Nov 20 21:24:55 GMT 2024","passed","Wed Nov 20 21:24:55 GMT 2024","","METTA-LANG","METTA-LANG",""
"","2","CATCH-THROW-TESTS.08","","Wed Nov 20 21:14:17 GMT 2024","passed","Wed Nov 20 21:14:17 GMT 2024","","HYPERON-METTALOG-SANITY","HYPERON-METTALOG-SANITY",""
"","5","C3-PLN-STV.01","","Wed Nov 20 21:10:52 GMT 2024","passed","Wed Nov 20 21:10:52 GMT 2024","","HYPERON-EXPERIMENTAL-SCRIPTS","HYPERON-EXPERIMENTAL-SCRIPTS",""
"","2","CONSOLE-OUTPUT-AND-DEBUGGING---METTA-LANGUAGE3.03","","Wed Nov 20 21:24:55 GMT 2024","passed","Wed Nov 20 21:24:55 GMT 2024","","METTA-LANG","METTA-LANG",""
"","2","D2-HIGHERFUNC.26","","Wed Nov 20 21:10:52 GMT 2024","passed","Wed Nov 20 21:10:52 GMT 2024","","HYPERON-EXPERIMENTAL-SCRIPTS","HYPERON-EXPERIMENTAL-SCRIPTS",""
"","9000","metta_lang.Handling_nondeterministic_results___MeTTa_Language6","","Wed Nov 20 21:05:48 GMT 2024","passed","Wed Nov 20 21:05:57 GMT 2024","","WHOLE-TESTS","WHOLE-TESTS",""
"","1","D2-HIGHERFUNC.04","","Wed Nov 20 21:50:36 GMT 2024","passed","Wed Nov 20 21:50:36 GMT 2024","","QUICK","QUICK",""
"","20","CONCRETE-TYPES---METTA-LANGUAGE11.01","","Wed Nov 20 21:24:55 GMT 2024","passed","Wed Nov 20 21:24:55 GMT 2024","","METTA-LANG","METTA-LANG",""
"","2","CONCRETE-TYPES---METTA-LANGUAGE8.02","","Wed Nov 20 21:24:55 GMT 2024","passed","Wed Nov 20 21:24:55 GMT 2024","","METTA-LANG","METTA-LANG",""
"","54","B5-TYPES-PRELIM.14","","Wed Nov 20 21:10:52 GMT 2024","failed","Wed Nov 20 21:10:52 GMT 2024","","HYPERON-EXPERIMENTAL-SCRIPTS","HYPERON-EXPERIMENTAL-SCRIPTS",""
"","78","FUNCTIONAL-PROGRAMMING-TESTS.08","","Wed Nov 20 21:14:17 GMT 2024","failed","Wed Nov 20 21:14:17 GMT 2024","","HYPERON-METTALOG-SANITY","HYPERON-METTALOG-SANITY",""
"","2","ARITY-TESTS.01","","Wed Nov 20 21:14:17 GMT 2024","passed","Wed Nov 20 21:14:17 GMT 2024","","HYPERON-METTALOG-SANITY","HYPERON-METTALOG-SANITY",""
"","3","C1-GROUNDED-BASIC.23","","Wed Nov 20 21:50:36 GMT 2024","passed","Wed Nov 20 21:50:36 GMT 2024","","QUICK","QUICK",""
"","3","CONSOLE-OUTPUT-AND-DEBUGGING---METTA-LANGUAGE2.09","","Wed Nov 20 21:24:55 GMT 2024","passed","Wed Nov 20 21:24:55 GMT 2024","","METTA-LANG","METTA-LANG",""
"","2","RECURSION-AND-CONTROL---METTA-LANGUAGE2.02","","Wed Nov 20 21:24:55 GMT 2024","passed","Wed Nov 20 21:24:55 GMT 2024","","METTA-LANG","METTA-LANG",""
"","3","TMPMATCH1.03","","Wed Nov 20 21:05:56 GMT 2024","passed","Wed Nov 20 21:05:56 GMT 2024","","ANTI-REGRESSION","ANTI-REGRESSION",""
"","2","BASIC-GROUNDED-FUNCTIONS---METTA-LANGUAGE7.02","","Wed Nov 20 21:24:55 GMT 2024","passed","Wed Nov 20 21:24:55 GMT 2024","","METTA-LANG","METTA-LANG",""
"","1","CONTROL-FLOW---METTA-LANGUAGE16.04","","Wed Nov 20 21:24:55 GMT 2024","passed","Wed Nov 20 21:24:55 GMT 2024","","METTA-LANG","METTA-LANG",""
"","1","F1-IMPORTS.10","","Wed Nov 20 21:10:52 GMT 2024","passed","Wed Nov 20 21:10:52 GMT 2024","","HYPERON-EXPERIMENTAL-SCRIPTS","HYPERON-EXPERIMENTAL-SCRIPTS",""
"","2","PRINT-GRAPH.04","","Wed Nov 20 21:08:55 GMT 2024","passed","Wed Nov 20 21:08:55 GMT 2024","","METTA-WAM-ISSUE-145","METTA-WAM-ISSUE-145",""
"","4","BASIC-GROUNDED-FUNCTIONS---METTA-LANGUAGE3.01","","Wed Nov 20 21:24:55 GMT 2024","passed","Wed Nov 20 21:24:55 GMT 2024","","METTA-LANG","METTA-LANG",""
"","1","HANDLING-NONDETERMINISTIC-RESULTS---METTA-LANGUAGE4.02","","Wed Nov 20 21:24:55 GMT 2024","passed","Wed Nov 20 21:24:55 GMT 2024","","METTA-LANG","METTA-LANG",""
"","1","PRINT-GRAPH.02","","Wed Nov 20 21:08:55 GMT 2024","passed","Wed Nov 20 21:08:55 GMT 2024","","METTA-WAM-ISSUE-145","METTA-WAM-ISSUE-145",""
"","1","HANDLING-NONDETERMINISTIC-RESULTS---METTA-LANGUAGE1.02","","Wed Nov 20 21:24:55 GMT 2024","passed","Wed Nov 20 21:24:55 GMT 2024","","METTA-LANG","METTA-LANG",""
"","9000","metta_lang.Basic_evaluation___MeTTa_Language7","","Wed Nov 20 21:05:48 GMT 2024","passed","Wed Nov 20 21:05:57 GMT 2024","","WHOLE-TESTS","WHOLE-TESTS",""
"","2","WORKING-WITH-SPACES---METTA-LANGUAGE13.01","","Wed Nov 20 21:24:55 GMT 2024","passed","Wed Nov 20 21:24:55 GMT 2024","","METTA-LANG","METTA-LANG",""
"","2","STRING-TESTS.14","","Wed Nov 20 21:14:17 GMT 2024","passed","Wed Nov 20 21:14:17 GMT 2024","","HYPERON-METTALOG-SANITY","HYPERON-METTALOG-SANITY",""
"","2","F1-MODULEA.07","","Wed Nov 20 21:10:52 GMT 2024","passed","Wed Nov 20 21:10:52 GMT 2024","","HYPERON-EXPERIMENTAL-SCRIPTS","HYPERON-EXPERIMENTAL-SCRIPTS",""
"","2","BASIC-EVALUATION---METTA-LANGUAGE6.02","","Wed Nov 20 21:24:55 GMT 2024","passed","Wed Nov 20 21:24:55 GMT 2024","","METTA-LANG","METTA-LANG",""
"","9000","quick.d4_type_prop","","Wed Nov 20 21:05:48 GMT 2024","passed","Wed Nov 20 21:05:57 GMT 2024","","WHOLE-TESTS","WHOLE-TESTS",""
"","3","SUBTRACTION-TEST.06","","Wed Nov 20 21:14:17 GMT 2024","passed","Wed Nov 20 21:14:17 GMT 2024","","HYPERON-METTALOG-SANITY","HYPERON-METTALOG-SANITY",""
"","43","BC-COMP.06","","Wed Nov 20 21:05:56 GMT 2024","passed","Wed Nov 20 21:05:56 GMT 2024","","ANTI-REGRESSION","ANTI-REGRESSION",""
"","3","E2-STATES.03","","Wed Nov 20 21:10:52 GMT 2024","passed","Wed Nov 20 21:10:52 GMT 2024","","HYPERON-EXPERIMENTAL-SCRIPTS","HYPERON-EXPERIMENTAL-SCRIPTS",""
"","1","MATCH-SUPERPOSED-SPACES.03","","Wed Nov 20 21:46:24 GMT 2024","passed","Wed Nov 20 21:46:24 GMT 2024","","METTA-MORPH-TESTS","METTA-MORPH-TESTS",""
"","2","RECURSIVE-AND-PARAMETRIC-TYPES---METTA-LANGUAGE5.03","","Wed Nov 20 21:24:55 GMT 2024","passed","Wed Nov 20 21:24:55 GMT 2024","","METTA-LANG","METTA-LANG",""
"","9000","hyperon-experimental_scripts.b0_chaining_prelim","","Wed Nov 20 21:05:48 GMT 2024","passed","Wed Nov 20 21:05:57 GMT 2024","","WHOLE-TESTS","WHOLE-TESTS",""
"","2","METATYPES---METTA-LANGUAGE1.07","","Wed Nov 20 21:24:55 GMT 2024","passed","Wed Nov 20 21:24:55 GMT 2024","","METTA-LANG","METTA-LANG",""
"","9000","metta-morph_tests.match_feval","","Wed Nov 20 21:05:48 GMT 2024","passed","Wed Nov 20 21:05:57 GMT 2024","","WHOLE-TESTS","WHOLE-TESTS",""
"","2","D2-HIGHERFUNC.23","","Wed Nov 20 21:50:36 GMT 2024","passed","Wed Nov 20 21:50:36 GMT 2024","","QUICK","QUICK",""
"","2","XOR-TEST.03","","Wed Nov 20 21:14:17 GMT 2024","passed","Wed Nov 20 21:14:17 GMT 2024","","HYPERON-METTALOG-SANITY","HYPERON-METTALOG-SANITY",""
"","59","METATYPES---METTA-LANGUAGE6.02","","Wed Nov 20 21:24:55 GMT 2024","failed","Wed Nov 20 21:24:55 GMT 2024","","METTA-LANG","METTA-LANG",""
"","5","CONTROLLING-PATTERN-MATCHING---METTA-LANGUAGE12.01","","Wed Nov 20 21:24:55 GMT 2024","passed","Wed Nov 20 21:24:55 GMT 2024","","METTA-LANG","METTA-LANG",""
"","4","WORKING-WITH-SPACES---METTA-LANGUAGE3.01","","Wed Nov 20 21:24:55 GMT 2024","passed","Wed Nov 20 21:24:55 GMT 2024","","METTA-LANG","METTA-LANG",""
"","2","D4-TYPE-PROP.18","","Wed Nov 20 21:10:52 GMT 2024","passed","Wed Nov 20 21:10:52 GMT 2024","","HYPERON-EXPERIMENTAL-SCRIPTS","HYPERON-EXPERIMENTAL-SCRIPTS",""
"","3","FIND-ALL-TESTS.06","","Wed Nov 20 21:14:17 GMT 2024","passed","Wed Nov 20 21:14:17 GMT 2024","","HYPERON-METTALOG-SANITY","HYPERON-METTALOG-SANITY",""
"","11000","metta-morph_tests.nalifier","","Wed Nov 20 21:05:48 GMT 2024","passed","Wed Nov 20 21:05:59 GMT 2024","","WHOLE-TESTS","WHOLE-TESTS",""
"","2","F1-IMPORTS.14","","Wed Nov 20 21:10:52 GMT 2024","passed","Wed Nov 20 21:10:52 GMT 2024","","HYPERON-EXPERIMENTAL-SCRIPTS","HYPERON-EXPERIMENTAL-SCRIPTS",""
"","80","CONSOLE-OUTPUT-AND-DEBUGGING---METTA-LANGUAGE4.02","","Wed Nov 20 21:24:55 GMT 2024","passed","Wed Nov 20 21:24:55 GMT 2024","","METTA-LANG","METTA-LANG",""
"","3","B0-CHAINING-PRELIM.01","","Wed Nov 20 21:10:52 GMT 2024","passed","Wed Nov 20 21:10:52 GMT 2024","","HYPERON-EXPERIMENTAL-SCRIPTS","HYPERON-EXPERIMENTAL-SCRIPTS",""
"","2","HYPERPOSE.02","","Wed Nov 20 21:46:24 GMT 2024","passed","Wed Nov 20 21:46:24 GMT 2024","","METTA-MORPH-TESTS","METTA-MORPH-TESTS",""
"","79","INTERSECTION-TESTS.29","","Wed Nov 20 21:14:17 GMT 2024","failed","Wed Nov 20 21:14:17 GMT 2024","","HYPERON-METTALOG-SANITY","HYPERON-METTALOG-SANITY",""
"","10000","metta-morph_tests.minnars","","Wed Nov 20 21:05:48 GMT 2024","passed","Wed Nov 20 21:05:58 GMT 2024","","WHOLE-TESTS","WHOLE-TESTS",""
"","2","D2-HIGHERFUNC.14","","Wed Nov 20 21:50:36 GMT 2024","passed","Wed Nov 20 21:50:36 GMT 2024","","QUICK","QUICK",""
"","88","MINIMAL-METTA-TESTS.32","","Wed Nov 20 21:14:17 GMT 2024","failed","Wed Nov 20 21:14:17 GMT 2024","","HYPERON-METTALOG-SANITY","HYPERON-METTALOG-SANITY",""
"","4","F1-IMPORTS.06","","Wed Nov 20 21:50:36 GMT 2024","passed","Wed Nov 20 21:50:36 GMT 2024","","QUICK","QUICK",""
"","3","C2-SPACES.05","","Wed Nov 20 21:05:39 GMT 2024","passed","Wed Nov 20 21:05:39 GMT 2024","","MODULE-SYSTEM","MODULE-SYSTEM",""
"","57","RECURSIVE-AND-PARAMETRIC-TYPES---METTA-LANGUAGE3.04","","Wed Nov 20 21:24:55 GMT 2024","failed","Wed Nov 20 21:24:55 GMT 2024","","METTA-LANG","METTA-LANG",""
"","3","WORKING-WITH-SPACES---METTA-LANGUAGE9.01","","Wed Nov 20 21:24:55 GMT 2024","passed","Wed Nov 20 21:24:55 GMT 2024","","METTA-LANG","METTA-LANG",""
"","2","E2-STATES.06","","Wed Nov 20 21:10:52 GMT 2024","passed","Wed Nov 20 21:10:52 GMT 2024","","HYPERON-EXPERIMENTAL-SCRIPTS","HYPERON-EXPERIMENTAL-SCRIPTS",""
"","28000","anti-regression.debug_mettalogTestCurried","","Wed Nov 20 21:05:48 GMT 2024","passed","Wed Nov 20 21:06:16 GMT 2024","","WHOLE-TESTS","WHOLE-TESTS",""
"","73","WHAT-EVALS-OR-NOT.09","","Wed Nov 20 21:14:17 GMT 2024","failed","Wed Nov 20 21:14:17 GMT 2024","","HYPERON-METTALOG-SANITY","HYPERON-METTALOG-SANITY",""
"","9000","hyperon-mettalog_sanity.first_answer_long","","Wed Nov 20 21:05:48 GMT 2024","passed","Wed Nov 20 21:05:57 GMT 2024","","WHOLE-TESTS","WHOLE-TESTS",""
"","1","C1-GROUNDED-BASIC.20","","Wed Nov 20 21:10:52 GMT 2024","passed","Wed Nov 20 21:10:52 GMT 2024","","HYPERON-EXPERIMENTAL-SCRIPTS","HYPERON-EXPERIMENTAL-SCRIPTS",""
"","3","WHAT-EVALS-OR-NOT.05","","Wed Nov 20 21:14:17 GMT 2024","passed","Wed Nov 20 21:14:17 GMT 2024","","HYPERON-METTALOG-SANITY","HYPERON-METTALOG-SANITY",""
"","1","WORKING-WITH-SPACES---METTA-LANGUAGE1.06","","Wed Nov 20 21:24:55 GMT 2024","passed","Wed Nov 20 21:24:55 GMT 2024","","METTA-LANG","METTA-LANG",""
"","9","RECURSIVE-AND-PARAMETRIC-TYPES---METTA-LANGUAGE7.08","","Wed Nov 20 21:24:55 GMT 2024","passed","Wed Nov 20 21:24:55 GMT 2024","","METTA-LANG","METTA-LANG",""
"","9000","metta_lang.Controlling_pattern_matching___MeTTa_Language11","","Wed Nov 20 21:05:48 GMT 2024","passed","Wed Nov 20 21:05:57 GMT 2024","","WHOLE-TESTS","WHOLE-TESTS",""
"","3","WORKING-WITH-SPACES---METTA-LANGUAGE3.03","","Wed Nov 20 21:24:55 GMT 2024","passed","Wed Nov 20 21:24:55 GMT 2024","","METTA-LANG","METTA-LANG",""
"","9000","metta_lang.Free_variables_and_nondeterminism_again,_recursively___MeTTa_Language4","","Wed Nov 20 21:05:48 GMT 2024","passed","Wed Nov 20 21:05:57 GMT 2024","","WHOLE-TESTS","WHOLE-TESTS",""
"","3","TEST-IF-CLOSED.10","","Wed Nov 20 21:05:56 GMT 2024","passed","Wed Nov 20 21:05:56 GMT 2024","","ANTI-REGRESSION","ANTI-REGRESSION",""
"","4","LETLET.01","","Wed Nov 20 21:46:24 GMT 2024","passed","Wed Nov 20 21:46:24 GMT 2024","","METTA-MORPH-TESTS","METTA-MORPH-TESTS",""
"","2","C1-GROUNDED-BASIC.12","","Wed Nov 20 21:50:36 GMT 2024","passed","Wed Nov 20 21:50:36 GMT 2024","","QUICK","QUICK",""
"","2","FUNCTIONS-AND-UNIFICATION---METTA-LANGUAGE2.03","","Wed Nov 20 21:24:55 GMT 2024","passed","Wed Nov 20 21:24:55 GMT 2024","","METTA-LANG","METTA-LANG",""
"","4","MINNARS.01","","Wed Nov 20 21:46:24 GMT 2024","passed","Wed Nov 20 21:46:24 GMT 2024","","METTA-MORPH-TESTS","METTA-MORPH-TESTS",""
"","9000","metta-wam-issue-145.print_graph","","Wed Nov 20 21:05:48 GMT 2024","passed","Wed Nov 20 21:05:57 GMT 2024","","WHOLE-TESTS","WHOLE-TESTS",""
"","1","STATES-SPACES.04","","Wed Nov 20 21:46:24 GMT 2024","passed","Wed Nov 20 21:46:24 GMT 2024","","METTA-MORPH-TESTS","METTA-MORPH-TESTS",""
"","3","C1-GROUNDED-BASIC.01","","Wed Nov 20 21:50:36 GMT 2024","passed","Wed Nov 20 21:50:36 GMT 2024","","QUICK","QUICK",""
"","2","TMPMATCH2.03","","Wed Nov 20 21:05:56 GMT 2024","passed","Wed Nov 20 21:05:56 GMT 2024","","ANTI-REGRESSION","ANTI-REGRESSION",""
"","15","MATCH-VOID.05","","Wed Nov 20 21:46:24 GMT 2024","passed","Wed Nov 20 21:46:24 GMT 2024","","METTA-MORPH-TESTS","METTA-MORPH-TESTS",""
"","9000","metta_lang.Functions_and_unification___MeTTa_Language6","","Wed Nov 20 21:05:48 GMT 2024","passed","Wed Nov 20 21:05:57 GMT 2024","","WHOLE-TESTS","WHOLE-TESTS",""
"","2","B5-TYPES-PRELIM.09","","Wed Nov 20 21:10:52 GMT 2024","passed","Wed Nov 20 21:10:52 GMT 2024","","HYPERON-EXPERIMENTAL-SCRIPTS","HYPERON-EXPERIMENTAL-SCRIPTS",""
"","1","STRING-TESTS.12","","Wed Nov 20 21:14:17 GMT 2024","passed","Wed Nov 20 21:14:17 GMT 2024","","HYPERON-METTALOG-SANITY","HYPERON-METTALOG-SANITY",""
"","9000","metta-morph_tests.and_or","","Wed Nov 20 21:05:48 GMT 2024","passed","Wed Nov 20 21:05:57 GMT 2024","","WHOLE-TESTS","WHOLE-TESTS",""
"","4","STRING-TESTS.01","","Wed Nov 20 21:14:17 GMT 2024","passed","Wed Nov 20 21:14:17 GMT 2024","","HYPERON-METTALOG-SANITY","HYPERON-METTALOG-SANITY",""
"","3","SPACE-SUBTRACTION-TESTS.04","","Wed Nov 20 21:14:17 GMT 2024","passed","Wed Nov 20 21:14:17 GMT 2024","","HYPERON-METTALOG-SANITY","HYPERON-METTALOG-SANITY",""
"","2","03-SORING-VIA-INSERT.03","","Wed Nov 20 21:14:17 GMT 2024","passed","Wed Nov 20 21:14:17 GMT 2024","","HYPERON-METTALOG-SANITY","HYPERON-METTALOG-SANITY",""
"","112","MINIMAL-METTA-TESTS.28","","Wed Nov 20 21:14:17 GMT 2024","failed","Wed Nov 20 21:14:17 GMT 2024","","HYPERON-METTALOG-SANITY","HYPERON-METTALOG-SANITY",""
"","2","C1-GROUNDED-BASIC.12","","Wed Nov 20 21:10:52 GMT 2024","passed","Wed Nov 20 21:10:52 GMT 2024","","HYPERON-EXPERIMENTAL-SCRIPTS","HYPERON-EXPERIMENTAL-SCRIPTS",""
"","1","WORKING-WITH-SPACES---METTA-LANGUAGE10.02","","Wed Nov 20 21:24:55 GMT 2024","passed","Wed Nov 20 21:24:55 GMT 2024","","METTA-LANG","METTA-LANG",""
"","2","CATCH-THROW-TESTS.03","","Wed Nov 20 21:14:17 GMT 2024","passed","Wed Nov 20 21:14:17 GMT 2024","","HYPERON-METTALOG-SANITY","HYPERON-METTALOG-SANITY",""
"","8000","metta_lang.Functions_and_unification___MeTTa_Language7","","Wed Nov 20 21:05:48 GMT 2024","passed","Wed Nov 20 21:05:56 GMT 2024","","WHOLE-TESTS","WHOLE-TESTS",""
"","2","FUNCTIONS-AND-UNIFICATION---METTA-LANGUAGE2.04","","Wed Nov 20 21:24:55 GMT 2024","passed","Wed Nov 20 21:24:55 GMT 2024","","METTA-LANG","METTA-LANG",""
"","9000","metta_lang.Basic_evaluation___MeTTa_Language2","","Wed Nov 20 21:05:48 GMT 2024","passed","Wed Nov 20 21:05:57 GMT 2024","","WHOLE-TESTS","WHOLE-TESTS",""
"","2","WORKING-WITH-SPACES---METTA-LANGUAGE1.02","","Wed Nov 20 21:24:55 GMT 2024","passed","Wed Nov 20 21:24:55 GMT 2024","","METTA-LANG","METTA-LANG",""
"","147","SPACE-INTERSECTION-TESTS.09","","Wed Nov 20 21:14:17 GMT 2024","failed","Wed Nov 20 21:14:17 GMT 2024","","HYPERON-METTALOG-SANITY","HYPERON-METTALOG-SANITY",""
"","9000","metta_lang.Metatypes___MeTTa_Language8","","Wed Nov 20 21:05:48 GMT 2024","passed","Wed Nov 20 21:05:57 GMT 2024","","WHOLE-TESTS","WHOLE-TESTS",""
"","2","F1-MODULEA.05","","Wed Nov 20 21:50:36 GMT 2024","passed","Wed Nov 20 21:50:36 GMT 2024","","QUICK","QUICK",""
"","14","CONCRETE-TYPES---METTA-LANGUAGE9.02","","Wed Nov 20 21:24:55 GMT 2024","failed","Wed Nov 20 21:24:55 GMT 2024","","METTA-LANG","METTA-LANG",""
"","94","F1-IMPORTS.13","","Wed Nov 20 21:05:39 GMT 2024","passed","Wed Nov 20 21:05:39 GMT 2024","","MODULE-SYSTEM","MODULE-SYSTEM",""
"","2","D2-HIGHERFUNC.02","","Wed Nov 20 21:10:52 GMT 2024","passed","Wed Nov 20 21:10:52 GMT 2024","","HYPERON-EXPERIMENTAL-SCRIPTS","HYPERON-EXPERIMENTAL-SCRIPTS",""
"","9000","metta_lang.Querying_space_content___MeTTa_Language2","","Wed Nov 20 21:05:48 GMT 2024","passed","Wed Nov 20 21:05:57 GMT 2024","","WHOLE-TESTS","WHOLE-TESTS",""
"","3","FUNCTIONS-AND-UNIFICATION---METTA-LANGUAGE1.02","","Wed Nov 20 21:24:55 GMT 2024","passed","Wed Nov 20 21:24:55 GMT 2024","","METTA-LANG","METTA-LANG",""
"","9000","metta-morph_tests.states_spaces","","Wed Nov 20 21:05:48 GMT 2024","passed","Wed Nov 20 21:05:57 GMT 2024","","WHOLE-TESTS","WHOLE-TESTS",""
"","1","B1-EQUAL-CHAIN.05","","Wed Nov 20 21:10:52 GMT 2024","passed","Wed Nov 20 21:10:52 GMT 2024","","HYPERON-EXPERIMENTAL-SCRIPTS","HYPERON-EXPERIMENTAL-SCRIPTS",""
"","3","SEALED-TEST.02","","Wed Nov 20 21:14:17 GMT 2024","passed","Wed Nov 20 21:14:17 GMT 2024","","HYPERON-METTALOG-SANITY","HYPERON-METTALOG-SANITY",""
"","2","F1-IMPORTS.08","","Wed Nov 20 21:05:39 GMT 2024","passed","Wed Nov 20 21:05:39 GMT 2024","","MODULE-SYSTEM","MODULE-SYSTEM",""
"","123","BASIC-EVALUATION---METTA-LANGUAGE4.01","","Wed Nov 20 21:24:55 GMT 2024","failed","Wed Nov 20 21:24:55 GMT 2024","","METTA-LANG","METTA-LANG",""
"","3","FLIP-TEST.01","","Wed Nov 20 21:14:17 GMT 2024","passed","Wed Nov 20 21:14:17 GMT 2024","","HYPERON-METTALOG-SANITY","HYPERON-METTALOG-SANITY",""
"","1","UNIQUE-TEST.04","","Wed Nov 20 21:14:17 GMT 2024","passed","Wed Nov 20 21:14:17 GMT 2024","","HYPERON-METTALOG-SANITY","HYPERON-METTALOG-SANITY",""
"","9000","hyperon-mettalog_sanity.structure-tests","","Wed Nov 20 21:05:48 GMT 2024","passed","Wed Nov 20 21:05:57 GMT 2024","","WHOLE-TESTS","WHOLE-TESTS",""
"","9000","metta-morph_tests.add_atom_match","","Wed Nov 20 21:05:48 GMT 2024","passed","Wed Nov 20 21:05:57 GMT 2024","","WHOLE-TESTS","WHOLE-TESTS",""
"","42000","anti-regression.mettalogTestCurried","","Wed Nov 20 21:05:48 GMT 2024","failed","Wed Nov 20 21:06:30 GMT 2024","","WHOLE-TESTS","WHOLE-TESTS",""
"","9","CONCRETE-TYPES---METTA-LANGUAGE7.02","","Wed Nov 20 21:24:55 GMT 2024","passed","Wed Nov 20 21:24:55 GMT 2024","","METTA-LANG","METTA-LANG",""
"","1","STRING-TESTS.13","","Wed Nov 20 21:14:17 GMT 2024","passed","Wed Nov 20 21:14:17 GMT 2024","","HYPERON-METTALOG-SANITY","HYPERON-METTALOG-SANITY",""
"","113","SPACE-INTERSECTION-TESTS.17","","Wed Nov 20 21:14:17 GMT 2024","failed","Wed Nov 20 21:14:17 GMT 2024","","HYPERON-METTALOG-SANITY","HYPERON-METTALOG-SANITY",""
"","100","MINIMAL-METTA-TESTS.24","","Wed Nov 20 21:14:17 GMT 2024","failed","Wed Nov 20 21:14:17 GMT 2024","","HYPERON-METTALOG-SANITY","HYPERON-METTALOG-SANITY",""
"","3","CONTROLLING-PATTERN-MATCHING---METTA-LANGUAGE12.10","","Wed Nov 20 21:24:55 GMT 2024","passed","Wed Nov 20 21:24:55 GMT 2024","","METTA-LANG","METTA-LANG",""
"","2","CONTROLLING-PATTERN-MATCHING---METTA-LANGUAGE12.11","","Wed Nov 20 21:24:55 GMT 2024","passed","Wed Nov 20 21:24:55 GMT 2024","","METTA-LANG","METTA-LANG",""
"","1","B4-NONDETERM.08","","Wed Nov 20 21:10:52 GMT 2024","passed","Wed Nov 20 21:10:52 GMT 2024","","HYPERON-EXPERIMENTAL-SCRIPTS","HYPERON-EXPERIMENTAL-SCRIPTS",""
"","86","F1-IMPORTS.16","","Wed Nov 20 21:10:52 GMT 2024","passed","Wed Nov 20 21:10:52 GMT 2024","","HYPERON-EXPERIMENTAL-SCRIPTS","HYPERON-EXPERIMENTAL-SCRIPTS",""
"","2","BASIC-EVALUATION---METTA-LANGUAGE9.01","","Wed Nov 20 21:24:55 GMT 2024","passed","Wed Nov 20 21:24:55 GMT 2024","","METTA-LANG","METTA-LANG",""
"","1","INTERSECTION-TESTS.03","","Wed Nov 20 21:14:17 GMT 2024","passed","Wed Nov 20 21:14:17 GMT 2024","","HYPERON-METTALOG-SANITY","HYPERON-METTALOG-SANITY",""
"","2","WORKING-WITH-SPACES---METTA-LANGUAGE3.05","","Wed Nov 20 21:24:55 GMT 2024","passed","Wed Nov 20 21:24:55 GMT 2024","","METTA-LANG","METTA-LANG",""
"","4","RECURSION-AND-CONTROL---METTA-LANGUAGE5.01","","Wed Nov 20 21:24:55 GMT 2024","passed","Wed Nov 20 21:24:55 GMT 2024","","METTA-LANG","METTA-LANG",""
"","9000","metta_lang.Basic_evaluation___MeTTa_Language9","","Wed Nov 20 21:05:48 GMT 2024","passed","Wed Nov 20 21:05:57 GMT 2024","","WHOLE-TESTS","WHOLE-TESTS",""
"","3","METATYPES---METTA-LANGUAGE9.02","","Wed Nov 20 21:24:55 GMT 2024","passed","Wed Nov 20 21:24:55 GMT 2024","","METTA-LANG","METTA-LANG",""
"","51","D5-AUTO-TYPES.02","","Wed Nov 20 21:10:52 GMT 2024","failed","Wed Nov 20 21:10:52 GMT 2024","","HYPERON-EXPERIMENTAL-SCRIPTS","HYPERON-EXPERIMENTAL-SCRIPTS",""
"","3","WORKING-WITH-SPACES---METTA-LANGUAGE12.06","","Wed Nov 20 21:24:55 GMT 2024","passed","Wed Nov 20 21:24:55 GMT 2024","","METTA-LANG","METTA-LANG",""
"","3","METATYPES---METTA-LANGUAGE8.03","","Wed Nov 20 21:24:55 GMT 2024","passed","Wed Nov 20 21:24:55 GMT 2024","","METTA-LANG","METTA-LANG",""
"","9000","hyperon-mettalog_sanity.intersection_tests","","Wed Nov 20 21:05:48 GMT 2024","passed","Wed Nov 20 21:05:57 GMT 2024","","WHOLE-TESTS","WHOLE-TESTS",""
"","1","OR-TEST.15","","Wed Nov 20 21:14:17 GMT 2024","passed","Wed Nov 20 21:14:17 GMT 2024","","HYPERON-METTALOG-SANITY","HYPERON-METTALOG-SANITY",""
"","4","TEST-SPO-100.01","","Wed Nov 20 21:07:02 GMT 2024","passed","Wed Nov 20 21:07:02 GMT 2024","","METTA-WAM-ISSUE-116","METTA-WAM-ISSUE-116",""
"","213","WORKING-WITH-SPACES---METTA-LANGUAGE4.04","","Wed Nov 20 21:24:55 GMT 2024","failed","Wed Nov 20 21:24:55 GMT 2024","","METTA-LANG","METTA-LANG",""
"","2","XOR-TEST.09","","Wed Nov 20 21:14:17 GMT 2024","passed","Wed Nov 20 21:14:17 GMT 2024","","HYPERON-METTALOG-SANITY","HYPERON-METTALOG-SANITY",""
"","2","UNIQUE-TEST.06","","Wed Nov 20 21:14:17 GMT 2024","passed","Wed Nov 20 21:14:17 GMT 2024","","HYPERON-METTALOG-SANITY","HYPERON-METTALOG-SANITY",""
"","9000","metta-morph_tests.sequential_nested","","Wed Nov 20 21:05:48 GMT 2024","passed","Wed Nov 20 21:05:57 GMT 2024","","WHOLE-TESTS","WHOLE-TESTS",""
"","9000","metta_lang.Control_flow___MeTTa_Language3","","Wed Nov 20 21:05:48 GMT 2024","passed","Wed Nov 20 21:05:57 GMT 2024","","WHOLE-TESTS","WHOLE-TESTS",""
"","8000","metta_lang.Recursion_and_control___MeTTa_Language6","","Wed Nov 20 21:05:48 GMT 2024","passed","Wed Nov 20 21:05:56 GMT 2024","","WHOLE-TESTS","WHOLE-TESTS",""
"","9000","hyperon-mettalog_sanity.what_evals_or_not","","Wed Nov 20 21:05:48 GMT 2024","passed","Wed Nov 20 21:05:57 GMT 2024","","WHOLE-TESTS","WHOLE-TESTS",""
"","86","RUST-TESTS.01","","Wed Nov 20 21:14:17 GMT 2024","failed","Wed Nov 20 21:14:17 GMT 2024","","HYPERON-METTALOG-SANITY","HYPERON-METTALOG-SANITY",""
"","10","WORKING-WITH-SPACES---METTA-LANGUAGE11.02","","Wed Nov 20 21:24:55 GMT 2024","failed","Wed Nov 20 21:24:55 GMT 2024","","METTA-LANG","METTA-LANG",""
"","2","D4-TYPE-PROP.01","","Wed Nov 20 21:50:36 GMT 2024","passed","Wed Nov 20 21:50:36 GMT 2024","","QUICK","QUICK",""
"","31","G1-DOCS.05","","Wed Nov 20 21:10:52 GMT 2024","failed","Wed Nov 20 21:10:52 GMT 2024","","HYPERON-EXPERIMENTAL-SCRIPTS","HYPERON-EXPERIMENTAL-SCRIPTS",""
"","2","D2-HIGHERFUNC.18","","Wed Nov 20 21:50:36 GMT 2024","passed","Wed Nov 20 21:50:36 GMT 2024","","QUICK","QUICK",""
"","4","IDENTITY.01","","Wed Nov 20 21:46:24 GMT 2024","passed","Wed Nov 20 21:46:24 GMT 2024","","METTA-MORPH-TESTS","METTA-MORPH-TESTS",""
"","2","FUNCTIONS-AND-UNIFICATION---METTA-LANGUAGE5.01","","Wed Nov 20 21:24:55 GMT 2024","passed","Wed Nov 20 21:24:55 GMT 2024","","METTA-LANG","METTA-LANG",""
"","9000","metta_lang.Controlling_pattern_matching___MeTTa_Language12","","Wed Nov 20 21:05:48 GMT 2024","passed","Wed Nov 20 21:05:57 GMT 2024","","WHOLE-TESTS","WHOLE-TESTS",""
"","2","B5-TYPES-PRELIM.22","","Wed Nov 20 21:10:52 GMT 2024","passed","Wed Nov 20 21:10:52 GMT 2024","","HYPERON-EXPERIMENTAL-SCRIPTS","HYPERON-EXPERIMENTAL-SCRIPTS",""
"","9","CONCRETE-TYPES---METTA-LANGUAGE5.02","","Wed Nov 20 21:24:55 GMT 2024","passed","Wed Nov 20 21:24:55 GMT 2024","","METTA-LANG","METTA-LANG",""
"","3","RECURSION-AND-CONTROL---METTA-LANGUAGE2.01","","Wed Nov 20 21:24:55 GMT 2024","passed","Wed Nov 20 21:24:55 GMT 2024","","METTA-LANG","METTA-LANG",""
"","7","SPACE-SUBTRACTION-TESTS.11","","Wed Nov 20 21:14:17 GMT 2024","passed","Wed Nov 20 21:14:17 GMT 2024","","HYPERON-METTALOG-SANITY","HYPERON-METTALOG-SANITY",""
"","5","NESTED-QUERIES-AND-RECURSIVE-GRAPH-TRAVERSAL---METTA-LANGUAGE3.01","","Wed Nov 20 21:24:55 GMT 2024","passed","Wed Nov 20 21:24:55 GMT 2024","","METTA-LANG","METTA-LANG",""
"","49","METATYPES---METTA-LANGUAGE1.06","","Wed Nov 20 21:24:55 GMT 2024","failed","Wed Nov 20 21:24:55 GMT 2024","","METTA-LANG","METTA-LANG",""
"","82","MINIMAL-METTA-TESTS.19","","Wed Nov 20 21:14:17 GMT 2024","failed","Wed Nov 20 21:14:17 GMT 2024","","HYPERON-METTALOG-SANITY","HYPERON-METTALOG-SANITY",""
"","3","BCHAIN.02","","Wed Nov 20 21:05:56 GMT 2024","passed","Wed Nov 20 21:05:56 GMT 2024","","ANTI-REGRESSION","ANTI-REGRESSION",""
"","2","OPERATIONS-OVER-ATOMS---METTA-LANGUAGE3.01","","Wed Nov 20 21:24:55 GMT 2024","passed","Wed Nov 20 21:24:55 GMT 2024","","METTA-LANG","METTA-LANG",""
"","1","TEST-IF-CLOSED.04","","Wed Nov 20 21:05:56 GMT 2024","passed","Wed Nov 20 21:05:56 GMT 2024","","ANTI-REGRESSION","ANTI-REGRESSION",""
"","2","D1-GADT.07","","Wed Nov 20 21:10:52 GMT 2024","passed","Wed Nov 20 21:10:52 GMT 2024","","HYPERON-EXPERIMENTAL-SCRIPTS","HYPERON-EXPERIMENTAL-SCRIPTS",""
"","2","WORKING-WITH-SPACES---METTA-LANGUAGE11.01","","Wed Nov 20 21:24:55 GMT 2024","passed","Wed Nov 20 21:24:55 GMT 2024","","METTA-LANG","METTA-LANG",""
"","2","RECURSION-AND-CONTROL---METTA-LANGUAGE6.02","","Wed Nov 20 21:24:55 GMT 2024","passed","Wed Nov 20 21:24:55 GMT 2024","","METTA-LANG","METTA-LANG",""
"","1","XOR-TEST.05","","Wed Nov 20 21:14:17 GMT 2024","passed","Wed Nov 20 21:14:17 GMT 2024","","HYPERON-METTALOG-SANITY","HYPERON-METTALOG-SANITY",""
"","3","CONTROLLING-PATTERN-MATCHING---METTA-LANGUAGE4.01","","Wed Nov 20 21:24:55 GMT 2024","passed","Wed Nov 20 21:24:55 GMT 2024","","METTA-LANG","METTA-LANG",""
"","9000","metta_lang.Recursive_and_parametric_types___MeTTa_Language5","","Wed Nov 20 21:05:48 GMT 2024","passed","Wed Nov 20 21:05:57 GMT 2024","","WHOLE-TESTS","WHOLE-TESTS",""
"","2","UNIQUE-TEST.05","","Wed Nov 20 21:14:17 GMT 2024","passed","Wed Nov 20 21:14:17 GMT 2024","","HYPERON-METTALOG-SANITY","HYPERON-METTALOG-SANITY",""
"","178","NALIFIER.01","","Wed Nov 20 21:46:24 GMT 2024","passed","Wed Nov 20 21:46:24 GMT 2024","","METTA-MORPH-TESTS","METTA-MORPH-TESTS",""
"","2","CONTROLLING-PATTERN-MATCHING---METTA-LANGUAGE10.02","","Wed Nov 20 21:24:55 GMT 2024","passed","Wed Nov 20 21:24:55 GMT 2024","","METTA-LANG","METTA-LANG",""
"","3","INTERSECTION-TESTS.12","","Wed Nov 20 21:14:17 GMT 2024","passed","Wed Nov 20 21:14:17 GMT 2024","","HYPERON-METTALOG-SANITY","HYPERON-METTALOG-SANITY",""
"","3","LIMIT-TESTS.15","","Wed Nov 20 21:14:17 GMT 2024","passed","Wed Nov 20 21:14:17 GMT 2024","","HYPERON-METTALOG-SANITY","HYPERON-METTALOG-SANITY",""
"","3","MATCH-VOID.10","","Wed Nov 20 21:46:24 GMT 2024","passed","Wed Nov 20 21:46:24 GMT 2024","","METTA-MORPH-TESTS","METTA-MORPH-TESTS",""
"","2","STRING-TESTS.07","","Wed Nov 20 21:14:17 GMT 2024","passed","Wed Nov 20 21:14:17 GMT 2024","","HYPERON-METTALOG-SANITY","HYPERON-METTALOG-SANITY",""
"","3","D2-HIGHERFUNC.17","","Wed Nov 20 21:50:36 GMT 2024","passed","Wed Nov 20 21:50:36 GMT 2024","","QUICK","QUICK",""
"","3","06-MATCH-IN-SPACE.04","","Wed Nov 20 21:14:17 GMT 2024","passed","Wed Nov 20 21:14:17 GMT 2024","","HYPERON-METTALOG-SANITY","HYPERON-METTALOG-SANITY",""
"","2","SUPERCOLLAPSE.08","","Wed Nov 20 21:46:24 GMT 2024","passed","Wed Nov 20 21:46:24 GMT 2024","","METTA-MORPH-TESTS","METTA-MORPH-TESTS",""
"","2","WHAT-EVALS-OR-NOT.04","","Wed Nov 20 21:14:17 GMT 2024","passed","Wed Nov 20 21:14:17 GMT 2024","","HYPERON-METTALOG-SANITY","HYPERON-METTALOG-SANITY",""
"","1","C2-SPACES.02","","Wed Nov 20 21:05:39 GMT 2024","passed","Wed Nov 20 21:05:39 GMT 2024","","MODULE-SYSTEM","MODULE-SYSTEM",""
"","1","D4-TYPE-PROP.07","","Wed Nov 20 21:50:36 GMT 2024","passed","Wed Nov 20 21:50:36 GMT 2024","","QUICK","QUICK",""
"","2","INTERSECTION-TESTS.04","","Wed Nov 20 21:14:17 GMT 2024","passed","Wed Nov 20 21:14:17 GMT 2024","","HYPERON-METTALOG-SANITY","HYPERON-METTALOG-SANITY",""
"","112","EVAL-FOR-TESTS.12","","Wed Nov 20 21:14:17 GMT 2024","failed","Wed Nov 20 21:14:17 GMT 2024","","HYPERON-METTALOG-SANITY","HYPERON-METTALOG-SANITY",""
"","3","E2-STATES.12","","Wed Nov 20 21:10:52 GMT 2024","passed","Wed Nov 20 21:10:52 GMT 2024","","HYPERON-EXPERIMENTAL-SCRIPTS","HYPERON-EXPERIMENTAL-SCRIPTS",""
"","3","HANDLING-NONDETERMINISTIC-RESULTS---METTA-LANGUAGE2.01","","Wed Nov 20 21:24:55 GMT 2024","passed","Wed Nov 20 21:24:55 GMT 2024","","METTA-LANG","METTA-LANG",""
"","2","BASIC-EVALUATION---METTA-LANGUAGE10.02","","Wed Nov 20 21:24:55 GMT 2024","passed","Wed Nov 20 21:24:55 GMT 2024","","METTA-LANG","METTA-LANG",""
"","2","HANDLING-NONDETERMINISTIC-RESULTS---METTA-LANGUAGE6.03","","Wed Nov 20 21:24:55 GMT 2024","passed","Wed Nov 20 21:24:55 GMT 2024","","METTA-LANG","METTA-LANG",""
"","2","HANDLING-NONDETERMINISTIC-RESULTS---METTA-LANGUAGE1.03","","Wed Nov 20 21:24:55 GMT 2024","passed","Wed Nov 20 21:24:55 GMT 2024","","METTA-LANG","METTA-LANG",""
"","2","TMPMATCH2.02","","Wed Nov 20 21:05:56 GMT 2024","passed","Wed Nov 20 21:05:56 GMT 2024","","ANTI-REGRESSION","ANTI-REGRESSION",""
"","1","OR-TEST.06","","Wed Nov 20 21:14:17 GMT 2024","passed","Wed Nov 20 21:14:17 GMT 2024","","HYPERON-METTALOG-SANITY","HYPERON-METTALOG-SANITY",""
"","42","BC-COMP.03","","Wed Nov 20 21:05:56 GMT 2024","failed","Wed Nov 20 21:05:56 GMT 2024","","ANTI-REGRESSION","ANTI-REGRESSION",""
"","2","WORKING-WITH-SPACES---METTA-LANGUAGE6.02","","Wed Nov 20 21:24:55 GMT 2024","passed","Wed Nov 20 21:24:55 GMT 2024","","METTA-LANG","METTA-LANG",""
"","125","C1-GROUNDED-BASIC.14","","Wed Nov 20 21:50:36 GMT 2024","failed","Wed Nov 20 21:50:36 GMT 2024","","QUICK","QUICK",""
"","3","CONTROLLING-PATTERN-MATCHING---METTA-LANGUAGE12.07","","Wed Nov 20 21:24:55 GMT 2024","passed","Wed Nov 20 21:24:55 GMT 2024","","METTA-LANG","METTA-LANG",""
"","2","RECURSIVE-AND-PARAMETRIC-TYPES---METTA-LANGUAGE5.05","","Wed Nov 20 21:24:55 GMT 2024","passed","Wed Nov 20 21:24:55 GMT 2024","","METTA-LANG","METTA-LANG",""
"","9000","metta_lang.Console_output_and_debugging___MeTTa_Language4","","Wed Nov 20 21:05:48 GMT 2024","passed","Wed Nov 20 21:05:57 GMT 2024","","WHOLE-TESTS","WHOLE-TESTS",""
"","3","OR-TEST.11","","Wed Nov 20 21:14:17 GMT 2024","passed","Wed Nov 20 21:14:17 GMT 2024","","HYPERON-METTALOG-SANITY","HYPERON-METTALOG-SANITY",""
"","9000","metta_lang.Operations_over_atoms___MeTTa_Language8","","Wed Nov 20 21:05:48 GMT 2024","passed","Wed Nov 20 21:05:57 GMT 2024","","WHOLE-TESTS","WHOLE-TESTS",""
"","2","LIMIT-TESTS.06","","Wed Nov 20 21:14:17 GMT 2024","passed","Wed Nov 20 21:14:17 GMT 2024","","HYPERON-METTALOG-SANITY","HYPERON-METTALOG-SANITY",""
"","5","FUNCTIONS-AND-UNIFICATION---METTA-LANGUAGE3.01","","Wed Nov 20 21:24:55 GMT 2024","passed","Wed Nov 20 21:24:55 GMT 2024","","METTA-LANG","METTA-LANG",""
"","2","D3-DEPTYPES.06","","Wed Nov 20 21:10:52 GMT 2024","passed","Wed Nov 20 21:10:52 GMT 2024","","HYPERON-EXPERIMENTAL-SCRIPTS","HYPERON-EXPERIMENTAL-SCRIPTS",""
"","9","CONTROLLING-PATTERN-MATCHING---METTA-LANGUAGE6.01","","Wed Nov 20 21:24:55 GMT 2024","failed","Wed Nov 20 21:24:55 GMT 2024","","METTA-LANG","METTA-LANG",""
"","2","F1-IMPORTS.06","","Wed Nov 20 21:10:52 GMT 2024","passed","Wed Nov 20 21:10:52 GMT 2024","","HYPERON-EXPERIMENTAL-SCRIPTS","HYPERON-EXPERIMENTAL-SCRIPTS",""
"","83","B4-NONDETERM.03","","Wed Nov 20 21:10:52 GMT 2024","passed","Wed Nov 20 21:10:52 GMT 2024","","HYPERON-EXPERIMENTAL-SCRIPTS","HYPERON-EXPERIMENTAL-SCRIPTS",""
"","41000","hyperon-mettalog_sanity.output_load_tests","","Wed Nov 20 21:05:48 GMT 2024","failed","Wed Nov 20 21:06:29 GMT 2024","","WHOLE-TESTS","WHOLE-TESTS",""
"","3","D2-HIGHERFUNC.27","","Wed Nov 20 21:50:36 GMT 2024","passed","Wed Nov 20 21:50:36 GMT 2024","","QUICK","QUICK",""
"","2","F1-MODULEA.02","","Wed Nov 20 21:10:52 GMT 2024","passed","Wed Nov 20 21:10:52 GMT 2024","","HYPERON-EXPERIMENTAL-SCRIPTS","HYPERON-EXPERIMENTAL-SCRIPTS",""
"","1","F1-IMPORTS.12","","Wed Nov 20 21:50:36 GMT 2024","passed","Wed Nov 20 21:50:36 GMT 2024","","QUICK","QUICK",""
"","1","XOR-TEST.11","","Wed Nov 20 21:14:17 GMT 2024","passed","Wed Nov 20 21:14:17 GMT 2024","","HYPERON-METTALOG-SANITY","HYPERON-METTALOG-SANITY",""
"","2","C1-GROUNDED-BASIC.21","","Wed Nov 20 21:10:52 GMT 2024","passed","Wed Nov 20 21:10:52 GMT 2024","","HYPERON-EXPERIMENTAL-SCRIPTS","HYPERON-EXPERIMENTAL-SCRIPTS",""
"","1","METTALOGTESTCURRIED2.04","","Wed Nov 20 21:05:56 GMT 2024","passed","Wed Nov 20 21:05:56 GMT 2024","","ANTI-REGRESSION","ANTI-REGRESSION",""
"","9000","metta_lang.Free_variables_and_nondeterminism_again,_recursively___MeTTa_Language1","","Wed Nov 20 21:05:48 GMT 2024","passed","Wed Nov 20 21:05:57 GMT 2024","","WHOLE-TESTS","WHOLE-TESTS",""
"","2","WORKING-WITH-SPACES---METTA-LANGUAGE12.02","","Wed Nov 20 21:24:55 GMT 2024","passed","Wed Nov 20 21:24:55 GMT 2024","","METTA-LANG","METTA-LANG",""
"","87","MINIMAL-METTA-TESTS.21","","Wed Nov 20 21:14:17 GMT 2024","failed","Wed Nov 20 21:14:17 GMT 2024","","HYPERON-METTALOG-SANITY","HYPERON-METTALOG-SANITY",""
"","9000","metta_lang.Concrete_types___MeTTa_Language8","","Wed Nov 20 21:05:48 GMT 2024","passed","Wed Nov 20 21:05:57 GMT 2024","","WHOLE-TESTS","WHOLE-TESTS",""
"","2","CONTROL-FLOW---METTA-LANGUAGE15.05","","Wed Nov 20 21:24:55 GMT 2024","passed","Wed Nov 20 21:24:55 GMT 2024","","METTA-LANG","METTA-LANG",""
"","112","RECURSIVE-AND-PARAMETRIC-TYPES---METTA-LANGUAGE1.02","","Wed Nov 20 21:24:55 GMT 2024","failed","Wed Nov 20 21:24:55 GMT 2024","","METTA-LANG","METTA-LANG",""
"","1","00-LANG-CASE.07","","Wed Nov 20 21:14:17 GMT 2024","passed","Wed Nov 20 21:14:17 GMT 2024","","HYPERON-METTALOG-SANITY","HYPERON-METTALOG-SANITY",""
"","9000","metta-wam-issue-116.test_spo_5000","","Wed Nov 20 21:05:48 GMT 2024","passed","Wed Nov 20 21:05:57 GMT 2024","","WHOLE-TESTS","WHOLE-TESTS",""
"","3","CONTROLLING-PATTERN-MATCHING---METTA-LANGUAGE5.01","","Wed Nov 20 21:24:55 GMT 2024","passed","Wed Nov 20 21:24:55 GMT 2024","","METTA-LANG","METTA-LANG",""
"","8000","metta_lang.Basic_evaluation___MeTTa_Language1","","Wed Nov 20 21:05:48 GMT 2024","passed","Wed Nov 20 21:05:56 GMT 2024","","WHOLE-TESTS","WHOLE-TESTS",""
"","2","RUST-TESTS.05","","Wed Nov 20 21:14:17 GMT 2024","passed","Wed Nov 20 21:14:17 GMT 2024","","HYPERON-METTALOG-SANITY","HYPERON-METTALOG-SANITY",""
"","1","F1-IMPORTS.13","","Wed Nov 20 21:50:36 GMT 2024","passed","Wed Nov 20 21:50:36 GMT 2024","","QUICK","QUICK",""
"","1","CONTROLLING-PATTERN-MATCHING---METTA-LANGUAGE1.02","","Wed Nov 20 21:24:55 GMT 2024","passed","Wed Nov 20 21:24:55 GMT 2024","","METTA-LANG","METTA-LANG",""
"","2","F1-MODULEA.08","","Wed Nov 20 21:50:36 GMT 2024","passed","Wed Nov 20 21:50:36 GMT 2024","","QUICK","QUICK",""
"","79","D5-AUTO-TYPES.07","","Wed Nov 20 21:10:52 GMT 2024","failed","Wed Nov 20 21:10:52 GMT 2024","","HYPERON-EXPERIMENTAL-SCRIPTS","HYPERON-EXPERIMENTAL-SCRIPTS",""
"","61","E2-STATES.08","","Wed Nov 20 21:10:52 GMT 2024","failed","Wed Nov 20 21:10:52 GMT 2024","","HYPERON-EXPERIMENTAL-SCRIPTS","HYPERON-EXPERIMENTAL-SCRIPTS",""
"","2","QUERYING-SPACE-CONTENT---METTA-LANGUAGE4.02","","Wed Nov 20 21:24:55 GMT 2024","passed","Wed Nov 20 21:24:55 GMT 2024","","METTA-LANG","METTA-LANG",""
"","1","CONTROL-FLOW---METTA-LANGUAGE16.06","","Wed Nov 20 21:24:55 GMT 2024","passed","Wed Nov 20 21:24:55 GMT 2024","","METTA-LANG","METTA-LANG",""
"","1","D4-TYPE-PROP.06","","Wed Nov 20 21:10:52 GMT 2024","passed","Wed Nov 20 21:10:52 GMT 2024","","HYPERON-EXPERIMENTAL-SCRIPTS","HYPERON-EXPERIMENTAL-SCRIPTS",""
"","8000","quick.d1_gadt","","Wed Nov 20 21:05:48 GMT 2024","passed","Wed Nov 20 21:05:56 GMT 2024","","WHOLE-TESTS","WHOLE-TESTS",""
"","2","CONTROLLING-PATTERN-MATCHING---METTA-LANGUAGE12.02","","Wed Nov 20 21:24:55 GMT 2024","passed","Wed Nov 20 21:24:55 GMT 2024","","METTA-LANG","METTA-LANG",""
"","2","CONCRETE-TYPES---METTA-LANGUAGE1.04","","Wed Nov 20 21:24:55 GMT 2024","passed","Wed Nov 20 21:24:55 GMT 2024","","METTA-LANG","METTA-LANG",""
"","3","HANDLING-NONDETERMINISTIC-RESULTS---METTA-LANGUAGE8.06","","Wed Nov 20 21:24:55 GMT 2024","passed","Wed Nov 20 21:24:55 GMT 2024","","METTA-LANG","METTA-LANG",""
"","3","CONTROL-FLOW---METTA-LANGUAGE10.03","","Wed Nov 20 21:24:55 GMT 2024","passed","Wed Nov 20 21:24:55 GMT 2024","","METTA-LANG","METTA-LANG",""
"","9000","hyperon-mettalog_sanity.arity_tests","","Wed Nov 20 21:05:48 GMT 2024","passed","Wed Nov 20 21:05:57 GMT 2024","","WHOLE-TESTS","WHOLE-TESTS",""
"","8000","metta_lang.Control_flow___MeTTa_Language6","","Wed Nov 20 21:05:48 GMT 2024","passed","Wed Nov 20 21:05:56 GMT 2024","","WHOLE-TESTS","WHOLE-TESTS",""
"","1","MATCH-SUPERPOSED-SPACES.02","","Wed Nov 20 21:46:24 GMT 2024","passed","Wed Nov 20 21:46:24 GMT 2024","","METTA-MORPH-TESTS","METTA-MORPH-TESTS",""
"","3","F1-IMPORTS.11","","Wed Nov 20 21:05:39 GMT 2024","passed","Wed Nov 20 21:05:39 GMT 2024","","MODULE-SYSTEM","MODULE-SYSTEM",""
"","3","SUBTRACTION-TEST.09","","Wed Nov 20 21:14:17 GMT 2024","passed","Wed Nov 20 21:14:17 GMT 2024","","HYPERON-METTALOG-SANITY","HYPERON-METTALOG-SANITY",""
"","8000","metta_lang.Controlling_pattern_matching___MeTTa_Language4","","Wed Nov 20 21:05:48 GMT 2024","passed","Wed Nov 20 21:05:56 GMT 2024","","WHOLE-TESTS","WHOLE-TESTS",""
"","9000","hyperon-mettalog_sanity.minimal_metta_tests","","Wed Nov 20 21:05:48 GMT 2024","passed","Wed Nov 20 21:05:57 GMT 2024","","WHOLE-TESTS","WHOLE-TESTS",""
"","2","C3-PLN-STV.02","","Wed Nov 20 21:10:52 GMT 2024","passed","Wed Nov 20 21:10:52 GMT 2024","","HYPERON-EXPERIMENTAL-SCRIPTS","HYPERON-EXPERIMENTAL-SCRIPTS",""
"","9000","hyperon-mettalog_sanity.max_time_tests","","Wed Nov 20 21:05:48 GMT 2024","passed","Wed Nov 20 21:05:57 GMT 2024","","WHOLE-TESTS","WHOLE-TESTS",""
"","91","BASE-TEST-REPR-PARSE-INTERSECTION.02","","Wed Nov 20 21:14:17 GMT 2024","passed","Wed Nov 20 21:14:17 GMT 2024","","HYPERON-METTALOG-SANITY","HYPERON-METTALOG-SANITY",""
"","60","G1-DOCS.03","","Wed Nov 20 21:10:52 GMT 2024","failed","Wed Nov 20 21:10:52 GMT 2024","","HYPERON-EXPERIMENTAL-SCRIPTS","HYPERON-EXPERIMENTAL-SCRIPTS",""
"","4","STRING-TESTS.05","","Wed Nov 20 21:14:17 GMT 2024","passed","Wed Nov 20 21:14:17 GMT 2024","","HYPERON-METTALOG-SANITY","HYPERON-METTALOG-SANITY",""
"","1","CALL-TESTS.08","","Wed Nov 20 21:14:17 GMT 2024","passed","Wed Nov 20 21:14:17 GMT 2024","","HYPERON-METTALOG-SANITY","HYPERON-METTALOG-SANITY",""
"","4","E1-KB-WRITE.01","","Wed Nov 20 21:10:52 GMT 2024","passed","Wed Nov 20 21:10:52 GMT 2024","","HYPERON-EXPERIMENTAL-SCRIPTS","HYPERON-EXPERIMENTAL-SCRIPTS",""
"","5","WORKING-WITH-SPACES---METTA-LANGUAGE7.01","","Wed Nov 20 21:24:55 GMT 2024","passed","Wed Nov 20 21:24:55 GMT 2024","","METTA-LANG","METTA-LANG",""
"","3","FREE-VARIABLES-AND-NONDETERMINISM-AGAIN-RECURSIVELY---METTA-LANGUAGE5.02","","Wed Nov 20 21:24:55 GMT 2024","passed","Wed Nov 20 21:24:55 GMT 2024","","METTA-LANG","METTA-LANG",""
"","67","MINIMAL-METTA-TESTS.14","","Wed Nov 20 21:14:17 GMT 2024","passed","Wed Nov 20 21:14:17 GMT 2024","","HYPERON-METTALOG-SANITY","HYPERON-METTALOG-SANITY",""
"","2","RUST-TESTS.10","","Wed Nov 20 21:14:17 GMT 2024","passed","Wed Nov 20 21:14:17 GMT 2024","","HYPERON-METTALOG-SANITY","HYPERON-METTALOG-SANITY",""
"","2","F1-IMPORTS.15","","Wed Nov 20 21:50:36 GMT 2024","passed","Wed Nov 20 21:50:36 GMT 2024","","QUICK","QUICK",""
"","1","XOR-TEST.10","","Wed Nov 20 21:14:17 GMT 2024","passed","Wed Nov 20 21:14:17 GMT 2024","","HYPERON-METTALOG-SANITY","HYPERON-METTALOG-SANITY",""
"","3","FUNCTIONS-AND-UNIFICATION---METTA-LANGUAGE3.03","","Wed Nov 20 21:24:55 GMT 2024","passed","Wed Nov 20 21:24:55 GMT 2024","","METTA-LANG","METTA-LANG",""
"","2","B3-DIRECT.01","","Wed Nov 20 21:10:52 GMT 2024","passed","Wed Nov 20 21:10:52 GMT 2024","","HYPERON-EXPERIMENTAL-SCRIPTS","HYPERON-EXPERIMENTAL-SCRIPTS",""
"","3","FUNCTIONS-AND-UNIFICATION---METTA-LANGUAGE3.02","","Wed Nov 20 21:24:55 GMT 2024","passed","Wed Nov 20 21:24:55 GMT 2024","","METTA-LANG","METTA-LANG",""
"","1","D1-GADT.14","","Wed Nov 20 21:50:36 GMT 2024","passed","Wed Nov 20 21:50:36 GMT 2024","","QUICK","QUICK",""
"","66","EVAL-FOR-TESTS.15","","Wed Nov 20 21:14:17 GMT 2024","failed","Wed Nov 20 21:14:17 GMT 2024","","HYPERON-METTALOG-SANITY","HYPERON-METTALOG-SANITY",""
"","6","OR-TEST.01","","Wed Nov 20 21:14:17 GMT 2024","passed","Wed Nov 20 21:14:17 GMT 2024","","HYPERON-METTALOG-SANITY","HYPERON-METTALOG-SANITY",""
"","8000","metta_lang.Working_with_spaces___MeTTa_Language10","","Wed Nov 20 21:05:48 GMT 2024","passed","Wed Nov 20 21:05:56 GMT 2024","","WHOLE-TESTS","WHOLE-TESTS",""
"","3","RECURSIVE-AND-PARAMETRIC-TYPES---METTA-LANGUAGE7.05","","Wed Nov 20 21:24:55 GMT 2024","passed","Wed Nov 20 21:24:55 GMT 2024","","METTA-LANG","METTA-LANG",""
"","100","MINIMAL-METTA-TESTS.18","","Wed Nov 20 21:14:17 GMT 2024","failed","Wed Nov 20 21:14:17 GMT 2024","","HYPERON-METTALOG-SANITY","HYPERON-METTALOG-SANITY",""
"","9000","metta_lang.Control_flow___MeTTa_Language13","","Wed Nov 20 21:05:48 GMT 2024","passed","Wed Nov 20 21:05:57 GMT 2024","","WHOLE-TESTS","WHOLE-TESTS",""
"","14","D2-HIGHERFUNC.21","","Wed Nov 20 21:10:52 GMT 2024","passed","Wed Nov 20 21:10:52 GMT 2024","","HYPERON-EXPERIMENTAL-SCRIPTS","HYPERON-EXPERIMENTAL-SCRIPTS",""
"","5","06-MATCH-IN-SPACE.01","","Wed Nov 20 21:14:17 GMT 2024","passed","Wed Nov 20 21:14:17 GMT 2024","","HYPERON-METTALOG-SANITY","HYPERON-METTALOG-SANITY",""
"","1","CONTROLLING-PATTERN-MATCHING---METTA-LANGUAGE4.03","","Wed Nov 20 21:24:55 GMT 2024","passed","Wed Nov 20 21:24:55 GMT 2024","","METTA-LANG","METTA-LANG",""
"","15","D1-GADT.05","","Wed Nov 20 21:10:52 GMT 2024","passed","Wed Nov 20 21:10:52 GMT 2024","","HYPERON-EXPERIMENTAL-SCRIPTS","HYPERON-EXPERIMENTAL-SCRIPTS",""
"","1","MATCH-VOID.07","","Wed Nov 20 21:46:24 GMT 2024","passed","Wed Nov 20 21:46:24 GMT 2024","","METTA-MORPH-TESTS","METTA-MORPH-TESTS",""
"","95","F1-IMPORTS.16","","Wed Nov 20 21:50:36 GMT 2024","passed","Wed Nov 20 21:50:36 GMT 2024","","QUICK","QUICK",""
"","1","D4-TYPE-PROP.07","","Wed Nov 20 21:10:52 GMT 2024","passed","Wed Nov 20 21:10:52 GMT 2024","","HYPERON-EXPERIMENTAL-SCRIPTS","HYPERON-EXPERIMENTAL-SCRIPTS",""
"","2","SPACE-INTERSECTION-TESTS.11","","Wed Nov 20 21:14:17 GMT 2024","passed","Wed Nov 20 21:14:17 GMT 2024","","HYPERON-METTALOG-SANITY","HYPERON-METTALOG-SANITY",""
"","5","SEALED-TEST.10","","Wed Nov 20 21:14:17 GMT 2024","passed","Wed Nov 20 21:14:17 GMT 2024","","HYPERON-METTALOG-SANITY","HYPERON-METTALOG-SANITY",""
"","2","SEQUENTIAL-TESTS.02","","Wed Nov 20 21:14:17 GMT 2024","passed","Wed Nov 20 21:14:17 GMT 2024","","HYPERON-METTALOG-SANITY","HYPERON-METTALOG-SANITY",""
"","12","ARITY-TESTS.06","","Wed Nov 20 21:14:17 GMT 2024","failed","Wed Nov 20 21:14:17 GMT 2024","","HYPERON-METTALOG-SANITY","HYPERON-METTALOG-SANITY",""
"","2","F1-MODULEA.01","","Wed Nov 20 21:10:52 GMT 2024","passed","Wed Nov 20 21:10:52 GMT 2024","","HYPERON-EXPERIMENTAL-SCRIPTS","HYPERON-EXPERIMENTAL-SCRIPTS",""
"","2","LIMIT-TESTS.09","","Wed Nov 20 21:14:17 GMT 2024","passed","Wed Nov 20 21:14:17 GMT 2024","","HYPERON-METTALOG-SANITY","HYPERON-METTALOG-SANITY",""
"","11000","hyperon-mettalog_sanity.functional_programming_tests","","Wed Nov 20 21:05:48 GMT 2024","passed","Wed Nov 20 21:05:59 GMT 2024","","WHOLE-TESTS","WHOLE-TESTS",""
"","3","WORKING-WITH-SPACES---METTA-LANGUAGE2.05","","Wed Nov 20 21:24:55 GMT 2024","passed","Wed Nov 20 21:24:55 GMT 2024","","METTA-LANG","METTA-LANG",""
"","42","RECURSIVE-AND-PARAMETRIC-TYPES---METTA-LANGUAGE5.08","","Wed Nov 20 21:24:55 GMT 2024","failed","Wed Nov 20 21:24:55 GMT 2024","","METTA-LANG","METTA-LANG",""
"","9000","metta_lang.Free_variables_and_nondeterminism_again_recursively___MeTTa_Language5","","Wed Nov 20 21:05:48 GMT 2024","passed","Wed Nov 20 21:05:57 GMT 2024","","WHOLE-TESTS","WHOLE-TESTS",""
"","8000","metta_lang.Operations_over_atoms___MeTTa_Language7","","Wed Nov 20 21:05:48 GMT 2024","passed","Wed Nov 20 21:05:56 GMT 2024","","WHOLE-TESTS","WHOLE-TESTS",""
"","133","MINIMAL-METTA-TESTS.27","","Wed Nov 20 21:14:17 GMT 2024","failed","Wed Nov 20 21:14:17 GMT 2024","","HYPERON-METTALOG-SANITY","HYPERON-METTALOG-SANITY",""
"","3","D2-HIGHERFUNC.09","","Wed Nov 20 21:10:52 GMT 2024","passed","Wed Nov 20 21:10:52 GMT 2024","","HYPERON-EXPERIMENTAL-SCRIPTS","HYPERON-EXPERIMENTAL-SCRIPTS",""
"","3","C1-GROUNDED-BASIC.11","","Wed Nov 20 21:50:36 GMT 2024","passed","Wed Nov 20 21:50:36 GMT 2024","","QUICK","QUICK",""
"","656","TESTS0.07","","Wed Nov 20 21:46:24 GMT 2024","passed","Wed Nov 20 21:46:24 GMT 2024","","METTA-MORPH-TESTS","METTA-MORPH-TESTS",""
"","2","CALL-TESTS.07","","Wed Nov 20 21:14:17 GMT 2024","passed","Wed Nov 20 21:14:17 GMT 2024","","HYPERON-METTALOG-SANITY","HYPERON-METTALOG-SANITY",""
"","4135","PY-TYPES-2.01","","Wed Nov 20 21:14:17 GMT 2024","passed","Wed Nov 20 21:14:21 GMT 2024","","HYPERON-METTALOG-SANITY","HYPERON-METTALOG-SANITY",""
"","120","CONCRETE-TYPES---METTA-LANGUAGE13.03","","Wed Nov 20 21:24:55 GMT 2024","failed","Wed Nov 20 21:24:55 GMT 2024","","METTA-LANG","METTA-LANG",""
"","2","OPERATIONS-OVER-ATOMS---METTA-LANGUAGE2.04","","Wed Nov 20 21:24:55 GMT 2024","passed","Wed Nov 20 21:24:55 GMT 2024","","METTA-LANG","METTA-LANG",""
"","4","SPACE-SUBTRACTION-TESTS.09","","Wed Nov 20 21:14:17 GMT 2024","passed","Wed Nov 20 21:14:17 GMT 2024","","HYPERON-METTALOG-SANITY","HYPERON-METTALOG-SANITY",""
"","9000","hyperon-mettalog_sanity.catch_throw_tests","","Wed Nov 20 21:05:48 GMT 2024","passed","Wed Nov 20 21:05:57 GMT 2024","","WHOLE-TESTS","WHOLE-TESTS",""
"","2","WORKING-WITH-SPACES---METTA-LANGUAGE8.07","","Wed Nov 20 21:24:55 GMT 2024","passed","Wed Nov 20 21:24:55 GMT 2024","","METTA-LANG","METTA-LANG",""
"","3","FUNCTIONS-AND-UNIFICATION---METTA-LANGUAGE1.06","","Wed Nov 20 21:24:55 GMT 2024","passed","Wed Nov 20 21:24:55 GMT 2024","","METTA-LANG","METTA-LANG",""
"","3","C2-SPACES.03","","Wed Nov 20 21:05:39 GMT 2024","passed","Wed Nov 20 21:05:39 GMT 2024","","MODULE-SYSTEM","MODULE-SYSTEM",""
"","8000","metta_lang.Operations_over_atoms___MeTTa_Language5","","Wed Nov 20 21:05:48 GMT 2024","passed","Wed Nov 20 21:05:56 GMT 2024","","WHOLE-TESTS","WHOLE-TESTS",""
"","2","STATES-SPACES.03","","Wed Nov 20 21:46:24 GMT 2024","passed","Wed Nov 20 21:46:24 GMT 2024","","METTA-MORPH-TESTS","METTA-MORPH-TESTS",""
"","140","WORKING-WITH-SPACES---METTA-LANGUAGE10.03","","Wed Nov 20 21:24:55 GMT 2024","failed","Wed Nov 20 21:24:55 GMT 2024","","METTA-LANG","METTA-LANG",""
"","3","OPERATIONS-OVER-ATOMS---METTA-LANGUAGE7.02","","Wed Nov 20 21:24:55 GMT 2024","passed","Wed Nov 20 21:24:55 GMT 2024","","METTA-LANG","METTA-LANG",""
"","4","RECURSION-AND-CONTROL---METTA-LANGUAGE6.01","","Wed Nov 20 21:24:55 GMT 2024","passed","Wed Nov 20 21:24:55 GMT 2024","","METTA-LANG","METTA-LANG",""
"","2","FUNCTIONAL-PROGRAMMING-TESTS.07","","Wed Nov 20 21:14:17 GMT 2024","passed","Wed Nov 20 21:14:17 GMT 2024","","HYPERON-METTALOG-SANITY","HYPERON-METTALOG-SANITY",""
"","3","OPERATIONS-OVER-ATOMS---METTA-LANGUAGE8.01","","Wed Nov 20 21:24:55 GMT 2024","passed","Wed Nov 20 21:24:55 GMT 2024","","METTA-LANG","METTA-LANG",""
"","5","B1-EQUAL-CHAIN.02","","Wed Nov 20 21:10:52 GMT 2024","passed","Wed Nov 20 21:10:52 GMT 2024","","HYPERON-EXPERIMENTAL-SCRIPTS","HYPERON-EXPERIMENTAL-SCRIPTS",""
"","5","BASIC-GROUNDED-FUNCTIONS---METTA-LANGUAGE2.01","","Wed Nov 20 21:24:55 GMT 2024","passed","Wed Nov 20 21:24:55 GMT 2024","","METTA-LANG","METTA-LANG",""
"","3","BASIC-GROUNDED-FUNCTIONS---METTA-LANGUAGE6.03","","Wed Nov 20 21:24:55 GMT 2024","passed","Wed Nov 20 21:24:55 GMT 2024","","METTA-LANG","METTA-LANG",""
"","3","CONTROL-FLOW---METTA-LANGUAGE15.01","","Wed Nov 20 21:24:55 GMT 2024","passed","Wed Nov 20 21:24:55 GMT 2024","","METTA-LANG","METTA-LANG",""
"","138","TESTS0.01","","Wed Nov 20 21:46:24 GMT 2024","passed","Wed Nov 20 21:46:24 GMT 2024","","METTA-MORPH-TESTS","METTA-MORPH-TESTS",""
"","1","F1-IMPORTS.15","","Wed Nov 20 21:05:39 GMT 2024","passed","Wed Nov 20 21:05:39 GMT 2024","","MODULE-SYSTEM","MODULE-SYSTEM",""
"","2","FUNCTIONS-AND-UNIFICATION---METTA-LANGUAGE1.03","","Wed Nov 20 21:24:55 GMT 2024","passed","Wed Nov 20 21:24:55 GMT 2024","","METTA-LANG","METTA-LANG",""
"","132","COMPILE-TESTS.03","","Wed Nov 20 21:14:17 GMT 2024","failed","Wed Nov 20 21:14:17 GMT 2024","","HYPERON-METTALOG-SANITY","HYPERON-METTALOG-SANITY",""
"","9000","metta_lang.Controlling_pattern_matching___MeTTa_Language8","","Wed Nov 20 21:05:48 GMT 2024","passed","Wed Nov 20 21:05:57 GMT 2024","","WHOLE-TESTS","WHOLE-TESTS",""
"","57","BASIC-EVALUATION---METTA-LANGUAGE13.01","","Wed Nov 20 21:24:55 GMT 2024","failed","Wed Nov 20 21:24:55 GMT 2024","","METTA-LANG","METTA-LANG",""
"","3","METATYPES---METTA-LANGUAGE2.07","","Wed Nov 20 21:24:55 GMT 2024","passed","Wed Nov 20 21:24:55 GMT 2024","","METTA-LANG","METTA-LANG",""
"","2","HANDLING-NONDETERMINISTIC-RESULTS---METTA-LANGUAGE8.02","","Wed Nov 20 21:24:55 GMT 2024","passed","Wed Nov 20 21:24:55 GMT 2024","","METTA-LANG","METTA-LANG",""
"","3","BASIC-GROUNDED-FUNCTIONS---METTA-LANGUAGE6.04","","Wed Nov 20 21:24:55 GMT 2024","passed","Wed Nov 20 21:24:55 GMT 2024","","METTA-LANG","METTA-LANG",""
"","3","BCHAIN.03","","Wed Nov 20 21:05:56 GMT 2024","passed","Wed Nov 20 21:05:56 GMT 2024","","ANTI-REGRESSION","ANTI-REGRESSION",""
"","2","UNIQUE-TEST.09","","Wed Nov 20 21:14:17 GMT 2024","passed","Wed Nov 20 21:14:17 GMT 2024","","HYPERON-METTALOG-SANITY","HYPERON-METTALOG-SANITY",""
"","127","MINIMAL-METTA-TESTS.39","","Wed Nov 20 21:14:17 GMT 2024","failed","Wed Nov 20 21:14:17 GMT 2024","","HYPERON-METTALOG-SANITY","HYPERON-METTALOG-SANITY",""
"","2","CONTROLLING-PATTERN-MATCHING---METTA-LANGUAGE12.09","","Wed Nov 20 21:24:55 GMT 2024","passed","Wed Nov 20 21:24:55 GMT 2024","","METTA-LANG","METTA-LANG",""
"","41","CONSOLE-OUTPUT-AND-DEBUGGING---METTA-LANGUAGE2.07","","Wed Nov 20 21:24:55 GMT 2024","failed","Wed Nov 20 21:24:55 GMT 2024","","METTA-LANG","METTA-LANG",""
"","2","B2-BACKCHAIN.04","","Wed Nov 20 21:10:52 GMT 2024","passed","Wed Nov 20 21:10:52 GMT 2024","","HYPERON-EXPERIMENTAL-SCRIPTS","HYPERON-EXPERIMENTAL-SCRIPTS",""
"","2","INTERSECTION-TESTS.05","","Wed Nov 20 21:14:17 GMT 2024","passed","Wed Nov 20 21:14:17 GMT 2024","","HYPERON-METTALOG-SANITY","HYPERON-METTALOG-SANITY",""
"","84","MINIMAL-METTA-TESTS.20","","Wed Nov 20 21:14:17 GMT 2024","failed","Wed Nov 20 21:14:17 GMT 2024","","HYPERON-METTALOG-SANITY","HYPERON-METTALOG-SANITY",""
"","2","METATYPES---METTA-LANGUAGE2.05","","Wed Nov 20 21:24:55 GMT 2024","passed","Wed Nov 20 21:24:55 GMT 2024","","METTA-LANG","METTA-LANG",""
"","2","CONTROLLING-PATTERN-MATCHING---METTA-LANGUAGE11.02","","Wed Nov 20 21:24:55 GMT 2024","passed","Wed Nov 20 21:24:55 GMT 2024","","METTA-LANG","METTA-LANG",""
"","2","EVAL-FOR-TESTS.07","","Wed Nov 20 21:14:17 GMT 2024","passed","Wed Nov 20 21:14:17 GMT 2024","","HYPERON-METTALOG-SANITY","HYPERON-METTALOG-SANITY",""
"","2","METTALOGTESTCURRIED2.01","","Wed Nov 20 21:05:56 GMT 2024","passed","Wed Nov 20 21:05:56 GMT 2024","","ANTI-REGRESSION","ANTI-REGRESSION",""
"","3","FUNCTIONS-AND-UNIFICATION---METTA-LANGUAGE1.01","","Wed Nov 20 21:24:55 GMT 2024","passed","Wed Nov 20 21:24:55 GMT 2024","","METTA-LANG","METTA-LANG",""
"","2","BASIC-GROUNDED-FUNCTIONS---METTA-LANGUAGE1.05","","Wed Nov 20 21:24:55 GMT 2024","passed","Wed Nov 20 21:24:55 GMT 2024","","METTA-LANG","METTA-LANG",""
"","1","00-LANG-CASE.09","","Wed Nov 20 21:14:17 GMT 2024","passed","Wed Nov 20 21:14:17 GMT 2024","","HYPERON-METTALOG-SANITY","HYPERON-METTALOG-SANITY",""
"","3","SPACE-INTERSECTION-TESTS.18","","Wed Nov 20 21:14:17 GMT 2024","passed","Wed Nov 20 21:14:17 GMT 2024","","HYPERON-METTALOG-SANITY","HYPERON-METTALOG-SANITY",""
"","9000","hyperon-mettalog_sanity.is_space","","Wed Nov 20 21:05:48 GMT 2024","passed","Wed Nov 20 21:05:57 GMT 2024","","WHOLE-TESTS","WHOLE-TESTS",""
"","9000","metta-morph_tests.let_superpose_if_case","","Wed Nov 20 21:05:48 GMT 2024","passed","Wed Nov 20 21:05:57 GMT 2024","","WHOLE-TESTS","WHOLE-TESTS",""
"","2","B2-BACKCHAIN.05","","Wed Nov 20 21:10:52 GMT 2024","passed","Wed Nov 20 21:10:52 GMT 2024","","HYPERON-EXPERIMENTAL-SCRIPTS","HYPERON-EXPERIMENTAL-SCRIPTS",""
"","3","RECURSION-AND-CONTROL---METTA-LANGUAGE9.01","","Wed Nov 20 21:24:55 GMT 2024","passed","Wed Nov 20 21:24:55 GMT 2024","","METTA-LANG","METTA-LANG",""
"","49","BCHAIN-COMP.02","","Wed Nov 20 21:05:56 GMT 2024","failed","Wed Nov 20 21:05:56 GMT 2024","","ANTI-REGRESSION","ANTI-REGRESSION",""
"","1","D1-GADT.02","","Wed Nov 20 21:50:36 GMT 2024","passed","Wed Nov 20 21:50:36 GMT 2024","","QUICK","QUICK",""
"","8000","metta_lang.Operations_over_atoms___MeTTa_Language4","","Wed Nov 20 21:05:48 GMT 2024","passed","Wed Nov 20 21:05:56 GMT 2024","","WHOLE-TESTS","WHOLE-TESTS",""
"","3","C2-SPACES.01","","Wed Nov 20 21:10:52 GMT 2024","passed","Wed Nov 20 21:10:52 GMT 2024","","HYPERON-EXPERIMENTAL-SCRIPTS","HYPERON-EXPERIMENTAL-SCRIPTS",""
"","9000","hyperon-experimental_scripts.b1_equal_chain","","Wed Nov 20 21:05:48 GMT 2024","passed","Wed Nov 20 21:05:57 GMT 2024","","WHOLE-TESTS","WHOLE-TESTS",""
"","9000","hyperon-mettalog_sanity.represent_and_parse_tests","","Wed Nov 20 21:05:48 GMT 2024","passed","Wed Nov 20 21:05:57 GMT 2024","","WHOLE-TESTS","WHOLE-TESTS",""
"","9000","synth_buffer.synthesize","","Wed Nov 20 21:05:48 GMT 2024","passed","Wed Nov 20 21:05:57 GMT 2024","","WHOLE-TESTS","WHOLE-TESTS",""
"","3","SUBTRACTION-TEST.04","","Wed Nov 20 21:14:17 GMT 2024","passed","Wed Nov 20 21:14:17 GMT 2024","","HYPERON-METTALOG-SANITY","HYPERON-METTALOG-SANITY",""
"","3","OPERATIONS-OVER-ATOMS---METTA-LANGUAGE6.02","","Wed Nov 20 21:24:55 GMT 2024","passed","Wed Nov 20 21:24:55 GMT 2024","","METTA-LANG","METTA-LANG",""
"","6","SPACE-SUBTRACTION-TESTS.10","","Wed Nov 20 21:14:17 GMT 2024","passed","Wed Nov 20 21:14:17 GMT 2024","","HYPERON-METTALOG-SANITY","HYPERON-METTALOG-SANITY",""
"","2","CONSOLE-OUTPUT-AND-DEBUGGING---METTA-LANGUAGE2.08","","Wed Nov 20 21:24:55 GMT 2024","passed","Wed Nov 20 21:24:55 GMT 2024","","METTA-LANG","METTA-LANG",""
"","9","D3-DEPTYPES.04","","Wed Nov 20 21:10:52 GMT 2024","passed","Wed Nov 20 21:10:52 GMT 2024","","HYPERON-EXPERIMENTAL-SCRIPTS","HYPERON-EXPERIMENTAL-SCRIPTS",""
"","3","F1-IMPORTS.17","","Wed Nov 20 21:50:36 GMT 2024","passed","Wed Nov 20 21:50:36 GMT 2024","","QUICK","QUICK",""
"","2","F1-IMPORTS.02","","Wed Nov 20 21:05:39 GMT 2024","passed","Wed Nov 20 21:05:39 GMT 2024","","MODULE-SYSTEM","MODULE-SYSTEM",""
"","2","TESTS0.02","","Wed Nov 20 21:46:24 GMT 2024","passed","Wed Nov 20 21:46:24 GMT 2024","","METTA-MORPH-TESTS","METTA-MORPH-TESTS",""
"","2","STRING-TESTS.16","","Wed Nov 20 21:14:17 GMT 2024","passed","Wed Nov 20 21:14:17 GMT 2024","","HYPERON-METTALOG-SANITY","HYPERON-METTALOG-SANITY",""
"","2","B5-TYPES-PRELIM.18","","Wed Nov 20 21:10:52 GMT 2024","passed","Wed Nov 20 21:10:52 GMT 2024","","HYPERON-EXPERIMENTAL-SCRIPTS","HYPERON-EXPERIMENTAL-SCRIPTS",""
"","1","B5-TYPES-PRELIM.13","","Wed Nov 20 21:10:52 GMT 2024","passed","Wed Nov 20 21:10:52 GMT 2024","","HYPERON-EXPERIMENTAL-SCRIPTS","HYPERON-EXPERIMENTAL-SCRIPTS",""
"","3","CONTROLLING-PATTERN-MATCHING---METTA-LANGUAGE12.05","","Wed Nov 20 21:24:55 GMT 2024","passed","Wed Nov 20 21:24:55 GMT 2024","","METTA-LANG","METTA-LANG",""
"","2","B5-TYPES-PRELIM.23","","Wed Nov 20 21:10:52 GMT 2024","passed","Wed Nov 20 21:10:52 GMT 2024","","HYPERON-EXPERIMENTAL-SCRIPTS","HYPERON-EXPERIMENTAL-SCRIPTS",""
"","2","INTERSECTION-TESTS.19","","Wed Nov 20 21:14:17 GMT 2024","passed","Wed Nov 20 21:14:17 GMT 2024","","HYPERON-METTALOG-SANITY","HYPERON-METTALOG-SANITY",""
"","2","D2-HIGHERFUNC.04","","Wed Nov 20 21:10:52 GMT 2024","passed","Wed Nov 20 21:10:52 GMT 2024","","HYPERON-EXPERIMENTAL-SCRIPTS","HYPERON-EXPERIMENTAL-SCRIPTS",""
"","3","OUTPUT-LOAD-TESTS.09","","Wed Nov 20 21:14:17 GMT 2024","passed","Wed Nov 20 21:14:17 GMT 2024","","HYPERON-METTALOG-SANITY","HYPERON-METTALOG-SANITY",""
"","17","00-LANG-CASE.12","","Wed Nov 20 21:14:17 GMT 2024","passed","Wed Nov 20 21:14:17 GMT 2024","","HYPERON-METTALOG-SANITY","HYPERON-METTALOG-SANITY",""
"","1","SEQUENTIAL-NESTED.06","","Wed Nov 20 21:46:24 GMT 2024","passed","Wed Nov 20 21:46:24 GMT 2024","","METTA-MORPH-TESTS","METTA-MORPH-TESTS",""
"","2","RECURSION-AND-CONTROL---METTA-LANGUAGE5.02","","Wed Nov 20 21:24:55 GMT 2024","passed","Wed Nov 20 21:24:55 GMT 2024","","METTA-LANG","METTA-LANG",""
"","2","C1-GROUNDED-BASIC.13","","Wed Nov 20 21:10:52 GMT 2024","passed","Wed Nov 20 21:10:52 GMT 2024","","HYPERON-EXPERIMENTAL-SCRIPTS","HYPERON-EXPERIMENTAL-SCRIPTS",""
"","2","FUNCTIONAL-PROGRAMMING-TESTS.05","","Wed Nov 20 21:14:17 GMT 2024","passed","Wed Nov 20 21:14:17 GMT 2024","","HYPERON-METTALOG-SANITY","HYPERON-METTALOG-SANITY",""
"","2","OPERATIONS-OVER-ATOMS---METTA-LANGUAGE4.02","","Wed Nov 20 21:24:55 GMT 2024","passed","Wed Nov 20 21:24:55 GMT 2024","","METTA-LANG","METTA-LANG",""
"","64","F1-IMPORTS.19","","Wed Nov 20 21:50:36 GMT 2024","passed","Wed Nov 20 21:50:36 GMT 2024","","QUICK","QUICK",""
"","3","ZEROARGS.01","","Wed Nov 20 21:46:24 GMT 2024","passed","Wed Nov 20 21:46:24 GMT 2024","","METTA-MORPH-TESTS","METTA-MORPH-TESTS",""
"","3","RECURSION-AND-CONTROL---METTA-LANGUAGE2.04","","Wed Nov 20 21:24:55 GMT 2024","passed","Wed Nov 20 21:24:55 GMT 2024","","METTA-LANG","METTA-LANG",""
"","201","TIME-SYNTHESIZE-LONG.01","","Wed Nov 20 21:22:07 GMT 2024","failed","Wed Nov 20 21:22:07 GMT 2024","","SYNTH-BUFFER","SYNTH-BUFFER",""
"","3","D2-HIGHERFUNC.11","","Wed Nov 20 21:50:36 GMT 2024","passed","Wed Nov 20 21:50:36 GMT 2024","","QUICK","QUICK",""
"","8000","metta_lang.Operations_over_atoms___MeTTa_Language6","","Wed Nov 20 21:05:48 GMT 2024","passed","Wed Nov 20 21:05:56 GMT 2024","","WHOLE-TESTS","WHOLE-TESTS",""
"","9","D1-GADT.09","","Wed Nov 20 21:50:36 GMT 2024","passed","Wed Nov 20 21:50:36 GMT 2024","","QUICK","QUICK",""
"","10","CONTROLLING-PATTERN-MATCHING---METTA-LANGUAGE10.06","","Wed Nov 20 21:24:55 GMT 2024","passed","Wed Nov 20 21:24:55 GMT 2024","","METTA-LANG","METTA-LANG",""
"","6","SEALED-TEST.07","","Wed Nov 20 21:14:17 GMT 2024","passed","Wed Nov 20 21:14:17 GMT 2024","","HYPERON-METTALOG-SANITY","HYPERON-METTALOG-SANITY",""
"","2","OPERATIONS-OVER-ATOMS---METTA-LANGUAGE6.01","","Wed Nov 20 21:24:55 GMT 2024","passed","Wed Nov 20 21:24:55 GMT 2024","","METTA-LANG","METTA-LANG",""
"","5","CONTROLLING-PATTERN-MATCHING---METTA-LANGUAGE1.01","","Wed Nov 20 21:24:55 GMT 2024","passed","Wed Nov 20 21:24:55 GMT 2024","","METTA-LANG","METTA-LANG",""
"","2","BASIC-EVALUATION---METTA-LANGUAGE1.02","","Wed Nov 20 21:24:55 GMT 2024","passed","Wed Nov 20 21:24:55 GMT 2024","","METTA-LANG","METTA-LANG",""
"","3","MATCH-VOID.01","","Wed Nov 20 21:46:24 GMT 2024","passed","Wed Nov 20 21:46:24 GMT 2024","","METTA-MORPH-TESTS","METTA-MORPH-TESTS",""
"","2","RUST-TESTS.06","","Wed Nov 20 21:14:17 GMT 2024","passed","Wed Nov 20 21:14:17 GMT 2024","","HYPERON-METTALOG-SANITY","HYPERON-METTALOG-SANITY",""
"","3","COMPILE-TESTS.01","","Wed Nov 20 21:14:17 GMT 2024","passed","Wed Nov 20 21:14:17 GMT 2024","","HYPERON-METTALOG-SANITY","HYPERON-METTALOG-SANITY",""
"","3","CONSOLE-OUTPUT-AND-DEBUGGING---METTA-LANGUAGE2.05","","Wed Nov 20 21:24:55 GMT 2024","passed","Wed Nov 20 21:24:55 GMT 2024","","METTA-LANG","METTA-LANG",""
"","2","D4-TYPE-PROP.19","","Wed Nov 20 21:10:52 GMT 2024","passed","Wed Nov 20 21:10:52 GMT 2024","","HYPERON-EXPERIMENTAL-SCRIPTS","HYPERON-EXPERIMENTAL-SCRIPTS",""
"","64","BCHAIN-COMP.01","","Wed Nov 20 21:05:56 GMT 2024","failed","Wed Nov 20 21:05:56 GMT 2024","","ANTI-REGRESSION","ANTI-REGRESSION",""
"","9000","hyperon-mettalog_sanity.unique_test","","Wed Nov 20 21:05:48 GMT 2024","passed","Wed Nov 20 21:05:57 GMT 2024","","WHOLE-TESTS","WHOLE-TESTS",""
"","3","D4-TYPE-PROP.16","","Wed Nov 20 21:10:52 GMT 2024","passed","Wed Nov 20 21:10:52 GMT 2024","","HYPERON-EXPERIMENTAL-SCRIPTS","HYPERON-EXPERIMENTAL-SCRIPTS",""
"","2","CONTROL-FLOW---METTA-LANGUAGE16.03","","Wed Nov 20 21:24:55 GMT 2024","passed","Wed Nov 20 21:24:55 GMT 2024","","METTA-LANG","METTA-LANG",""
"","2","SUPERPOSE-NESTED.03","","Wed Nov 20 21:46:24 GMT 2024","passed","Wed Nov 20 21:46:24 GMT 2024","","METTA-MORPH-TESTS","METTA-MORPH-TESTS",""
"","105","SPACE-INTERSECTION-TESTS.10","","Wed Nov 20 21:14:17 GMT 2024","failed","Wed Nov 20 21:14:17 GMT 2024","","HYPERON-METTALOG-SANITY","HYPERON-METTALOG-SANITY",""
"","2","D2-HIGHERFUNC.05","","Wed Nov 20 21:50:36 GMT 2024","passed","Wed Nov 20 21:50:36 GMT 2024","","QUICK","QUICK",""
"","2","F1-IMPORTS.17","","Wed Nov 20 21:10:52 GMT 2024","passed","Wed Nov 20 21:10:52 GMT 2024","","HYPERON-EXPERIMENTAL-SCRIPTS","HYPERON-EXPERIMENTAL-SCRIPTS",""
"","3","WORKING-WITH-SPACES---METTA-LANGUAGE8.03","","Wed Nov 20 21:24:55 GMT 2024","passed","Wed Nov 20 21:24:55 GMT 2024","","METTA-LANG","METTA-LANG",""
"","88","WHAT-EVALS-OR-NOT.07","","Wed Nov 20 21:14:17 GMT 2024","failed","Wed Nov 20 21:14:17 GMT 2024","","HYPERON-METTALOG-SANITY","HYPERON-METTALOG-SANITY",""
"","3","CONSOLE-OUTPUT-AND-DEBUGGING---METTA-LANGUAGE5.04","","Wed Nov 20 21:24:55 GMT 2024","passed","Wed Nov 20 21:24:55 GMT 2024","","METTA-LANG","METTA-LANG",""
"","8000","metta_lang.Handling_nondeterministic_results___MeTTa_Language2","","Wed Nov 20 21:05:48 GMT 2024","passed","Wed Nov 20 21:05:56 GMT 2024","","WHOLE-TESTS","WHOLE-TESTS",""
"","3","RECURSION-AND-CONTROL---METTA-LANGUAGE7.04","","Wed Nov 20 21:24:55 GMT 2024","passed","Wed Nov 20 21:24:55 GMT 2024","","METTA-LANG","METTA-LANG",""
"","4724","PY-TYPES.01","","Wed Nov 20 21:14:17 GMT 2024","passed","Wed Nov 20 21:14:21 GMT 2024","","HYPERON-METTALOG-SANITY","HYPERON-METTALOG-SANITY",""
"","2","C2-SPACES.05","","Wed Nov 20 21:10:52 GMT 2024","passed","Wed Nov 20 21:10:52 GMT 2024","","HYPERON-EXPERIMENTAL-SCRIPTS","HYPERON-EXPERIMENTAL-SCRIPTS",""
"","82","MINIMAL-METTA-TESTS.22","","Wed Nov 20 21:14:17 GMT 2024","failed","Wed Nov 20 21:14:17 GMT 2024","","HYPERON-METTALOG-SANITY","HYPERON-METTALOG-SANITY",""
"","9000","metta_lang.Console_output_and_debugging___MeTTa_Language5","","Wed Nov 20 21:05:48 GMT 2024","passed","Wed Nov 20 21:05:57 GMT 2024","","WHOLE-TESTS","WHOLE-TESTS",""
"","2","HYPERPOSE.04","","Wed Nov 20 21:46:24 GMT 2024","passed","Wed Nov 20 21:46:24 GMT 2024","","METTA-MORPH-TESTS","METTA-MORPH-TESTS",""
"","46","BCHAIN-COMP.03","","Wed Nov 20 21:05:56 GMT 2024","failed","Wed Nov 20 21:05:56 GMT 2024","","ANTI-REGRESSION","ANTI-REGRESSION",""
"","2","B1-EQUAL-CHAIN.03","","Wed Nov 20 21:10:52 GMT 2024","passed","Wed Nov 20 21:10:52 GMT 2024","","HYPERON-EXPERIMENTAL-SCRIPTS","HYPERON-EXPERIMENTAL-SCRIPTS",""
"","9000","hyperon-mettalog_sanity.space_subtraction_tests","","Wed Nov 20 21:05:48 GMT 2024","passed","Wed Nov 20 21:05:57 GMT 2024","","WHOLE-TESTS","WHOLE-TESTS",""
"","28","WORKING-WITH-SPACES---METTA-LANGUAGE16.02","","Wed Nov 20 21:24:55 GMT 2024","failed","Wed Nov 20 21:24:55 GMT 2024","","METTA-LANG","METTA-LANG",""
"","2","XOR-TEST.06","","Wed Nov 20 21:14:17 GMT 2024","passed","Wed Nov 20 21:14:17 GMT 2024","","HYPERON-METTALOG-SANITY","HYPERON-METTALOG-SANITY",""
"","2","EVAL-FOR-TESTS.06","","Wed Nov 20 21:14:17 GMT 2024","passed","Wed Nov 20 21:14:17 GMT 2024","","HYPERON-METTALOG-SANITY","HYPERON-METTALOG-SANITY",""
"","1","CONTROL-FLOW---METTA-LANGUAGE11.02","","Wed Nov 20 21:24:55 GMT 2024","passed","Wed Nov 20 21:24:55 GMT 2024","","METTA-LANG","METTA-LANG",""
"","83","SEQUENTIAL-NESTED.11","","Wed Nov 20 21:46:24 GMT 2024","passed","Wed Nov 20 21:46:24 GMT 2024","","METTA-MORPH-TESTS","METTA-MORPH-TESTS",""
"","2","COMPILE-TESTS.02","","Wed Nov 20 21:14:17 GMT 2024","passed","Wed Nov 20 21:14:17 GMT 2024","","HYPERON-METTALOG-SANITY","HYPERON-METTALOG-SANITY",""
"","1","BASIC-EVALUATION---METTA-LANGUAGE14.02","","Wed Nov 20 21:24:55 GMT 2024","passed","Wed Nov 20 21:24:55 GMT 2024","","METTA-LANG","METTA-LANG",""
"","2","CONCRETE-TYPES---METTA-LANGUAGE12.03","","Wed Nov 20 21:24:55 GMT 2024","passed","Wed Nov 20 21:24:55 GMT 2024","","METTA-LANG","METTA-LANG",""
"","3","OPERATIONS-OVER-ATOMS---METTA-LANGUAGE2.03","","Wed Nov 20 21:24:55 GMT 2024","passed","Wed Nov 20 21:24:55 GMT 2024","","METTA-LANG","METTA-LANG",""
"","70","F1-IMPORTS.19","","Wed Nov 20 21:10:52 GMT 2024","passed","Wed Nov 20 21:10:52 GMT 2024","","HYPERON-EXPERIMENTAL-SCRIPTS","HYPERON-EXPERIMENTAL-SCRIPTS",""
"","9000","metta_lang.Control_flow___MeTTa_Language9","","Wed Nov 20 21:05:48 GMT 2024","passed","Wed Nov 20 21:05:57 GMT 2024","","WHOLE-TESTS","WHOLE-TESTS",""
"","5","OR-TEST.17","","Wed Nov 20 21:14:17 GMT 2024","passed","Wed Nov 20 21:14:17 GMT 2024","","HYPERON-METTALOG-SANITY","HYPERON-METTALOG-SANITY",""
"","3","OPERATIONS-OVER-ATOMS---METTA-LANGUAGE8.02","","Wed Nov 20 21:24:55 GMT 2024","passed","Wed Nov 20 21:24:55 GMT 2024","","METTA-LANG","METTA-LANG",""
"","49","STRUCTURE-TESTS.01","","Wed Nov 20 21:14:17 GMT 2024","passed","Wed Nov 20 21:14:17 GMT 2024","","HYPERON-METTALOG-SANITY","HYPERON-METTALOG-SANITY",""
"","2","RECURSION-AND-CONTROL---METTA-LANGUAGE3.04","","Wed Nov 20 21:24:55 GMT 2024","passed","Wed Nov 20 21:24:55 GMT 2024","","METTA-LANG","METTA-LANG",""
"","2","D4-TYPE-PROP.02","","Wed Nov 20 21:10:52 GMT 2024","passed","Wed Nov 20 21:10:52 GMT 2024","","HYPERON-EXPERIMENTAL-SCRIPTS","HYPERON-EXPERIMENTAL-SCRIPTS",""
"","3","FIND-ALL-TESTS.05","","Wed Nov 20 21:14:17 GMT 2024","passed","Wed Nov 20 21:14:17 GMT 2024","","HYPERON-METTALOG-SANITY","HYPERON-METTALOG-SANITY",""
"","3","RECURSIVE-AND-PARAMETRIC-TYPES---METTA-LANGUAGE7.07","","Wed Nov 20 21:24:55 GMT 2024","passed","Wed Nov 20 21:24:55 GMT 2024","","METTA-LANG","METTA-LANG",""
"","1","C2-SPACES.02","","Wed Nov 20 21:10:52 GMT 2024","passed","Wed Nov 20 21:10:52 GMT 2024","","HYPERON-EXPERIMENTAL-SCRIPTS","HYPERON-EXPERIMENTAL-SCRIPTS",""
"","2","INTERSECTION-TESTS.02","","Wed Nov 20 21:14:17 GMT 2024","passed","Wed Nov 20 21:14:17 GMT 2024","","HYPERON-METTALOG-SANITY","HYPERON-METTALOG-SANITY",""
"","3","FUNCTIONS-AND-UNIFICATION---METTA-LANGUAGE1.05","","Wed Nov 20 21:24:55 GMT 2024","passed","Wed Nov 20 21:24:55 GMT 2024","","METTA-LANG","METTA-LANG",""
"","9000","metta_lang.Recursion_and_control___MeTTa_Language1","","Wed Nov 20 21:05:48 GMT 2024","passed","Wed Nov 20 21:05:57 GMT 2024","","WHOLE-TESTS","WHOLE-TESTS",""
"","75","E2-STATES.07","","Wed Nov 20 21:10:52 GMT 2024","failed","Wed Nov 20 21:10:52 GMT 2024","","HYPERON-EXPERIMENTAL-SCRIPTS","HYPERON-EXPERIMENTAL-SCRIPTS",""
"","9000","hyperon-experimental_scripts.f1_moduleA","","Wed Nov 20 21:05:48 GMT 2024","passed","Wed Nov 20 21:05:57 GMT 2024","","WHOLE-TESTS","WHOLE-TESTS",""
"","10","D2-HIGHERFUNC.20","","Wed Nov 20 21:50:36 GMT 2024","passed","Wed Nov 20 21:50:36 GMT 2024","","QUICK","QUICK",""
"","243","TIME-SYNTHESIZE-SHORT.01","","Wed Nov 20 21:22:07 GMT 2024","passed","Wed Nov 20 21:22:07 GMT 2024","","SYNTH-BUFFER","SYNTH-BUFFER",""
"","1","HANDLING-NONDETERMINISTIC-RESULTS---METTA-LANGUAGE5.04","","Wed Nov 20 21:24:55 GMT 2024","passed","Wed Nov 20 21:24:55 GMT 2024","","METTA-LANG","METTA-LANG",""
"","3","BASIC-EVALUATION---METTA-LANGUAGE11.01","","Wed Nov 20 21:24:55 GMT 2024","passed","Wed Nov 20 21:24:55 GMT 2024","","METTA-LANG","METTA-LANG",""
"","7","METATYPES---METTA-LANGUAGE2.06","","Wed Nov 20 21:24:55 GMT 2024","failed","Wed Nov 20 21:24:55 GMT 2024","","METTA-LANG","METTA-LANG",""
"","2","CONCRETE-TYPES---METTA-LANGUAGE7.05","","Wed Nov 20 21:24:55 GMT 2024","passed","Wed Nov 20 21:24:55 GMT 2024","","METTA-LANG","METTA-LANG",""
"","1","F1-IMPORTS.18","","Wed Nov 20 21:50:36 GMT 2024","passed","Wed Nov 20 21:50:36 GMT 2024","","QUICK","QUICK",""
"","102","OUTPUT-LOAD-TESTS.15","","Wed Nov 20 21:14:17 GMT 2024","failed","Wed Nov 20 21:14:17 GMT 2024","","HYPERON-METTALOG-SANITY","HYPERON-METTALOG-SANITY",""
"","3","SPACE-INTERSECTION-TESTS.13","","Wed Nov 20 21:14:17 GMT 2024","passed","Wed Nov 20 21:14:17 GMT 2024","","HYPERON-METTALOG-SANITY","HYPERON-METTALOG-SANITY",""
"","2","HYPERPOSE.06","","Wed Nov 20 21:46:24 GMT 2024","passed","Wed Nov 20 21:46:24 GMT 2024","","METTA-MORPH-TESTS","METTA-MORPH-TESTS",""
"","5","QUERYING-SPACE-CONTENT---METTA-LANGUAGE4.01","","Wed Nov 20 21:24:55 GMT 2024","passed","Wed Nov 20 21:24:55 GMT 2024","","METTA-LANG","METTA-LANG",""
"","1","MATCH-VOID.03","","Wed Nov 20 21:46:24 GMT 2024","passed","Wed Nov 20 21:46:24 GMT 2024","","METTA-MORPH-TESTS","METTA-MORPH-TESTS",""
"","3","FUNCTIONS-AND-UNIFICATION---METTA-LANGUAGE4.01","","Wed Nov 20 21:24:55 GMT 2024","passed","Wed Nov 20 21:24:55 GMT 2024","","METTA-LANG","METTA-LANG",""
"","4","D2-HIGHERFUNC.01","","Wed Nov 20 21:10:52 GMT 2024","passed","Wed Nov 20 21:10:52 GMT 2024","","HYPERON-EXPERIMENTAL-SCRIPTS","HYPERON-EXPERIMENTAL-SCRIPTS",""
"","8000","metta_lang.Recursive_and_parametric_types___MeTTa_Language9","","Wed Nov 20 21:05:48 GMT 2024","passed","Wed Nov 20 21:05:56 GMT 2024","","WHOLE-TESTS","WHOLE-TESTS",""
"","1","F1-IMPORTS.12","","Wed Nov 20 21:10:52 GMT 2024","passed","Wed Nov 20 21:10:52 GMT 2024","","HYPERON-EXPERIMENTAL-SCRIPTS","HYPERON-EXPERIMENTAL-SCRIPTS",""
"","1","BASE-TEST-REPR-PARSE-INTERSECTION.04","","Wed Nov 20 21:14:17 GMT 2024","passed","Wed Nov 20 21:14:17 GMT 2024","","HYPERON-METTALOG-SANITY","HYPERON-METTALOG-SANITY",""
"","1","METATYPES---METTA-LANGUAGE1.08","","Wed Nov 20 21:24:55 GMT 2024","passed","Wed Nov 20 21:24:55 GMT 2024","","METTA-LANG","METTA-LANG",""
"","1","F1-IMPORTS.13","","Wed Nov 20 21:10:52 GMT 2024","passed","Wed Nov 20 21:10:52 GMT 2024","","HYPERON-EXPERIMENTAL-SCRIPTS","HYPERON-EXPERIMENTAL-SCRIPTS",""
"","129","C1-GROUNDED-BASIC.14","","Wed Nov 20 21:10:52 GMT 2024","failed","Wed Nov 20 21:10:52 GMT 2024","","HYPERON-EXPERIMENTAL-SCRIPTS","HYPERON-EXPERIMENTAL-SCRIPTS",""
"","8000","hyperon-experimental_scripts.e2_states","","Wed Nov 20 21:05:48 GMT 2024","passed","Wed Nov 20 21:05:56 GMT 2024","","WHOLE-TESTS","WHOLE-TESTS",""
"","9000","metta-morph_tests.types2","","Wed Nov 20 21:05:48 GMT 2024","passed","Wed Nov 20 21:05:57 GMT 2024","","WHOLE-TESTS","WHOLE-TESTS",""
"","9000","hyperon-experimental_scripts.d1_gadt","","Wed Nov 20 21:05:48 GMT 2024","passed","Wed Nov 20 21:05:57 GMT 2024","","WHOLE-TESTS","WHOLE-TESTS",""
"","3","RECURSION-AND-CONTROL---METTA-LANGUAGE6.03","","Wed Nov 20 21:24:55 GMT 2024","passed","Wed Nov 20 21:24:55 GMT 2024","","METTA-LANG","METTA-LANG",""
"","43000","hyperon-mettalog_sanity.compile_tests","","Wed Nov 20 21:05:48 GMT 2024","failed","Wed Nov 20 21:06:31 GMT 2024","","WHOLE-TESTS","WHOLE-TESTS",""
"","4","OR-TEST.14","","Wed Nov 20 21:14:17 GMT 2024","passed","Wed Nov 20 21:14:17 GMT 2024","","HYPERON-METTALOG-SANITY","HYPERON-METTALOG-SANITY",""
"","8000","metta_lang.Concrete_types___MeTTa_Language10","","Wed Nov 20 21:05:48 GMT 2024","passed","Wed Nov 20 21:05:56 GMT 2024","","WHOLE-TESTS","WHOLE-TESTS",""
"","128","WORKING-WITH-SPACES---METTA-LANGUAGE2.01","","Wed Nov 20 21:24:55 GMT 2024","failed","Wed Nov 20 21:24:55 GMT 2024","","METTA-LANG","METTA-LANG",""
"","17","MINIMAL-METTA-TESTS.40","","Wed Nov 20 21:14:17 GMT 2024","failed","Wed Nov 20 21:14:17 GMT 2024","","HYPERON-METTALOG-SANITY","HYPERON-METTALOG-SANITY",""
"","5","FUNCTIONS-AND-UNIFICATION---METTA-LANGUAGE2.01","","Wed Nov 20 21:24:55 GMT 2024","passed","Wed Nov 20 21:24:55 GMT 2024","","METTA-LANG","METTA-LANG",""
"","9000","metta_lang.Controlling_pattern_matching___MeTTa_Language3","","Wed Nov 20 21:05:48 GMT 2024","passed","Wed Nov 20 21:05:57 GMT 2024","","WHOLE-TESTS","WHOLE-TESTS",""
"","160","CONTROLLING-PATTERN-MATCHING---METTA-LANGUAGE10.07","","Wed Nov 20 21:24:55 GMT 2024","failed","Wed Nov 20 21:24:55 GMT 2024","","METTA-LANG","METTA-LANG",""
"","8000","hyperon-mettalog_sanity.py_types_2","","Wed Nov 20 21:05:48 GMT 2024","passed","Wed Nov 20 21:05:56 GMT 2024","","WHOLE-TESTS","WHOLE-TESTS",""
"","2","CONTROL-FLOW---METTA-LANGUAGE10.02","","Wed Nov 20 21:24:55 GMT 2024","passed","Wed Nov 20 21:24:55 GMT 2024","","METTA-LANG","METTA-LANG",""
"","2","SEQUENTIAL-NESTED.07","","Wed Nov 20 21:46:24 GMT 2024","passed","Wed Nov 20 21:46:24 GMT 2024","","METTA-MORPH-TESTS","METTA-MORPH-TESTS",""
"","9","CONTROLLING-PATTERN-MATCHING---METTA-LANGUAGE10.08","","Wed Nov 20 21:24:55 GMT 2024","passed","Wed Nov 20 21:24:55 GMT 2024","","METTA-LANG","METTA-LANG",""
"","2","FUNCTIONS-AND-UNIFICATION---METTA-LANGUAGE4.04","","Wed Nov 20 21:24:55 GMT 2024","passed","Wed Nov 20 21:24:55 GMT 2024","","METTA-LANG","METTA-LANG",""
"","3","FREE-VARIABLES-AND-NONDETERMINISM-AGAIN-RECURSIVELY---METTA-LANGUAGE5.01","","Wed Nov 20 21:24:55 GMT 2024","passed","Wed Nov 20 21:24:55 GMT 2024","","METTA-LANG","METTA-LANG",""
"","3","BASIC-EVALUATION---METTA-LANGUAGE3.02","","Wed Nov 20 21:24:55 GMT 2024","passed","Wed Nov 20 21:24:55 GMT 2024","","METTA-LANG","METTA-LANG",""
"","3","QUERYING-SPACE-CONTENT---METTA-LANGUAGE2.01","","Wed Nov 20 21:24:55 GMT 2024","passed","Wed Nov 20 21:24:55 GMT 2024","","METTA-LANG","METTA-LANG",""
"","2","D2-HIGHERFUNC.19","","Wed Nov 20 21:50:36 GMT 2024","passed","Wed Nov 20 21:50:36 GMT 2024","","QUICK","QUICK",""
"","2","F1-IMPORTS.09","","Wed Nov 20 21:10:52 GMT 2024","passed","Wed Nov 20 21:10:52 GMT 2024","","HYPERON-EXPERIMENTAL-SCRIPTS","HYPERON-EXPERIMENTAL-SCRIPTS",""
"","3","E3-MATCH-STATES.02","","Wed Nov 20 21:10:52 GMT 2024","passed","Wed Nov 20 21:10:52 GMT 2024","","HYPERON-EXPERIMENTAL-SCRIPTS","HYPERON-EXPERIMENTAL-SCRIPTS",""
"","17","CONCRETE-TYPES---METTA-LANGUAGE6.02","","Wed Nov 20 21:24:55 GMT 2024","failed","Wed Nov 20 21:24:55 GMT 2024","","METTA-LANG","METTA-LANG",""
"","1","CALL-TESTS.11","","Wed Nov 20 21:14:17 GMT 2024","passed","Wed Nov 20 21:14:17 GMT 2024","","HYPERON-METTALOG-SANITY","HYPERON-METTALOG-SANITY",""
"","9000","metta_lang.Working_with_spaces___MeTTa_Language16","","Wed Nov 20 21:05:48 GMT 2024","passed","Wed Nov 20 21:05:57 GMT 2024","","WHOLE-TESTS","WHOLE-TESTS",""
"","16","CONCRETE-TYPES---METTA-LANGUAGE5.04","","Wed Nov 20 21:24:55 GMT 2024","failed","Wed Nov 20 21:24:55 GMT 2024","","METTA-LANG","METTA-LANG",""
"","29000","synth_buffer.time_synthesize","","Wed Nov 20 21:05:48 GMT 2024","passed","Wed Nov 20 21:06:17 GMT 2024","","WHOLE-TESTS","WHOLE-TESTS",""
"","11","FUNCTIONS-AND-UNIFICATION---METTA-LANGUAGE7.02","","Wed Nov 20 21:24:55 GMT 2024","failed","Wed Nov 20 21:24:55 GMT 2024","","METTA-LANG","METTA-LANG",""
"","2","SUBTRACTION-TEST.07","","Wed Nov 20 21:14:17 GMT 2024","passed","Wed Nov 20 21:14:17 GMT 2024","","HYPERON-METTALOG-SANITY","HYPERON-METTALOG-SANITY",""
"","2","WORKING-WITH-SPACES---METTA-LANGUAGE3.04","","Wed Nov 20 21:24:55 GMT 2024","passed","Wed Nov 20 21:24:55 GMT 2024","","METTA-LANG","METTA-LANG",""
"","2","MINIMAL-METTA-TESTS.04","","Wed Nov 20 21:14:17 GMT 2024","passed","Wed Nov 20 21:14:17 GMT 2024","","HYPERON-METTALOG-SANITY","HYPERON-METTALOG-SANITY",""
"","4","TEST-IF-CLOSED.01","","Wed Nov 20 21:05:56 GMT 2024","passed","Wed Nov 20 21:05:56 GMT 2024","","ANTI-REGRESSION","ANTI-REGRESSION",""
"","5","BASIC-EVALUATION---METTA-LANGUAGE2.01","","Wed Nov 20 21:24:55 GMT 2024","passed","Wed Nov 20 21:24:55 GMT 2024","","METTA-LANG","METTA-LANG",""
"","3","FIND-ALL-TESTS.04","","Wed Nov 20 21:14:17 GMT 2024","passed","Wed Nov 20 21:14:17 GMT 2024","","HYPERON-METTALOG-SANITY","HYPERON-METTALOG-SANITY",""
"","163","SPACE-SUBTRACTION-TESTS.08","","Wed Nov 20 21:14:17 GMT 2024","passed","Wed Nov 20 21:14:17 GMT 2024","","HYPERON-METTALOG-SANITY","HYPERON-METTALOG-SANITY",""
"","2","HYPERPOSE.10","","Wed Nov 20 21:46:24 GMT 2024","passed","Wed Nov 20 21:46:24 GMT 2024","","METTA-MORPH-TESTS","METTA-MORPH-TESTS",""
"","2","FUNCTIONS-AND-UNIFICATION---METTA-LANGUAGE7.06","","Wed Nov 20 21:24:55 GMT 2024","passed","Wed Nov 20 21:24:55 GMT 2024","","METTA-LANG","METTA-LANG",""
"","16","MINIMAL-METTA-TESTS.13","","Wed Nov 20 21:14:17 GMT 2024","failed","Wed Nov 20 21:14:17 GMT 2024","","HYPERON-METTALOG-SANITY","HYPERON-METTALOG-SANITY",""
"","2","D1-GADT.03","","Wed Nov 20 21:50:36 GMT 2024","passed","Wed Nov 20 21:50:36 GMT 2024","","QUICK","QUICK",""
"","2","D4-TYPE-PROP.19","","Wed Nov 20 21:50:36 GMT 2024","passed","Wed Nov 20 21:50:36 GMT 2024","","QUICK","QUICK",""
"","1","OR-TEST.12","","Wed Nov 20 21:14:17 GMT 2024","passed","Wed Nov 20 21:14:17 GMT 2024","","HYPERON-METTALOG-SANITY","HYPERON-METTALOG-SANITY",""
"","3","B0-CHAINING-PRELIM.02","","Wed Nov 20 21:10:52 GMT 2024","passed","Wed Nov 20 21:10:52 GMT 2024","","HYPERON-EXPERIMENTAL-SCRIPTS","HYPERON-EXPERIMENTAL-SCRIPTS",""
"","2","MINIMAL-METTA-TESTS.03","","Wed Nov 20 21:14:17 GMT 2024","passed","Wed Nov 20 21:14:17 GMT 2024","","HYPERON-METTALOG-SANITY","HYPERON-METTALOG-SANITY",""
"","3","OUTPUT-LOAD-TESTS.13","","Wed Nov 20 21:14:17 GMT 2024","passed","Wed Nov 20 21:14:17 GMT 2024","","HYPERON-METTALOG-SANITY","HYPERON-METTALOG-SANITY",""
"","2","C1-GROUNDED-BASIC.16","","Wed Nov 20 21:50:36 GMT 2024","passed","Wed Nov 20 21:50:36 GMT 2024","","QUICK","QUICK",""
"","2","CONTROL-FLOW---METTA-LANGUAGE15.02","","Wed Nov 20 21:24:55 GMT 2024","passed","Wed Nov 20 21:24:55 GMT 2024","","METTA-LANG","METTA-LANG",""
"","99","B5-TYPES-PRELIM.11","","Wed Nov 20 21:10:52 GMT 2024","failed","Wed Nov 20 21:10:52 GMT 2024","","HYPERON-EXPERIMENTAL-SCRIPTS","HYPERON-EXPERIMENTAL-SCRIPTS",""
"","3","RECURSION-AND-CONTROL---METTA-LANGUAGE7.02","","Wed Nov 20 21:24:55 GMT 2024","passed","Wed Nov 20 21:24:55 GMT 2024","","METTA-LANG","METTA-LANG",""
"","3","FREE-VARIABLES-AND-NONDETERMINISM-AGAIN,-RECURSIVELY---METTA-LANGUAGE1.01","","Wed Nov 20 21:24:55 GMT 2024","passed","Wed Nov 20 21:24:55 GMT 2024","","METTA-LANG","METTA-LANG",""
"","3","RECURSIVE-AND-PARAMETRIC-TYPES---METTA-LANGUAGE7.04","","Wed Nov 20 21:24:55 GMT 2024","passed","Wed Nov 20 21:24:55 GMT 2024","","METTA-LANG","METTA-LANG",""
"","8000","baseline_compat.rust_02","","Wed Nov 20 21:05:48 GMT 2024","passed","Wed Nov 20 21:05:56 GMT 2024","","WHOLE-TESTS","WHOLE-TESTS",""
"","1","B5-TYPES-PRELIM.20","","Wed Nov 20 21:10:52 GMT 2024","passed","Wed Nov 20 21:10:52 GMT 2024","","HYPERON-EXPERIMENTAL-SCRIPTS","HYPERON-EXPERIMENTAL-SCRIPTS",""
"","2","A3-TWOSIDE.03","","Wed Nov 20 21:10:52 GMT 2024","passed","Wed Nov 20 21:10:52 GMT 2024","","HYPERON-EXPERIMENTAL-SCRIPTS","HYPERON-EXPERIMENTAL-SCRIPTS",""
"","9000","metta_lang.Working_with_spaces___MeTTa_Language12","","Wed Nov 20 21:05:48 GMT 2024","passed","Wed Nov 20 21:05:57 GMT 2024","","WHOLE-TESTS","WHOLE-TESTS",""
"","5","PEANO.01","","Wed Nov 20 21:46:24 GMT 2024","passed","Wed Nov 20 21:46:24 GMT 2024","","METTA-MORPH-TESTS","METTA-MORPH-TESTS",""
"","3","METATYPES---METTA-LANGUAGE1.03","","Wed Nov 20 21:24:55 GMT 2024","passed","Wed Nov 20 21:24:55 GMT 2024","","METTA-LANG","METTA-LANG",""
"","9000","quick.f1_imports","","Wed Nov 20 21:05:48 GMT 2024","passed","Wed Nov 20 21:05:57 GMT 2024","","WHOLE-TESTS","WHOLE-TESTS",""
"","2","MATCH-VOID.06","","Wed Nov 20 21:46:24 GMT 2024","passed","Wed Nov 20 21:46:24 GMT 2024","","METTA-MORPH-TESTS","METTA-MORPH-TESTS",""
"","3","WORKING-WITH-SPACES---METTA-LANGUAGE5.01","","Wed Nov 20 21:24:55 GMT 2024","passed","Wed Nov 20 21:24:55 GMT 2024","","METTA-LANG","METTA-LANG",""
"","2","METATYPES---METTA-LANGUAGE1.04","","Wed Nov 20 21:24:55 GMT 2024","passed","Wed Nov 20 21:24:55 GMT 2024","","METTA-LANG","METTA-LANG",""
"","1","D4-TYPE-PROP.06","","Wed Nov 20 21:50:36 GMT 2024","passed","Wed Nov 20 21:50:36 GMT 2024","","QUICK","QUICK",""
"","5","PRINT-GRAPH.01","","Wed Nov 20 21:08:55 GMT 2024","passed","Wed Nov 20 21:08:55 GMT 2024","","METTA-WAM-ISSUE-145","METTA-WAM-ISSUE-145",""
"","8000","metta_lang.Working_with_spaces___MeTTa_Language6","","Wed Nov 20 21:05:48 GMT 2024","passed","Wed Nov 20 21:05:56 GMT 2024","","WHOLE-TESTS","WHOLE-TESTS",""
"","2","01-LANG-INC.02","","Wed Nov 20 21:14:17 GMT 2024","passed","Wed Nov 20 21:14:17 GMT 2024","","HYPERON-METTALOG-SANITY","HYPERON-METTALOG-SANITY",""
"","1","ZEROARGS.02","","Wed Nov 20 21:46:24 GMT 2024","passed","Wed Nov 20 21:46:24 GMT 2024","","METTA-MORPH-TESTS","METTA-MORPH-TESTS",""
"","3","B3-DIRECT.02","","Wed Nov 20 21:10:52 GMT 2024","passed","Wed Nov 20 21:10:52 GMT 2024","","HYPERON-EXPERIMENTAL-SCRIPTS","HYPERON-EXPERIMENTAL-SCRIPTS",""
"","2","UNIQUE-TEST.07","","Wed Nov 20 21:14:17 GMT 2024","passed","Wed Nov 20 21:14:17 GMT 2024","","HYPERON-METTALOG-SANITY","HYPERON-METTALOG-SANITY",""
"","62","WORKING-WITH-SPACES---METTA-LANGUAGE11.04","","Wed Nov 20 21:24:55 GMT 2024","failed","Wed Nov 20 21:24:55 GMT 2024","","METTA-LANG","METTA-LANG",""
"","3","CONCRETE-TYPES---METTA-LANGUAGE4.01","","Wed Nov 20 21:24:55 GMT 2024","passed","Wed Nov 20 21:24:55 GMT 2024","","METTA-LANG","METTA-LANG",""
"","2","B5-TYPES-PRELIM.21","","Wed Nov 20 21:10:52 GMT 2024","passed","Wed Nov 20 21:10:52 GMT 2024","","HYPERON-EXPERIMENTAL-SCRIPTS","HYPERON-EXPERIMENTAL-SCRIPTS",""
"","2","B4-NONDETERM.07","","Wed Nov 20 21:10:52 GMT 2024","passed","Wed Nov 20 21:10:52 GMT 2024","","HYPERON-EXPERIMENTAL-SCRIPTS","HYPERON-EXPERIMENTAL-SCRIPTS",""
"","1","TEST-IF-CLOSED.06","","Wed Nov 20 21:05:56 GMT 2024","passed","Wed Nov 20 21:05:56 GMT 2024","","ANTI-REGRESSION","ANTI-REGRESSION",""
"","3","METATYPES---METTA-LANGUAGE7.01","","Wed Nov 20 21:24:55 GMT 2024","passed","Wed Nov 20 21:24:55 GMT 2024","","METTA-LANG","METTA-LANG",""
"","3","CONTROLLING-PATTERN-MATCHING---METTA-LANGUAGE12.12","","Wed Nov 20 21:24:55 GMT 2024","passed","Wed Nov 20 21:24:55 GMT 2024","","METTA-LANG","METTA-LANG",""
"","1","D4-TYPE-PROP.09","","Wed Nov 20 21:50:36 GMT 2024","passed","Wed Nov 20 21:50:36 GMT 2024","","QUICK","QUICK",""
"","2","SEQUENTIAL-NESTED.05","","Wed Nov 20 21:46:24 GMT 2024","passed","Wed Nov 20 21:46:24 GMT 2024","","METTA-MORPH-TESTS","METTA-MORPH-TESTS",""
"","3","CONTROLLING-PATTERN-MATCHING---METTA-LANGUAGE11.05","","Wed Nov 20 21:24:55 GMT 2024","passed","Wed Nov 20 21:24:55 GMT 2024","","METTA-LANG","METTA-LANG",""
"","2","B5-TYPES-PRELIM.19","","Wed Nov 20 21:10:52 GMT 2024","passed","Wed Nov 20 21:10:52 GMT 2024","","HYPERON-EXPERIMENTAL-SCRIPTS","HYPERON-EXPERIMENTAL-SCRIPTS",""
"","8000","metta_lang.Basic_evaluation___MeTTa_Language14","","Wed Nov 20 21:05:48 GMT 2024","passed","Wed Nov 20 21:05:56 GMT 2024","","WHOLE-TESTS","WHOLE-TESTS",""
"","9000","metta_lang.Control_flow___MeTTa_Language7","","Wed Nov 20 21:05:48 GMT 2024","passed","Wed Nov 20 21:05:57 GMT 2024","","WHOLE-TESTS","WHOLE-TESTS",""
"","2","RECURSION-AND-CONTROL---METTA-LANGUAGE2.03","","Wed Nov 20 21:24:55 GMT 2024","passed","Wed Nov 20 21:24:55 GMT 2024","","METTA-LANG","METTA-LANG",""
"","3","D2-HIGHERFUNC.10","","Wed Nov 20 21:10:52 GMT 2024","passed","Wed Nov 20 21:10:52 GMT 2024","","HYPERON-EXPERIMENTAL-SCRIPTS","HYPERON-EXPERIMENTAL-SCRIPTS",""
"","9000","metta_lang.Concrete_types___MeTTa_Language5","","Wed Nov 20 21:05:48 GMT 2024","passed","Wed Nov 20 21:05:57 GMT 2024","","WHOLE-TESTS","WHOLE-TESTS",""
"","4","F1-IMPORTS.02","","Wed Nov 20 21:50:36 GMT 2024","passed","Wed Nov 20 21:50:36 GMT 2024","","QUICK","QUICK",""
"","2","00-LANG-CASE.16","","Wed Nov 20 21:14:17 GMT 2024","passed","Wed Nov 20 21:14:17 GMT 2024","","HYPERON-METTALOG-SANITY","HYPERON-METTALOG-SANITY",""
"","1","METATYPES---METTA-LANGUAGE1.12","","Wed Nov 20 21:24:55 GMT 2024","passed","Wed Nov 20 21:24:55 GMT 2024","","METTA-LANG","METTA-LANG",""
"","2","C1-GROUNDED-BASIC.17","","Wed Nov 20 21:50:36 GMT 2024","passed","Wed Nov 20 21:50:36 GMT 2024","","QUICK","QUICK",""
"","80","MINIMAL-METTA-TESTS.31","","Wed Nov 20 21:14:17 GMT 2024","failed","Wed Nov 20 21:14:17 GMT 2024","","HYPERON-METTALOG-SANITY","HYPERON-METTALOG-SANITY",""
"","102","EVAL-FOR-TESTS.01","","Wed Nov 20 21:14:17 GMT 2024","failed","Wed Nov 20 21:14:17 GMT 2024","","HYPERON-METTALOG-SANITY","HYPERON-METTALOG-SANITY",""
"","2","INTERSECTION-TESTS.16","","Wed Nov 20 21:14:17 GMT 2024","passed","Wed Nov 20 21:14:17 GMT 2024","","HYPERON-METTALOG-SANITY","HYPERON-METTALOG-SANITY",""
"","9000","metta_lang.Basic_evaluation___MeTTa_Language6","","Wed Nov 20 21:05:48 GMT 2024","passed","Wed Nov 20 21:05:57 GMT 2024","","WHOLE-TESTS","WHOLE-TESTS",""
"","2","SPACE-SUBTRACTION-TESTS.01","","Wed Nov 20 21:14:17 GMT 2024","passed","Wed Nov 20 21:14:17 GMT 2024","","HYPERON-METTALOG-SANITY","HYPERON-METTALOG-SANITY",""
"","3","G1-DOCS.02","","Wed Nov 20 21:10:52 GMT 2024","passed","Wed Nov 20 21:10:52 GMT 2024","","HYPERON-EXPERIMENTAL-SCRIPTS","HYPERON-EXPERIMENTAL-SCRIPTS",""
"","10","RECURSIVE-AND-PARAMETRIC-TYPES---METTA-LANGUAGE1.05","","Wed Nov 20 21:24:55 GMT 2024","failed","Wed Nov 20 21:24:55 GMT 2024","","METTA-LANG","METTA-LANG",""
"","1","METTALOGTESTCURRIED2.05","","Wed Nov 20 21:05:56 GMT 2024","passed","Wed Nov 20 21:05:56 GMT 2024","","ANTI-REGRESSION","ANTI-REGRESSION",""
"","85","INTERSECTION-TESTS.31","","Wed Nov 20 21:14:17 GMT 2024","failed","Wed Nov 20 21:14:17 GMT 2024","","HYPERON-METTALOG-SANITY","HYPERON-METTALOG-SANITY",""
"","1","OR-TEST.05","","Wed Nov 20 21:14:17 GMT 2024","passed","Wed Nov 20 21:14:17 GMT 2024","","HYPERON-METTALOG-SANITY","HYPERON-METTALOG-SANITY",""
"","17","WORKING-WITH-SPACES---METTA-LANGUAGE2.06","","Wed Nov 20 21:24:55 GMT 2024","failed","Wed Nov 20 21:24:55 GMT 2024","","METTA-LANG","METTA-LANG",""
"","2","RECURSIVE-AND-PARAMETRIC-TYPES---METTA-LANGUAGE2.02","","Wed Nov 20 21:24:55 GMT 2024","passed","Wed Nov 20 21:24:55 GMT 2024","","METTA-LANG","METTA-LANG",""
"","5","A2-OPENCOGGY.01","","Wed Nov 20 21:10:52 GMT 2024","passed","Wed Nov 20 21:10:52 GMT 2024","","HYPERON-EXPERIMENTAL-SCRIPTS","HYPERON-EXPERIMENTAL-SCRIPTS",""
"","5","UNIQUE-TEST.14","","Wed Nov 20 21:14:17 GMT 2024","passed","Wed Nov 20 21:14:17 GMT 2024","","HYPERON-METTALOG-SANITY","HYPERON-METTALOG-SANITY",""
"","86","MINIMAL-METTA-TESTS.23","","Wed Nov 20 21:14:17 GMT 2024","passed","Wed Nov 20 21:14:17 GMT 2024","","HYPERON-METTALOG-SANITY","HYPERON-METTALOG-SANITY",""
"","2","CONCRETE-TYPES---METTA-LANGUAGE7.04","","Wed Nov 20 21:24:55 GMT 2024","passed","Wed Nov 20 21:24:55 GMT 2024","","METTA-LANG","METTA-LANG",""
"","5","IS-SPACE.01","","Wed Nov 20 21:14:17 GMT 2024","passed","Wed Nov 20 21:14:17 GMT 2024","","HYPERON-METTALOG-SANITY","HYPERON-METTALOG-SANITY",""
"","2","LIMIT-TESTS.16","","Wed Nov 20 21:14:17 GMT 2024","passed","Wed Nov 20 21:14:17 GMT 2024","","HYPERON-METTALOG-SANITY","HYPERON-METTALOG-SANITY",""
"","9000","metta_lang.Querying_space_content___MeTTa_Language4","","Wed Nov 20 21:05:48 GMT 2024","passed","Wed Nov 20 21:05:57 GMT 2024","","WHOLE-TESTS","WHOLE-TESTS",""
"","1","B4-NONDETERM.02","","Wed Nov 20 21:10:52 GMT 2024","passed","Wed Nov 20 21:10:52 GMT 2024","","HYPERON-EXPERIMENTAL-SCRIPTS","HYPERON-EXPERIMENTAL-SCRIPTS",""
"","3","WORKING-WITH-SPACES---METTA-LANGUAGE6.01","","Wed Nov 20 21:24:55 GMT 2024","passed","Wed Nov 20 21:24:55 GMT 2024","","METTA-LANG","METTA-LANG",""
"","3","SUBTRACTION-TEST.03","","Wed Nov 20 21:14:17 GMT 2024","passed","Wed Nov 20 21:14:17 GMT 2024","","HYPERON-METTALOG-SANITY","HYPERON-METTALOG-SANITY",""
"","4","RECURSIVE-AND-PARAMETRIC-TYPES---METTA-LANGUAGE4.01","","Wed Nov 20 21:24:55 GMT 2024","passed","Wed Nov 20 21:24:55 GMT 2024","","METTA-LANG","METTA-LANG",""
"","9000","metta_lang.Basic_grounded_functions___MeTTa_Language3","","Wed Nov 20 21:05:48 GMT 2024","passed","Wed Nov 20 21:05:57 GMT 2024","","WHOLE-TESTS","WHOLE-TESTS",""
"","2","CALL-CLEANUP-TESTS.08","","Wed Nov 20 21:14:17 GMT 2024","passed","Wed Nov 20 21:14:17 GMT 2024","","HYPERON-METTALOG-SANITY","HYPERON-METTALOG-SANITY",""
"","1","OR-TEST.03","","Wed Nov 20 21:14:17 GMT 2024","passed","Wed Nov 20 21:14:17 GMT 2024","","HYPERON-METTALOG-SANITY","HYPERON-METTALOG-SANITY",""
"","2","F1-IMPORTS.10","","Wed Nov 20 21:50:36 GMT 2024","passed","Wed Nov 20 21:50:36 GMT 2024","","QUICK","QUICK",""
"","1","CONTROL-FLOW---METTA-LANGUAGE7.02","","Wed Nov 20 21:24:55 GMT 2024","passed","Wed Nov 20 21:24:55 GMT 2024","","METTA-LANG","METTA-LANG",""
"","2","06-MATCH-IN-SPACE.02","","Wed Nov 20 21:14:17 GMT 2024","passed","Wed Nov 20 21:14:17 GMT 2024","","HYPERON-METTALOG-SANITY","HYPERON-METTALOG-SANITY",""
"","2","NESTED-QUERIES-AND-RECURSIVE-GRAPH-TRAVERSAL---METTA-LANGUAGE2.02","","Wed Nov 20 21:24:55 GMT 2024","passed","Wed Nov 20 21:24:55 GMT 2024","","METTA-LANG","METTA-LANG",""
"","9000","hyperon-experimental_scripts.e3_match_states","","Wed Nov 20 21:05:48 GMT 2024","passed","Wed Nov 20 21:05:57 GMT 2024","","WHOLE-TESTS","WHOLE-TESTS",""
"","74","WHAT-EVALS-OR-NOT.08","","Wed Nov 20 21:14:17 GMT 2024","failed","Wed Nov 20 21:14:17 GMT 2024","","HYPERON-METTALOG-SANITY","HYPERON-METTALOG-SANITY",""
"","3","CATCH-THROW-TESTS.09","","Wed Nov 20 21:14:17 GMT 2024","passed","Wed Nov 20 21:14:17 GMT 2024","","HYPERON-METTALOG-SANITY","HYPERON-METTALOG-SANITY",""
"","93","FUNCTIONS-AND-UNIFICATION---METTA-LANGUAGE3.04","","Wed Nov 20 21:24:55 GMT 2024","passed","Wed Nov 20 21:24:55 GMT 2024","","METTA-LANG","METTA-LANG",""
"","14","CONCRETE-TYPES---METTA-LANGUAGE9.01","","Wed Nov 20 21:24:55 GMT 2024","passed","Wed Nov 20 21:24:55 GMT 2024","","METTA-LANG","METTA-LANG",""
"","1","D4-TYPE-PROP.14","","Wed Nov 20 21:10:52 GMT 2024","passed","Wed Nov 20 21:10:52 GMT 2024","","HYPERON-EXPERIMENTAL-SCRIPTS","HYPERON-EXPERIMENTAL-SCRIPTS",""
"","3","WORKING-WITH-SPACES---METTA-LANGUAGE2.03","","Wed Nov 20 21:24:55 GMT 2024","passed","Wed Nov 20 21:24:55 GMT 2024","","METTA-LANG","METTA-LANG",""
"","2","HANDLING-NONDETERMINISTIC-RESULTS---METTA-LANGUAGE8.03","","Wed Nov 20 21:24:55 GMT 2024","passed","Wed Nov 20 21:24:55 GMT 2024","","METTA-LANG","METTA-LANG",""
"","74","FUNCTIONAL-PROGRAMMING-TESTS.06","","Wed Nov 20 21:14:17 GMT 2024","failed","Wed Nov 20 21:14:17 GMT 2024","","HYPERON-METTALOG-SANITY","HYPERON-METTALOG-SANITY",""
"","2","SPACE-SUBTRACTION-TESTS.06","","Wed Nov 20 21:14:17 GMT 2024","passed","Wed Nov 20 21:14:17 GMT 2024","","HYPERON-METTALOG-SANITY","HYPERON-METTALOG-SANITY",""
"","2","WORKING-WITH-SPACES---METTA-LANGUAGE1.09","","Wed Nov 20 21:24:55 GMT 2024","passed","Wed Nov 20 21:24:55 GMT 2024","","METTA-LANG","METTA-LANG",""
"","9000","metta_lang.Working_with_spaces___MeTTa_Language8","","Wed Nov 20 21:05:48 GMT 2024","passed","Wed Nov 20 21:05:57 GMT 2024","","WHOLE-TESTS","WHOLE-TESTS",""
"","6","SEALED-TEST.09","","Wed Nov 20 21:14:17 GMT 2024","passed","Wed Nov 20 21:14:17 GMT 2024","","HYPERON-METTALOG-SANITY","HYPERON-METTALOG-SANITY",""
"","3","BASIC-EVALUATION---METTA-LANGUAGE15.06","","Wed Nov 20 21:24:55 GMT 2024","passed","Wed Nov 20 21:24:55 GMT 2024","","METTA-LANG","METTA-LANG",""
"","2","C3-PLN-STV.04","","Wed Nov 20 21:10:52 GMT 2024","passed","Wed Nov 20 21:10:52 GMT 2024","","HYPERON-EXPERIMENTAL-SCRIPTS","HYPERON-EXPERIMENTAL-SCRIPTS",""
"","92","BASIC-EVALUATION---METTA-LANGUAGE15.03","","Wed Nov 20 21:24:55 GMT 2024","failed","Wed Nov 20 21:24:55 GMT 2024","","METTA-LANG","METTA-LANG",""
"","2","C1-GROUNDED-BASIC.03","","Wed Nov 20 21:10:52 GMT 2024","passed","Wed Nov 20 21:10:52 GMT 2024","","HYPERON-EXPERIMENTAL-SCRIPTS","HYPERON-EXPERIMENTAL-SCRIPTS",""
"","3","TEST-IF-CLOSED.11","","Wed Nov 20 21:05:56 GMT 2024","passed","Wed Nov 20 21:05:56 GMT 2024","","ANTI-REGRESSION","ANTI-REGRESSION",""
"","3","FUNCTIONS-AND-UNIFICATION---METTA-LANGUAGE7.05","","Wed Nov 20 21:24:55 GMT 2024","passed","Wed Nov 20 21:24:55 GMT 2024","","METTA-LANG","METTA-LANG",""
"","3","CONTROLLING-PATTERN-MATCHING---METTA-LANGUAGE10.03","","Wed Nov 20 21:24:55 GMT 2024","passed","Wed Nov 20 21:24:55 GMT 2024","","METTA-LANG","METTA-LANG",""
"","64","WORKING-WITH-SPACES---METTA-LANGUAGE12.05","","Wed Nov 20 21:24:55 GMT 2024","failed","Wed Nov 20 21:24:55 GMT 2024","","METTA-LANG","METTA-LANG",""
"","104","WORKING-WITH-SPACES---METTA-LANGUAGE9.05","","Wed Nov 20 21:24:55 GMT 2024","failed","Wed Nov 20 21:24:55 GMT 2024","","METTA-LANG","METTA-LANG",""
"","302","SPACE-SUBTRACTION-TESTS.07","","Wed Nov 20 21:14:17 GMT 2024","passed","Wed Nov 20 21:14:17 GMT 2024","","HYPERON-METTALOG-SANITY","HYPERON-METTALOG-SANITY",""
"","3","AND-OR.01","","Wed Nov 20 21:46:24 GMT 2024","passed","Wed Nov 20 21:46:24 GMT 2024","","METTA-MORPH-TESTS","METTA-MORPH-TESTS",""
"","4","FUNCTIONAL-PROGRAMMING-TESTS.01","","Wed Nov 20 21:14:17 GMT 2024","passed","Wed Nov 20 21:14:17 GMT 2024","","HYPERON-METTALOG-SANITY","HYPERON-METTALOG-SANITY",""
"","2","RECURSION-AND-CONTROL---METTA-LANGUAGE9.02","","Wed Nov 20 21:24:55 GMT 2024","passed","Wed Nov 20 21:24:55 GMT 2024","","METTA-LANG","METTA-LANG",""
"","2","D2-HIGHERFUNC.26","","Wed Nov 20 21:50:36 GMT 2024","passed","Wed Nov 20 21:50:36 GMT 2024","","QUICK","QUICK",""
"","117","MINIMAL-METTA-TESTS.36","","Wed Nov 20 21:14:17 GMT 2024","failed","Wed Nov 20 21:14:17 GMT 2024","","HYPERON-METTALOG-SANITY","HYPERON-METTALOG-SANITY",""
"","2","CALL-CLEANUP-TESTS.03","","Wed Nov 20 21:14:17 GMT 2024","passed","Wed Nov 20 21:14:17 GMT 2024","","HYPERON-METTALOG-SANITY","HYPERON-METTALOG-SANITY",""
"","3","OPERATIONS-OVER-ATOMS---METTA-LANGUAGE5.02","","Wed Nov 20 21:24:55 GMT 2024","passed","Wed Nov 20 21:24:55 GMT 2024","","METTA-LANG","METTA-LANG",""
"","9000","metta_lang.Concrete_types___MeTTa_Language4","","Wed Nov 20 21:05:48 GMT 2024","passed","Wed Nov 20 21:05:57 GMT 2024","","WHOLE-TESTS","WHOLE-TESTS",""
"","3","FREE-VARIABLES-AND-NONDETERMINISM-AGAIN,-RECURSIVELY---METTA-LANGUAGE3.01","","Wed Nov 20 21:24:55 GMT 2024","passed","Wed Nov 20 21:24:55 GMT 2024","","METTA-LANG","METTA-LANG",""
"","4","CONCRETE-TYPES---METTA-LANGUAGE7.01","","Wed Nov 20 21:24:55 GMT 2024","passed","Wed Nov 20 21:24:55 GMT 2024","","METTA-LANG","METTA-LANG",""
"","2","LIMIT-TESTS.03","","Wed Nov 20 21:14:17 GMT 2024","passed","Wed Nov 20 21:14:17 GMT 2024","","HYPERON-METTALOG-SANITY","HYPERON-METTALOG-SANITY",""
"","3","E1-KB-WRITE.02","","Wed Nov 20 21:10:52 GMT 2024","passed","Wed Nov 20 21:10:52 GMT 2024","","HYPERON-EXPERIMENTAL-SCRIPTS","HYPERON-EXPERIMENTAL-SCRIPTS",""
"","3","CALL-TESTS.05","","Wed Nov 20 21:14:17 GMT 2024","passed","Wed Nov 20 21:14:17 GMT 2024","","HYPERON-METTALOG-SANITY","HYPERON-METTALOG-SANITY",""
"","2","CONCRETE-TYPES---METTA-LANGUAGE14.01","","Wed Nov 20 21:24:55 GMT 2024","passed","Wed Nov 20 21:24:55 GMT 2024","","METTA-LANG","METTA-LANG",""
"","5","BASIC-EVALUATION---METTA-LANGUAGE15.01","","Wed Nov 20 21:24:55 GMT 2024","passed","Wed Nov 20 21:24:55 GMT 2024","","METTA-LANG","METTA-LANG",""
"","3","WORKING-WITH-SPACES---METTA-LANGUAGE12.01","","Wed Nov 20 21:24:55 GMT 2024","passed","Wed Nov 20 21:24:55 GMT 2024","","METTA-LANG","METTA-LANG",""
"","2","WORKING-WITH-SPACES---METTA-LANGUAGE12.07","","Wed Nov 20 21:24:55 GMT 2024","passed","Wed Nov 20 21:24:55 GMT 2024","","METTA-LANG","METTA-LANG",""
"","1","D4-TYPE-PROP.09","","Wed Nov 20 21:10:52 GMT 2024","passed","Wed Nov 20 21:10:52 GMT 2024","","HYPERON-EXPERIMENTAL-SCRIPTS","HYPERON-EXPERIMENTAL-SCRIPTS",""
"","2","METATYPES---METTA-LANGUAGE1.11","","Wed Nov 20 21:24:55 GMT 2024","passed","Wed Nov 20 21:24:55 GMT 2024","","METTA-LANG","METTA-LANG",""
"","9000","hyperon-experimental_scripts.d2_higherfunc","","Wed Nov 20 21:05:48 GMT 2024","passed","Wed Nov 20 21:05:57 GMT 2024","","WHOLE-TESTS","WHOLE-TESTS",""
"","3","FACTORIAL.02","","Wed Nov 20 21:46:24 GMT 2024","passed","Wed Nov 20 21:46:24 GMT 2024","","METTA-MORPH-TESTS","METTA-MORPH-TESTS",""
"","2","C1-GROUNDED-BASIC.02","","Wed Nov 20 21:50:36 GMT 2024","passed","Wed Nov 20 21:50:36 GMT 2024","","QUICK","QUICK",""
"","68","D2-HIGHERFUNC.07","","Wed Nov 20 21:10:52 GMT 2024","failed","Wed Nov 20 21:10:52 GMT 2024","","HYPERON-EXPERIMENTAL-SCRIPTS","HYPERON-EXPERIMENTAL-SCRIPTS",""
"","2","STATES-SPACES.06","","Wed Nov 20 21:46:24 GMT 2024","passed","Wed Nov 20 21:46:24 GMT 2024","","METTA-MORPH-TESTS","METTA-MORPH-TESTS",""
"","2","CONSOLE-OUTPUT-AND-DEBUGGING---METTA-LANGUAGE3.05","","Wed Nov 20 21:24:55 GMT 2024","passed","Wed Nov 20 21:24:55 GMT 2024","","METTA-LANG","METTA-LANG",""
"","2","F1-MODULEA.04","","Wed Nov 20 21:10:52 GMT 2024","passed","Wed Nov 20 21:10:52 GMT 2024","","HYPERON-EXPERIMENTAL-SCRIPTS","HYPERON-EXPERIMENTAL-SCRIPTS",""
"","2","03-SORING-VIA-INSERT.06","","Wed Nov 20 21:14:17 GMT 2024","passed","Wed Nov 20 21:14:17 GMT 2024","","HYPERON-METTALOG-SANITY","HYPERON-METTALOG-SANITY",""
"","2","SEQUENTIAL-NESTED.04","","Wed Nov 20 21:46:24 GMT 2024","passed","Wed Nov 20 21:46:24 GMT 2024","","METTA-MORPH-TESTS","METTA-MORPH-TESTS",""
"","2","F1-IMPORTS.07","","Wed Nov 20 21:05:39 GMT 2024","passed","Wed Nov 20 21:05:39 GMT 2024","","MODULE-SYSTEM","MODULE-SYSTEM",""
"","15","BCHAIN-COMP.05","","Wed Nov 20 21:05:56 GMT 2024","passed","Wed Nov 20 21:05:56 GMT 2024","","ANTI-REGRESSION","ANTI-REGRESSION",""
"","9000","metta_lang.Basic_evaluation___MeTTa_Language8","","Wed Nov 20 21:05:48 GMT 2024","passed","Wed Nov 20 21:05:57 GMT 2024","","WHOLE-TESTS","WHOLE-TESTS",""
"","1","D4-TYPE-PROP.11","","Wed Nov 20 21:50:36 GMT 2024","passed","Wed Nov 20 21:50:36 GMT 2024","","QUICK","QUICK",""
"","3","STRING-TESTS.02","","Wed Nov 20 21:14:17 GMT 2024","passed","Wed Nov 20 21:14:17 GMT 2024","","HYPERON-METTALOG-SANITY","HYPERON-METTALOG-SANITY",""
"","9000","anti-regression.bchain_comp","","Wed Nov 20 21:05:48 GMT 2024","passed","Wed Nov 20 21:05:57 GMT 2024","","WHOLE-TESTS","WHOLE-TESTS",""
"","2","FUNCTIONS-AND-UNIFICATION---METTA-LANGUAGE4.02","","Wed Nov 20 21:24:55 GMT 2024","passed","Wed Nov 20 21:24:55 GMT 2024","","METTA-LANG","METTA-LANG",""
"","2","BASIC-GROUNDED-FUNCTIONS---METTA-LANGUAGE7.01","","Wed Nov 20 21:24:55 GMT 2024","passed","Wed Nov 20 21:24:55 GMT 2024","","METTA-LANG","METTA-LANG",""
"","2","CONTROLLING-PATTERN-MATCHING---METTA-LANGUAGE12.16","","Wed Nov 20 21:24:55 GMT 2024","passed","Wed Nov 20 21:24:55 GMT 2024","","METTA-LANG","METTA-LANG",""
"","3","TMPMATCH1.01","","Wed Nov 20 21:05:56 GMT 2024","passed","Wed Nov 20 21:05:56 GMT 2024","","ANTI-REGRESSION","ANTI-REGRESSION",""
"","2","LIMIT-TESTS.04","","Wed Nov 20 21:14:17 GMT 2024","passed","Wed Nov 20 21:14:17 GMT 2024","","HYPERON-METTALOG-SANITY","HYPERON-METTALOG-SANITY",""
"","9","D1-GADT.13","","Wed Nov 20 21:10:52 GMT 2024","passed","Wed Nov 20 21:10:52 GMT 2024","","HYPERON-EXPERIMENTAL-SCRIPTS","HYPERON-EXPERIMENTAL-SCRIPTS",""
"","9000","hyperon-mettalog_sanity.xor_test","","Wed Nov 20 21:05:48 GMT 2024","passed","Wed Nov 20 21:05:57 GMT 2024","","WHOLE-TESTS","WHOLE-TESTS",""
"","15","D2-HIGHERFUNC.22","","Wed Nov 20 21:50:36 GMT 2024","passed","Wed Nov 20 21:50:36 GMT 2024","","QUICK","QUICK",""
"","2","BASIC-GROUNDED-FUNCTIONS---METTA-LANGUAGE1.02","","Wed Nov 20 21:24:55 GMT 2024","passed","Wed Nov 20 21:24:55 GMT 2024","","METTA-LANG","METTA-LANG",""
"","3","CONTROLLING-PATTERN-MATCHING---METTA-LANGUAGE9.01","","Wed Nov 20 21:24:55 GMT 2024","passed","Wed Nov 20 21:24:55 GMT 2024","","METTA-LANG","METTA-LANG",""
"","2","STRING-TESTS.20","","Wed Nov 20 21:14:17 GMT 2024","passed","Wed Nov 20 21:14:17 GMT 2024","","HYPERON-METTALOG-SANITY","HYPERON-METTALOG-SANITY",""
"","2","D1-GADT.11","","Wed Nov 20 21:50:36 GMT 2024","passed","Wed Nov 20 21:50:36 GMT 2024","","QUICK","QUICK",""
"","3","RECURSIVE-AND-PARAMETRIC-TYPES---METTA-LANGUAGE3.01","","Wed Nov 20 21:24:55 GMT 2024","passed","Wed Nov 20 21:24:55 GMT 2024","","METTA-LANG","METTA-LANG",""
"","4","UNIQUE-TEST.12","","Wed Nov 20 21:14:17 GMT 2024","passed","Wed Nov 20 21:14:17 GMT 2024","","HYPERON-METTALOG-SANITY","HYPERON-METTALOG-SANITY",""
"","2","CONTROL-FLOW---METTA-LANGUAGE13.01","","Wed Nov 20 21:24:55 GMT 2024","passed","Wed Nov 20 21:24:55 GMT 2024","","METTA-LANG","METTA-LANG",""
"","128","CONTROL-FLOW---METTA-LANGUAGE5.01","","Wed Nov 20 21:24:55 GMT 2024","passed","Wed Nov 20 21:24:55 GMT 2024","","METTA-LANG","METTA-LANG",""
"","4","CONTROL-FLOW---METTA-LANGUAGE10.01","","Wed Nov 20 21:24:55 GMT 2024","passed","Wed Nov 20 21:24:55 GMT 2024","","METTA-LANG","METTA-LANG",""
"","4","WORKING-WITH-SPACES---METTA-LANGUAGE10.01","","Wed Nov 20 21:24:55 GMT 2024","passed","Wed Nov 20 21:24:55 GMT 2024","","METTA-LANG","METTA-LANG",""
"","3","RECURSIVE-AND-PARAMETRIC-TYPES---METTA-LANGUAGE5.01","","Wed Nov 20 21:24:55 GMT 2024","passed","Wed Nov 20 21:24:55 GMT 2024","","METTA-LANG","METTA-LANG",""
"","2","F1-IMPORTS.14","","Wed Nov 20 21:50:36 GMT 2024","passed","Wed Nov 20 21:50:36 GMT 2024","","QUICK","QUICK",""
"","3","CONTROL-FLOW---METTA-LANGUAGE13.02","","Wed Nov 20 21:24:55 GMT 2024","passed","Wed Nov 20 21:24:55 GMT 2024","","METTA-LANG","METTA-LANG",""
"","3","D2-HIGHERFUNC.25","","Wed Nov 20 21:10:52 GMT 2024","passed","Wed Nov 20 21:10:52 GMT 2024","","HYPERON-EXPERIMENTAL-SCRIPTS","HYPERON-EXPERIMENTAL-SCRIPTS",""
"","4","METATYPES---METTA-LANGUAGE6.01","","Wed Nov 20 21:24:55 GMT 2024","passed","Wed Nov 20 21:24:55 GMT 2024","","METTA-LANG","METTA-LANG",""
"","3","TIME-SYNTHESIZE-SHORT.03","","Wed Nov 20 21:22:07 GMT 2024","passed","Wed Nov 20 21:22:07 GMT 2024","","SYNTH-BUFFER","SYNTH-BUFFER",""
"","62","OUTPUT-LOAD-TESTS.12","","Wed Nov 20 21:14:17 GMT 2024","failed","Wed Nov 20 21:14:17 GMT 2024","","HYPERON-METTALOG-SANITY","HYPERON-METTALOG-SANITY",""
"","3","D1-GADT.01","","Wed Nov 20 21:10:52 GMT 2024","passed","Wed Nov 20 21:10:52 GMT 2024","","HYPERON-EXPERIMENTAL-SCRIPTS","HYPERON-EXPERIMENTAL-SCRIPTS",""
"","1","D4-TYPE-PROP.05","","Wed Nov 20 21:50:36 GMT 2024","passed","Wed Nov 20 21:50:36 GMT 2024","","QUICK","QUICK",""
"","9000","metta_lang.Handling_nondeterministic_results___MeTTa_Language3","","Wed Nov 20 21:05:48 GMT 2024","passed","Wed Nov 20 21:05:57 GMT 2024","","WHOLE-TESTS","WHOLE-TESTS",""
"","2","C1-GROUNDED-BASIC.23","","Wed Nov 20 21:10:52 GMT 2024","passed","Wed Nov 20 21:10:52 GMT 2024","","HYPERON-EXPERIMENTAL-SCRIPTS","HYPERON-EXPERIMENTAL-SCRIPTS",""
"","3","INTERSECTION-TESTS.26","","Wed Nov 20 21:14:17 GMT 2024","passed","Wed Nov 20 21:14:17 GMT 2024","","HYPERON-METTALOG-SANITY","HYPERON-METTALOG-SANITY",""
"","2","OUTPUT-LOAD-TESTS.06","","Wed Nov 20 21:14:17 GMT 2024","passed","Wed Nov 20 21:14:17 GMT 2024","","HYPERON-METTALOG-SANITY","HYPERON-METTALOG-SANITY",""
"","1","D4-TYPE-PROP.08","","Wed Nov 20 21:50:36 GMT 2024","passed","Wed Nov 20 21:50:36 GMT 2024","","QUICK","QUICK",""
"","2","F1-IMPORTS.12","","Wed Nov 20 21:05:39 GMT 2024","passed","Wed Nov 20 21:05:39 GMT 2024","","MODULE-SYSTEM","MODULE-SYSTEM",""
"","9000","anti-regression.mettalogTestCurried2","","Wed Nov 20 21:05:48 GMT 2024","passed","Wed Nov 20 21:05:57 GMT 2024","","WHOLE-TESTS","WHOLE-TESTS",""
"","3","CATCH-THROW-TESTS.04","","Wed Nov 20 21:14:17 GMT 2024","passed","Wed Nov 20 21:14:17 GMT 2024","","HYPERON-METTALOG-SANITY","HYPERON-METTALOG-SANITY",""
"","9000","hyperon-mettalog_sanity.hyperpose_tests","","Wed Nov 20 21:05:48 GMT 2024","passed","Wed Nov 20 21:05:57 GMT 2024","","WHOLE-TESTS","WHOLE-TESTS",""
"","100","HANDLING-NONDETERMINISTIC-RESULTS---METTA-LANGUAGE7.02","","Wed Nov 20 21:24:55 GMT 2024","passed","Wed Nov 20 21:24:55 GMT 2024","","METTA-LANG","METTA-LANG",""
"","4","CONSOLE-OUTPUT-AND-DEBUGGING---METTA-LANGUAGE4.01","","Wed Nov 20 21:24:55 GMT 2024","passed","Wed Nov 20 21:24:55 GMT 2024","","METTA-LANG","METTA-LANG",""
"","1","WORKING-WITH-SPACES---METTA-LANGUAGE9.04","","Wed Nov 20 21:24:55 GMT 2024","passed","Wed Nov 20 21:24:55 GMT 2024","","METTA-LANG","METTA-LANG",""
"","25","BCHAIN-COMP.06","","Wed Nov 20 21:05:56 GMT 2024","passed","Wed Nov 20 21:05:56 GMT 2024","","ANTI-REGRESSION","ANTI-REGRESSION",""
"","4","E3-MATCH-STATES.01","","Wed Nov 20 21:10:52 GMT 2024","passed","Wed Nov 20 21:10:52 GMT 2024","","HYPERON-EXPERIMENTAL-SCRIPTS","HYPERON-EXPERIMENTAL-SCRIPTS",""
"","4","F1-IMPORTS.01","","Wed Nov 20 21:50:36 GMT 2024","passed","Wed Nov 20 21:50:36 GMT 2024","","QUICK","QUICK",""
"","2","D4-TYPE-PROP.04","","Wed Nov 20 21:50:36 GMT 2024","passed","Wed Nov 20 21:50:36 GMT 2024","","QUICK","QUICK",""
"","2","WORKING-WITH-SPACES---METTA-LANGUAGE12.03","","Wed Nov 20 21:24:55 GMT 2024","passed","Wed Nov 20 21:24:55 GMT 2024","","METTA-LANG","METTA-LANG",""
"","2","MAX-TIME-TESTS.05","","Wed Nov 20 21:14:17 GMT 2024","passed","Wed Nov 20 21:14:17 GMT 2024","","HYPERON-METTALOG-SANITY","HYPERON-METTALOG-SANITY",""
"","1","SEQUENTIAL-NESTED.02","","Wed Nov 20 21:46:24 GMT 2024","passed","Wed Nov 20 21:46:24 GMT 2024","","METTA-MORPH-TESTS","METTA-MORPH-TESTS",""
"","17","FUNCTIONS-AND-UNIFICATION---METTA-LANGUAGE5.02","","Wed Nov 20 21:24:55 GMT 2024","failed","Wed Nov 20 21:24:55 GMT 2024","","METTA-LANG","METTA-LANG",""
"","9000","metta_lang.Recursive_and_parametric_types___MeTTa_Language2","","Wed Nov 20 21:05:48 GMT 2024","passed","Wed Nov 20 21:05:57 GMT 2024","","WHOLE-TESTS","WHOLE-TESTS",""
"","5","OPERATIONS-OVER-ATOMS---METTA-LANGUAGE1.01","","Wed Nov 20 21:24:55 GMT 2024","passed","Wed Nov 20 21:24:55 GMT 2024","","METTA-LANG","METTA-LANG",""
"","2","SPACE-INTERSECTION-TESTS.19","","Wed Nov 20 21:14:17 GMT 2024","passed","Wed Nov 20 21:14:17 GMT 2024","","HYPERON-METTALOG-SANITY","HYPERON-METTALOG-SANITY",""
"","2","OR-TEST.13","","Wed Nov 20 21:14:17 GMT 2024","passed","Wed Nov 20 21:14:17 GMT 2024","","HYPERON-METTALOG-SANITY","HYPERON-METTALOG-SANITY",""
"","3","00-LANG-CASE.03","","Wed Nov 20 21:14:17 GMT 2024","passed","Wed Nov 20 21:14:17 GMT 2024","","HYPERON-METTALOG-SANITY","HYPERON-METTALOG-SANITY",""
"","8000","metta_lang.Basic_evaluation___MeTTa_Language15","","Wed Nov 20 21:05:48 GMT 2024","passed","Wed Nov 20 21:05:56 GMT 2024","","WHOLE-TESTS","WHOLE-TESTS",""
"","2","CONSOLE-OUTPUT-AND-DEBUGGING---METTA-LANGUAGE3.04","","Wed Nov 20 21:24:55 GMT 2024","passed","Wed Nov 20 21:24:55 GMT 2024","","METTA-LANG","METTA-LANG",""
"","5","RECURSION-AND-CONTROL---METTA-LANGUAGE7.01","","Wed Nov 20 21:24:55 GMT 2024","passed","Wed Nov 20 21:24:55 GMT 2024","","METTA-LANG","METTA-LANG",""
"","1","C1-GROUNDED-BASIC.11","","Wed Nov 20 21:10:52 GMT 2024","passed","Wed Nov 20 21:10:52 GMT 2024","","HYPERON-EXPERIMENTAL-SCRIPTS","HYPERON-EXPERIMENTAL-SCRIPTS",""
"","112","MINIMAL-METTA-TESTS.26","","Wed Nov 20 21:14:17 GMT 2024","failed","Wed Nov 20 21:14:17 GMT 2024","","HYPERON-METTALOG-SANITY","HYPERON-METTALOG-SANITY",""
"","3","COMMA-IS-NOT-SPECIAL.01","","Wed Nov 20 21:05:56 GMT 2024","passed","Wed Nov 20 21:05:56 GMT 2024","","ANTI-REGRESSION","ANTI-REGRESSION",""
"","3","D1-GADT.11","","Wed Nov 20 21:10:52 GMT 2024","passed","Wed Nov 20 21:10:52 GMT 2024","","HYPERON-EXPERIMENTAL-SCRIPTS","HYPERON-EXPERIMENTAL-SCRIPTS",""
"","5","CONCRETE-TYPES---METTA-LANGUAGE12.01","","Wed Nov 20 21:24:55 GMT 2024","passed","Wed Nov 20 21:24:55 GMT 2024","","METTA-LANG","METTA-LANG",""
"","3","RECURSION-AND-CONTROL---METTA-LANGUAGE3.06","","Wed Nov 20 21:24:55 GMT 2024","passed","Wed Nov 20 21:24:55 GMT 2024","","METTA-LANG","METTA-LANG",""
"","9000","metta-wam-issue-116.test_spo_100","","Wed Nov 20 21:05:48 GMT 2024","passed","Wed Nov 20 21:05:57 GMT 2024","","WHOLE-TESTS","WHOLE-TESTS",""
"","4","F1-MODULEA.01","","Wed Nov 20 21:05:39 GMT 2024","passed","Wed Nov 20 21:05:39 GMT 2024","","MODULE-SYSTEM","MODULE-SYSTEM",""
"","8000","metta_lang.Recursive_and_parametric_types___MeTTa_Language4","","Wed Nov 20 21:05:48 GMT 2024","passed","Wed Nov 20 21:05:56 GMT 2024","","WHOLE-TESTS","WHOLE-TESTS",""
"","3","CONTROL-FLOW---METTA-LANGUAGE16.01","","Wed Nov 20 21:24:55 GMT 2024","passed","Wed Nov 20 21:24:55 GMT 2024","","METTA-LANG","METTA-LANG",""
"","9000","metta_lang.Control_flow___MeTTa_Language12","","Wed Nov 20 21:05:48 GMT 2024","passed","Wed Nov 20 21:05:57 GMT 2024","","WHOLE-TESTS","WHOLE-TESTS",""
"","1","F1-IMPORTS.03","","Wed Nov 20 21:10:52 GMT 2024","passed","Wed Nov 20 21:10:52 GMT 2024","","HYPERON-EXPERIMENTAL-SCRIPTS","HYPERON-EXPERIMENTAL-SCRIPTS",""
"","9000","metta_lang.Controlling_pattern_matching___MeTTa_Language1","","Wed Nov 20 21:05:48 GMT 2024","passed","Wed Nov 20 21:05:57 GMT 2024","","WHOLE-TESTS","WHOLE-TESTS",""
"","3","MINIMAL-METTA-TESTS.42","","Wed Nov 20 21:14:17 GMT 2024","passed","Wed Nov 20 21:14:17 GMT 2024","","HYPERON-METTALOG-SANITY","HYPERON-METTALOG-SANITY",""
"","41","OUTPUT-LOAD-TESTS.17","","Wed Nov 20 21:14:17 GMT 2024","failed","Wed Nov 20 21:14:17 GMT 2024","","HYPERON-METTALOG-SANITY","HYPERON-METTALOG-SANITY",""
"","8000","metta_lang.Operations_over_atoms___MeTTa_Language2","","Wed Nov 20 21:05:48 GMT 2024","passed","Wed Nov 20 21:05:56 GMT 2024","","WHOLE-TESTS","WHOLE-TESTS",""
"","1","RUST-TESTS.04","","Wed Nov 20 21:14:17 GMT 2024","passed","Wed Nov 20 21:14:17 GMT 2024","","HYPERON-METTALOG-SANITY","HYPERON-METTALOG-SANITY",""
"","68","EVAL-FOR-TESTS.05","","Wed Nov 20 21:14:17 GMT 2024","failed","Wed Nov 20 21:14:17 GMT 2024","","HYPERON-METTALOG-SANITY","HYPERON-METTALOG-SANITY",""
"","3","BASIC-EVALUATION---METTA-LANGUAGE2.02","","Wed Nov 20 21:24:55 GMT 2024","passed","Wed Nov 20 21:24:55 GMT 2024","","METTA-LANG","METTA-LANG",""
"","47","BC-COMP.02","","Wed Nov 20 21:05:56 GMT 2024","failed","Wed Nov 20 21:05:56 GMT 2024","","ANTI-REGRESSION","ANTI-REGRESSION",""
"","2","STRING-TESTS.03","","Wed Nov 20 21:14:17 GMT 2024","passed","Wed Nov 20 21:14:17 GMT 2024","","HYPERON-METTALOG-SANITY","HYPERON-METTALOG-SANITY",""
"","176","CONTROLLING-PATTERN-MATCHING---METTA-LANGUAGE12.08","","Wed Nov 20 21:24:55 GMT 2024","failed","Wed Nov 20 21:24:55 GMT 2024","","METTA-LANG","METTA-LANG",""
"","2","CONSOLE-OUTPUT-AND-DEBUGGING---METTA-LANGUAGE2.06","","Wed Nov 20 21:24:55 GMT 2024","passed","Wed Nov 20 21:24:55 GMT 2024","","METTA-LANG","METTA-LANG",""
"","2","C1-GROUNDED-BASIC.02","","Wed Nov 20 21:10:52 GMT 2024","passed","Wed Nov 20 21:10:52 GMT 2024","","HYPERON-EXPERIMENTAL-SCRIPTS","HYPERON-EXPERIMENTAL-SCRIPTS",""
"","11","WORKING-WITH-SPACES---METTA-LANGUAGE7.02","","Wed Nov 20 21:24:55 GMT 2024","failed","Wed Nov 20 21:24:55 GMT 2024","","METTA-LANG","METTA-LANG",""
"","8000","metta_lang.Working_with_spaces___MeTTa_Language4","","Wed Nov 20 21:05:48 GMT 2024","passed","Wed Nov 20 21:05:56 GMT 2024","","WHOLE-TESTS","WHOLE-TESTS",""
"","51","B5-TYPES-PRELIM.15","","Wed Nov 20 21:10:52 GMT 2024","failed","Wed Nov 20 21:10:52 GMT 2024","","HYPERON-EXPERIMENTAL-SCRIPTS","HYPERON-EXPERIMENTAL-SCRIPTS",""
"","129","PY-TYPES.06","","Wed Nov 20 21:14:17 GMT 2024","passed","Wed Nov 20 21:14:17 GMT 2024","","HYPERON-METTALOG-SANITY","HYPERON-METTALOG-SANITY",""
"","8000","metta_lang.Concrete_types___MeTTa_Language12","","Wed Nov 20 21:05:48 GMT 2024","passed","Wed Nov 20 21:05:56 GMT 2024","","WHOLE-TESTS","WHOLE-TESTS",""
"","2","C1-GROUNDED-BASIC.18","","Wed Nov 20 21:10:52 GMT 2024","passed","Wed Nov 20 21:10:52 GMT 2024","","HYPERON-EXPERIMENTAL-SCRIPTS","HYPERON-EXPERIMENTAL-SCRIPTS",""
"","2","B5-TYPES-PRELIM.16","","Wed Nov 20 21:10:52 GMT 2024","passed","Wed Nov 20 21:10:52 GMT 2024","","HYPERON-EXPERIMENTAL-SCRIPTS","HYPERON-EXPERIMENTAL-SCRIPTS",""
"","5","SUPERCOLLAPSE.01","","Wed Nov 20 21:46:24 GMT 2024","passed","Wed Nov 20 21:46:24 GMT 2024","","METTA-MORPH-TESTS","METTA-MORPH-TESTS",""
"","9000","metta_lang.Working_with_spaces___MeTTa_Language17","","Wed Nov 20 21:05:48 GMT 2024","passed","Wed Nov 20 21:05:57 GMT 2024","","WHOLE-TESTS","WHOLE-TESTS",""
"","2","OUTPUT-LOAD-TESTS.02","","Wed Nov 20 21:14:17 GMT 2024","passed","Wed Nov 20 21:14:17 GMT 2024","","HYPERON-METTALOG-SANITY","HYPERON-METTALOG-SANITY",""
"","2","BASIC-GROUNDED-FUNCTIONS---METTA-LANGUAGE2.02","","Wed Nov 20 21:24:55 GMT 2024","passed","Wed Nov 20 21:24:55 GMT 2024","","METTA-LANG","METTA-LANG",""
"","8000","baseline_compat.rust_01","","Wed Nov 20 21:05:48 GMT 2024","passed","Wed Nov 20 21:05:56 GMT 2024","","WHOLE-TESTS","WHOLE-TESTS",""
"","2","RECURSION-AND-CONTROL---METTA-LANGUAGE2.05","","Wed Nov 20 21:24:55 GMT 2024","passed","Wed Nov 20 21:24:55 GMT 2024","","METTA-LANG","METTA-LANG",""
"","9000","module-system.c2_spaces","","Wed Nov 20 21:05:48 GMT 2024","passed","Wed Nov 20 21:05:57 GMT 2024","","WHOLE-TESTS","WHOLE-TESTS",""
"","12000","metta-wam-issue-116.test_spo_1000","","Wed Nov 20 21:05:48 GMT 2024","passed","Wed Nov 20 21:06:00 GMT 2024","","WHOLE-TESTS","WHOLE-TESTS",""
"","9000","metta_lang.Concrete_types___MeTTa_Language9","","Wed Nov 20 21:05:48 GMT 2024","passed","Wed Nov 20 21:05:57 GMT 2024","","WHOLE-TESTS","WHOLE-TESTS",""
"","81","MINIMAL-METTA-TESTS.34","","Wed Nov 20 21:14:17 GMT 2024","failed","Wed Nov 20 21:14:17 GMT 2024","","HYPERON-METTALOG-SANITY","HYPERON-METTALOG-SANITY",""
"","2","RECURSIVE-AND-PARAMETRIC-TYPES---METTA-LANGUAGE7.03","","Wed Nov 20 21:24:55 GMT 2024","passed","Wed Nov 20 21:24:55 GMT 2024","","METTA-LANG","METTA-LANG",""
"","1","OPERATIONS-OVER-ATOMS---METTA-LANGUAGE1.05","","Wed Nov 20 21:24:55 GMT 2024","passed","Wed Nov 20 21:24:55 GMT 2024","","METTA-LANG","METTA-LANG",""
"","9000","metta_lang.Recursive_and_parametric_types___MeTTa_Language1","","Wed Nov 20 21:05:48 GMT 2024","passed","Wed Nov 20 21:05:57 GMT 2024","","WHOLE-TESTS","WHOLE-TESTS",""
"","1","LIMIT-TESTS.12","","Wed Nov 20 21:14:17 GMT 2024","passed","Wed Nov 20 21:14:17 GMT 2024","","HYPERON-METTALOG-SANITY","HYPERON-METTALOG-SANITY",""
"","48","MINIMAL-METTA-TESTS.09","","Wed Nov 20 21:14:17 GMT 2024","passed","Wed Nov 20 21:14:17 GMT 2024","","HYPERON-METTALOG-SANITY","HYPERON-METTALOG-SANITY",""
"","207","BASIC-EVALUATION---METTA-LANGUAGE15.02","","Wed Nov 20 21:24:55 GMT 2024","passed","Wed Nov 20 21:24:55 GMT 2024","","METTA-LANG","METTA-LANG",""
"","9000","metta_lang.Recursion_and_control___MeTTa_Language7","","Wed Nov 20 21:05:48 GMT 2024","passed","Wed Nov 20 21:05:57 GMT 2024","","WHOLE-TESTS","WHOLE-TESTS",""
"","2","CONTROL-FLOW---METTA-LANGUAGE16.02","","Wed Nov 20 21:24:55 GMT 2024","passed","Wed Nov 20 21:24:55 GMT 2024","","METTA-LANG","METTA-LANG",""
"","1","CALL-TESTS.12","","Wed Nov 20 21:14:17 GMT 2024","passed","Wed Nov 20 21:14:17 GMT 2024","","HYPERON-METTALOG-SANITY","HYPERON-METTALOG-SANITY",""
"","4","A1-SYMBOLS.01","","Wed Nov 20 21:10:52 GMT 2024","passed","Wed Nov 20 21:10:52 GMT 2024","","HYPERON-EXPERIMENTAL-SCRIPTS","HYPERON-EXPERIMENTAL-SCRIPTS",""
"","928","FREE-VARIABLES-AND-NONDETERMINISM-AGAIN,-RECURSIVELY---METTA-LANGUAGE3.02","","Wed Nov 20 21:24:55 GMT 2024","passed","Wed Nov 20 21:24:55 GMT 2024","","METTA-LANG","METTA-LANG",""
"","2","FUNCTIONS-AND-UNIFICATION---METTA-LANGUAGE2.06","","Wed Nov 20 21:24:55 GMT 2024","passed","Wed Nov 20 21:24:55 GMT 2024","","METTA-LANG","METTA-LANG",""
"","1","UNIQUE-TEST.03","","Wed Nov 20 21:14:17 GMT 2024","passed","Wed Nov 20 21:14:17 GMT 2024","","HYPERON-METTALOG-SANITY","HYPERON-METTALOG-SANITY",""
"","14","D1-GADT.13","","Wed Nov 20 21:50:36 GMT 2024","passed","Wed Nov 20 21:50:36 GMT 2024","","QUICK","QUICK",""
"","1","CONTROL-FLOW---METTA-LANGUAGE11.04","","Wed Nov 20 21:24:55 GMT 2024","passed","Wed Nov 20 21:24:55 GMT 2024","","METTA-LANG","METTA-LANG",""
"","2","LIMIT-TESTS.08","","Wed Nov 20 21:14:17 GMT 2024","passed","Wed Nov 20 21:14:17 GMT 2024","","HYPERON-METTALOG-SANITY","HYPERON-METTALOG-SANITY",""
"","9000","metta-morph_tests.collapse","","Wed Nov 20 21:05:48 GMT 2024","passed","Wed Nov 20 21:05:57 GMT 2024","","WHOLE-TESTS","WHOLE-TESTS",""
"","9000","metta-morph_tests.match_void","","Wed Nov 20 21:05:48 GMT 2024","passed","Wed Nov 20 21:05:57 GMT 2024","","WHOLE-TESTS","WHOLE-TESTS",""
"","153","SPACE-INTERSECTION-TESTS.07","","Wed Nov 20 21:14:17 GMT 2024","failed","Wed Nov 20 21:14:17 GMT 2024","","HYPERON-METTALOG-SANITY","HYPERON-METTALOG-SANITY",""
"","3","SUBTRACTION-TEST.02","","Wed Nov 20 21:14:17 GMT 2024","passed","Wed Nov 20 21:14:17 GMT 2024","","HYPERON-METTALOG-SANITY","HYPERON-METTALOG-SANITY",""
"","2","B0-CHAINING-PRELIM.04","","Wed Nov 20 21:10:52 GMT 2024","passed","Wed Nov 20 21:10:52 GMT 2024","","HYPERON-EXPERIMENTAL-SCRIPTS","HYPERON-EXPERIMENTAL-SCRIPTS",""
"","9000","metta_lang.Functions_and_unification___MeTTa_Language1","","Wed Nov 20 21:05:48 GMT 2024","passed","Wed Nov 20 21:05:57 GMT 2024","","WHOLE-TESTS","WHOLE-TESTS",""
"","8000","hyperon-mettalog_sanity.string-tests","","Wed Nov 20 21:05:48 GMT 2024","passed","Wed Nov 20 21:05:56 GMT 2024","","WHOLE-TESTS","WHOLE-TESTS",""
"","2","SEQUENTIAL-NESTED.10","","Wed Nov 20 21:46:24 GMT 2024","passed","Wed Nov 20 21:46:24 GMT 2024","","METTA-MORPH-TESTS","METTA-MORPH-TESTS",""
"","3","CONTROL-FLOW---METTA-LANGUAGE11.03","","Wed Nov 20 21:24:55 GMT 2024","passed","Wed Nov 20 21:24:55 GMT 2024","","METTA-LANG","METTA-LANG",""
"","2","D2-HIGHERFUNC.13","","Wed Nov 20 21:10:52 GMT 2024","passed","Wed Nov 20 21:10:52 GMT 2024","","HYPERON-EXPERIMENTAL-SCRIPTS","HYPERON-EXPERIMENTAL-SCRIPTS",""
"","9000","hyperon-experimental_scripts.b4_nondeterm","","Wed Nov 20 21:05:48 GMT 2024","passed","Wed Nov 20 21:05:57 GMT 2024","","WHOLE-TESTS","WHOLE-TESTS",""
"","3","F1-IMPORTS.09","","Wed Nov 20 21:50:36 GMT 2024","passed","Wed Nov 20 21:50:36 GMT 2024","","QUICK","QUICK",""
"","3","D2-HIGHERFUNC.03","","Wed Nov 20 21:50:36 GMT 2024","passed","Wed Nov 20 21:50:36 GMT 2024","","QUICK","QUICK",""
"","9000","metta_lang.Control_flow___MeTTa_Language15","","Wed Nov 20 21:05:48 GMT 2024","passed","Wed Nov 20 21:05:57 GMT 2024","","WHOLE-TESTS","WHOLE-TESTS",""
"","2","SEQUENTIAL-NESTED.12","","Wed Nov 20 21:46:24 GMT 2024","passed","Wed Nov 20 21:46:24 GMT 2024","","METTA-MORPH-TESTS","METTA-MORPH-TESTS",""
"","105","WORKING-WITH-SPACES---METTA-LANGUAGE8.02","","Wed Nov 20 21:24:55 GMT 2024","failed","Wed Nov 20 21:24:55 GMT 2024","","METTA-LANG","METTA-LANG",""
"","70","F1-IMPORTS.11","","Wed Nov 20 21:50:36 GMT 2024","failed","Wed Nov 20 21:50:36 GMT 2024","","QUICK","QUICK",""
"","2","D1-GADT.10","","Wed Nov 20 21:50:36 GMT 2024","passed","Wed Nov 20 21:50:36 GMT 2024","","QUICK","QUICK",""
"","2","CONTROL-FLOW---METTA-LANGUAGE2.02","","Wed Nov 20 21:24:55 GMT 2024","passed","Wed Nov 20 21:24:55 GMT 2024","","METTA-LANG","METTA-LANG",""
"","1","E2-STATES.05","","Wed Nov 20 21:10:52 GMT 2024","passed","Wed Nov 20 21:10:52 GMT 2024","","HYPERON-EXPERIMENTAL-SCRIPTS","HYPERON-EXPERIMENTAL-SCRIPTS",""
"","2","CONSOLE-OUTPUT-AND-DEBUGGING---METTA-LANGUAGE3.02","","Wed Nov 20 21:24:55 GMT 2024","passed","Wed Nov 20 21:24:55 GMT 2024","","METTA-LANG","METTA-LANG",""
"","110","MINIMAL-METTA-TESTS.38","","Wed Nov 20 21:14:17 GMT 2024","failed","Wed Nov 20 21:14:17 GMT 2024","","HYPERON-METTALOG-SANITY","HYPERON-METTALOG-SANITY",""
"","3","D2-HIGHERFUNC.15","","Wed Nov 20 21:10:52 GMT 2024","passed","Wed Nov 20 21:10:52 GMT 2024","","HYPERON-EXPERIMENTAL-SCRIPTS","HYPERON-EXPERIMENTAL-SCRIPTS",""
"","104","EVAL-FOR-TESTS.13","","Wed Nov 20 21:14:17 GMT 2024","failed","Wed Nov 20 21:14:17 GMT 2024","","HYPERON-METTALOG-SANITY","HYPERON-METTALOG-SANITY",""
"","4","WORKING-WITH-SPACES---METTA-LANGUAGE4.02","","Wed Nov 20 21:24:55 GMT 2024","passed","Wed Nov 20 21:24:55 GMT 2024","","METTA-LANG","METTA-LANG",""
"","9000","metta_lang.Working_with_spaces___MeTTa_Language1","","Wed Nov 20 21:05:48 GMT 2024","passed","Wed Nov 20 21:05:57 GMT 2024","","WHOLE-TESTS","WHOLE-TESTS",""
"","2","INTERSECTION-TESTS.11","","Wed Nov 20 21:14:17 GMT 2024","passed","Wed Nov 20 21:14:17 GMT 2024","","HYPERON-METTALOG-SANITY","HYPERON-METTALOG-SANITY",""
"","1","B5-TYPES-PRELIM.17","","Wed Nov 20 21:10:52 GMT 2024","passed","Wed Nov 20 21:10:52 GMT 2024","","HYPERON-EXPERIMENTAL-SCRIPTS","HYPERON-EXPERIMENTAL-SCRIPTS",""
"","2","FUNCTIONAL-PROGRAMMING-TESTS.03","","Wed Nov 20 21:14:17 GMT 2024","passed","Wed Nov 20 21:14:17 GMT 2024","","HYPERON-METTALOG-SANITY","HYPERON-METTALOG-SANITY",""
"","2","D2-HIGHERFUNC.17","","Wed Nov 20 21:10:52 GMT 2024","passed","Wed Nov 20 21:10:52 GMT 2024","","HYPERON-EXPERIMENTAL-SCRIPTS","HYPERON-EXPERIMENTAL-SCRIPTS",""
"","9000","metta_lang.Recursive_and_parametric_types___MeTTa_Language8","","Wed Nov 20 21:05:48 GMT 2024","passed","Wed Nov 20 21:05:57 GMT 2024","","WHOLE-TESTS","WHOLE-TESTS",""
"","2","CONSOLE-OUTPUT-AND-DEBUGGING---METTA-LANGUAGE2.02","","Wed Nov 20 21:24:55 GMT 2024","passed","Wed Nov 20 21:24:55 GMT 2024","","METTA-LANG","METTA-LANG",""
"","2","B5-TYPES-PRELIM.26","","Wed Nov 20 21:10:52 GMT 2024","passed","Wed Nov 20 21:10:52 GMT 2024","","HYPERON-EXPERIMENTAL-SCRIPTS","HYPERON-EXPERIMENTAL-SCRIPTS",""
"","6","UNIQUE-TEST.11","","Wed Nov 20 21:14:17 GMT 2024","passed","Wed Nov 20 21:14:17 GMT 2024","","HYPERON-METTALOG-SANITY","HYPERON-METTALOG-SANITY",""
"","3","SEQUENTIAL-NESTED.03","","Wed Nov 20 21:46:24 GMT 2024","passed","Wed Nov 20 21:46:24 GMT 2024","","METTA-MORPH-TESTS","METTA-MORPH-TESTS",""
"","2","RECURSIVE-AND-PARAMETRIC-TYPES---METTA-LANGUAGE5.04","","Wed Nov 20 21:24:55 GMT 2024","passed","Wed Nov 20 21:24:55 GMT 2024","","METTA-LANG","METTA-LANG",""
"","8000","metta_lang.Working_with_spaces___MeTTa_Language5","","Wed Nov 20 21:05:48 GMT 2024","passed","Wed Nov 20 21:05:56 GMT 2024","","WHOLE-TESTS","WHOLE-TESTS",""
"","9000","metta_lang.Operations_over_atoms___MeTTa_Language9","","Wed Nov 20 21:05:48 GMT 2024","passed","Wed Nov 20 21:05:57 GMT 2024","","WHOLE-TESTS","WHOLE-TESTS",""
"","9000","hyperon-mettalog_sanity.limit_tests","","Wed Nov 20 21:05:48 GMT 2024","passed","Wed Nov 20 21:05:57 GMT 2024","","WHOLE-TESTS","WHOLE-TESTS",""
"","3","TYPES2.01","","Wed Nov 20 21:46:24 GMT 2024","passed","Wed Nov 20 21:46:24 GMT 2024","","METTA-MORPH-TESTS","METTA-MORPH-TESTS",""
"","17","CONSOLE-OUTPUT-AND-DEBUGGING---METTA-LANGUAGE1.02","","Wed Nov 20 21:24:55 GMT 2024","failed","Wed Nov 20 21:24:55 GMT 2024","","METTA-LANG","METTA-LANG",""
"","61","RECURSIVE-AND-PARAMETRIC-TYPES---METTA-LANGUAGE8.02","","Wed Nov 20 21:24:55 GMT 2024","failed","Wed Nov 20 21:24:55 GMT 2024","","METTA-LANG","METTA-LANG",""
"","1","C1-GROUNDED-BASIC.22","","Wed Nov 20 21:10:52 GMT 2024","passed","Wed Nov 20 21:10:52 GMT 2024","","HYPERON-EXPERIMENTAL-SCRIPTS","HYPERON-EXPERIMENTAL-SCRIPTS",""
"","4","D4-TYPE-PROP.01","","Wed Nov 20 21:10:52 GMT 2024","passed","Wed Nov 20 21:10:52 GMT 2024","","HYPERON-EXPERIMENTAL-SCRIPTS","HYPERON-EXPERIMENTAL-SCRIPTS",""
"","62","MINIMAL-METTA-TESTS.12","","Wed Nov 20 21:14:17 GMT 2024","passed","Wed Nov 20 21:14:17 GMT 2024","","HYPERON-METTALOG-SANITY","HYPERON-METTALOG-SANITY",""
"","52158","TEST-SPO-116378.01","","Wed Nov 20 21:07:02 GMT 2024","passed","Wed Nov 20 21:07:54 GMT 2024","","METTA-WAM-ISSUE-116","METTA-WAM-ISSUE-116",""
"","9000","metta_lang.Metatypes___MeTTa_Language7","","Wed Nov 20 21:05:48 GMT 2024","passed","Wed Nov 20 21:05:57 GMT 2024","","WHOLE-TESTS","WHOLE-TESTS",""
"","23730","SYNTHESIZE.01","","Wed Nov 20 21:22:07 GMT 2024","passed","Wed Nov 20 21:22:30 GMT 2024","","SYNTH-BUFFER","SYNTH-BUFFER",""
"","9000","metta_lang.Concrete_types___MeTTa_Language13","","Wed Nov 20 21:05:48 GMT 2024","passed","Wed Nov 20 21:05:57 GMT 2024","","WHOLE-TESTS","WHOLE-TESTS",""
"","107","BASIC-EVALUATION---METTA-LANGUAGE15.04","","Wed Nov 20 21:24:55 GMT 2024","passed","Wed Nov 20 21:24:55 GMT 2024","","METTA-LANG","METTA-LANG",""
"","1","CONTROL-FLOW---METTA-LANGUAGE16.08","","Wed Nov 20 21:24:55 GMT 2024","passed","Wed Nov 20 21:24:55 GMT 2024","","METTA-LANG","METTA-LANG",""
"","2","FREE-VARIABLES-AND-NONDETERMINISM-AGAIN,-RECURSIVELY---METTA-LANGUAGE1.04","","Wed Nov 20 21:24:55 GMT 2024","passed","Wed Nov 20 21:24:55 GMT 2024","","METTA-LANG","METTA-LANG",""
"","4","SEQUENTIAL-TESTS.01","","Wed Nov 20 21:14:17 GMT 2024","passed","Wed Nov 20 21:14:17 GMT 2024","","HYPERON-METTALOG-SANITY","HYPERON-METTALOG-SANITY",""
"","72","MINIMAL-METTA-TESTS.11","","Wed Nov 20 21:14:17 GMT 2024","passed","Wed Nov 20 21:14:17 GMT 2024","","HYPERON-METTALOG-SANITY","HYPERON-METTALOG-SANITY",""
"","1","RECURSIVE-AND-PARAMETRIC-TYPES---METTA-LANGUAGE2.03","","Wed Nov 20 21:24:55 GMT 2024","passed","Wed Nov 20 21:24:55 GMT 2024","","METTA-LANG","METTA-LANG",""
"","2","C1-GROUNDED-BASIC.10","","Wed Nov 20 21:10:52 GMT 2024","passed","Wed Nov 20 21:10:52 GMT 2024","","HYPERON-EXPERIMENTAL-SCRIPTS","HYPERON-EXPERIMENTAL-SCRIPTS",""
"","2","QUERYING-SPACE-CONTENT---METTA-LANGUAGE2.03","","Wed Nov 20 21:24:55 GMT 2024","passed","Wed Nov 20 21:24:55 GMT 2024","","METTA-LANG","METTA-LANG",""
"","2","HYPERPOSE.01","","Wed Nov 20 21:46:24 GMT 2024","passed","Wed Nov 20 21:46:24 GMT 2024","","METTA-MORPH-TESTS","METTA-MORPH-TESTS",""
"","2","CONSOLE-OUTPUT-AND-DEBUGGING---METTA-LANGUAGE5.05","","Wed Nov 20 21:24:55 GMT 2024","passed","Wed Nov 20 21:24:55 GMT 2024","","METTA-LANG","METTA-LANG",""
"","2","HANDLING-NONDETERMINISTIC-RESULTS---METTA-LANGUAGE8.04","","Wed Nov 20 21:24:55 GMT 2024","passed","Wed Nov 20 21:24:55 GMT 2024","","METTA-LANG","METTA-LANG",""
"","3","FIND-ALL-TESTS.03","","Wed Nov 20 21:14:17 GMT 2024","passed","Wed Nov 20 21:14:17 GMT 2024","","HYPERON-METTALOG-SANITY","HYPERON-METTALOG-SANITY",""
"","4","SEALED-TEST.04","","Wed Nov 20 21:14:17 GMT 2024","passed","Wed Nov 20 21:14:17 GMT 2024","","HYPERON-METTALOG-SANITY","HYPERON-METTALOG-SANITY",""
"","3","HANDLING-NONDETERMINISTIC-RESULTS---METTA-LANGUAGE6.01","","Wed Nov 20 21:24:55 GMT 2024","passed","Wed Nov 20 21:24:55 GMT 2024","","METTA-LANG","METTA-LANG",""
"","2","D2-HIGHERFUNC.02","","Wed Nov 20 21:50:36 GMT 2024","passed","Wed Nov 20 21:50:36 GMT 2024","","QUICK","QUICK",""
"","59","SPACE-INTERSECTION-TESTS.12","","Wed Nov 20 21:14:17 GMT 2024","failed","Wed Nov 20 21:14:17 GMT 2024","","HYPERON-METTALOG-SANITY","HYPERON-METTALOG-SANITY",""
"","2","D2-HIGHERFUNC.25","","Wed Nov 20 21:50:36 GMT 2024","passed","Wed Nov 20 21:50:36 GMT 2024","","QUICK","QUICK",""
"","2","D4-TYPE-PROP.10","","Wed Nov 20 21:50:36 GMT 2024","passed","Wed Nov 20 21:50:36 GMT 2024","","QUICK","QUICK",""
"","11000","hyperon-mettalog_sanity.call_cleanup_tests","","Wed Nov 20 21:05:48 GMT 2024","passed","Wed Nov 20 21:05:59 GMT 2024","","WHOLE-TESTS","WHOLE-TESTS",""
"","3","FUNCTIONS-AND-UNIFICATION---METTA-LANGUAGE2.05","","Wed Nov 20 21:24:55 GMT 2024","passed","Wed Nov 20 21:24:55 GMT 2024","","METTA-LANG","METTA-LANG",""
"","1","D4-TYPE-PROP.12","","Wed Nov 20 21:50:36 GMT 2024","passed","Wed Nov 20 21:50:36 GMT 2024","","QUICK","QUICK",""
"","3","RECURSIVE-AND-PARAMETRIC-TYPES---METTA-LANGUAGE2.01","","Wed Nov 20 21:24:55 GMT 2024","passed","Wed Nov 20 21:24:55 GMT 2024","","METTA-LANG","METTA-LANG",""
"","2","C2-SPACES.04","","Wed Nov 20 21:05:39 GMT 2024","passed","Wed Nov 20 21:05:39 GMT 2024","","MODULE-SYSTEM","MODULE-SYSTEM",""
"","4","METATYPES---METTA-LANGUAGE3.01","","Wed Nov 20 21:24:55 GMT 2024","passed","Wed Nov 20 21:24:55 GMT 2024","","METTA-LANG","METTA-LANG",""
"","4","CALL-TESTS.01","","Wed Nov 20 21:14:17 GMT 2024","passed","Wed Nov 20 21:14:17 GMT 2024","","HYPERON-METTALOG-SANITY","HYPERON-METTALOG-SANITY",""
"","2","RECURSION-AND-CONTROL---METTA-LANGUAGE4.01","","Wed Nov 20 21:24:55 GMT 2024","passed","Wed Nov 20 21:24:55 GMT 2024","","METTA-LANG","METTA-LANG",""
"","47000","hyperon-mettalog_sanity.py_types","","Wed Nov 20 21:05:48 GMT 2024","failed","Wed Nov 20 21:06:35 GMT 2024","","WHOLE-TESTS","WHOLE-TESTS",""
"","3","CONTROL-FLOW---METTA-LANGUAGE6.01","","Wed Nov 20 21:24:55 GMT 2024","passed","Wed Nov 20 21:24:55 GMT 2024","","METTA-LANG","METTA-LANG",""
"","1","CONSOLE-OUTPUT-AND-DEBUGGING---METTA-LANGUAGE5.06","","Wed Nov 20 21:24:55 GMT 2024","passed","Wed Nov 20 21:24:55 GMT 2024","","METTA-LANG","METTA-LANG",""
"","9000","metta_lang.Concrete_types___MeTTa_Language7","","Wed Nov 20 21:05:48 GMT 2024","passed","Wed Nov 20 21:05:57 GMT 2024","","WHOLE-TESTS","WHOLE-TESTS",""
"","5","OPERATIONS-OVER-ATOMS---METTA-LANGUAGE9.01","","Wed Nov 20 21:24:55 GMT 2024","passed","Wed Nov 20 21:24:55 GMT 2024","","METTA-LANG","METTA-LANG",""
"","60","BASIC-EVALUATION---METTA-LANGUAGE10.01","","Wed Nov 20 21:24:55 GMT 2024","failed","Wed Nov 20 21:24:55 GMT 2024","","METTA-LANG","METTA-LANG",""
"","3","IS-SPACE.02","","Wed Nov 20 21:14:17 GMT 2024","passed","Wed Nov 20 21:14:17 GMT 2024","","HYPERON-METTALOG-SANITY","HYPERON-METTALOG-SANITY",""
"","2","WORKING-WITH-SPACES---METTA-LANGUAGE6.04","","Wed Nov 20 21:24:55 GMT 2024","passed","Wed Nov 20 21:24:55 GMT 2024","","METTA-LANG","METTA-LANG",""
"","113","PY-TYPES.05","","Wed Nov 20 21:14:17 GMT 2024","failed","Wed Nov 20 21:14:17 GMT 2024","","HYPERON-METTALOG-SANITY","HYPERON-METTALOG-SANITY",""
"","3","METATYPES---METTA-LANGUAGE7.03","","Wed Nov 20 21:24:55 GMT 2024","passed","Wed Nov 20 21:24:55 GMT 2024","","METTA-LANG","METTA-LANG",""
"","3","STRING-TESTS.04","","Wed Nov 20 21:14:17 GMT 2024","passed","Wed Nov 20 21:14:17 GMT 2024","","HYPERON-METTALOG-SANITY","HYPERON-METTALOG-SANITY",""
"","2","E2-STATES.11","","Wed Nov 20 21:10:52 GMT 2024","passed","Wed Nov 20 21:10:52 GMT 2024","","HYPERON-EXPERIMENTAL-SCRIPTS","HYPERON-EXPERIMENTAL-SCRIPTS",""
"","182","TIME-SYNTHESIZE.01","","Wed Nov 20 21:22:07 GMT 2024","failed","Wed Nov 20 21:22:07 GMT 2024","","SYNTH-BUFFER","SYNTH-BUFFER",""
"","9000","hyperon-mettalog_sanity.rust_tests","","Wed Nov 20 21:05:48 GMT 2024","passed","Wed Nov 20 21:05:57 GMT 2024","","WHOLE-TESTS","WHOLE-TESTS",""
"","3","STRING-TESTS.15","","Wed Nov 20 21:14:17 GMT 2024","passed","Wed Nov 20 21:14:17 GMT 2024","","HYPERON-METTALOG-SANITY","HYPERON-METTALOG-SANITY",""
"","2","TEST-IF-CLOSED.07","","Wed Nov 20 21:05:56 GMT 2024","passed","Wed Nov 20 21:05:56 GMT 2024","","ANTI-REGRESSION","ANTI-REGRESSION",""
"","46000","synth_buffer.time_synthesize_long","","Wed Nov 20 21:05:48 GMT 2024","failed","Wed Nov 20 21:06:34 GMT 2024","","WHOLE-TESTS","WHOLE-TESTS",""
"","15","D2-HIGHERFUNC.21","","Wed Nov 20 21:50:36 GMT 2024","passed","Wed Nov 20 21:50:36 GMT 2024","","QUICK","QUICK",""
"","2","00-LANG-CASE.05","","Wed Nov 20 21:14:17 GMT 2024","passed","Wed Nov 20 21:14:17 GMT 2024","","HYPERON-METTALOG-SANITY","HYPERON-METTALOG-SANITY",""
"","73","MINIMAL-METTA-TESTS.08","","Wed Nov 20 21:14:17 GMT 2024","failed","Wed Nov 20 21:14:17 GMT 2024","","HYPERON-METTALOG-SANITY","HYPERON-METTALOG-SANITY",""
"","3","D2-HIGHERFUNC.14","","Wed Nov 20 21:10:52 GMT 2024","passed","Wed Nov 20 21:10:52 GMT 2024","","HYPERON-EXPERIMENTAL-SCRIPTS","HYPERON-EXPERIMENTAL-SCRIPTS",""
"","1","CALL-TESTS.06","","Wed Nov 20 21:14:17 GMT 2024","passed","Wed Nov 20 21:14:17 GMT 2024","","HYPERON-METTALOG-SANITY","HYPERON-METTALOG-SANITY",""
"","1","OUTPUT-LOAD-TESTS.04","","Wed Nov 20 21:14:17 GMT 2024","passed","Wed Nov 20 21:14:17 GMT 2024","","HYPERON-METTALOG-SANITY","HYPERON-METTALOG-SANITY",""
"","3","A3-TWOSIDE.04","","Wed Nov 20 21:10:52 GMT 2024","passed","Wed Nov 20 21:10:52 GMT 2024","","HYPERON-EXPERIMENTAL-SCRIPTS","HYPERON-EXPERIMENTAL-SCRIPTS",""
"","3","00-LANG-CASE.04","","Wed Nov 20 21:14:17 GMT 2024","passed","Wed Nov 20 21:14:17 GMT 2024","","HYPERON-METTALOG-SANITY","HYPERON-METTALOG-SANITY",""
"","3","TYPES3.01","","Wed Nov 20 21:46:24 GMT 2024","passed","Wed Nov 20 21:46:24 GMT 2024","","METTA-MORPH-TESTS","METTA-MORPH-TESTS",""
"","52","CONSOLE-OUTPUT-AND-DEBUGGING---METTA-LANGUAGE5.08","","Wed Nov 20 21:24:55 GMT 2024","failed","Wed Nov 20 21:24:55 GMT 2024","","METTA-LANG","METTA-LANG",""
"","4","BASIC-EVALUATION---METTA-LANGUAGE6.01","","Wed Nov 20 21:24:55 GMT 2024","passed","Wed Nov 20 21:24:55 GMT 2024","","METTA-LANG","METTA-LANG",""
"","2","WORKING-WITH-SPACES---METTA-LANGUAGE1.05","","Wed Nov 20 21:24:55 GMT 2024","passed","Wed Nov 20 21:24:55 GMT 2024","","METTA-LANG","METTA-LANG",""
"","46","CONTROLLING-PATTERN-MATCHING---METTA-LANGUAGE9.02","","Wed Nov 20 21:24:55 GMT 2024","failed","Wed Nov 20 21:24:55 GMT 2024","","METTA-LANG","METTA-LANG",""
"","3","METATYPES---METTA-LANGUAGE2.08","","Wed Nov 20 21:24:55 GMT 2024","passed","Wed Nov 20 21:24:55 GMT 2024","","METTA-LANG","METTA-LANG",""
"","1","F1-IMPORTS.15","","Wed Nov 20 21:10:52 GMT 2024","passed","Wed Nov 20 21:10:52 GMT 2024","","HYPERON-EXPERIMENTAL-SCRIPTS","HYPERON-EXPERIMENTAL-SCRIPTS",""
"","2","D3-DEPTYPES.01","","Wed Nov 20 21:10:52 GMT 2024","passed","Wed Nov 20 21:10:52 GMT 2024","","HYPERON-EXPERIMENTAL-SCRIPTS","HYPERON-EXPERIMENTAL-SCRIPTS",""
"","4","TYPES.01","","Wed Nov 20 21:46:24 GMT 2024","passed","Wed Nov 20 21:46:24 GMT 2024","","METTA-MORPH-TESTS","METTA-MORPH-TESTS",""
"","4","INTERSECTION-TESTS.27","","Wed Nov 20 21:14:17 GMT 2024","passed","Wed Nov 20 21:14:17 GMT 2024","","HYPERON-METTALOG-SANITY","HYPERON-METTALOG-SANITY",""
"","2","HANDLING-NONDETERMINISTIC-RESULTS---METTA-LANGUAGE6.02","","Wed Nov 20 21:24:55 GMT 2024","passed","Wed Nov 20 21:24:55 GMT 2024","","METTA-LANG","METTA-LANG",""
"","3","00-LANG-CASE.14","","Wed Nov 20 21:14:17 GMT 2024","passed","Wed Nov 20 21:14:17 GMT 2024","","HYPERON-METTALOG-SANITY","HYPERON-METTALOG-SANITY",""
"","5","BASIC-GROUNDED-FUNCTIONS---METTA-LANGUAGE8.01","","Wed Nov 20 21:24:55 GMT 2024","passed","Wed Nov 20 21:24:55 GMT 2024","","METTA-LANG","METTA-LANG",""
"","3","D2-HIGHERFUNC.24","","Wed Nov 20 21:10:52 GMT 2024","passed","Wed Nov 20 21:10:52 GMT 2024","","HYPERON-EXPERIMENTAL-SCRIPTS","HYPERON-EXPERIMENTAL-SCRIPTS",""
"","2","D4-TYPE-PROP.12","","Wed Nov 20 21:10:52 GMT 2024","passed","Wed Nov 20 21:10:52 GMT 2024","","HYPERON-EXPERIMENTAL-SCRIPTS","HYPERON-EXPERIMENTAL-SCRIPTS",""
"","2","CONTROLLING-PATTERN-MATCHING---METTA-LANGUAGE12.03","","Wed Nov 20 21:24:55 GMT 2024","passed","Wed Nov 20 21:24:55 GMT 2024","","METTA-LANG","METTA-LANG",""
"","51","BC-COMP.01","","Wed Nov 20 21:05:56 GMT 2024","failed","Wed Nov 20 21:05:56 GMT 2024","","ANTI-REGRESSION","ANTI-REGRESSION",""
"","3","CATCH-THROW-TESTS.07","","Wed Nov 20 21:14:17 GMT 2024","passed","Wed Nov 20 21:14:17 GMT 2024","","HYPERON-METTALOG-SANITY","HYPERON-METTALOG-SANITY",""
"","2","C1-GROUNDED-BASIC.17","","Wed Nov 20 21:10:52 GMT 2024","passed","Wed Nov 20 21:10:52 GMT 2024","","HYPERON-EXPERIMENTAL-SCRIPTS","HYPERON-EXPERIMENTAL-SCRIPTS",""
"","9000","hyperon-experimental_scripts.a3_twoside","","Wed Nov 20 21:05:48 GMT 2024","passed","Wed Nov 20 21:05:57 GMT 2024","","WHOLE-TESTS","WHOLE-TESTS",""
"","12000","anti-regression.bc_comp","","Wed Nov 20 21:05:48 GMT 2024","passed","Wed Nov 20 21:06:00 GMT 2024","","WHOLE-TESTS","WHOLE-TESTS",""
"","3","OPERATIONS-OVER-ATOMS---METTA-LANGUAGE5.01","","Wed Nov 20 21:24:55 GMT 2024","passed","Wed Nov 20 21:24:55 GMT 2024","","METTA-LANG","METTA-LANG",""
"","3","SPACE-INTERSECTION-TESTS.02","","Wed Nov 20 21:14:17 GMT 2024","passed","Wed Nov 20 21:14:17 GMT 2024","","HYPERON-METTALOG-SANITY","HYPERON-METTALOG-SANITY",""
"","2","LIMIT-TESTS.11","","Wed Nov 20 21:14:17 GMT 2024","passed","Wed Nov 20 21:14:17 GMT 2024","","HYPERON-METTALOG-SANITY","HYPERON-METTALOG-SANITY",""
"","3","INTERSECTION-TESTS.07","","Wed Nov 20 21:14:17 GMT 2024","passed","Wed Nov 20 21:14:17 GMT 2024","","HYPERON-METTALOG-SANITY","HYPERON-METTALOG-SANITY",""
"","3","SUPERCOLLAPSE.02","","Wed Nov 20 21:46:24 GMT 2024","passed","Wed Nov 20 21:46:24 GMT 2024","","METTA-MORPH-TESTS","METTA-MORPH-TESTS",""
"","3","TESTS0.04","","Wed Nov 20 21:46:24 GMT 2024","passed","Wed Nov 20 21:46:24 GMT 2024","","METTA-MORPH-TESTS","METTA-MORPH-TESTS",""
"","790","REPRESENT-AND-PARSE-TESTS.01","","Wed Nov 20 21:14:17 GMT 2024","failed","Wed Nov 20 21:14:17 GMT 2024","","HYPERON-METTALOG-SANITY","HYPERON-METTALOG-SANITY",""
"","3","CATCH-THROW-TESTS.06","","Wed Nov 20 21:14:17 GMT 2024","passed","Wed Nov 20 21:14:17 GMT 2024","","HYPERON-METTALOG-SANITY","HYPERON-METTALOG-SANITY",""
"","35","C1-GROUNDED-BASIC.15","","Wed Nov 20 21:50:36 GMT 2024","failed","Wed Nov 20 21:50:36 GMT 2024","","QUICK","QUICK",""
"","3","LIMIT-TESTS.02","","Wed Nov 20 21:14:17 GMT 2024","passed","Wed Nov 20 21:14:17 GMT 2024","","HYPERON-METTALOG-SANITY","HYPERON-METTALOG-SANITY",""
"","90","CONCRETE-TYPES---METTA-LANGUAGE13.04","","Wed Nov 20 21:24:55 GMT 2024","failed","Wed Nov 20 21:24:55 GMT 2024","","METTA-LANG","METTA-LANG",""
"","3","SPACE-SUBTRACTION-TESTS.02","","Wed Nov 20 21:14:17 GMT 2024","passed","Wed Nov 20 21:14:17 GMT 2024","","HYPERON-METTALOG-SANITY","HYPERON-METTALOG-SANITY",""
"","2","BASIC-GROUNDED-FUNCTIONS---METTA-LANGUAGE4.02","","Wed Nov 20 21:24:55 GMT 2024","passed","Wed Nov 20 21:24:55 GMT 2024","","METTA-LANG","METTA-LANG",""
"","2","CONTROL-FLOW---METTA-LANGUAGE15.06","","Wed Nov 20 21:24:55 GMT 2024","passed","Wed Nov 20 21:24:55 GMT 2024","","METTA-LANG","METTA-LANG",""
"","2","HYPERPOSE.08","","Wed Nov 20 21:46:24 GMT 2024","passed","Wed Nov 20 21:46:24 GMT 2024","","METTA-MORPH-TESTS","METTA-MORPH-TESTS",""
"","2","C1-GROUNDED-BASIC.04","","Wed Nov 20 21:10:52 GMT 2024","passed","Wed Nov 20 21:10:52 GMT 2024","","HYPERON-EXPERIMENTAL-SCRIPTS","HYPERON-EXPERIMENTAL-SCRIPTS",""
"","5","C2-SPACES.01","","Wed Nov 20 21:05:39 GMT 2024","passed","Wed Nov 20 21:05:39 GMT 2024","","MODULE-SYSTEM","MODULE-SYSTEM",""
"","20","CONCRETE-TYPES---METTA-LANGUAGE2.01","","Wed Nov 20 21:24:55 GMT 2024","failed","Wed Nov 20 21:24:55 GMT 2024","","METTA-LANG","METTA-LANG",""
"","2","WORKING-WITH-SPACES---METTA-LANGUAGE3.02","","Wed Nov 20 21:24:55 GMT 2024","passed","Wed Nov 20 21:24:55 GMT 2024","","METTA-LANG","METTA-LANG",""
"","4","RECURSIVE-AND-PARAMETRIC-TYPES---METTA-LANGUAGE6.01","","Wed Nov 20 21:24:55 GMT 2024","passed","Wed Nov 20 21:24:55 GMT 2024","","METTA-LANG","METTA-LANG",""
"","2","WORKING-WITH-SPACES---METTA-LANGUAGE8.04","","Wed Nov 20 21:24:55 GMT 2024","passed","Wed Nov 20 21:24:55 GMT 2024","","METTA-LANG","METTA-LANG",""
"","3","WORKING-WITH-SPACES---METTA-LANGUAGE8.05","","Wed Nov 20 21:24:55 GMT 2024","passed","Wed Nov 20 21:24:55 GMT 2024","","METTA-LANG","METTA-LANG",""
"","2","SUPERCOLLAPSE.06","","Wed Nov 20 21:46:24 GMT 2024","passed","Wed Nov 20 21:46:24 GMT 2024","","METTA-MORPH-TESTS","METTA-MORPH-TESTS",""
"","2","REPRESENT-AND-PARSE-TESTS.02","","Wed Nov 20 21:14:17 GMT 2024","passed","Wed Nov 20 21:14:17 GMT 2024","","HYPERON-METTALOG-SANITY","HYPERON-METTALOG-SANITY",""
"","2","NESTED-PARAMETERS.01","","Wed Nov 20 21:46:24 GMT 2024","passed","Wed Nov 20 21:46:24 GMT 2024","","METTA-MORPH-TESTS","METTA-MORPH-TESTS",""
"","2","D2-HIGHERFUNC.23","","Wed Nov 20 21:10:52 GMT 2024","passed","Wed Nov 20 21:10:52 GMT 2024","","HYPERON-EXPERIMENTAL-SCRIPTS","HYPERON-EXPERIMENTAL-SCRIPTS",""
"","1","CONTROL-FLOW---METTA-LANGUAGE8.02","","Wed Nov 20 21:24:55 GMT 2024","passed","Wed Nov 20 21:24:55 GMT 2024","","METTA-LANG","METTA-LANG",""
"","3","RECURSION-AND-CONTROL---METTA-LANGUAGE6.04","","Wed Nov 20 21:24:55 GMT 2024","passed","Wed Nov 20 21:24:55 GMT 2024","","METTA-LANG","METTA-LANG",""
"","1","TEST-IF-CLOSED.02","","Wed Nov 20 21:05:56 GMT 2024","passed","Wed Nov 20 21:05:56 GMT 2024","","ANTI-REGRESSION","ANTI-REGRESSION",""
"","9000","metta_lang.Metatypes___MeTTa_Language1","","Wed Nov 20 21:05:48 GMT 2024","passed","Wed Nov 20 21:05:57 GMT 2024","","WHOLE-TESTS","WHOLE-TESTS",""
"","2","00-LANG-CASE.17","","Wed Nov 20 21:14:17 GMT 2024","passed","Wed Nov 20 21:14:17 GMT 2024","","HYPERON-METTALOG-SANITY","HYPERON-METTALOG-SANITY",""
"","52","D5-AUTO-TYPES.05","","Wed Nov 20 21:10:52 GMT 2024","failed","Wed Nov 20 21:10:52 GMT 2024","","HYPERON-EXPERIMENTAL-SCRIPTS","HYPERON-EXPERIMENTAL-SCRIPTS",""
"","1","RUST-TESTS.07","","Wed Nov 20 21:14:17 GMT 2024","passed","Wed Nov 20 21:14:17 GMT 2024","","HYPERON-METTALOG-SANITY","HYPERON-METTALOG-SANITY",""
"","3","OUTPUT-LOAD-TESTS.01","","Wed Nov 20 21:14:17 GMT 2024","passed","Wed Nov 20 21:14:17 GMT 2024","","HYPERON-METTALOG-SANITY","HYPERON-METTALOG-SANITY",""
"","2","SPACE-INTERSECTION-TESTS.05","","Wed Nov 20 21:14:17 GMT 2024","passed","Wed Nov 20 21:14:17 GMT 2024","","HYPERON-METTALOG-SANITY","HYPERON-METTALOG-SANITY",""
"","49","WORKING-WITH-SPACES---METTA-LANGUAGE9.06","","Wed Nov 20 21:24:55 GMT 2024","failed","Wed Nov 20 21:24:55 GMT 2024","","METTA-LANG","METTA-LANG",""
"","4","BASIC-GROUNDED-FUNCTIONS---METTA-LANGUAGE5.01","","Wed Nov 20 21:24:55 GMT 2024","passed","Wed Nov 20 21:24:55 GMT 2024","","METTA-LANG","METTA-LANG",""
"","2","D3-DEPTYPES.07","","Wed Nov 20 21:10:52 GMT 2024","passed","Wed Nov 20 21:10:52 GMT 2024","","HYPERON-EXPERIMENTAL-SCRIPTS","HYPERON-EXPERIMENTAL-SCRIPTS",""
"","9000","hyperon-mettalog_sanity.eval_for_tests","","Wed Nov 20 21:05:48 GMT 2024","passed","Wed Nov 20 21:05:57 GMT 2024","","WHOLE-TESTS","WHOLE-TESTS",""
"","9000","metta_lang.Concrete_types___MeTTa_Language2","","Wed Nov 20 21:05:48 GMT 2024","passed","Wed Nov 20 21:05:57 GMT 2024","","WHOLE-TESTS","WHOLE-TESTS",""
"","9000","metta_lang.Functions_and_unification___MeTTa_Language3","","Wed Nov 20 21:05:48 GMT 2024","passed","Wed Nov 20 21:05:57 GMT 2024","","WHOLE-TESTS","WHOLE-TESTS",""
"","4","BASIC-EVALUATION---METTA-LANGUAGE1.01","","Wed Nov 20 21:24:55 GMT 2024","passed","Wed Nov 20 21:24:55 GMT 2024","","METTA-LANG","METTA-LANG",""
"","2","RUST-TESTS.03","","Wed Nov 20 21:14:17 GMT 2024","passed","Wed Nov 20 21:14:17 GMT 2024","","HYPERON-METTALOG-SANITY","HYPERON-METTALOG-SANITY",""
"","1","CONSOLE-OUTPUT-AND-DEBUGGING---METTA-LANGUAGE3.06","","Wed Nov 20 21:24:55 GMT 2024","passed","Wed Nov 20 21:24:55 GMT 2024","","METTA-LANG","METTA-LANG",""
"","2","D4-TYPE-PROP.14","","Wed Nov 20 21:50:36 GMT 2024","passed","Wed Nov 20 21:50:36 GMT 2024","","QUICK","QUICK",""
"","2","SEQUENTIAL-NESTED.09","","Wed Nov 20 21:46:24 GMT 2024","passed","Wed Nov 20 21:46:24 GMT 2024","","METTA-MORPH-TESTS","METTA-MORPH-TESTS",""
"","9000","anti-regression.tmpMatch1","","Wed Nov 20 21:05:48 GMT 2024","passed","Wed Nov 20 21:05:57 GMT 2024","","WHOLE-TESTS","WHOLE-TESTS",""
"","2","SUPERCOLLAPSE.05","","Wed Nov 20 21:46:24 GMT 2024","passed","Wed Nov 20 21:46:24 GMT 2024","","METTA-MORPH-TESTS","METTA-MORPH-TESTS",""
"","81","MINIMAL-METTA-TESTS.35","","Wed Nov 20 21:14:17 GMT 2024","failed","Wed Nov 20 21:14:17 GMT 2024","","HYPERON-METTALOG-SANITY","HYPERON-METTALOG-SANITY",""
"","6","OUTPUT-LOAD-TESTS.05","","Wed Nov 20 21:14:17 GMT 2024","passed","Wed Nov 20 21:14:17 GMT 2024","","HYPERON-METTALOG-SANITY","HYPERON-METTALOG-SANITY",""
"","2","BASIC-GROUNDED-FUNCTIONS---METTA-LANGUAGE8.04","","Wed Nov 20 21:24:55 GMT 2024","passed","Wed Nov 20 21:24:55 GMT 2024","","METTA-LANG","METTA-LANG",""
"","2","C3-PLN-STV.05","","Wed Nov 20 21:10:52 GMT 2024","passed","Wed Nov 20 21:10:52 GMT 2024","","HYPERON-EXPERIMENTAL-SCRIPTS","HYPERON-EXPERIMENTAL-SCRIPTS",""
"","3","D2-HIGHERFUNC.08","","Wed Nov 20 21:10:52 GMT 2024","passed","Wed Nov 20 21:10:52 GMT 2024","","HYPERON-EXPERIMENTAL-SCRIPTS","HYPERON-EXPERIMENTAL-SCRIPTS",""
"","3","D4-TYPE-PROP.16","","Wed Nov 20 21:50:36 GMT 2024","passed","Wed Nov 20 21:50:36 GMT 2024","","QUICK","QUICK",""
"","108","BASE-TEST-REPR-PARSE-INTERSECTION.01","","Wed Nov 20 21:14:17 GMT 2024","passed","Wed Nov 20 21:14:17 GMT 2024","","HYPERON-METTALOG-SANITY","HYPERON-METTALOG-SANITY",""
"","2","C1-GROUNDED-BASIC.05","","Wed Nov 20 21:50:36 GMT 2024","passed","Wed Nov 20 21:50:36 GMT 2024","","QUICK","QUICK",""
"","2","CALL-TESTS.10","","Wed Nov 20 21:14:17 GMT 2024","passed","Wed Nov 20 21:14:17 GMT 2024","","HYPERON-METTALOG-SANITY","HYPERON-METTALOG-SANITY",""
"","2","HANDLING-NONDETERMINISTIC-RESULTS---METTA-LANGUAGE8.05","","Wed Nov 20 21:24:55 GMT 2024","passed","Wed Nov 20 21:24:55 GMT 2024","","METTA-LANG","METTA-LANG",""
"","3","D1-GADT.08","","Wed Nov 20 21:10:52 GMT 2024","passed","Wed Nov 20 21:10:52 GMT 2024","","HYPERON-EXPERIMENTAL-SCRIPTS","HYPERON-EXPERIMENTAL-SCRIPTS",""
"","16","SPACE-INTERSECTION-TESTS.16","","Wed Nov 20 21:14:17 GMT 2024","failed","Wed Nov 20 21:14:17 GMT 2024","","HYPERON-METTALOG-SANITY","HYPERON-METTALOG-SANITY",""
"","8000","anti-regression.comma_is_not_special","","Wed Nov 20 21:05:48 GMT 2024","passed","Wed Nov 20 21:05:56 GMT 2024","","WHOLE-TESTS","WHOLE-TESTS",""
"","3","B0-CHAINING-PRELIM.05","","Wed Nov 20 21:10:52 GMT 2024","passed","Wed Nov 20 21:10:52 GMT 2024","","HYPERON-EXPERIMENTAL-SCRIPTS","HYPERON-EXPERIMENTAL-SCRIPTS",""
"","2","TMPMATCH2.04","","Wed Nov 20 21:05:56 GMT 2024","passed","Wed Nov 20 21:05:56 GMT 2024","","ANTI-REGRESSION","ANTI-REGRESSION",""
"","9000","hyperon-mettalog_sanity.01_lang_inc","","Wed Nov 20 21:05:48 GMT 2024","passed","Wed Nov 20 21:05:57 GMT 2024","","WHOLE-TESTS","WHOLE-TESTS",""
"","4","XOR-TEST.01","","Wed Nov 20 21:14:17 GMT 2024","passed","Wed Nov 20 21:14:17 GMT 2024","","HYPERON-METTALOG-SANITY","HYPERON-METTALOG-SANITY",""
"","1","D4-TYPE-PROP.05","","Wed Nov 20 21:10:52 GMT 2024","passed","Wed Nov 20 21:10:52 GMT 2024","","HYPERON-EXPERIMENTAL-SCRIPTS","HYPERON-EXPERIMENTAL-SCRIPTS",""
"","2","LET-SUPERPOSE-LIST.02","","Wed Nov 20 21:46:24 GMT 2024","passed","Wed Nov 20 21:46:24 GMT 2024","","METTA-MORPH-TESTS","METTA-MORPH-TESTS",""
"","2","E2-STATES.10","","Wed Nov 20 21:10:52 GMT 2024","passed","Wed Nov 20 21:10:52 GMT 2024","","HYPERON-EXPERIMENTAL-SCRIPTS","HYPERON-EXPERIMENTAL-SCRIPTS",""
"","2","D2-HIGHERFUNC.06","","Wed Nov 20 21:50:36 GMT 2024","passed","Wed Nov 20 21:50:36 GMT 2024","","QUICK","QUICK",""
"","38","D5-AUTO-TYPES.03","","Wed Nov 20 21:10:52 GMT 2024","failed","Wed Nov 20 21:10:52 GMT 2024","","HYPERON-EXPERIMENTAL-SCRIPTS","HYPERON-EXPERIMENTAL-SCRIPTS",""
"","1","OUTPUT-LOAD-TESTS.03","","Wed Nov 20 21:14:17 GMT 2024","passed","Wed Nov 20 21:14:17 GMT 2024","","HYPERON-METTALOG-SANITY","HYPERON-METTALOG-SANITY",""
"","2","OR-TEST.18","","Wed Nov 20 21:14:17 GMT 2024","passed","Wed Nov 20 21:14:17 GMT 2024","","HYPERON-METTALOG-SANITY","HYPERON-METTALOG-SANITY",""
"","1","OR-TEST.16","","Wed Nov 20 21:14:17 GMT 2024","passed","Wed Nov 20 21:14:17 GMT 2024","","HYPERON-METTALOG-SANITY","HYPERON-METTALOG-SANITY",""
"","3","ADD-ATOM-MATCH.01","","Wed Nov 20 21:46:24 GMT 2024","passed","Wed Nov 20 21:46:24 GMT 2024","","METTA-MORPH-TESTS","METTA-MORPH-TESTS",""
"","12","MINIMAL-METTA-TESTS.05","","Wed Nov 20 21:14:17 GMT 2024","failed","Wed Nov 20 21:14:17 GMT 2024","","HYPERON-METTALOG-SANITY","HYPERON-METTALOG-SANITY",""
"","3","D2-HIGHERFUNC.03","","Wed Nov 20 21:10:52 GMT 2024","passed","Wed Nov 20 21:10:52 GMT 2024","","HYPERON-EXPERIMENTAL-SCRIPTS","HYPERON-EXPERIMENTAL-SCRIPTS",""
"","3","00-LANG-CASE.08","","Wed Nov 20 21:14:17 GMT 2024","passed","Wed Nov 20 21:14:17 GMT 2024","","HYPERON-METTALOG-SANITY","HYPERON-METTALOG-SANITY",""
"","2","WORKING-WITH-SPACES---METTA-LANGUAGE3.08","","Wed Nov 20 21:24:55 GMT 2024","passed","Wed Nov 20 21:24:55 GMT 2024","","METTA-LANG","METTA-LANG",""
"","3","RECURSIVE-AND-PARAMETRIC-TYPES---METTA-LANGUAGE1.01","","Wed Nov 20 21:24:55 GMT 2024","passed","Wed Nov 20 21:24:55 GMT 2024","","METTA-LANG","METTA-LANG",""
"","9000","metta_lang.Controlling_pattern_matching___MeTTa_Language10","","Wed Nov 20 21:05:48 GMT 2024","passed","Wed Nov 20 21:05:57 GMT 2024","","WHOLE-TESTS","WHOLE-TESTS",""
"","9","E3-MATCH-STATES.06","","Wed Nov 20 21:10:52 GMT 2024","failed","Wed Nov 20 21:10:52 GMT 2024","","HYPERON-EXPERIMENTAL-SCRIPTS","HYPERON-EXPERIMENTAL-SCRIPTS",""
"","25","WORKING-WITH-SPACES---METTA-LANGUAGE17.02","","Wed Nov 20 21:24:55 GMT 2024","failed","Wed Nov 20 21:24:55 GMT 2024","","METTA-LANG","METTA-LANG",""
"","2","IF.01","","Wed Nov 20 21:46:24 GMT 2024","passed","Wed Nov 20 21:46:24 GMT 2024","","METTA-MORPH-TESTS","METTA-MORPH-TESTS",""
"","2","OPERATIONS-OVER-ATOMS---METTA-LANGUAGE9.02","","Wed Nov 20 21:24:55 GMT 2024","passed","Wed Nov 20 21:24:55 GMT 2024","","METTA-LANG","METTA-LANG",""
"","1","B0-CHAINING-PRELIM.03","","Wed Nov 20 21:10:52 GMT 2024","passed","Wed Nov 20 21:10:52 GMT 2024","","HYPERON-EXPERIMENTAL-SCRIPTS","HYPERON-EXPERIMENTAL-SCRIPTS",""
"","1","METTALOGTESTCURRIED2.06","","Wed Nov 20 21:05:56 GMT 2024","passed","Wed Nov 20 21:05:56 GMT 2024","","ANTI-REGRESSION","ANTI-REGRESSION",""
"","3","CONTROLLING-PATTERN-MATCHING---METTA-LANGUAGE11.06","","Wed Nov 20 21:24:55 GMT 2024","passed","Wed Nov 20 21:24:55 GMT 2024","","METTA-LANG","METTA-LANG",""
"","2","TYPES2.03","","Wed Nov 20 21:46:24 GMT 2024","passed","Wed Nov 20 21:46:24 GMT 2024","","METTA-MORPH-TESTS","METTA-MORPH-TESTS",""
"","9000","metta-morph_tests.nested_parameters","","Wed Nov 20 21:05:48 GMT 2024","passed","Wed Nov 20 21:05:57 GMT 2024","","WHOLE-TESTS","WHOLE-TESTS",""
"","2","WHAT-EVALS-OR-NOT.03","","Wed Nov 20 21:14:17 GMT 2024","passed","Wed Nov 20 21:14:17 GMT 2024","","HYPERON-METTALOG-SANITY","HYPERON-METTALOG-SANITY",""
"","5","CONSOLE-OUTPUT-AND-DEBUGGING---METTA-LANGUAGE2.01","","Wed Nov 20 21:24:55 GMT 2024","passed","Wed Nov 20 21:24:55 GMT 2024","","METTA-LANG","METTA-LANG",""
"","2","BCHAIN.04","","Wed Nov 20 21:05:56 GMT 2024","passed","Wed Nov 20 21:05:56 GMT 2024","","ANTI-REGRESSION","ANTI-REGRESSION",""
"","3","E2-STATES.01","","Wed Nov 20 21:10:52 GMT 2024","passed","Wed Nov 20 21:10:52 GMT 2024","","HYPERON-EXPERIMENTAL-SCRIPTS","HYPERON-EXPERIMENTAL-SCRIPTS",""
"","74","EVAL-FOR-TESTS.02","","Wed Nov 20 21:14:17 GMT 2024","failed","Wed Nov 20 21:14:17 GMT 2024","","HYPERON-METTALOG-SANITY","HYPERON-METTALOG-SANITY",""
"","2","FIND-ALL-TESTS.07","","Wed Nov 20 21:14:17 GMT 2024","passed","Wed Nov 20 21:14:17 GMT 2024","","HYPERON-METTALOG-SANITY","HYPERON-METTALOG-SANITY",""
"","1","D2-HIGHERFUNC.08","","Wed Nov 20 21:50:36 GMT 2024","passed","Wed Nov 20 21:50:36 GMT 2024","","QUICK","QUICK",""
"","3","CONSOLE-OUTPUT-AND-DEBUGGING---METTA-LANGUAGE3.01","","Wed Nov 20 21:24:55 GMT 2024","passed","Wed Nov 20 21:24:55 GMT 2024","","METTA-LANG","METTA-LANG",""
"","2","LIMIT-TESTS.10","","Wed Nov 20 21:14:17 GMT 2024","passed","Wed Nov 20 21:14:17 GMT 2024","","HYPERON-METTALOG-SANITY","HYPERON-METTALOG-SANITY",""
"","2","RECURSIVE-AND-PARAMETRIC-TYPES---METTA-LANGUAGE1.04","","Wed Nov 20 21:24:55 GMT 2024","passed","Wed Nov 20 21:24:55 GMT 2024","","METTA-LANG","METTA-LANG",""
"","3","C1-GROUNDED-BASIC.01","","Wed Nov 20 21:10:52 GMT 2024","passed","Wed Nov 20 21:10:52 GMT 2024","","HYPERON-EXPERIMENTAL-SCRIPTS","HYPERON-EXPERIMENTAL-SCRIPTS",""
"","2","METATYPES---METTA-LANGUAGE1.05","","Wed Nov 20 21:24:55 GMT 2024","passed","Wed Nov 20 21:24:55 GMT 2024","","METTA-LANG","METTA-LANG",""
"","2","SPACE-INTERSECTION-TESTS.14","","Wed Nov 20 21:14:17 GMT 2024","passed","Wed Nov 20 21:14:17 GMT 2024","","HYPERON-METTALOG-SANITY","HYPERON-METTALOG-SANITY",""
"","9000","synth_buffer.time_synthesize_short","","Wed Nov 20 21:05:48 GMT 2024","passed","Wed Nov 20 21:05:57 GMT 2024","","WHOLE-TESTS","WHOLE-TESTS",""
"","2","C1-GROUNDED-BASIC.13","","Wed Nov 20 21:50:36 GMT 2024","passed","Wed Nov 20 21:50:36 GMT 2024","","QUICK","QUICK",""
"","116","FREE-VARIABLES-AND-NONDETERMINISM-AGAIN,-RECURSIVELY---METTA-LANGUAGE1.02","","Wed Nov 20 21:24:55 GMT 2024","failed","Wed Nov 20 21:24:55 GMT 2024","","METTA-LANG","METTA-LANG",""
"","9000","hyperon-mettalog_sanity.or_test","","Wed Nov 20 21:05:48 GMT 2024","passed","Wed Nov 20 21:05:57 GMT 2024","","WHOLE-TESTS","WHOLE-TESTS",""
"","2","HANDLING-NONDETERMINISTIC-RESULTS---METTA-LANGUAGE8.08","","Wed Nov 20 21:24:55 GMT 2024","passed","Wed Nov 20 21:24:55 GMT 2024","","METTA-LANG","METTA-LANG",""
"","2","06-MATCH-IN-SPACE.03","","Wed Nov 20 21:14:17 GMT 2024","passed","Wed Nov 20 21:14:17 GMT 2024","","HYPERON-METTALOG-SANITY","HYPERON-METTALOG-SANITY",""
"","5","RECURSIVE-AND-PARAMETRIC-TYPES---METTA-LANGUAGE8.01","","Wed Nov 20 21:24:55 GMT 2024","passed","Wed Nov 20 21:24:55 GMT 2024","","METTA-LANG","METTA-LANG",""
"","15","MATCH-VOID.11","","Wed Nov 20 21:46:24 GMT 2024","passed","Wed Nov 20 21:46:24 GMT 2024","","METTA-MORPH-TESTS","METTA-MORPH-TESTS",""
"","2","METATYPES---METTA-LANGUAGE7.02","","Wed Nov 20 21:24:55 GMT 2024","passed","Wed Nov 20 21:24:55 GMT 2024","","METTA-LANG","METTA-LANG",""
"","15","E3-MATCH-STATES.05","","Wed Nov 20 21:10:52 GMT 2024","failed","Wed Nov 20 21:10:52 GMT 2024","","HYPERON-EXPERIMENTAL-SCRIPTS","HYPERON-EXPERIMENTAL-SCRIPTS",""
"","2","QUERYING-SPACE-CONTENT---METTA-LANGUAGE5.03","","Wed Nov 20 21:24:55 GMT 2024","passed","Wed Nov 20 21:24:55 GMT 2024","","METTA-LANG","METTA-LANG",""
"","9000","metta-morph_tests.letlet","","Wed Nov 20 21:05:48 GMT 2024","passed","Wed Nov 20 21:05:57 GMT 2024","","WHOLE-TESTS","WHOLE-TESTS",""
"","2","SEALED-TEST.06","","Wed Nov 20 21:14:17 GMT 2024","passed","Wed Nov 20 21:14:17 GMT 2024","","HYPERON-METTALOG-SANITY","HYPERON-METTALOG-SANITY",""
"","1","OR-TEST.08","","Wed Nov 20 21:14:17 GMT 2024","passed","Wed Nov 20 21:14:17 GMT 2024","","HYPERON-METTALOG-SANITY","HYPERON-METTALOG-SANITY",""
"","5","A3-TWOSIDE.01","","Wed Nov 20 21:10:52 GMT 2024","passed","Wed Nov 20 21:10:52 GMT 2024","","HYPERON-EXPERIMENTAL-SCRIPTS","HYPERON-EXPERIMENTAL-SCRIPTS",""
"","60","RUST-TESTS.09","","Wed Nov 20 21:14:17 GMT 2024","failed","Wed Nov 20 21:14:17 GMT 2024","","HYPERON-METTALOG-SANITY","HYPERON-METTALOG-SANITY",""
"","2","FUNCTIONAL-PROGRAMMING-TESTS.02","","Wed Nov 20 21:14:17 GMT 2024","passed","Wed Nov 20 21:14:17 GMT 2024","","HYPERON-METTALOG-SANITY","HYPERON-METTALOG-SANITY",""
"","53","WORKING-WITH-SPACES---METTA-LANGUAGE2.04","","Wed Nov 20 21:24:55 GMT 2024","failed","Wed Nov 20 21:24:55 GMT 2024","","METTA-LANG","METTA-LANG",""
"","2","TYPES2.04","","Wed Nov 20 21:46:24 GMT 2024","passed","Wed Nov 20 21:46:24 GMT 2024","","METTA-MORPH-TESTS","METTA-MORPH-TESTS",""
"","2","RECURSIVE-AND-PARAMETRIC-TYPES---METTA-LANGUAGE5.07","","Wed Nov 20 21:24:55 GMT 2024","passed","Wed Nov 20 21:24:55 GMT 2024","","METTA-LANG","METTA-LANG",""
"","4","FIRST-ANSWER.01","","Wed Nov 20 21:14:17 GMT 2024","passed","Wed Nov 20 21:14:17 GMT 2024","","HYPERON-METTALOG-SANITY","HYPERON-METTALOG-SANITY",""
"","8000","metta_lang.Basic_grounded_functions___MeTTa_Language6","","Wed Nov 20 21:05:48 GMT 2024","passed","Wed Nov 20 21:05:56 GMT 2024","","WHOLE-TESTS","WHOLE-TESTS",""
"","2","00-LANG-CASE.10","","Wed Nov 20 21:14:17 GMT 2024","passed","Wed Nov 20 21:14:17 GMT 2024","","HYPERON-METTALOG-SANITY","HYPERON-METTALOG-SANITY",""
"","9000","metta_lang.Basic_evaluation___MeTTa_Language3","","Wed Nov 20 21:05:48 GMT 2024","passed","Wed Nov 20 21:05:57 GMT 2024","","WHOLE-TESTS","WHOLE-TESTS",""
"","3","HANDLING-NONDETERMINISTIC-RESULTS---METTA-LANGUAGE5.02","","Wed Nov 20 21:24:55 GMT 2024","passed","Wed Nov 20 21:24:55 GMT 2024","","METTA-LANG","METTA-LANG",""
"","3","06-MATCH-IN-SPACE.05","","Wed Nov 20 21:14:17 GMT 2024","passed","Wed Nov 20 21:14:17 GMT 2024","","HYPERON-METTALOG-SANITY","HYPERON-METTALOG-SANITY",""
"","2","F1-MODULEA.06","","Wed Nov 20 21:05:39 GMT 2024","passed","Wed Nov 20 21:05:39 GMT 2024","","MODULE-SYSTEM","MODULE-SYSTEM",""
"","3","BASIC-GROUNDED-FUNCTIONS---METTA-LANGUAGE8.02","","Wed Nov 20 21:24:55 GMT 2024","passed","Wed Nov 20 21:24:55 GMT 2024","","METTA-LANG","METTA-LANG",""
"","3","BASIC-GROUNDED-FUNCTIONS---METTA-LANGUAGE4.03","","Wed Nov 20 21:24:55 GMT 2024","passed","Wed Nov 20 21:24:55 GMT 2024","","METTA-LANG","METTA-LANG",""
"","3","STRING-TESTS.08","","Wed Nov 20 21:14:17 GMT 2024","passed","Wed Nov 20 21:14:17 GMT 2024","","HYPERON-METTALOG-SANITY","HYPERON-METTALOG-SANITY",""
"","5","HANDLING-NONDETERMINISTIC-RESULTS---METTA-LANGUAGE8.01","","Wed Nov 20 21:24:55 GMT 2024","passed","Wed Nov 20 21:24:55 GMT 2024","","METTA-LANG","METTA-LANG",""
"","2","CONTROLLING-PATTERN-MATCHING---METTA-LANGUAGE12.04","","Wed Nov 20 21:24:55 GMT 2024","passed","Wed Nov 20 21:24:55 GMT 2024","","METTA-LANG","METTA-LANG",""
"","3","OUTPUT-LOAD-TESTS.10","","Wed Nov 20 21:14:17 GMT 2024","passed","Wed Nov 20 21:14:17 GMT 2024","","HYPERON-METTALOG-SANITY","HYPERON-METTALOG-SANITY",""
"","1","FUNCTIONS-AND-UNIFICATION---METTA-LANGUAGE7.04","","Wed Nov 20 21:24:55 GMT 2024","passed","Wed Nov 20 21:24:55 GMT 2024","","METTA-LANG","METTA-LANG",""
"","5","BASIC-EVALUATION---METTA-LANGUAGE7.01","","Wed Nov 20 21:24:55 GMT 2024","passed","Wed Nov 20 21:24:55 GMT 2024","","METTA-LANG","METTA-LANG",""
"","4","D2-HIGHERFUNC.27","","Wed Nov 20 21:10:52 GMT 2024","passed","Wed Nov 20 21:10:52 GMT 2024","","HYPERON-EXPERIMENTAL-SCRIPTS","HYPERON-EXPERIMENTAL-SCRIPTS",""
"","2","D3-DEPTYPES.05","","Wed Nov 20 21:10:52 GMT 2024","passed","Wed Nov 20 21:10:52 GMT 2024","","HYPERON-EXPERIMENTAL-SCRIPTS","HYPERON-EXPERIMENTAL-SCRIPTS",""
"","28","G1-DOCS.04","","Wed Nov 20 21:10:52 GMT 2024","failed","Wed Nov 20 21:10:52 GMT 2024","","HYPERON-EXPERIMENTAL-SCRIPTS","HYPERON-EXPERIMENTAL-SCRIPTS",""
"","9000","hyperon-experimental_scripts.f1_imports","","Wed Nov 20 21:05:48 GMT 2024","passed","Wed Nov 20 21:05:57 GMT 2024","","WHOLE-TESTS","WHOLE-TESTS",""
"","9000","metta_lang.Metatypes___MeTTa_Language9","","Wed Nov 20 21:05:48 GMT 2024","passed","Wed Nov 20 21:05:57 GMT 2024","","WHOLE-TESTS","WHOLE-TESTS",""
"","585","TMPMATCH2.05","","Wed Nov 20 21:05:56 GMT 2024","passed","Wed Nov 20 21:05:56 GMT 2024","","ANTI-REGRESSION","ANTI-REGRESSION",""
"","3","A1-SYMBOLS.04","","Wed Nov 20 21:10:52 GMT 2024","passed","Wed Nov 20 21:10:52 GMT 2024","","HYPERON-EXPERIMENTAL-SCRIPTS","HYPERON-EXPERIMENTAL-SCRIPTS",""
"","2","METATYPES---METTA-LANGUAGE8.02","","Wed Nov 20 21:24:55 GMT 2024","passed","Wed Nov 20 21:24:55 GMT 2024","","METTA-LANG","METTA-LANG",""
"","1","CALL-CLEANUP-TESTS.02","","Wed Nov 20 21:14:17 GMT 2024","passed","Wed Nov 20 21:14:17 GMT 2024","","HYPERON-METTALOG-SANITY","HYPERON-METTALOG-SANITY",""
"","2","HYPERPOSE-TESTS.02","","Wed Nov 20 21:14:17 GMT 2024","passed","Wed Nov 20 21:14:17 GMT 2024","","HYPERON-METTALOG-SANITY","HYPERON-METTALOG-SANITY",""
"","4","FIRST-ANSWER.02","","Wed Nov 20 21:14:17 GMT 2024","passed","Wed Nov 20 21:14:17 GMT 2024","","HYPERON-METTALOG-SANITY","HYPERON-METTALOG-SANITY",""
"","2","LET-SUPERPOSE-IF-CASE.02","","Wed Nov 20 21:46:24 GMT 2024","passed","Wed Nov 20 21:46:24 GMT 2024","","METTA-MORPH-TESTS","METTA-MORPH-TESTS",""
"","3","MINIMAL-METTA-TESTS.41","","Wed Nov 20 21:14:17 GMT 2024","passed","Wed Nov 20 21:14:17 GMT 2024","","HYPERON-METTALOG-SANITY","HYPERON-METTALOG-SANITY",""
"","3","OPERATIONS-OVER-ATOMS---METTA-LANGUAGE2.05","","Wed Nov 20 21:24:55 GMT 2024","passed","Wed Nov 20 21:24:55 GMT 2024","","METTA-LANG","METTA-LANG",""
"","9000","metta-morph_tests.tests0","","Wed Nov 20 21:05:48 GMT 2024","passed","Wed Nov 20 21:05:57 GMT 2024","","WHOLE-TESTS","WHOLE-TESTS",""
"","77","WORKING-WITH-SPACES---METTA-LANGUAGE5.02","","Wed Nov 20 21:24:55 GMT 2024","passed","Wed Nov 20 21:24:55 GMT 2024","","METTA-LANG","METTA-LANG",""
"","2","OPERATIONS-OVER-ATOMS---METTA-LANGUAGE3.04","","Wed Nov 20 21:24:55 GMT 2024","passed","Wed Nov 20 21:24:55 GMT 2024","","METTA-LANG","METTA-LANG",""
"","3","QUERYING-SPACE-CONTENT---METTA-LANGUAGE2.02","","Wed Nov 20 21:24:55 GMT 2024","passed","Wed Nov 20 21:24:55 GMT 2024","","METTA-LANG","METTA-LANG",""
"","66","F1-IMPORTS.16","","Wed Nov 20 21:05:39 GMT 2024","passed","Wed Nov 20 21:05:39 GMT 2024","","MODULE-SYSTEM","MODULE-SYSTEM",""
"","3","SUBTRACTION-TEST.05","","Wed Nov 20 21:14:17 GMT 2024","passed","Wed Nov 20 21:14:17 GMT 2024","","HYPERON-METTALOG-SANITY","HYPERON-METTALOG-SANITY",""
"","9000","metta-morph_tests.types3","","Wed Nov 20 21:05:48 GMT 2024","passed","Wed Nov 20 21:05:57 GMT 2024","","WHOLE-TESTS","WHOLE-TESTS",""
"","1","F1-IMPORTS.18","","Wed Nov 20 21:10:52 GMT 2024","passed","Wed Nov 20 21:10:52 GMT 2024","","HYPERON-EXPERIMENTAL-SCRIPTS","HYPERON-EXPERIMENTAL-SCRIPTS",""
"","9000","metta_lang.Control_flow___MeTTa_Language2","","Wed Nov 20 21:05:48 GMT 2024","passed","Wed Nov 20 21:05:57 GMT 2024","","WHOLE-TESTS","WHOLE-TESTS",""
"","3","CONCRETE-TYPES---METTA-LANGUAGE1.01","","Wed Nov 20 21:24:55 GMT 2024","passed","Wed Nov 20 21:24:55 GMT 2024","","METTA-LANG","METTA-LANG",""
"","3","RECURSION-AND-CONTROL---METTA-LANGUAGE2.06","","Wed Nov 20 21:24:55 GMT 2024","passed","Wed Nov 20 21:24:55 GMT 2024","","METTA-LANG","METTA-LANG",""
"","2","F1-MODULEA.02","","Wed Nov 20 21:50:36 GMT 2024","passed","Wed Nov 20 21:50:36 GMT 2024","","QUICK","QUICK",""
"","3","E2-STATES.04","","Wed Nov 20 21:10:52 GMT 2024","passed","Wed Nov 20 21:10:52 GMT 2024","","HYPERON-EXPERIMENTAL-SCRIPTS","HYPERON-EXPERIMENTAL-SCRIPTS",""
"","2","CONTROLLING-PATTERN-MATCHING---METTA-LANGUAGE11.04","","Wed Nov 20 21:24:55 GMT 2024","passed","Wed Nov 20 21:24:55 GMT 2024","","METTA-LANG","METTA-LANG",""
"","2","MATCH-VOID.09","","Wed Nov 20 21:46:24 GMT 2024","passed","Wed Nov 20 21:46:24 GMT 2024","","METTA-MORPH-TESTS","METTA-MORPH-TESTS",""
"","9000","metta_lang.Console_output_and_debugging___MeTTa_Language3","","Wed Nov 20 21:05:48 GMT 2024","passed","Wed Nov 20 21:05:57 GMT 2024","","WHOLE-TESTS","WHOLE-TESTS",""
"","1","CONCRETE-TYPES---METTA-LANGUAGE12.02","","Wed Nov 20 21:24:55 GMT 2024","passed","Wed Nov 20 21:24:55 GMT 2024","","METTA-LANG","METTA-LANG",""
"","1","B4-NONDETERM.06","","Wed Nov 20 21:10:52 GMT 2024","passed","Wed Nov 20 21:10:52 GMT 2024","","HYPERON-EXPERIMENTAL-SCRIPTS","HYPERON-EXPERIMENTAL-SCRIPTS",""
"","2","PRINT-GRAPH.03","","Wed Nov 20 21:08:55 GMT 2024","passed","Wed Nov 20 21:08:55 GMT 2024","","METTA-WAM-ISSUE-145","METTA-WAM-ISSUE-145",""
"","39","CONSOLE-OUTPUT-AND-DEBUGGING---METTA-LANGUAGE10.02","","Wed Nov 20 21:24:55 GMT 2024","failed","Wed Nov 20 21:24:55 GMT 2024","","METTA-LANG","METTA-LANG",""
"","1","QUERYING-SPACE-CONTENT---METTA-LANGUAGE5.02","","Wed Nov 20 21:24:55 GMT 2024","passed","Wed Nov 20 21:24:55 GMT 2024","","METTA-LANG","METTA-LANG",""
"","9000","metta_lang.Basic_evaluation___MeTTa_Language12","","Wed Nov 20 21:05:48 GMT 2024","passed","Wed Nov 20 21:05:57 GMT 2024","","WHOLE-TESTS","WHOLE-TESTS",""
"","14","D2-HIGHERFUNC.20","","Wed Nov 20 21:10:52 GMT 2024","passed","Wed Nov 20 21:10:52 GMT 2024","","HYPERON-EXPERIMENTAL-SCRIPTS","HYPERON-EXPERIMENTAL-SCRIPTS",""
"","2","CONSOLE-OUTPUT-AND-DEBUGGING---METTA-LANGUAGE5.07","","Wed Nov 20 21:24:55 GMT 2024","passed","Wed Nov 20 21:24:55 GMT 2024","","METTA-LANG","METTA-LANG",""
"","2","FUNCTIONS-AND-UNIFICATION---METTA-LANGUAGE4.03","","Wed Nov 20 21:24:55 GMT 2024","passed","Wed Nov 20 21:24:55 GMT 2024","","METTA-LANG","METTA-LANG",""
"","2","F1-IMPORTS.10","","Wed Nov 20 21:05:39 GMT 2024","passed","Wed Nov 20 21:05:39 GMT 2024","","MODULE-SYSTEM","MODULE-SYSTEM",""
"","2","C1-GROUNDED-BASIC.09","","Wed Nov 20 21:10:52 GMT 2024","passed","Wed Nov 20 21:10:52 GMT 2024","","HYPERON-EXPERIMENTAL-SCRIPTS","HYPERON-EXPERIMENTAL-SCRIPTS",""
"","1","METATYPES---METTA-LANGUAGE1.10","","Wed Nov 20 21:24:55 GMT 2024","passed","Wed Nov 20 21:24:55 GMT 2024","","METTA-LANG","METTA-LANG",""
"","1","QUERYING-SPACE-CONTENT---METTA-LANGUAGE2.04","","Wed Nov 20 21:24:55 GMT 2024","passed","Wed Nov 20 21:24:55 GMT 2024","","METTA-LANG","METTA-LANG",""
"","9000","hyperon-experimental_scripts.d4_type_prop","","Wed Nov 20 21:05:48 GMT 2024","passed","Wed Nov 20 21:05:57 GMT 2024","","WHOLE-TESTS","WHOLE-TESTS",""
"","2","SUPERCOLLAPSE.04","","Wed Nov 20 21:46:24 GMT 2024","passed","Wed Nov 20 21:46:24 GMT 2024","","METTA-MORPH-TESTS","METTA-MORPH-TESTS",""
"","9000","anti-regression.tmpMatch2","","Wed Nov 20 21:05:48 GMT 2024","passed","Wed Nov 20 21:05:57 GMT 2024","","WHOLE-TESTS","WHOLE-TESTS",""
"","3","INTERSECTION-TESTS.32","","Wed Nov 20 21:14:17 GMT 2024","passed","Wed Nov 20 21:14:17 GMT 2024","","HYPERON-METTALOG-SANITY","HYPERON-METTALOG-SANITY",""
"","9000","metta_lang.Metatypes___MeTTa_Language3","","Wed Nov 20 21:05:48 GMT 2024","passed","Wed Nov 20 21:05:57 GMT 2024","","WHOLE-TESTS","WHOLE-TESTS",""
"","4","MATCH-FEVAL.01","","Wed Nov 20 21:46:24 GMT 2024","passed","Wed Nov 20 21:46:24 GMT 2024","","METTA-MORPH-TESTS","METTA-MORPH-TESTS",""
"","2","INTERSECTION-TESTS.30","","Wed Nov 20 21:14:17 GMT 2024","passed","Wed Nov 20 21:14:17 GMT 2024","","HYPERON-METTALOG-SANITY","HYPERON-METTALOG-SANITY",""
"","96","WHAT-EVALS-OR-NOT.02","","Wed Nov 20 21:14:17 GMT 2024","failed","Wed Nov 20 21:14:17 GMT 2024","","HYPERON-METTALOG-SANITY","HYPERON-METTALOG-SANITY",""
"","2","EVAL-FOR-TESTS.08","","Wed Nov 20 21:14:17 GMT 2024","passed","Wed Nov 20 21:14:17 GMT 2024","","HYPERON-METTALOG-SANITY","HYPERON-METTALOG-SANITY",""
"","3","COLLAPSE.01","","Wed Nov 20 21:46:24 GMT 2024","passed","Wed Nov 20 21:46:24 GMT 2024","","METTA-MORPH-TESTS","METTA-MORPH-TESTS",""
"","3","00-LANG-CASE.06","","Wed Nov 20 21:14:17 GMT 2024","passed","Wed Nov 20 21:14:17 GMT 2024","","HYPERON-METTALOG-SANITY","HYPERON-METTALOG-SANITY",""
"","1","E2-STATES.09","","Wed Nov 20 21:10:52 GMT 2024","passed","Wed Nov 20 21:10:52 GMT 2024","","HYPERON-EXPERIMENTAL-SCRIPTS","HYPERON-EXPERIMENTAL-SCRIPTS",""
"","15","D4-TYPE-PROP.03","","Wed Nov 20 21:10:52 GMT 2024","passed","Wed Nov 20 21:10:52 GMT 2024","","HYPERON-EXPERIMENTAL-SCRIPTS","HYPERON-EXPERIMENTAL-SCRIPTS",""
"","5","INTERSECTION-TESTS.01","","Wed Nov 20 21:14:17 GMT 2024","passed","Wed Nov 20 21:14:17 GMT 2024","","HYPERON-METTALOG-SANITY","HYPERON-METTALOG-SANITY",""
"","2","OUTPUT-LOAD-TESTS.07","","Wed Nov 20 21:14:17 GMT 2024","passed","Wed Nov 20 21:14:17 GMT 2024","","HYPERON-METTALOG-SANITY","HYPERON-METTALOG-SANITY",""
"","1","D1-GADT.06","","Wed Nov 20 21:50:36 GMT 2024","passed","Wed Nov 20 21:50:36 GMT 2024","","QUICK","QUICK",""
"","2","D2-HIGHERFUNC.15","","Wed Nov 20 21:50:36 GMT 2024","passed","Wed Nov 20 21:50:36 GMT 2024","","QUICK","QUICK",""
"","15","CONTROL-FLOW---METTA-LANGUAGE14.02","","Wed Nov 20 21:24:55 GMT 2024","failed","Wed Nov 20 21:24:55 GMT 2024","","METTA-LANG","METTA-LANG",""
"","9","D1-GADT.05","","Wed Nov 20 21:50:36 GMT 2024","passed","Wed Nov 20 21:50:36 GMT 2024","","QUICK","QUICK",""
"","4","SEALED-TEST.03","","Wed Nov 20 21:14:17 GMT 2024","passed","Wed Nov 20 21:14:17 GMT 2024","","HYPERON-METTALOG-SANITY","HYPERON-METTALOG-SANITY",""
"","2","A1-SYMBOLS.07","","Wed Nov 20 21:10:52 GMT 2024","passed","Wed Nov 20 21:10:52 GMT 2024","","HYPERON-EXPERIMENTAL-SCRIPTS","HYPERON-EXPERIMENTAL-SCRIPTS",""
"","4","SPACE-INTERSECTION-TESTS.03","","Wed Nov 20 21:14:17 GMT 2024","passed","Wed Nov 20 21:14:17 GMT 2024","","HYPERON-METTALOG-SANITY","HYPERON-METTALOG-SANITY",""
"","2","SUBTRACTION-TEST.08","","Wed Nov 20 21:14:17 GMT 2024","passed","Wed Nov 20 21:14:17 GMT 2024","","HYPERON-METTALOG-SANITY","HYPERON-METTALOG-SANITY",""
"","9000","hyperon-mettalog_sanity.subtraction_test","","Wed Nov 20 21:05:48 GMT 2024","passed","Wed Nov 20 21:05:57 GMT 2024","","WHOLE-TESTS","WHOLE-TESTS",""
"","9000","anti-regression.bchain","","Wed Nov 20 21:05:48 GMT 2024","passed","Wed Nov 20 21:05:57 GMT 2024","","WHOLE-TESTS","WHOLE-TESTS",""
"","2","CONCRETE-TYPES---METTA-LANGUAGE5.05","","Wed Nov 20 21:24:55 GMT 2024","passed","Wed Nov 20 21:24:55 GMT 2024","","METTA-LANG","METTA-LANG",""
"","8000","metta_lang.Recursion_and_control___MeTTa_Language5","","Wed Nov 20 21:05:48 GMT 2024","passed","Wed Nov 20 21:05:56 GMT 2024","","WHOLE-TESTS","WHOLE-TESTS",""
"","2","MINIMAL-METTA-TESTS.06","","Wed Nov 20 21:14:17 GMT 2024","passed","Wed Nov 20 21:14:17 GMT 2024","","HYPERON-METTALOG-SANITY","HYPERON-METTALOG-SANITY",""
"","6","SEALED-TEST.08","","Wed Nov 20 21:14:17 GMT 2024","passed","Wed Nov 20 21:14:17 GMT 2024","","HYPERON-METTALOG-SANITY","HYPERON-METTALOG-SANITY",""
"","3","03-SORING-VIA-INSERT.05","","Wed Nov 20 21:14:17 GMT 2024","passed","Wed Nov 20 21:14:17 GMT 2024","","HYPERON-METTALOG-SANITY","HYPERON-METTALOG-SANITY",""
"","3","D4-TYPE-PROP.04","","Wed Nov 20 21:10:52 GMT 2024","passed","Wed Nov 20 21:10:52 GMT 2024","","HYPERON-EXPERIMENTAL-SCRIPTS","HYPERON-EXPERIMENTAL-SCRIPTS",""
"","9000","metta_lang.Functions_and_unification___MeTTa_Language2","","Wed Nov 20 21:05:48 GMT 2024","passed","Wed Nov 20 21:05:57 GMT 2024","","WHOLE-TESTS","WHOLE-TESTS",""
"","2","CATCH-THROW-TESTS.05","","Wed Nov 20 21:14:17 GMT 2024","passed","Wed Nov 20 21:14:17 GMT 2024","","HYPERON-METTALOG-SANITY","HYPERON-METTALOG-SANITY",""
"","9000","metta_lang.Concrete_types___MeTTa_Language3","","Wed Nov 20 21:05:48 GMT 2024","passed","Wed Nov 20 21:05:57 GMT 2024","","WHOLE-TESTS","WHOLE-TESTS",""
"","1","SEQUENTIAL-NESTED.08","","Wed Nov 20 21:46:24 GMT 2024","passed","Wed Nov 20 21:46:24 GMT 2024","","METTA-MORPH-TESTS","METTA-MORPH-TESTS",""
"","3","C1-GROUNDED-BASIC.20","","Wed Nov 20 21:50:36 GMT 2024","passed","Wed Nov 20 21:50:36 GMT 2024","","QUICK","QUICK",""
"","3","SPACE-SUBTRACTION-TESTS.05","","Wed Nov 20 21:14:17 GMT 2024","passed","Wed Nov 20 21:14:17 GMT 2024","","HYPERON-METTALOG-SANITY","HYPERON-METTALOG-SANITY",""
"","2","D4-TYPE-PROP.15","","Wed Nov 20 21:50:36 GMT 2024","passed","Wed Nov 20 21:50:36 GMT 2024","","QUICK","QUICK",""
"","2","F1-MODULEA.01","","Wed Nov 20 21:50:36 GMT 2024","passed","Wed Nov 20 21:50:36 GMT 2024","","QUICK","QUICK",""
"","2","OPERATIONS-OVER-ATOMS---METTA-LANGUAGE3.03","","Wed Nov 20 21:24:55 GMT 2024","passed","Wed Nov 20 21:24:55 GMT 2024","","METTA-LANG","METTA-LANG",""
"","9000","metta_lang.Console_output_and_debugging___MeTTa_Language1","","Wed Nov 20 21:05:48 GMT 2024","passed","Wed Nov 20 21:05:57 GMT 2024","","WHOLE-TESTS","WHOLE-TESTS",""
"","2","LIMIT-TESTS.18","","Wed Nov 20 21:14:17 GMT 2024","passed","Wed Nov 20 21:14:17 GMT 2024","","HYPERON-METTALOG-SANITY","HYPERON-METTALOG-SANITY",""
"","9000","metta_lang.Recursion_and_control___MeTTa_Language8","","Wed Nov 20 21:05:48 GMT 2024","passed","Wed Nov 20 21:05:57 GMT 2024","","WHOLE-TESTS","WHOLE-TESTS",""
"","3","CONTROL-FLOW---METTA-LANGUAGE7.01","","Wed Nov 20 21:24:55 GMT 2024","passed","Wed Nov 20 21:24:55 GMT 2024","","METTA-LANG","METTA-LANG",""
"","2","XOR-TEST.04","","Wed Nov 20 21:14:17 GMT 2024","passed","Wed Nov 20 21:14:17 GMT 2024","","HYPERON-METTALOG-SANITY","HYPERON-METTALOG-SANITY",""
"","8000","metta-morph_tests.superpose_nested","","Wed Nov 20 21:05:48 GMT 2024","passed","Wed Nov 20 21:05:56 GMT 2024","","WHOLE-TESTS","WHOLE-TESTS",""
"","2","RECURSION-AND-CONTROL---METTA-LANGUAGE1.01","","Wed Nov 20 21:24:55 GMT 2024","passed","Wed Nov 20 21:24:55 GMT 2024","","METTA-LANG","METTA-LANG",""
"","2","STRING-TESTS.10","","Wed Nov 20 21:14:17 GMT 2024","passed","Wed Nov 20 21:14:17 GMT 2024","","HYPERON-METTALOG-SANITY","HYPERON-METTALOG-SANITY",""
"","1","D4-TYPE-PROP.11","","Wed Nov 20 21:10:52 GMT 2024","passed","Wed Nov 20 21:10:52 GMT 2024","","HYPERON-EXPERIMENTAL-SCRIPTS","HYPERON-EXPERIMENTAL-SCRIPTS",""
"","1","B5-TYPES-PRELIM.05","","Wed Nov 20 21:10:52 GMT 2024","passed","Wed Nov 20 21:10:52 GMT 2024","","HYPERON-EXPERIMENTAL-SCRIPTS","HYPERON-EXPERIMENTAL-SCRIPTS",""
"","75","CONSOLE-OUTPUT-AND-DEBUGGING---METTA-LANGUAGE5.02","","Wed Nov 20 21:24:55 GMT 2024","failed","Wed Nov 20 21:24:55 GMT 2024","","METTA-LANG","METTA-LANG",""
"","3","C1-GROUNDED-BASIC.19","","Wed Nov 20 21:10:52 GMT 2024","passed","Wed Nov 20 21:10:52 GMT 2024","","HYPERON-EXPERIMENTAL-SCRIPTS","HYPERON-EXPERIMENTAL-SCRIPTS",""
"","9000","metta-morph_tests.peano","","Wed Nov 20 21:05:48 GMT 2024","passed","Wed Nov 20 21:05:57 GMT 2024","","WHOLE-TESTS","WHOLE-TESTS",""
"","2","HANDLING-NONDETERMINISTIC-RESULTS---METTA-LANGUAGE8.07","","Wed Nov 20 21:24:55 GMT 2024","passed","Wed Nov 20 21:24:55 GMT 2024","","METTA-LANG","METTA-LANG",""
"","2","D2-HIGHERFUNC.11","","Wed Nov 20 21:10:52 GMT 2024","passed","Wed Nov 20 21:10:52 GMT 2024","","HYPERON-EXPERIMENTAL-SCRIPTS","HYPERON-EXPERIMENTAL-SCRIPTS",""
"","4","MINIMAL-METTA-TESTS.01","","Wed Nov 20 21:14:17 GMT 2024","passed","Wed Nov 20 21:14:17 GMT 2024","","HYPERON-METTALOG-SANITY","HYPERON-METTALOG-SANITY",""
"","2","B5-TYPES-PRELIM.03","","Wed Nov 20 21:10:52 GMT 2024","passed","Wed Nov 20 21:10:52 GMT 2024","","HYPERON-EXPERIMENTAL-SCRIPTS","HYPERON-EXPERIMENTAL-SCRIPTS",""
"","2","CATCH-THROW-TESTS.02","","Wed Nov 20 21:14:17 GMT 2024","passed","Wed Nov 20 21:14:17 GMT 2024","","HYPERON-METTALOG-SANITY","HYPERON-METTALOG-SANITY",""
"","4","CONTROLLING-PATTERN-MATCHING---METTA-LANGUAGE10.01","","Wed Nov 20 21:24:55 GMT 2024","passed","Wed Nov 20 21:24:55 GMT 2024","","METTA-LANG","METTA-LANG",""
"","2","METATYPES---METTA-LANGUAGE2.03","","Wed Nov 20 21:24:55 GMT 2024","passed","Wed Nov 20 21:24:55 GMT 2024","","METTA-LANG","METTA-LANG",""
"","3","INTERSECTION-TESTS.22","","Wed Nov 20 21:14:17 GMT 2024","passed","Wed Nov 20 21:14:17 GMT 2024","","HYPERON-METTALOG-SANITY","HYPERON-METTALOG-SANITY",""
"","9000","metta_lang.Working_with_spaces___MeTTa_Language2","","Wed Nov 20 21:05:48 GMT 2024","passed","Wed Nov 20 21:05:57 GMT 2024","","WHOLE-TESTS","WHOLE-TESTS",""
"","2","EVAL-FOR-TESTS.09","","Wed Nov 20 21:14:17 GMT 2024","passed","Wed Nov 20 21:14:17 GMT 2024","","HYPERON-METTALOG-SANITY","HYPERON-METTALOG-SANITY",""
"","4","TESTS0.03","","Wed Nov 20 21:46:24 GMT 2024","passed","Wed Nov 20 21:46:24 GMT 2024","","METTA-MORPH-TESTS","METTA-MORPH-TESTS",""
"","2","WORKING-WITH-SPACES---METTA-LANGUAGE9.02","","Wed Nov 20 21:24:55 GMT 2024","passed","Wed Nov 20 21:24:55 GMT 2024","","METTA-LANG","METTA-LANG",""
"","3","D2-HIGHERFUNC.24","","Wed Nov 20 21:50:36 GMT 2024","passed","Wed Nov 20 21:50:36 GMT 2024","","QUICK","QUICK",""
"","3","BASIC-EVALUATION---METTA-LANGUAGE14.01","","Wed Nov 20 21:24:55 GMT 2024","passed","Wed Nov 20 21:24:55 GMT 2024","","METTA-LANG","METTA-LANG",""
"","3","D2-HIGHERFUNC.06","","Wed Nov 20 21:10:52 GMT 2024","passed","Wed Nov 20 21:10:52 GMT 2024","","HYPERON-EXPERIMENTAL-SCRIPTS","HYPERON-EXPERIMENTAL-SCRIPTS",""
"","2","D2-HIGHERFUNC.13","","Wed Nov 20 21:50:36 GMT 2024","passed","Wed Nov 20 21:50:36 GMT 2024","","QUICK","QUICK",""
"","8000","hyperon-experimental_scripts.a1_symbols","","Wed Nov 20 21:05:48 GMT 2024","passed","Wed Nov 20 21:05:56 GMT 2024","","WHOLE-TESTS","WHOLE-TESTS",""
"","118","B4-NONDETERM.01","","Wed Nov 20 21:10:52 GMT 2024","passed","Wed Nov 20 21:10:52 GMT 2024","","HYPERON-EXPERIMENTAL-SCRIPTS","HYPERON-EXPERIMENTAL-SCRIPTS",""
"","2","INTERSECTION-TESTS.13","","Wed Nov 20 21:14:17 GMT 2024","passed","Wed Nov 20 21:14:17 GMT 2024","","HYPERON-METTALOG-SANITY","HYPERON-METTALOG-SANITY",""
"","1","BCHAIN.05","","Wed Nov 20 21:05:56 GMT 2024","passed","Wed Nov 20 21:05:56 GMT 2024","","ANTI-REGRESSION","ANTI-REGRESSION",""
"","2","C1-GROUNDED-BASIC.22","","Wed Nov 20 21:50:36 GMT 2024","passed","Wed Nov 20 21:50:36 GMT 2024","","QUICK","QUICK",""
"","3","WORKING-WITH-SPACES---METTA-LANGUAGE1.01","","Wed Nov 20 21:24:55 GMT 2024","passed","Wed Nov 20 21:24:55 GMT 2024","","METTA-LANG","METTA-LANG",""
"","6","SEALED-TEST.01","","Wed Nov 20 21:14:17 GMT 2024","passed","Wed Nov 20 21:14:17 GMT 2024","","HYPERON-METTALOG-SANITY","HYPERON-METTALOG-SANITY",""
"","3","MINIMAL-METTA-TESTS.43","","Wed Nov 20 21:14:17 GMT 2024","passed","Wed Nov 20 21:14:17 GMT 2024","","HYPERON-METTALOG-SANITY","HYPERON-METTALOG-SANITY",""
"","1","INTERSECTION-TESTS.17","","Wed Nov 20 21:14:17 GMT 2024","passed","Wed Nov 20 21:14:17 GMT 2024","","HYPERON-METTALOG-SANITY","HYPERON-METTALOG-SANITY",""
"","1","D1-GADT.14","","Wed Nov 20 21:10:52 GMT 2024","passed","Wed Nov 20 21:10:52 GMT 2024","","HYPERON-EXPERIMENTAL-SCRIPTS","HYPERON-EXPERIMENTAL-SCRIPTS",""
"","2","STRING-TESTS.06","","Wed Nov 20 21:14:17 GMT 2024","passed","Wed Nov 20 21:14:17 GMT 2024","","HYPERON-METTALOG-SANITY","HYPERON-METTALOG-SANITY",""
"","2","SUPERPOSE-NESTED.01","","Wed Nov 20 21:46:24 GMT 2024","passed","Wed Nov 20 21:46:24 GMT 2024","","METTA-MORPH-TESTS","METTA-MORPH-TESTS",""
"","3","RUST-01.01","","Wed Nov 20 21:51:29 GMT 2024","passed","Wed Nov 20 21:51:29 GMT 2024","","BASELINE-COMPAT","BASELINE-COMPAT",""
"","2","D2-HIGHERFUNC.12","","Wed Nov 20 21:50:36 GMT 2024","passed","Wed Nov 20 21:50:36 GMT 2024","","QUICK","QUICK",""
"","2","METTALOGTESTCURRIED2.03","","Wed Nov 20 21:05:56 GMT 2024","passed","Wed Nov 20 21:05:56 GMT 2024","","ANTI-REGRESSION","ANTI-REGRESSION",""
"","14","D1-GADT.04","","Wed Nov 20 21:50:36 GMT 2024","passed","Wed Nov 20 21:50:36 GMT 2024","","QUICK","QUICK",""
"","2","OPERATIONS-OVER-ATOMS---METTA-LANGUAGE1.03","","Wed Nov 20 21:24:55 GMT 2024","passed","Wed Nov 20 21:24:55 GMT 2024","","METTA-LANG","METTA-LANG",""
"","2","CONTROLLING-PATTERN-MATCHING---METTA-LANGUAGE10.04","","Wed Nov 20 21:24:55 GMT 2024","passed","Wed Nov 20 21:24:55 GMT 2024","","METTA-LANG","METTA-LANG",""
"","2","MAX-TIME-TESTS.03","","Wed Nov 20 21:14:17 GMT 2024","passed","Wed Nov 20 21:14:17 GMT 2024","","HYPERON-METTALOG-SANITY","HYPERON-METTALOG-SANITY",""
"","11","ARITY-TESTS.04","","Wed Nov 20 21:14:17 GMT 2024","failed","Wed Nov 20 21:14:17 GMT 2024","","HYPERON-METTALOG-SANITY","HYPERON-METTALOG-SANITY",""
"","5","CONSOLE-OUTPUT-AND-DEBUGGING---METTA-LANGUAGE5.01","","Wed Nov 20 21:24:55 GMT 2024","passed","Wed Nov 20 21:24:55 GMT 2024","","METTA-LANG","METTA-LANG",""
"","3","F1-MODULEA.07","","Wed Nov 20 21:50:36 GMT 2024","passed","Wed Nov 20 21:50:36 GMT 2024","","QUICK","QUICK",""
"","2","STRING-TESTS.09","","Wed Nov 20 21:14:17 GMT 2024","passed","Wed Nov 20 21:14:17 GMT 2024","","HYPERON-METTALOG-SANITY","HYPERON-METTALOG-SANITY",""
"","1","CONCRETE-TYPES---METTA-LANGUAGE7.06","","Wed Nov 20 21:24:55 GMT 2024","passed","Wed Nov 20 21:24:55 GMT 2024","","METTA-LANG","METTA-LANG",""
"","4","OPERATIONS-OVER-ATOMS---METTA-LANGUAGE4.01","","Wed Nov 20 21:24:55 GMT 2024","passed","Wed Nov 20 21:24:55 GMT 2024","","METTA-LANG","METTA-LANG",""
"","3","BASIC-GROUNDED-FUNCTIONS---METTA-LANGUAGE6.02","","Wed Nov 20 21:24:55 GMT 2024","passed","Wed Nov 20 21:24:55 GMT 2024","","METTA-LANG","METTA-LANG",""
"","8000","metta_lang.Basic_grounded_functions___MeTTa_Language8","","Wed Nov 20 21:05:48 GMT 2024","passed","Wed Nov 20 21:05:56 GMT 2024","","WHOLE-TESTS","WHOLE-TESTS",""
"","3","FIND-ALL-TESTS.01","","Wed Nov 20 21:14:17 GMT 2024","passed","Wed Nov 20 21:14:17 GMT 2024","","HYPERON-METTALOG-SANITY","HYPERON-METTALOG-SANITY",""
"","1","IS-SPACE.03","","Wed Nov 20 21:14:17 GMT 2024","passed","Wed Nov 20 21:14:17 GMT 2024","","HYPERON-METTALOG-SANITY","HYPERON-METTALOG-SANITY",""
"","3","TESTS0.05","","Wed Nov 20 21:46:24 GMT 2024","passed","Wed Nov 20 21:46:24 GMT 2024","","METTA-MORPH-TESTS","METTA-MORPH-TESTS",""
"","2","SUPERCOLLAPSE.07","","Wed Nov 20 21:46:24 GMT 2024","passed","Wed Nov 20 21:46:24 GMT 2024","","METTA-MORPH-TESTS","METTA-MORPH-TESTS",""
"","2","D4-TYPE-PROP.15","","Wed Nov 20 21:10:52 GMT 2024","passed","Wed Nov 20 21:10:52 GMT 2024","","HYPERON-EXPERIMENTAL-SCRIPTS","HYPERON-EXPERIMENTAL-SCRIPTS",""
"","17","RUST-TESTS.02","","Wed Nov 20 21:14:17 GMT 2024","failed","Wed Nov 20 21:14:17 GMT 2024","","HYPERON-METTALOG-SANITY","HYPERON-METTALOG-SANITY",""
"","9000","metta_lang.Nested_queries_and_recursive_graph_traversal___MeTTa_Language2","","Wed Nov 20 21:05:48 GMT 2024","passed","Wed Nov 20 21:05:57 GMT 2024","","WHOLE-TESTS","WHOLE-TESTS",""
"","24","BCHAIN-COMP.04","","Wed Nov 20 21:05:56 GMT 2024","passed","Wed Nov 20 21:05:56 GMT 2024","","ANTI-REGRESSION","ANTI-REGRESSION",""
"","1","CONCRETE-TYPES---METTA-LANGUAGE1.03","","Wed Nov 20 21:24:55 GMT 2024","passed","Wed Nov 20 21:24:55 GMT 2024","","METTA-LANG","METTA-LANG",""
"","4","WORKING-WITH-SPACES---METTA-LANGUAGE8.01","","Wed Nov 20 21:24:55 GMT 2024","passed","Wed Nov 20 21:24:55 GMT 2024","","METTA-LANG","METTA-LANG",""
"","2","TEST-IF-CLOSED.03","","Wed Nov 20 21:05:56 GMT 2024","passed","Wed Nov 20 21:05:56 GMT 2024","","ANTI-REGRESSION","ANTI-REGRESSION",""
"","4","FREE-VARIABLES-AND-NONDETERMINISM-AGAIN,-RECURSIVELY---METTA-LANGUAGE4.01","","Wed Nov 20 21:24:55 GMT 2024","passed","Wed Nov 20 21:24:55 GMT 2024","","METTA-LANG","METTA-LANG",""
"","2","BASIC-EVALUATION---METTA-LANGUAGE8.02","","Wed Nov 20 21:24:55 GMT 2024","passed","Wed Nov 20 21:24:55 GMT 2024","","METTA-LANG","METTA-LANG",""
"","3","CATCH-THROW-TESTS.01","","Wed Nov 20 21:14:17 GMT 2024","passed","Wed Nov 20 21:14:17 GMT 2024","","HYPERON-METTALOG-SANITY","HYPERON-METTALOG-SANITY",""
"","11547","TIME-SYNTHESIZE-LONG.02","","Wed Nov 20 21:22:07 GMT 2024","failed","Wed Nov 20 21:22:18 GMT 2024","","SYNTH-BUFFER","SYNTH-BUFFER",""
"","1","CALL-TESTS.13","","Wed Nov 20 21:14:17 GMT 2024","passed","Wed Nov 20 21:14:17 GMT 2024","","HYPERON-METTALOG-SANITY","HYPERON-METTALOG-SANITY",""
"","2","CONTROL-FLOW---METTA-LANGUAGE12.01","","Wed Nov 20 21:24:55 GMT 2024","passed","Wed Nov 20 21:24:55 GMT 2024","","METTA-LANG","METTA-LANG",""
"","3","D2-HIGHERFUNC.19","","Wed Nov 20 21:10:52 GMT 2024","passed","Wed Nov 20 21:10:52 GMT 2024","","HYPERON-EXPERIMENTAL-SCRIPTS","HYPERON-EXPERIMENTAL-SCRIPTS",""
"","8000","metta_lang.Control_flow___MeTTa_Language10","","Wed Nov 20 21:05:48 GMT 2024","passed","Wed Nov 20 21:05:56 GMT 2024","","WHOLE-TESTS","WHOLE-TESTS",""
"","2","STRING-TESTS.11","","Wed Nov 20 21:14:17 GMT 2024","passed","Wed Nov 20 21:14:17 GMT 2024","","HYPERON-METTALOG-SANITY","HYPERON-METTALOG-SANITY",""
"","9000","metta_lang.Basic_evaluation___MeTTa_Language11","","Wed Nov 20 21:05:48 GMT 2024","passed","Wed Nov 20 21:05:57 GMT 2024","","WHOLE-TESTS","WHOLE-TESTS",""
"","9000","metta_lang.Concrete_types___MeTTa_Language6","","Wed Nov 20 21:05:48 GMT 2024","passed","Wed Nov 20 21:05:57 GMT 2024","","WHOLE-TESTS","WHOLE-TESTS",""
"","2","BASIC-GROUNDED-FUNCTIONS---METTA-LANGUAGE1.03","","Wed Nov 20 21:24:55 GMT 2024","passed","Wed Nov 20 21:24:55 GMT 2024","","METTA-LANG","METTA-LANG",""
"","111","B4-NONDETERM.11","","Wed Nov 20 21:10:52 GMT 2024","passed","Wed Nov 20 21:10:52 GMT 2024","","HYPERON-EXPERIMENTAL-SCRIPTS","HYPERON-EXPERIMENTAL-SCRIPTS",""
